datetime,date,hour,temp_c,humidity_pct,wind_kph,visibility_km,precip_mm,condition
2025-01-01 00:00:00,2025-01-01,0,12.9,52,16.4,10.0,0.0,Clear
2025-01-01 01:00:00,2025-01-01,1,11.9,54,23.1,10.0,0.0,Clear
2025-01-01 02:00:00,2025-01-01,2,11.5,68,4.5,10.0,0.0,Clear
2025-01-01 03:00:00,2025-01-01,3,9.2,69,5.1,1.0,0.0,Fog
2025-01-01 04:00:00,2025-01-01,4,12.1,67,17.1,1.2,0.0,Fog
2025-01-01 05:00:00,2025-01-01,5,11.1,79,3.6,0.2,0.0,Fog
2025-01-01 06:00:00,2025-01-01,6,14.5,79,9.6,0.5,0.0,Fog
2025-01-01 07:00:00,2025-01-01,7,15.6,85,3.0,1.0,0.0,Fog
2025-01-01 08:00:00,2025-01-01,8,16.2,86,23.3,0.7,0.0,Fog
2025-01-01 09:00:00,2025-01-01,9,19.6,77,16.3,10.0,0.0,Sunny
2025-01-01 10:00:00,2025-01-01,10,20.9,85,7.8,10.0,0.0,Sunny
2025-01-01 11:00:00,2025-01-01,11,23.8,80,7.7,10.0,0.0,Sunny
2025-01-01 12:00:00,2025-01-01,12,25.8,85,16.0,10.0,0.0,Sunny
2025-01-01 13:00:00,2025-01-01,13,24.8,70,16.5,10.0,0.0,Sunny
2025-01-01 14:00:00,2025-01-01,14,25.8,72,4.2,10.0,0.0,Sunny
2025-01-01 15:00:00,2025-01-01,15,26.2,60,6.7,10.0,0.0,Partly Cloudy
2025-01-01 16:00:00,2025-01-01,16,27.6,69,2.0,10.0,0.0,Sunny
2025-01-01 17:00:00,2025-01-01,17,22.9,58,21.2,10.0,0.0,Sunny
2025-01-01 18:00:00,2025-01-01,18,22.9,50,21.1,10.0,0.0,Partly Cloudy
2025-01-01 19:00:00,2025-01-01,19,20.6,55,10.2,10.0,0.0,Clear
2025-01-01 20:00:00,2025-01-01,20,19.9,55,13.2,10.0,0.0,Clear
2025-01-01 21:00:00,2025-01-01,21,18.5,49,6.6,10.0,0.0,Clear
2025-01-01 22:00:00,2025-01-01,22,16.3,47,4.9,10.0,0.0,Clear
2025-01-01 23:00:00,2025-01-01,23,16.3,45,4.3,10.0,0.0,Clear
2025-01-02 00:00:00,2025-01-02,0,15.0,48,2.0,10.0,0.0,Clear
2025-01-02 01:00:00,2025-01-02,1,13.4,51,5.9,10.0,0.0,Clear
2025-01-02 02:00:00,2025-01-02,2,13.1,65,5.0,10.0,0.0,Clear
2025-01-02 03:00:00,2025-01-02,3,14.6,70,13.1,10.0,0.0,Clear
2025-01-02 04:00:00,2025-01-02,4,13.2,65,30.2,10.0,0.0,Clear
2025-01-02 05:00:00,2025-01-02,5,11.8,79,7.8,10.0,0.0,Clear
2025-01-02 06:00:00,2025-01-02,6,13.5,76,2.3,10.0,0.0,Clear
2025-01-02 07:00:00,2025-01-02,7,14.7,78,4.0,10.0,0.0,Sunny
2025-01-02 08:00:00,2025-01-02,8,19.0,84,4.5,10.0,0.0,Sunny
2025-01-02 09:00:00,2025-01-02,9,18.4,83,16.0,10.0,0.0,Sunny
2025-01-02 10:00:00,2025-01-02,10,19.4,75,18.1,10.0,0.0,Sunny
2025-01-02 11:00:00,2025-01-02,11,20.9,79,12.9,10.0,0.0,Sunny
2025-01-02 12:00:00,2025-01-02,12,22.9,72,3.3,10.0,0.0,Partly Cloudy
2025-01-02 13:00:00,2025-01-02,13,23.9,67,18.5,10.0,0.0,Sunny
2025-01-02 14:00:00,2025-01-02,14,24.4,67,2.3,10.0,0.0,Sunny
2025-01-02 15:00:00,2025-01-02,15,26.5,65,11.4,10.0,0.0,Hazy
2025-01-02 16:00:00,2025-01-02,16,24.9,55,15.5,10.0,0.0,Sunny
2025-01-02 17:00:00,2025-01-02,17,24.5,56,9.6,10.0,0.0,Sunny
2025-01-02 18:00:00,2025-01-02,18,24.5,53,9.4,10.0,0.0,Sunny
2025-01-02 19:00:00,2025-01-02,19,23.2,52,5.5,10.0,0.0,Clear
2025-01-02 20:00:00,2025-01-02,20,19.9,47,3.5,10.0,0.0,Clear
2025-01-02 21:00:00,2025-01-02,21,20.4,50,23.8,10.0,0.0,Clear
2025-01-02 22:00:00,2025-01-02,22,17.3,51,9.4,10.0,0.0,Clear
2025-01-02 23:00:00,2025-01-02,23,15.0,43,8.3,10.0,0.0,Clear
2025-01-03 00:00:00,2025-01-03,0,15.5,59,22.8,10.0,0.0,Clear
2025-01-03 01:00:00,2025-01-03,1,13.8,61,2.0,10.0,0.0,Clear
2025-01-03 02:00:00,2025-01-03,2,13.1,59,29.3,10.0,0.0,Clear
2025-01-03 03:00:00,2025-01-03,3,12.1,61,9.0,0.4,0.0,Fog
2025-01-03 04:00:00,2025-01-03,4,12.7,73,9.9,0.6,0.0,Fog
2025-01-03 05:00:00,2025-01-03,5,12.5,71,5.6,0.2,0.0,Fog
2025-01-03 06:00:00,2025-01-03,6,14.1,73,8.0,0.7,0.0,Fog
2025-01-03 07:00:00,2025-01-03,7,15.2,79,2.6,1.1,0.0,Fog
2025-01-03 08:00:00,2025-01-03,8,17.6,87,11.2,0.3,0.0,Fog
2025-01-03 09:00:00,2025-01-03,9,20.8,89,21.4,10.0,0.0,Hazy
2025-01-03 10:00:00,2025-01-03,10,20.5,90,8.2,10.0,0.0,Sunny
2025-01-03 11:00:00,2025-01-03,11,23.2,80,11.4,10.0,0.0,Hazy
2025-01-03 12:00:00,2025-01-03,12,23.8,77,9.6,10.0,0.0,Sunny
2025-01-03 13:00:00,2025-01-03,13,26.0,73,18.5,10.0,0.0,Hazy
2025-01-03 14:00:00,2025-01-03,14,27.3,67,6.0,10.0,0.0,Sunny
2025-01-03 15:00:00,2025-01-03,15,24.9,62,18.6,10.0,0.0,Sunny
2025-01-03 16:00:00,2025-01-03,16,23.2,59,6.1,10.0,0.0,Partly Cloudy
2025-01-03 17:00:00,2025-01-03,17,23.1,64,11.4,10.0,0.0,Sunny
2025-01-03 18:00:00,2025-01-03,18,24.8,49,11.2,10.0,0.0,Partly Cloudy
2025-01-03 19:00:00,2025-01-03,19,22.6,50,20.9,10.0,0.0,Clear
2025-01-03 20:00:00,2025-01-03,20,19.5,50,25.5,10.0,0.0,Clear
2025-01-03 21:00:00,2025-01-03,21,20.9,55,5.8,10.0,0.0,Clear
2025-01-03 22:00:00,2025-01-03,22,16.9,49,8.3,10.0,0.0,Clear
2025-01-03 23:00:00,2025-01-03,23,15.3,48,24.2,10.0,0.0,Clear
2025-01-04 00:00:00,2025-01-04,0,14.1,48,7.7,10.0,0.0,Clear
2025-01-04 01:00:00,2025-01-04,1,14.9,52,3.0,10.0,0.0,Clear
2025-01-04 02:00:00,2025-01-04,2,11.8,60,28.6,10.0,0.0,Clear
2025-01-04 03:00:00,2025-01-04,3,14.0,64,17.1,10.0,0.0,Clear
2025-01-04 04:00:00,2025-01-04,4,13.4,69,9.3,10.0,0.0,Clear
2025-01-04 05:00:00,2025-01-04,5,15.0,76,5.5,10.0,0.0,Clear
2025-01-04 06:00:00,2025-01-04,6,15.3,75,4.5,10.0,0.0,Clear
2025-01-04 07:00:00,2025-01-04,7,16.2,82,4.7,10.0,0.0,Partly Cloudy
2025-01-04 08:00:00,2025-01-04,8,18.2,87,15.7,10.0,0.0,Sunny
2025-01-04 09:00:00,2025-01-04,9,19.1,76,21.4,10.0,0.0,Sunny
2025-01-04 10:00:00,2025-01-04,10,19.8,83,3.2,10.0,0.0,Partly Cloudy
2025-01-04 11:00:00,2025-01-04,11,23.0,86,6.5,10.0,0.0,Partly Cloudy
2025-01-04 12:00:00,2025-01-04,12,23.5,79,2.4,10.0,0.0,Sunny
2025-01-04 13:00:00,2025-01-04,13,26.1,71,7.7,10.0,0.0,Sunny
2025-01-04 14:00:00,2025-01-04,14,26.8,72,7.5,10.0,0.0,Hazy
2025-01-04 15:00:00,2025-01-04,15,26.2,63,10.9,10.0,0.0,Sunny
2025-01-04 16:00:00,2025-01-04,16,26.5,64,2.0,10.0,0.0,Sunny
2025-01-04 17:00:00,2025-01-04,17,25.2,58,8.4,10.0,0.0,Sunny
2025-01-04 18:00:00,2025-01-04,18,24.2,60,12.9,10.0,0.0,Sunny
2025-01-04 19:00:00,2025-01-04,19,21.5,49,10.9,10.0,0.0,Clear
2025-01-04 20:00:00,2025-01-04,20,21.0,49,15.1,10.0,0.0,Clear
2025-01-04 21:00:00,2025-01-04,21,19.5,46,12.0,10.0,0.0,Clear
2025-01-04 22:00:00,2025-01-04,22,17.8,48,2.0,10.0,0.0,Clear
2025-01-04 23:00:00,2025-01-04,23,16.1,46,22.6,10.0,0.0,Clear
2025-01-05 00:00:00,2025-01-05,0,14.7,58,20.1,10.0,0.0,Clear
2025-01-05 01:00:00,2025-01-05,1,15.9,57,5.3,10.0,0.0,Clear
2025-01-05 02:00:00,2025-01-05,2,12.9,60,8.3,10.0,0.0,Clear
2025-01-05 03:00:00,2025-01-05,3,13.4,69,4.1,1.2,0.0,Fog
2025-01-05 04:00:00,2025-01-05,4,12.8,76,13.2,1.1,0.0,Fog
2025-01-05 05:00:00,2025-01-05,5,13.8,83,13.7,0.3,0.0,Fog
2025-01-05 06:00:00,2025-01-05,6,13.4,74,19.3,0.7,0.0,Fog
2025-01-05 07:00:00,2025-01-05,7,15.1,83,8.6,0.8,0.0,Fog
2025-01-05 08:00:00,2025-01-05,8,16.8,86,11.5,1.2,0.0,Fog
2025-01-05 09:00:00,2025-01-05,9,17.3,83,4.3,10.0,0.0,Sunny
2025-01-05 10:00:00,2025-01-05,10,20.9,80,16.0,10.0,0.0,Sunny
2025-01-05 11:00:00,2025-01-05,11,21.2,85,22.2,10.0,0.0,Sunny
2025-01-05 12:00:00,2025-01-05,12,22.3,74,17.9,10.0,0.0,Sunny
2025-01-05 13:00:00,2025-01-05,13,27.2,76,25.6,10.0,0.0,Sunny
2025-01-05 14:00:00,2025-01-05,14,26.7,67,8.4,10.0,0.0,Sunny
2025-01-05 15:00:00,2025-01-05,15,28.0,65,3.0,10.0,0.0,Hazy
2025-01-05 16:00:00,2025-01-05,16,25.2,54,2.0,10.0,0.0,Partly Cloudy
2025-01-05 17:00:00,2025-01-05,17,24.3,52,7.1,10.0,0.0,Sunny
2025-01-05 18:00:00,2025-01-05,18,24.1,45,8.4,10.0,0.0,Partly Cloudy
2025-01-05 19:00:00,2025-01-05,19,22.8,60,15.7,10.0,0.0,Clear
2025-01-05 20:00:00,2025-01-05,20,20.3,42,7.7,10.0,0.0,Clear
2025-01-05 21:00:00,2025-01-05,21,18.2,51,4.0,10.0,0.0,Clear
2025-01-05 22:00:00,2025-01-05,22,18.1,45,14.1,10.0,0.0,Clear
2025-01-05 23:00:00,2025-01-05,23,13.9,40,12.0,10.0,0.0,Clear
2025-01-06 00:00:00,2025-01-06,0,15.2,53,18.2,10.0,0.0,Clear
2025-01-06 01:00:00,2025-01-06,1,13.1,66,21.8,10.0,0.0,Clear
2025-01-06 02:00:00,2025-01-06,2,13.7,57,20.8,10.0,0.0,Clear
2025-01-06 03:00:00,2025-01-06,3,13.9,72,12.3,1.0,0.0,Fog
2025-01-06 04:00:00,2025-01-06,4,13.5,78,9.3,1.0,0.0,Fog
2025-01-06 05:00:00,2025-01-06,5,12.0,70,2.0,0.9,0.0,Fog
2025-01-06 06:00:00,2025-01-06,6,12.7,71,15.2,0.6,0.0,Fog
2025-01-06 07:00:00,2025-01-06,7,13.9,77,17.7,1.2,0.0,Fog
2025-01-06 08:00:00,2025-01-06,8,16.8,87,4.1,1.1,0.0,Fog
2025-01-06 09:00:00,2025-01-06,9,17.3,75,2.0,10.0,0.0,Sunny
2025-01-06 10:00:00,2025-01-06,10,20.7,84,7.3,10.0,0.0,Partly Cloudy
2025-01-06 11:00:00,2025-01-06,11,21.2,81,22.2,10.0,0.0,Sunny
2025-01-06 12:00:00,2025-01-06,12,22.9,75,8.7,10.0,0.0,Sunny
2025-01-06 13:00:00,2025-01-06,13,24.6,72,2.5,10.0,0.0,Sunny
2025-01-06 14:00:00,2025-01-06,14,25.8,69,12.6,10.0,0.0,Partly Cloudy
2025-01-06 15:00:00,2025-01-06,15,24.6,65,4.8,10.0,0.0,Partly Cloudy
2025-01-06 16:00:00,2025-01-06,16,24.8,67,23.6,10.0,0.0,Partly Cloudy
2025-01-06 17:00:00,2025-01-06,17,25.1,54,4.1,10.0,0.0,Sunny
2025-01-06 18:00:00,2025-01-06,18,23.5,52,9.5,10.0,0.0,Sunny
2025-01-06 19:00:00,2025-01-06,19,22.1,52,3.9,10.0,0.0,Clear
2025-01-06 20:00:00,2025-01-06,20,21.5,44,13.3,10.0,0.0,Clear
2025-01-06 21:00:00,2025-01-06,21,17.9,53,9.8,10.0,0.0,Clear
2025-01-06 22:00:00,2025-01-06,22,18.3,44,21.0,10.0,0.0,Clear
2025-01-06 23:00:00,2025-01-06,23,18.5,51,18.0,10.0,0.0,Clear
2025-01-07 00:00:00,2025-01-07,0,14.7,51,8.2,10.0,0.0,Clear
2025-01-07 01:00:00,2025-01-07,1,12.8,56,8.4,10.0,0.0,Clear
2025-01-07 02:00:00,2025-01-07,2,11.0,68,9.7,10.0,0.0,Clear
2025-01-07 03:00:00,2025-01-07,3,11.9,66,12.5,10.0,0.0,Clear
2025-01-07 04:00:00,2025-01-07,4,13.2,67,45.1,10.0,0.0,Clear
2025-01-07 05:00:00,2025-01-07,5,13.2,70,16.2,10.0,0.0,Clear
2025-01-07 06:00:00,2025-01-07,6,14.3,83,8.8,10.0,0.0,Clear
2025-01-07 07:00:00,2025-01-07,7,15.6,82,2.2,10.0,0.0,Partly Cloudy
2025-01-07 08:00:00,2025-01-07,8,16.7,80,2.0,10.0,0.0,Sunny
2025-01-07 09:00:00,2025-01-07,9,18.9,87,2.0,10.0,0.0,Sunny
2025-01-07 10:00:00,2025-01-07,10,19.7,79,21.6,10.0,0.0,Sunny
2025-01-07 11:00:00,2025-01-07,11,22.4,77,6.4,10.0,0.0,Partly Cloudy
2025-01-07 12:00:00,2025-01-07,12,23.8,77,23.3,10.0,0.0,Sunny
2025-01-07 13:00:00,2025-01-07,13,26.3,73,7.7,10.0,0.0,Sunny
2025-01-07 14:00:00,2025-01-07,14,24.4,63,6.0,10.0,0.0,Sunny
2025-01-07 15:00:00,2025-01-07,15,26.4,63,16.6,10.0,0.0,Sunny
2025-01-07 16:00:00,2025-01-07,16,26.3,63,2.0,10.0,0.0,Sunny
2025-01-07 17:00:00,2025-01-07,17,24.3,54,29.3,10.0,0.0,Sunny
2025-01-07 18:00:00,2025-01-07,18,22.8,52,4.0,10.0,0.0,Sunny
2025-01-07 19:00:00,2025-01-07,19,23.9,45,9.8,10.0,0.0,Clear
2025-01-07 20:00:00,2025-01-07,20,19.1,49,7.3,10.0,0.0,Clear
2025-01-07 21:00:00,2025-01-07,21,18.0,49,16.8,10.0,0.0,Clear
2025-01-07 22:00:00,2025-01-07,22,16.0,53,7.0,10.0,0.0,Clear
2025-01-07 23:00:00,2025-01-07,23,14.9,48,23.4,10.0,0.0,Clear
2025-01-08 00:00:00,2025-01-08,0,14.1,51,20.7,10.0,0.0,Clear
2025-01-08 01:00:00,2025-01-08,1,15.2,59,15.3,10.0,0.0,Clear
2025-01-08 02:00:00,2025-01-08,2,12.2,60,3.5,10.0,0.0,Clear
2025-01-08 03:00:00,2025-01-08,3,15.0,68,2.0,10.0,0.0,Clear
2025-01-08 04:00:00,2025-01-08,4,13.8,73,12.5,10.0,0.0,Clear
2025-01-08 05:00:00,2025-01-08,5,12.8,70,15.1,10.0,0.0,Clear
2025-01-08 06:00:00,2025-01-08,6,13.8,73,9.9,10.0,0.0,Clear
2025-01-08 07:00:00,2025-01-08,7,16.0,78,10.0,10.0,0.0,Partly Cloudy
2025-01-08 08:00:00,2025-01-08,8,17.4,75,27.4,10.0,0.0,Partly Cloudy
2025-01-08 09:00:00,2025-01-08,9,17.6,90,3.6,10.0,0.0,Sunny
2025-01-08 10:00:00,2025-01-08,10,19.8,77,11.3,10.0,0.0,Partly Cloudy
2025-01-08 11:00:00,2025-01-08,11,20.4,85,17.2,10.0,0.0,Partly Cloudy
2025-01-08 12:00:00,2025-01-08,12,25.7,74,29.6,10.0,0.0,Partly Cloudy
2025-01-08 13:00:00,2025-01-08,13,24.8,78,5.5,10.0,0.0,Partly Cloudy
2025-01-08 14:00:00,2025-01-08,14,24.9,74,11.1,10.0,0.0,Partly Cloudy
2025-01-08 15:00:00,2025-01-08,15,24.7,58,8.6,10.0,0.0,Sunny
2025-01-08 16:00:00,2025-01-08,16,24.6,60,13.1,10.0,0.0,Partly Cloudy
2025-01-08 17:00:00,2025-01-08,17,22.9,63,18.0,10.0,0.0,Sunny
2025-01-08 18:00:00,2025-01-08,18,23.8,53,13.1,10.0,0.0,Sunny
2025-01-08 19:00:00,2025-01-08,19,23.2,53,5.7,10.0,0.0,Clear
2025-01-08 20:00:00,2025-01-08,20,22.6,49,11.1,10.0,0.0,Clear
2025-01-08 21:00:00,2025-01-08,21,20.0,51,10.9,10.0,0.0,Clear
2025-01-08 22:00:00,2025-01-08,22,18.2,53,3.2,10.0,0.0,Clear
2025-01-08 23:00:00,2025-01-08,23,17.1,49,59.8,10.0,0.0,Clear
2025-01-09 00:00:00,2025-01-09,0,14.2,52,6.9,10.0,0.0,Clear
2025-01-09 01:00:00,2025-01-09,1,11.8,55,17.3,10.0,0.0,Clear
2025-01-09 02:00:00,2025-01-09,2,13.7,55,2.0,10.0,0.0,Clear
2025-01-09 03:00:00,2025-01-09,3,11.6,68,7.6,0.2,0.0,Fog
2025-01-09 04:00:00,2025-01-09,4,12.6,70,4.0,1.0,0.0,Fog
2025-01-09 05:00:00,2025-01-09,5,12.2,79,6.5,0.6,0.0,Fog
2025-01-09 06:00:00,2025-01-09,6,15.8,86,3.4,0.9,0.0,Fog
2025-01-09 07:00:00,2025-01-09,7,16.8,78,15.1,0.8,0.0,Fog
2025-01-09 08:00:00,2025-01-09,8,15.6,81,4.8,1.1,0.0,Fog
2025-01-09 09:00:00,2025-01-09,9,19.1,81,14.5,10.0,0.0,Sunny
2025-01-09 10:00:00,2025-01-09,10,21.9,88,5.7,10.0,0.0,Partly Cloudy
2025-01-09 11:00:00,2025-01-09,11,22.1,75,6.1,10.0,0.0,Sunny
2025-01-09 12:00:00,2025-01-09,12,23.6,79,14.1,10.0,0.0,Sunny
2025-01-09 13:00:00,2025-01-09,13,25.8,68,3.7,10.0,0.0,Sunny
2025-01-09 14:00:00,2025-01-09,14,25.0,76,10.7,10.0,0.0,Sunny
2025-01-09 15:00:00,2025-01-09,15,25.4,68,5.3,10.0,0.0,Partly Cloudy
2025-01-09 16:00:00,2025-01-09,16,26.2,58,11.5,10.0,0.0,Sunny
2025-01-09 17:00:00,2025-01-09,17,23.4,63,20.4,10.0,0.0,Sunny
2025-01-09 18:00:00,2025-01-09,18,22.8,49,18.5,10.0,0.0,Sunny
2025-01-09 19:00:00,2025-01-09,19,20.2,50,3.5,10.0,0.0,Clear
2025-01-09 20:00:00,2025-01-09,20,23.1,39,2.0,10.0,0.0,Clear
2025-01-09 21:00:00,2025-01-09,21,19.1,50,20.3,10.0,0.0,Clear
2025-01-09 22:00:00,2025-01-09,22,18.6,46,20.2,10.0,0.0,Clear
2025-01-09 23:00:00,2025-01-09,23,14.3,49,12.5,10.0,0.0,Clear
2025-01-10 00:00:00,2025-01-10,0,15.9,48,11.5,10.0,0.0,Clear
2025-01-10 01:00:00,2025-01-10,1,13.0,52,2.0,10.0,0.0,Clear
2025-01-10 02:00:00,2025-01-10,2,14.4,58,7.4,10.0,0.0,Clear
2025-01-10 03:00:00,2025-01-10,3,12.3,70,16.7,10.0,0.0,Clear
2025-01-10 04:00:00,2025-01-10,4,11.4,71,2.5,10.0,0.0,Clear
2025-01-10 05:00:00,2025-01-10,5,14.7,71,6.8,10.0,0.0,Clear
2025-01-10 06:00:00,2025-01-10,6,14.5,69,8.0,10.0,0.0,Clear
2025-01-10 07:00:00,2025-01-10,7,14.3,88,19.5,10.0,0.0,Hazy
2025-01-10 08:00:00,2025-01-10,8,15.3,72,7.0,10.0,0.0,Hazy
2025-01-10 09:00:00,2025-01-10,9,19.5,88,17.5,10.0,0.0,Sunny
2025-01-10 10:00:00,2025-01-10,10,20.6,84,19.1,10.0,0.0,Sunny
2025-01-10 11:00:00,2025-01-10,11,22.5,80,9.8,10.0,0.0,Sunny
2025-01-10 12:00:00,2025-01-10,12,23.9,75,26.3,10.0,0.0,Sunny
2025-01-10 13:00:00,2025-01-10,13,24.5,77,8.2,10.0,0.0,Sunny
2025-01-10 14:00:00,2025-01-10,14,25.7,74,16.0,10.0,0.0,Sunny
2025-01-10 15:00:00,2025-01-10,15,26.4,69,14.2,10.0,0.0,Sunny
2025-01-10 16:00:00,2025-01-10,16,25.1,65,8.0,10.0,0.0,Sunny
2025-01-10 17:00:00,2025-01-10,17,25.3,50,18.8,10.0,0.0,Partly Cloudy
2025-01-10 18:00:00,2025-01-10,18,24.3,50,27.6,10.0,0.0,Sunny
2025-01-10 19:00:00,2025-01-10,19,23.5,47,6.4,10.0,0.0,Clear
2025-01-10 20:00:00,2025-01-10,20,18.0,48,31.5,10.0,0.0,Clear
2025-01-10 21:00:00,2025-01-10,21,18.5,48,6.4,10.0,0.0,Clear
2025-01-10 22:00:00,2025-01-10,22,18.0,52,14.4,10.0,0.0,Clear
2025-01-10 23:00:00,2025-01-10,23,18.3,49,10.5,10.0,0.0,Clear
2025-01-11 00:00:00,2025-01-11,0,15.8,55,3.2,10.0,0.0,Clear
2025-01-11 01:00:00,2025-01-11,1,14.8,55,11.0,10.0,0.0,Clear
2025-01-11 02:00:00,2025-01-11,2,15.9,69,11.5,10.0,0.0,Clear
2025-01-11 03:00:00,2025-01-11,3,12.4,62,19.2,10.0,0.0,Clear
2025-01-11 04:00:00,2025-01-11,4,15.2,67,8.9,10.0,0.0,Clear
2025-01-11 05:00:00,2025-01-11,5,14.2,75,14.7,10.0,0.0,Clear
2025-01-11 06:00:00,2025-01-11,6,13.2,82,6.1,10.0,0.0,Clear
2025-01-11 07:00:00,2025-01-11,7,13.7,78,5.5,10.0,0.0,Sunny
2025-01-11 08:00:00,2025-01-11,8,17.0,81,9.7,10.0,0.0,Sunny
2025-01-11 09:00:00,2025-01-11,9,19.8,82,7.9,10.0,0.0,Sunny
2025-01-11 10:00:00,2025-01-11,10,20.4,78,8.0,10.0,0.0,Sunny
2025-01-11 11:00:00,2025-01-11,11,22.4,78,9.2,10.0,0.0,Sunny
2025-01-11 12:00:00,2025-01-11,12,25.9,75,4.7,10.0,0.0,Sunny
2025-01-11 13:00:00,2025-01-11,13,24.7,79,19.7,10.0,0.0,Sunny
2025-01-11 14:00:00,2025-01-11,14,27.6,70,28.0,10.0,0.0,Sunny
2025-01-11 15:00:00,2025-01-11,15,26.4,63,13.0,10.0,0.0,Sunny
2025-01-11 16:00:00,2025-01-11,16,26.6,68,2.0,10.0,0.0,Partly Cloudy
2025-01-11 17:00:00,2025-01-11,17,24.4,63,22.1,10.0,0.0,Sunny
2025-01-11 18:00:00,2025-01-11,18,23.5,59,2.6,10.0,0.0,Sunny
2025-01-11 19:00:00,2025-01-11,19,22.3,48,3.9,10.0,0.0,Clear
2025-01-11 20:00:00,2025-01-11,20,20.6,52,15.5,10.0,0.0,Clear
2025-01-11 21:00:00,2025-01-11,21,19.8,56,12.1,10.0,0.0,Clear
2025-01-11 22:00:00,2025-01-11,22,18.9,46,23.6,10.0,0.0,Clear
2025-01-11 23:00:00,2025-01-11,23,18.7,49,4.2,10.0,0.0,Clear
2025-01-12 00:00:00,2025-01-12,0,13.6,51,25.0,10.0,0.0,Clear
2025-01-12 01:00:00,2025-01-12,1,13.4,57,3.5,10.0,0.0,Clear
2025-01-12 02:00:00,2025-01-12,2,13.9,68,7.0,10.0,0.0,Clear
2025-01-12 03:00:00,2025-01-12,3,12.6,65,10.5,10.0,0.0,Clear
2025-01-12 04:00:00,2025-01-12,4,9.6,67,13.4,5.2,1.8,Light Rain
2025-01-12 05:00:00,2025-01-12,5,12.7,74,21.2,5.2,4.7,Light Rain
2025-01-12 06:00:00,2025-01-12,6,11.8,82,15.9,5.2,4.7,Light Rain
2025-01-12 07:00:00,2025-01-12,7,14.4,69,4.9,5.2,1.8,Light Rain
2025-01-12 08:00:00,2025-01-12,8,19.4,84,18.2,10.0,0.0,Sunny
2025-01-12 09:00:00,2025-01-12,9,19.8,82,8.0,10.0,0.0,Sunny
2025-01-12 10:00:00,2025-01-12,10,21.4,80,2.0,10.0,0.0,Sunny
2025-01-12 11:00:00,2025-01-12,11,24.0,74,11.4,10.0,0.0,Sunny
2025-01-12 12:00:00,2025-01-12,12,23.4,80,14.1,10.0,0.0,Sunny
2025-01-12 13:00:00,2025-01-12,13,25.0,73,13.4,10.0,0.0,Partly Cloudy
2025-01-12 14:00:00,2025-01-12,14,25.1,71,13.8,10.0,0.0,Sunny
2025-01-12 15:00:00,2025-01-12,15,26.4,60,10.3,10.0,0.0,Partly Cloudy
2025-01-12 16:00:00,2025-01-12,16,23.7,53,4.4,10.0,0.0,Sunny
2025-01-12 17:00:00,2025-01-12,17,23.6,51,20.4,10.0,0.0,Sunny
2025-01-12 18:00:00,2025-01-12,18,23.6,51,11.3,10.0,0.0,Sunny
2025-01-12 19:00:00,2025-01-12,19,23.0,42,10.0,10.0,0.0,Clear
2025-01-12 20:00:00,2025-01-12,20,23.0,48,13.5,10.0,0.0,Clear
2025-01-12 21:00:00,2025-01-12,21,17.9,54,9.0,10.0,0.0,Clear
2025-01-12 22:00:00,2025-01-12,22,17.2,38,17.6,10.0,0.0,Clear
2025-01-12 23:00:00,2025-01-12,23,16.1,47,25.2,10.0,0.0,Clear
2025-01-13 00:00:00,2025-01-13,0,13.0,52,2.9,10.0,0.0,Clear
2025-01-13 01:00:00,2025-01-13,1,12.5,55,2.0,10.0,0.0,Clear
2025-01-13 02:00:00,2025-01-13,2,10.6,66,5.8,10.0,0.0,Clear
2025-01-13 03:00:00,2025-01-13,3,13.2,63,3.8,0.9,0.0,Fog
2025-01-13 04:00:00,2025-01-13,4,11.8,68,11.8,0.8,0.0,Fog
2025-01-13 05:00:00,2025-01-13,5,14.8,73,29.6,0.6,0.0,Fog
2025-01-13 06:00:00,2025-01-13,6,14.9,80,30.4,0.3,0.0,Fog
2025-01-13 07:00:00,2025-01-13,7,15.5,87,6.7,0.3,0.0,Fog
2025-01-13 08:00:00,2025-01-13,8,16.4,82,4.3,0.4,0.0,Fog
2025-01-13 09:00:00,2025-01-13,9,19.5,89,7.0,10.0,0.0,Sunny
2025-01-13 10:00:00,2025-01-13,10,20.4,83,15.3,10.0,0.0,Sunny
2025-01-13 11:00:00,2025-01-13,11,22.9,76,4.4,10.0,0.0,Sunny
2025-01-13 12:00:00,2025-01-13,12,25.0,82,2.4,10.0,0.0,Partly Cloudy
2025-01-13 13:00:00,2025-01-13,13,23.7,74,6.9,10.0,0.0,Partly Cloudy
2025-01-13 14:00:00,2025-01-13,14,24.8,75,9.8,10.0,0.0,Sunny
2025-01-13 15:00:00,2025-01-13,15,27.0,68,10.1,10.0,0.0,Sunny
2025-01-13 16:00:00,2025-01-13,16,26.9,64,5.1,10.0,0.0,Sunny
2025-01-13 17:00:00,2025-01-13,17,23.5,53,2.8,10.0,0.0,Hazy
2025-01-13 18:00:00,2025-01-13,18,22.6,48,11.6,10.0,0.0,Sunny
2025-01-13 19:00:00,2025-01-13,19,21.2,49,11.1,10.0,0.0,Clear
2025-01-13 20:00:00,2025-01-13,20,21.0,42,4.7,10.0,0.0,Clear
2025-01-13 21:00:00,2025-01-13,21,17.3,43,12.5,10.0,0.0,Clear
2025-01-13 22:00:00,2025-01-13,22,17.4,45,10.6,10.0,0.0,Clear
2025-01-13 23:00:00,2025-01-13,23,15.7,45,11.8,10.0,0.0,Clear
2025-01-14 00:00:00,2025-01-14,0,13.7,52,10.2,10.0,0.0,Clear
2025-01-14 01:00:00,2025-01-14,1,13.5,56,5.0,10.0,0.0,Clear
2025-01-14 02:00:00,2025-01-14,2,12.8,58,25.3,10.0,0.0,Clear
2025-01-14 03:00:00,2025-01-14,3,12.1,60,13.2,1.0,0.0,Fog
2025-01-14 04:00:00,2025-01-14,4,14.7,66,4.3,1.0,0.0,Fog
2025-01-14 05:00:00,2025-01-14,5,12.9,75,15.9,0.5,0.0,Fog
2025-01-14 06:00:00,2025-01-14,6,14.5,77,19.5,0.4,0.0,Fog
2025-01-14 07:00:00,2025-01-14,7,15.0,81,17.7,0.6,0.0,Fog
2025-01-14 08:00:00,2025-01-14,8,18.5,79,10.3,1.2,0.0,Fog
2025-01-14 09:00:00,2025-01-14,9,17.6,85,8.6,10.0,0.0,Sunny
2025-01-14 10:00:00,2025-01-14,10,20.9,86,8.2,10.0,0.0,Partly Cloudy
2025-01-14 11:00:00,2025-01-14,11,21.2,75,13.2,10.0,0.0,Sunny
2025-01-14 12:00:00,2025-01-14,12,21.5,76,22.0,10.0,0.0,Sunny
2025-01-14 13:00:00,2025-01-14,13,23.8,67,22.4,10.0,0.0,Sunny
2025-01-14 14:00:00,2025-01-14,14,24.5,73,2.8,10.0,0.0,Sunny
2025-01-14 15:00:00,2025-01-14,15,26.1,74,5.8,10.0,0.0,Sunny
2025-01-14 16:00:00,2025-01-14,16,24.3,64,2.1,10.0,0.0,Sunny
2025-01-14 17:00:00,2025-01-14,17,22.1,55,12.9,10.0,0.0,Sunny
2025-01-14 18:00:00,2025-01-14,18,21.2,53,25.3,10.0,0.0,Sunny
2025-01-14 19:00:00,2025-01-14,19,22.4,52,7.7,10.0,0.0,Clear
2025-01-14 20:00:00,2025-01-14,20,21.2,43,17.0,10.0,0.0,Clear
2025-01-14 21:00:00,2025-01-14,21,19.2,47,2.0,10.0,0.0,Clear
2025-01-14 22:00:00,2025-01-14,22,16.8,48,11.7,10.0,0.0,Clear
2025-01-14 23:00:00,2025-01-14,23,16.1,49,9.8,10.0,0.0,Clear
2025-01-15 00:00:00,2025-01-15,0,12.2,51,17.8,10.0,0.0,Clear
2025-01-15 01:00:00,2025-01-15,1,11.0,56,2.7,10.0,0.0,Clear
2025-01-15 02:00:00,2025-01-15,2,11.0,56,10.6,10.0,0.0,Clear
2025-01-15 03:00:00,2025-01-15,3,12.3,62,29.9,1.1,0.0,Fog
2025-01-15 04:00:00,2025-01-15,4,13.7,71,4.5,0.7,0.0,Fog
2025-01-15 05:00:00,2025-01-15,5,12.2,74,4.0,0.7,0.0,Fog
2025-01-15 06:00:00,2025-01-15,6,13.3,78,19.0,0.3,0.0,Fog
2025-01-15 07:00:00,2025-01-15,7,16.5,84,20.7,0.5,0.0,Fog
2025-01-15 08:00:00,2025-01-15,8,16.8,82,15.0,0.4,0.0,Fog
2025-01-15 09:00:00,2025-01-15,9,19.2,82,41.9,10.0,0.0,Sunny
2025-01-15 10:00:00,2025-01-15,10,20.8,85,10.1,10.0,0.0,Partly Cloudy
2025-01-15 11:00:00,2025-01-15,11,20.8,88,15.2,10.0,0.0,Sunny
2025-01-15 12:00:00,2025-01-15,12,25.7,76,14.5,10.0,0.0,Sunny
2025-01-15 13:00:00,2025-01-15,13,23.6,76,7.3,10.0,0.0,Partly Cloudy
2025-01-15 14:00:00,2025-01-15,14,27.6,69,5.9,10.0,0.0,Sunny
2025-01-15 15:00:00,2025-01-15,15,26.2,61,9.2,10.0,0.0,Partly Cloudy
2025-01-15 16:00:00,2025-01-15,16,25.6,60,6.2,10.0,0.0,Partly Cloudy
2025-01-15 17:00:00,2025-01-15,17,22.8,58,10.3,10.0,0.0,Sunny
2025-01-15 18:00:00,2025-01-15,18,24.0,49,17.4,10.0,0.0,Partly Cloudy
2025-01-15 19:00:00,2025-01-15,19,22.2,54,3.1,10.0,0.0,Clear
2025-01-15 20:00:00,2025-01-15,20,20.4,46,3.6,10.0,0.0,Clear
2025-01-15 21:00:00,2025-01-15,21,17.4,45,7.7,10.0,0.0,Clear
2025-01-15 22:00:00,2025-01-15,22,18.4,51,8.9,10.0,0.0,Clear
2025-01-15 23:00:00,2025-01-15,23,16.9,50,4.6,10.0,0.0,Clear
2025-01-16 00:00:00,2025-01-16,0,12.4,49,15.0,10.0,0.0,Clear
2025-01-16 01:00:00,2025-01-16,1,12.7,51,4.1,10.0,0.0,Clear
2025-01-16 02:00:00,2025-01-16,2,12.4,67,2.2,10.0,0.0,Clear
2025-01-16 03:00:00,2025-01-16,3,12.9,66,12.1,10.0,0.0,Clear
2025-01-16 04:00:00,2025-01-16,4,12.9,77,13.7,10.0,0.0,Clear
2025-01-16 05:00:00,2025-01-16,5,13.3,72,12.2,10.0,0.0,Clear
2025-01-16 06:00:00,2025-01-16,6,15.0,79,3.4,10.0,0.0,Clear
2025-01-16 07:00:00,2025-01-16,7,18.0,76,2.0,10.0,0.0,Sunny
2025-01-16 08:00:00,2025-01-16,8,17.0,78,31.6,10.0,0.0,Sunny
2025-01-16 09:00:00,2025-01-16,9,20.2,81,12.7,10.0,0.0,Partly Cloudy
2025-01-16 10:00:00,2025-01-16,10,22.8,89,27.7,10.0,0.0,Sunny
2025-01-16 11:00:00,2025-01-16,11,24.1,82,5.5,10.0,0.0,Sunny
2025-01-16 12:00:00,2025-01-16,12,24.4,82,24.2,10.0,0.0,Partly Cloudy
2025-01-16 13:00:00,2025-01-16,13,25.4,82,24.6,10.0,0.0,Hazy
2025-01-16 14:00:00,2025-01-16,14,25.8,73,16.9,10.0,0.0,Hazy
2025-01-16 15:00:00,2025-01-16,15,27.5,69,8.3,10.0,0.0,Sunny
2025-01-16 16:00:00,2025-01-16,16,24.8,61,4.7,10.0,0.0,Partly Cloudy
2025-01-16 17:00:00,2025-01-16,17,24.2,62,13.9,10.0,0.0,Sunny
2025-01-16 18:00:00,2025-01-16,18,22.8,54,3.7,10.0,0.0,Partly Cloudy
2025-01-16 19:00:00,2025-01-16,19,25.2,54,6.4,10.0,0.0,Clear
2025-01-16 20:00:00,2025-01-16,20,22.5,46,12.1,10.0,0.0,Clear
2025-01-16 21:00:00,2025-01-16,21,18.3,50,25.8,10.0,0.0,Clear
2025-01-16 22:00:00,2025-01-16,22,15.9,49,25.8,10.0,0.0,Clear
2025-01-16 23:00:00,2025-01-16,23,15.5,48,24.4,10.0,0.0,Clear
2025-01-17 00:00:00,2025-01-17,0,14.5,47,26.6,10.0,0.0,Clear
2025-01-17 01:00:00,2025-01-17,1,13.7,57,7.6,10.0,0.0,Clear
2025-01-17 02:00:00,2025-01-17,2,10.9,62,6.1,10.0,0.0,Clear
2025-01-17 03:00:00,2025-01-17,3,11.6,61,2.0,10.0,0.0,Clear
2025-01-17 04:00:00,2025-01-17,4,14.2,70,15.5,10.0,0.0,Clear
2025-01-17 05:00:00,2025-01-17,5,14.1,75,6.9,10.0,0.0,Clear
2025-01-17 06:00:00,2025-01-17,6,13.6,82,7.7,10.0,0.0,Clear
2025-01-17 07:00:00,2025-01-17,7,16.9,82,7.3,10.0,0.0,Partly Cloudy
2025-01-17 08:00:00,2025-01-17,8,18.5,85,9.2,10.0,0.0,Sunny
2025-01-17 09:00:00,2025-01-17,9,21.7,82,11.0,10.0,0.0,Sunny
2025-01-17 10:00:00,2025-01-17,10,20.4,81,12.0,10.0,0.0,Sunny
2025-01-17 11:00:00,2025-01-17,11,21.4,80,6.4,10.0,0.0,Sunny
2025-01-17 12:00:00,2025-01-17,12,23.4,76,2.0,10.0,0.0,Partly Cloudy
2025-01-17 13:00:00,2025-01-17,13,25.7,73,10.2,10.0,0.0,Sunny
2025-01-17 14:00:00,2025-01-17,14,23.8,72,25.4,10.0,0.0,Sunny
2025-01-17 15:00:00,2025-01-17,15,25.5,67,11.3,10.0,0.0,Sunny
2025-01-17 16:00:00,2025-01-17,16,25.3,62,16.1,10.0,0.0,Sunny
2025-01-17 17:00:00,2025-01-17,17,26.2,57,6.6,10.0,0.0,Partly Cloudy
2025-01-17 18:00:00,2025-01-17,18,23.0,58,23.4,10.0,0.0,Sunny
2025-01-17 19:00:00,2025-01-17,19,22.1,55,7.3,10.0,0.0,Clear
2025-01-17 20:00:00,2025-01-17,20,21.3,48,7.0,10.0,0.0,Clear
2025-01-17 21:00:00,2025-01-17,21,18.3,53,13.3,10.0,0.0,Clear
2025-01-17 22:00:00,2025-01-17,22,16.4,53,17.6,10.0,0.0,Clear
2025-01-17 23:00:00,2025-01-17,23,18.0,50,7.7,10.0,0.0,Clear
2025-01-18 00:00:00,2025-01-18,0,15.1,50,12.7,10.0,0.0,Clear
2025-01-18 01:00:00,2025-01-18,1,14.8,55,44.1,10.0,0.0,Clear
2025-01-18 02:00:00,2025-01-18,2,13.6,61,10.7,10.0,0.0,Clear
2025-01-18 03:00:00,2025-01-18,3,12.4,64,4.0,10.0,0.0,Clear
2025-01-18 04:00:00,2025-01-18,4,12.0,66,3.8,10.0,0.0,Clear
2025-01-18 05:00:00,2025-01-18,5,12.7,70,19.6,10.0,0.0,Clear
2025-01-18 06:00:00,2025-01-18,6,13.5,76,4.2,10.0,0.0,Clear
2025-01-18 07:00:00,2025-01-18,7,14.9,78,9.2,10.0,0.0,Sunny
2025-01-18 08:00:00,2025-01-18,8,16.4,75,4.8,10.0,0.0,Sunny
2025-01-18 09:00:00,2025-01-18,9,19.9,86,3.8,10.0,0.0,Sunny
2025-01-18 10:00:00,2025-01-18,10,19.5,87,21.7,10.0,0.0,Hazy
2025-01-18 11:00:00,2025-01-18,11,23.9,83,2.0,10.0,0.0,Sunny
2025-01-18 12:00:00,2025-01-18,12,24.5,69,22.7,10.0,0.0,Sunny
2025-01-18 13:00:00,2025-01-18,13,25.4,73,8.6,10.0,0.0,Sunny
2025-01-18 14:00:00,2025-01-18,14,25.6,71,10.7,10.0,0.0,Sunny
2025-01-18 15:00:00,2025-01-18,15,26.0,70,14.0,10.0,0.0,Sunny
2025-01-18 16:00:00,2025-01-18,16,24.8,69,6.7,10.0,0.0,Sunny
2025-01-18 17:00:00,2025-01-18,17,23.6,56,8.5,10.0,0.0,Sunny
2025-01-18 18:00:00,2025-01-18,18,23.1,53,13.1,10.0,0.0,Sunny
2025-01-18 19:00:00,2025-01-18,19,20.7,51,30.8,10.0,0.0,Clear
2025-01-18 20:00:00,2025-01-18,20,21.2,45,12.4,10.0,0.0,Clear
2025-01-18 21:00:00,2025-01-18,21,17.8,44,26.2,10.0,0.0,Clear
2025-01-18 22:00:00,2025-01-18,22,18.1,51,14.2,10.0,0.0,Clear
2025-01-18 23:00:00,2025-01-18,23,16.6,52,26.0,10.0,0.0,Clear
2025-01-19 00:00:00,2025-01-19,0,14.7,51,2.6,10.0,0.0,Clear
2025-01-19 01:00:00,2025-01-19,1,12.8,50,4.8,10.0,0.0,Clear
2025-01-19 02:00:00,2025-01-19,2,11.7,52,8.8,10.0,0.0,Clear
2025-01-19 03:00:00,2025-01-19,3,11.6,65,8.0,10.0,0.0,Clear
2025-01-19 04:00:00,2025-01-19,4,11.6,70,12.4,10.0,0.0,Clear
2025-01-19 05:00:00,2025-01-19,5,13.4,73,6.3,10.0,0.0,Clear
2025-01-19 06:00:00,2025-01-19,6,14.3,81,10.4,10.0,0.0,Clear
2025-01-19 07:00:00,2025-01-19,7,18.0,81,7.9,10.0,0.0,Sunny
2025-01-19 08:00:00,2025-01-19,8,19.5,74,10.9,10.0,0.0,Sunny
2025-01-19 09:00:00,2025-01-19,9,20.8,91,6.0,10.0,0.0,Partly Cloudy
2025-01-19 10:00:00,2025-01-19,10,20.4,72,10.4,10.0,0.0,Sunny
2025-01-19 11:00:00,2025-01-19,11,20.6,78,10.6,10.0,0.0,Sunny
2025-01-19 12:00:00,2025-01-19,12,23.8,74,4.7,10.0,0.0,Partly Cloudy
2025-01-19 13:00:00,2025-01-19,13,24.3,76,2.0,10.0,0.0,Sunny
2025-01-19 14:00:00,2025-01-19,14,25.3,65,16.9,10.0,0.0,Sunny
2025-01-19 15:00:00,2025-01-19,15,26.0,68,27.2,10.0,0.0,Sunny
2025-01-19 16:00:00,2025-01-19,16,26.1,59,7.2,10.0,0.0,Sunny
2025-01-19 17:00:00,2025-01-19,17,22.5,59,18.2,10.0,0.0,Sunny
2025-01-19 18:00:00,2025-01-19,18,25.2,43,9.9,10.0,0.0,Sunny
2025-01-19 19:00:00,2025-01-19,19,23.4,49,15.1,10.0,0.0,Clear
2025-01-19 20:00:00,2025-01-19,20,20.0,50,17.5,10.0,0.0,Clear
2025-01-19 21:00:00,2025-01-19,21,20.1,42,20.5,10.0,0.0,Clear
2025-01-19 22:00:00,2025-01-19,22,17.0,49,10.4,10.0,0.0,Clear
2025-01-19 23:00:00,2025-01-19,23,15.8,51,3.5,10.0,0.0,Clear
2025-01-20 00:00:00,2025-01-20,0,14.2,53,8.1,10.0,0.0,Clear
2025-01-20 01:00:00,2025-01-20,1,12.5,55,17.7,10.0,0.0,Clear
2025-01-20 02:00:00,2025-01-20,2,11.2,63,10.3,10.0,0.0,Clear
2025-01-20 03:00:00,2025-01-20,3,15.8,66,2.0,10.0,0.0,Clear
2025-01-20 04:00:00,2025-01-20,4,13.5,71,22.1,10.0,0.0,Clear
2025-01-20 05:00:00,2025-01-20,5,13.5,72,6.6,10.0,0.0,Clear
2025-01-20 06:00:00,2025-01-20,6,16.6,74,4.0,10.0,0.0,Clear
2025-01-20 07:00:00,2025-01-20,7,13.7,83,2.3,10.0,0.0,Hazy
2025-01-20 08:00:00,2025-01-20,8,17.0,80,29.4,10.0,0.0,Sunny
2025-01-20 09:00:00,2025-01-20,9,18.3,89,10.4,10.0,0.0,Sunny
2025-01-20 10:00:00,2025-01-20,10,20.1,91,8.8,10.0,0.0,Sunny
2025-01-20 11:00:00,2025-01-20,11,22.3,78,11.6,10.0,0.0,Sunny
2025-01-20 12:00:00,2025-01-20,12,23.1,74,6.5,10.0,0.0,Sunny
2025-01-20 13:00:00,2025-01-20,13,22.5,76,2.0,10.0,0.0,Hazy
2025-01-20 14:00:00,2025-01-20,14,24.1,71,23.4,10.0,0.0,Partly Cloudy
2025-01-20 15:00:00,2025-01-20,15,24.4,65,4.1,10.0,0.0,Sunny
2025-01-20 16:00:00,2025-01-20,16,24.7,63,16.7,10.0,0.0,Partly Cloudy
2025-01-20 17:00:00,2025-01-20,17,23.5,59,3.4,10.0,0.0,Sunny
2025-01-20 18:00:00,2025-01-20,18,23.4,49,16.8,10.0,0.0,Partly Cloudy
2025-01-20 19:00:00,2025-01-20,19,22.1,46,2.0,10.0,0.0,Clear
2025-01-20 20:00:00,2025-01-20,20,18.1,40,11.3,10.0,0.0,Clear
2025-01-20 21:00:00,2025-01-20,21,17.7,40,26.6,10.0,0.0,Clear
2025-01-20 22:00:00,2025-01-20,22,17.6,44,12.6,10.0,0.0,Clear
2025-01-20 23:00:00,2025-01-20,23,15.6,48,2.9,10.0,0.0,Clear
2025-01-21 00:00:00,2025-01-21,0,12.3,55,9.9,10.0,0.0,Clear
2025-01-21 01:00:00,2025-01-21,1,14.3,58,2.0,10.0,0.0,Clear
2025-01-21 02:00:00,2025-01-21,2,13.4,62,5.6,10.0,0.0,Clear
2025-01-21 03:00:00,2025-01-21,3,15.3,64,25.3,10.0,0.0,Clear
2025-01-21 04:00:00,2025-01-21,4,14.8,79,12.0,10.0,0.0,Clear
2025-01-21 05:00:00,2025-01-21,5,12.3,69,11.4,10.0,0.0,Clear
2025-01-21 06:00:00,2025-01-21,6,14.3,77,23.4,10.0,0.0,Clear
2025-01-21 07:00:00,2025-01-21,7,15.8,82,6.5,10.0,0.0,Partly Cloudy
2025-01-21 08:00:00,2025-01-21,8,18.8,78,7.9,10.0,0.0,Hazy
2025-01-21 09:00:00,2025-01-21,9,18.7,82,6.3,10.0,0.0,Sunny
2025-01-21 10:00:00,2025-01-21,10,22.3,77,4.8,10.0,0.0,Sunny
2025-01-21 11:00:00,2025-01-21,11,22.6,79,5.7,10.0,0.0,Partly Cloudy
2025-01-21 12:00:00,2025-01-21,12,22.6,84,14.7,10.0,0.0,Sunny
2025-01-21 13:00:00,2025-01-21,13,23.2,75,15.9,10.0,0.0,Sunny
2025-01-21 14:00:00,2025-01-21,14,26.5,77,2.3,10.0,0.0,Sunny
2025-01-21 15:00:00,2025-01-21,15,26.7,71,24.9,10.0,0.0,Sunny
2025-01-21 16:00:00,2025-01-21,16,26.6,54,20.9,10.0,0.0,Sunny
2025-01-21 17:00:00,2025-01-21,17,21.5,51,9.1,10.0,0.0,Sunny
2025-01-21 18:00:00,2025-01-21,18,23.4,58,6.7,10.0,0.0,Sunny
2025-01-21 19:00:00,2025-01-21,19,23.8,49,8.8,10.0,0.0,Clear
2025-01-21 20:00:00,2025-01-21,20,19.0,42,10.1,10.0,0.0,Clear
2025-01-21 21:00:00,2025-01-21,21,19.7,51,5.4,10.0,0.0,Clear
2025-01-21 22:00:00,2025-01-21,22,16.7,54,5.6,10.0,0.0,Clear
2025-01-21 23:00:00,2025-01-21,23,14.6,55,4.1,10.0,0.0,Clear
2025-01-22 00:00:00,2025-01-22,0,13.5,54,47.3,10.0,0.0,Clear
2025-01-22 01:00:00,2025-01-22,1,15.3,61,7.5,10.0,0.0,Clear
2025-01-22 02:00:00,2025-01-22,2,13.8,62,34.5,10.0,0.0,Clear
2025-01-22 03:00:00,2025-01-22,3,12.4,61,6.9,10.0,0.0,Clear
2025-01-22 04:00:00,2025-01-22,4,15.4,74,6.8,10.0,0.0,Clear
2025-01-22 05:00:00,2025-01-22,5,11.2,73,7.2,10.0,0.0,Clear
2025-01-22 06:00:00,2025-01-22,6,13.6,85,13.1,10.0,0.0,Clear
2025-01-22 07:00:00,2025-01-22,7,17.7,79,15.9,10.0,0.0,Sunny
2025-01-22 08:00:00,2025-01-22,8,17.1,81,23.1,10.0,0.0,Partly Cloudy
2025-01-22 09:00:00,2025-01-22,9,18.8,79,7.5,10.0,0.0,Partly Cloudy
2025-01-22 10:00:00,2025-01-22,10,20.5,85,16.7,10.0,0.0,Sunny
2025-01-22 11:00:00,2025-01-22,11,21.7,88,4.6,10.0,0.0,Partly Cloudy
2025-01-22 12:00:00,2025-01-22,12,24.7,81,25.7,10.0,0.0,Sunny
2025-01-22 13:00:00,2025-01-22,13,23.6,74,3.4,10.0,0.0,Sunny
2025-01-22 14:00:00,2025-01-22,14,28.5,68,3.7,10.0,0.0,Partly Cloudy
2025-01-22 15:00:00,2025-01-22,15,23.8,62,9.5,10.0,0.0,Partly Cloudy
2025-01-22 16:00:00,2025-01-22,16,27.3,65,12.3,10.0,0.0,Sunny
2025-01-22 17:00:00,2025-01-22,17,25.6,53,7.3,10.0,0.0,Partly Cloudy
2025-01-22 18:00:00,2025-01-22,18,22.8,44,10.8,10.0,0.0,Partly Cloudy
2025-01-22 19:00:00,2025-01-22,19,22.6,61,10.3,10.0,0.0,Clear
2025-01-22 20:00:00,2025-01-22,20,21.7,49,5.9,10.0,0.0,Clear
2025-01-22 21:00:00,2025-01-22,21,19.8,46,14.0,10.0,0.0,Clear
2025-01-22 22:00:00,2025-01-22,22,15.0,45,12.8,10.0,0.0,Clear
2025-01-22 23:00:00,2025-01-22,23,16.2,52,15.5,10.0,0.0,Clear
2025-01-23 00:00:00,2025-01-23,0,12.7,48,25.9,10.0,0.0,Clear
2025-01-23 01:00:00,2025-01-23,1,14.6,54,31.3,10.0,0.0,Clear
2025-01-23 02:00:00,2025-01-23,2,14.0,62,14.5,10.0,0.0,Clear
2025-01-23 03:00:00,2025-01-23,3,10.9,62,10.6,10.0,0.0,Clear
2025-01-23 04:00:00,2025-01-23,4,10.3,65,15.6,10.0,0.0,Clear
2025-01-23 05:00:00,2025-01-23,5,13.0,72,13.7,10.0,0.0,Clear
2025-01-23 06:00:00,2025-01-23,6,14.1,77,2.6,10.0,0.0,Clear
2025-01-23 07:00:00,2025-01-23,7,15.8,80,2.3,10.0,0.0,Sunny
2025-01-23 08:00:00,2025-01-23,8,17.8,81,16.8,10.0,0.0,Sunny
2025-01-23 09:00:00,2025-01-23,9,18.8,84,18.6,10.0,0.0,Sunny
2025-01-23 10:00:00,2025-01-23,10,20.8,80,2.3,10.0,0.0,Sunny
2025-01-23 11:00:00,2025-01-23,11,21.2,82,4.7,10.0,0.0,Partly Cloudy
2025-01-23 12:00:00,2025-01-23,12,22.4,75,19.2,10.0,0.0,Sunny
2025-01-23 13:00:00,2025-01-23,13,25.4,74,9.5,10.0,0.0,Sunny
2025-01-23 14:00:00,2025-01-23,14,25.9,67,11.4,10.0,0.0,Sunny
2025-01-23 15:00:00,2025-01-23,15,25.1,58,2.1,10.0,0.0,Sunny
2025-01-23 16:00:00,2025-01-23,16,24.0,62,16.5,10.0,0.0,Sunny
2025-01-23 17:00:00,2025-01-23,17,26.5,60,2.1,10.0,0.0,Hazy
2025-01-23 18:00:00,2025-01-23,18,25.6,53,16.3,10.0,0.0,Partly Cloudy
2025-01-23 19:00:00,2025-01-23,19,23.6,44,29.2,10.0,0.0,Clear
2025-01-23 20:00:00,2025-01-23,20,21.4,42,32.0,10.0,0.0,Clear
2025-01-23 21:00:00,2025-01-23,21,17.7,50,17.2,10.0,0.0,Clear
2025-01-23 22:00:00,2025-01-23,22,18.9,49,2.2,10.0,0.0,Clear
2025-01-23 23:00:00,2025-01-23,23,16.4,50,15.9,10.0,0.0,Clear
2025-01-24 00:00:00,2025-01-24,0,13.2,56,8.0,10.0,0.0,Clear
2025-01-24 01:00:00,2025-01-24,1,14.2,59,2.2,10.0,0.0,Clear
2025-01-24 02:00:00,2025-01-24,2,12.1,61,11.7,10.0,0.0,Clear
2025-01-24 03:00:00,2025-01-24,3,13.5,71,23.0,10.0,0.0,Clear
2025-01-24 04:00:00,2025-01-24,4,14.1,77,5.5,10.0,0.0,Clear
2025-01-24 05:00:00,2025-01-24,5,14.0,79,27.3,10.0,0.0,Clear
2025-01-24 06:00:00,2025-01-24,6,13.4,81,7.3,10.0,0.0,Clear
2025-01-24 07:00:00,2025-01-24,7,16.5,81,7.7,10.0,0.0,Hazy
2025-01-24 08:00:00,2025-01-24,8,18.0,83,5.5,10.0,0.0,Hazy
2025-01-24 09:00:00,2025-01-24,9,18.2,86,2.0,10.0,0.0,Partly Cloudy
2025-01-24 10:00:00,2025-01-24,10,20.3,80,2.2,10.0,0.0,Sunny
2025-01-24 11:00:00,2025-01-24,11,24.5,80,20.7,10.0,0.0,Sunny
2025-01-24 12:00:00,2025-01-24,12,25.6,75,5.3,10.0,0.0,Partly Cloudy
2025-01-24 13:00:00,2025-01-24,13,24.0,74,7.8,10.0,0.0,Sunny
2025-01-24 14:00:00,2025-01-24,14,22.9,66,5.4,10.0,0.0,Partly Cloudy
2025-01-24 15:00:00,2025-01-24,15,27.3,64,6.6,10.0,0.0,Sunny
2025-01-24 16:00:00,2025-01-24,16,27.8,59,15.9,10.0,0.0,Partly Cloudy
2025-01-24 17:00:00,2025-01-24,17,26.5,60,33.7,10.0,0.0,Sunny
2025-01-24 18:00:00,2025-01-24,18,23.2,57,28.0,10.0,0.0,Sunny
2025-01-24 19:00:00,2025-01-24,19,23.1,52,11.1,10.0,0.0,Clear
2025-01-24 20:00:00,2025-01-24,20,19.6,42,19.7,10.0,0.0,Clear
2025-01-24 21:00:00,2025-01-24,21,20.3,49,23.8,10.0,0.0,Clear
2025-01-24 22:00:00,2025-01-24,22,16.6,51,20.9,10.0,0.0,Clear
2025-01-24 23:00:00,2025-01-24,23,15.0,48,3.3,10.0,0.0,Clear
2025-01-25 00:00:00,2025-01-25,0,14.3,55,11.4,10.0,0.0,Clear
2025-01-25 01:00:00,2025-01-25,1,12.7,60,16.1,10.0,0.0,Clear
2025-01-25 02:00:00,2025-01-25,2,13.6,54,4.7,10.0,0.0,Clear
2025-01-25 03:00:00,2025-01-25,3,11.5,69,3.9,10.0,0.0,Clear
2025-01-25 04:00:00,2025-01-25,4,15.8,69,13.1,10.0,0.0,Clear
2025-01-25 05:00:00,2025-01-25,5,14.0,69,11.9,10.0,0.0,Clear
2025-01-25 06:00:00,2025-01-25,6,14.0,78,23.4,10.0,0.0,Clear
2025-01-25 07:00:00,2025-01-25,7,14.6,79,2.0,10.0,0.0,Partly Cloudy
2025-01-25 08:00:00,2025-01-25,8,16.9,86,26.2,10.0,0.0,Sunny
2025-01-25 09:00:00,2025-01-25,9,18.8,85,6.9,10.0,0.0,Sunny
2025-01-25 10:00:00,2025-01-25,10,20.4,85,2.8,10.0,0.0,Sunny
2025-01-25 11:00:00,2025-01-25,11,21.7,77,15.4,10.0,0.0,Sunny
2025-01-25 12:00:00,2025-01-25,12,22.6,76,8.4,10.0,0.0,Sunny
2025-01-25 13:00:00,2025-01-25,13,25.7,73,19.9,10.0,0.0,Sunny
2025-01-25 14:00:00,2025-01-25,14,27.0,72,9.7,10.0,0.0,Sunny
2025-01-25 15:00:00,2025-01-25,15,24.5,71,3.6,10.0,0.0,Sunny
2025-01-25 16:00:00,2025-01-25,16,25.2,63,3.0,10.0,0.0,Sunny
2025-01-25 17:00:00,2025-01-25,17,22.5,53,2.0,10.0,0.0,Sunny
2025-01-25 18:00:00,2025-01-25,18,22.9,51,13.2,10.0,0.0,Sunny
2025-01-25 19:00:00,2025-01-25,19,24.6,51,2.3,10.0,0.0,Clear
2025-01-25 20:00:00,2025-01-25,20,22.1,52,8.2,10.0,0.0,Clear
2025-01-25 21:00:00,2025-01-25,21,19.7,47,9.1,10.0,0.0,Clear
2025-01-25 22:00:00,2025-01-25,22,15.9,50,12.8,10.0,0.0,Clear
2025-01-25 23:00:00,2025-01-25,23,14.9,43,6.8,10.0,0.0,Clear
2025-01-26 00:00:00,2025-01-26,0,13.8,50,3.4,10.0,0.0,Clear
2025-01-26 01:00:00,2025-01-26,1,14.6,59,6.8,10.0,0.0,Clear
2025-01-26 02:00:00,2025-01-26,2,14.3,51,9.9,10.0,0.0,Clear
2025-01-26 03:00:00,2025-01-26,3,12.5,69,22.3,10.0,0.0,Clear
2025-01-26 04:00:00,2025-01-26,4,13.8,71,26.5,10.0,0.0,Clear
2025-01-26 05:00:00,2025-01-26,5,12.5,74,21.1,10.0,0.0,Clear
2025-01-26 06:00:00,2025-01-26,6,14.8,70,12.1,10.0,0.0,Clear
2025-01-26 07:00:00,2025-01-26,7,17.0,84,6.7,10.0,0.0,Partly Cloudy
2025-01-26 08:00:00,2025-01-26,8,19.2,90,10.8,10.0,0.0,Sunny
2025-01-26 09:00:00,2025-01-26,9,17.6,82,16.5,10.0,0.0,Sunny
2025-01-26 10:00:00,2025-01-26,10,22.4,80,9.6,10.0,0.0,Sunny
2025-01-26 11:00:00,2025-01-26,11,25.2,79,13.5,10.0,0.0,Partly Cloudy
2025-01-26 12:00:00,2025-01-26,12,21.9,81,10.2,10.0,0.0,Sunny
2025-01-26 13:00:00,2025-01-26,13,22.7,78,6.4,10.0,0.0,Partly Cloudy
2025-01-26 14:00:00,2025-01-26,14,27.3,72,9.3,10.0,0.0,Sunny
2025-01-26 15:00:00,2025-01-26,15,25.1,64,3.6,10.0,0.0,Sunny
2025-01-26 16:00:00,2025-01-26,16,25.1,65,8.6,10.0,0.0,Sunny
2025-01-26 17:00:00,2025-01-26,17,26.1,51,14.7,10.0,0.0,Sunny
2025-01-26 18:00:00,2025-01-26,18,22.6,57,15.3,10.0,0.0,Sunny
2025-01-26 19:00:00,2025-01-26,19,22.7,55,32.2,10.0,0.0,Clear
2025-01-26 20:00:00,2025-01-26,20,19.1,46,8.1,10.0,0.0,Clear
2025-01-26 21:00:00,2025-01-26,21,20.1,54,7.6,10.0,0.0,Clear
2025-01-26 22:00:00,2025-01-26,22,18.5,52,10.3,10.0,0.0,Clear
2025-01-26 23:00:00,2025-01-26,23,16.1,49,18.2,10.0,0.0,Clear
2025-01-27 00:00:00,2025-01-27,0,14.5,51,27.2,10.0,0.0,Clear
2025-01-27 01:00:00,2025-01-27,1,13.5,59,26.1,10.0,0.0,Clear
2025-01-27 02:00:00,2025-01-27,2,12.6,58,4.4,10.0,0.0,Clear
2025-01-27 03:00:00,2025-01-27,3,12.5,71,13.0,10.0,0.0,Clear
2025-01-27 04:00:00,2025-01-27,4,13.9,67,17.7,10.0,0.0,Clear
2025-01-27 05:00:00,2025-01-27,5,11.3,84,42.9,10.0,0.0,Clear
2025-01-27 06:00:00,2025-01-27,6,16.7,79,22.3,10.0,0.0,Clear
2025-01-27 07:00:00,2025-01-27,7,16.1,75,5.2,10.0,0.0,Partly Cloudy
2025-01-27 08:00:00,2025-01-27,8,20.1,88,30.9,10.0,0.0,Partly Cloudy
2025-01-27 09:00:00,2025-01-27,9,19.4,81,8.9,10.0,0.0,Sunny
2025-01-27 10:00:00,2025-01-27,10,20.8,75,23.8,10.0,0.0,Sunny
2025-01-27 11:00:00,2025-01-27,11,23.1,88,26.3,10.0,0.0,Partly Cloudy
2025-01-27 12:00:00,2025-01-27,12,22.2,89,14.9,10.0,0.0,Partly Cloudy
2025-01-27 13:00:00,2025-01-27,13,23.5,76,5.4,10.0,0.0,Partly Cloudy
2025-01-27 14:00:00,2025-01-27,14,25.1,72,11.5,10.0,0.0,Sunny
2025-01-27 15:00:00,2025-01-27,15,25.7,67,15.9,10.0,0.0,Sunny
2025-01-27 16:00:00,2025-01-27,16,26.6,63,28.1,10.0,0.0,Sunny
2025-01-27 17:00:00,2025-01-27,17,24.8,55,15.1,10.0,0.0,Sunny
2025-01-27 18:00:00,2025-01-27,18,25.4,52,19.3,10.0,0.0,Sunny
2025-01-27 19:00:00,2025-01-27,19,19.1,49,12.0,10.0,0.0,Clear
2025-01-27 20:00:00,2025-01-27,20,23.0,48,20.7,10.0,0.0,Clear
2025-01-27 21:00:00,2025-01-27,21,18.6,42,5.6,10.0,0.0,Clear
2025-01-27 22:00:00,2025-01-27,22,18.2,52,20.4,10.0,0.0,Clear
2025-01-27 23:00:00,2025-01-27,23,17.3,50,3.8,10.0,0.0,Clear
2025-01-28 00:00:00,2025-01-28,0,12.9,55,7.3,10.0,0.0,Clear
2025-01-28 01:00:00,2025-01-28,1,15.2,58,11.8,10.0,0.0,Clear
2025-01-28 02:00:00,2025-01-28,2,13.7,51,15.7,10.0,0.0,Clear
2025-01-28 03:00:00,2025-01-28,3,14.7,67,21.3,10.0,0.0,Clear
2025-01-28 04:00:00,2025-01-28,4,12.9,73,7.9,10.0,0.0,Clear
2025-01-28 05:00:00,2025-01-28,5,13.5,71,14.0,10.0,0.0,Clear
2025-01-28 06:00:00,2025-01-28,6,13.6,78,7.7,10.0,0.0,Clear
2025-01-28 07:00:00,2025-01-28,7,15.0,79,7.8,10.0,0.0,Sunny
2025-01-28 08:00:00,2025-01-28,8,17.3,84,8.9,10.0,0.0,Sunny
2025-01-28 09:00:00,2025-01-28,9,19.8,82,22.7,10.0,0.0,Sunny
2025-01-28 10:00:00,2025-01-28,10,21.7,75,17.7,10.0,0.0,Sunny
2025-01-28 11:00:00,2025-01-28,11,21.1,77,10.7,10.0,0.0,Sunny
2025-01-28 12:00:00,2025-01-28,12,23.6,80,2.0,10.0,0.0,Sunny
2025-01-28 13:00:00,2025-01-28,13,25.0,76,22.6,10.0,0.0,Partly Cloudy
2025-01-28 14:00:00,2025-01-28,14,22.8,79,11.3,10.0,0.0,Sunny
2025-01-28 15:00:00,2025-01-28,15,26.6,65,23.4,10.0,0.0,Sunny
2025-01-28 16:00:00,2025-01-28,16,25.1,54,18.1,10.0,0.0,Hazy
2025-01-28 17:00:00,2025-01-28,17,24.7,62,5.0,10.0,0.0,Sunny
2025-01-28 18:00:00,2025-01-28,18,25.4,56,13.3,10.0,0.0,Sunny
2025-01-28 19:00:00,2025-01-28,19,21.2,46,3.0,10.0,0.0,Clear
2025-01-28 20:00:00,2025-01-28,20,19.7,51,8.8,10.0,0.0,Clear
2025-01-28 21:00:00,2025-01-28,21,16.4,48,12.7,10.0,0.0,Clear
2025-01-28 22:00:00,2025-01-28,22,17.3,44,5.2,10.0,0.0,Clear
2025-01-28 23:00:00,2025-01-28,23,17.1,51,41.4,10.0,0.0,Clear
2025-01-29 00:00:00,2025-01-29,0,12.0,50,26.1,10.0,0.0,Clear
2025-01-29 01:00:00,2025-01-29,1,12.2,50,13.9,10.0,0.0,Clear
2025-01-29 02:00:00,2025-01-29,2,13.0,60,2.4,10.0,0.0,Clear
2025-01-29 03:00:00,2025-01-29,3,12.0,68,6.9,10.0,0.0,Clear
2025-01-29 04:00:00,2025-01-29,4,12.3,70,5.8,10.0,0.0,Clear
2025-01-29 05:00:00,2025-01-29,5,13.6,72,15.9,10.0,0.0,Clear
2025-01-29 06:00:00,2025-01-29,6,16.7,80,9.6,10.0,0.0,Clear
2025-01-29 07:00:00,2025-01-29,7,15.9,80,18.8,10.0,0.0,Partly Cloudy
2025-01-29 08:00:00,2025-01-29,8,17.7,79,17.6,10.0,0.0,Partly Cloudy
2025-01-29 09:00:00,2025-01-29,9,19.7,84,6.9,10.0,0.0,Sunny
2025-01-29 10:00:00,2025-01-29,10,18.4,82,8.5,10.0,0.0,Partly Cloudy
2025-01-29 11:00:00,2025-01-29,11,22.7,88,14.6,10.0,0.0,Partly Cloudy
2025-01-29 12:00:00,2025-01-29,12,21.8,81,13.1,10.0,0.0,Sunny
2025-01-29 13:00:00,2025-01-29,13,24.7,77,8.2,10.0,0.0,Partly Cloudy
2025-01-29 14:00:00,2025-01-29,14,26.7,63,30.8,10.0,0.0,Partly Cloudy
2025-01-29 15:00:00,2025-01-29,15,25.1,68,2.0,10.0,0.0,Partly Cloudy
2025-01-29 16:00:00,2025-01-29,16,26.6,64,2.0,10.0,0.0,Partly Cloudy
2025-01-29 17:00:00,2025-01-29,17,22.6,50,13.6,10.0,0.0,Sunny
2025-01-29 18:00:00,2025-01-29,18,24.0,49,22.2,10.0,0.0,Sunny
2025-01-29 19:00:00,2025-01-29,19,22.7,46,7.5,10.0,0.0,Clear
2025-01-29 20:00:00,2025-01-29,20,17.5,52,3.1,10.0,0.0,Clear
2025-01-29 21:00:00,2025-01-29,21,19.7,52,2.2,10.0,0.0,Clear
2025-01-29 22:00:00,2025-01-29,22,13.8,45,3.3,10.0,0.0,Clear
2025-01-29 23:00:00,2025-01-29,23,16.0,45,4.9,10.0,0.0,Clear
2025-01-30 00:00:00,2025-01-30,0,15.0,44,3.0,10.0,0.0,Clear
2025-01-30 01:00:00,2025-01-30,1,12.9,49,35.0,10.0,0.0,Clear
2025-01-30 02:00:00,2025-01-30,2,13.0,57,2.0,10.0,0.0,Clear
2025-01-30 03:00:00,2025-01-30,3,15.3,62,10.0,0.6,0.0,Fog
2025-01-30 04:00:00,2025-01-30,4,12.1,70,7.1,1.0,0.0,Fog
2025-01-30 05:00:00,2025-01-30,5,12.0,76,11.8,0.5,0.0,Fog
2025-01-30 06:00:00,2025-01-30,6,16.9,79,4.7,0.5,0.0,Fog
2025-01-30 07:00:00,2025-01-30,7,16.1,78,10.2,0.9,0.0,Fog
2025-01-30 08:00:00,2025-01-30,8,18.8,82,2.6,0.6,0.0,Fog
2025-01-30 09:00:00,2025-01-30,9,17.1,80,9.1,10.0,0.0,Partly Cloudy
2025-01-30 10:00:00,2025-01-30,10,17.8,81,18.4,10.0,0.0,Sunny
2025-01-30 11:00:00,2025-01-30,11,21.2,80,20.7,10.0,0.0,Sunny
2025-01-30 12:00:00,2025-01-30,12,23.4,81,20.6,10.0,0.0,Hazy
2025-01-30 13:00:00,2025-01-30,13,24.0,78,22.2,10.0,0.0,Hazy
2025-01-30 14:00:00,2025-01-30,14,24.7,66,2.3,10.0,0.0,Sunny
2025-01-30 15:00:00,2025-01-30,15,23.3,65,4.7,10.0,0.0,Sunny
2025-01-30 16:00:00,2025-01-30,16,25.6,63,9.1,10.0,0.0,Sunny
2025-01-30 17:00:00,2025-01-30,17,24.3,55,29.0,10.0,0.0,Sunny
2025-01-30 18:00:00,2025-01-30,18,21.0,51,17.5,10.0,0.0,Sunny
2025-01-30 19:00:00,2025-01-30,19,21.9,53,2.0,10.0,0.0,Clear
2025-01-30 20:00:00,2025-01-30,20,20.6,50,23.1,10.0,0.0,Clear
2025-01-30 21:00:00,2025-01-30,21,20.3,47,15.0,10.0,0.0,Clear
2025-01-30 22:00:00,2025-01-30,22,16.7,44,16.2,10.0,0.0,Clear
2025-01-30 23:00:00,2025-01-30,23,16.9,43,15.9,10.0,0.0,Clear
2025-01-31 00:00:00,2025-01-31,0,15.5,53,7.8,10.0,0.0,Clear
2025-01-31 01:00:00,2025-01-31,1,12.4,58,2.0,10.0,0.0,Clear
2025-01-31 02:00:00,2025-01-31,2,13.6,56,21.6,10.0,0.0,Clear
2025-01-31 03:00:00,2025-01-31,3,13.9,69,3.8,10.0,0.0,Clear
2025-01-31 04:00:00,2025-01-31,4,14.1,68,7.4,10.0,0.0,Clear
2025-01-31 05:00:00,2025-01-31,5,13.8,67,12.7,10.0,0.0,Clear
2025-01-31 06:00:00,2025-01-31,6,14.3,80,5.1,10.0,0.0,Clear
2025-01-31 07:00:00,2025-01-31,7,14.1,80,4.8,10.0,0.0,Sunny
2025-01-31 08:00:00,2025-01-31,8,18.8,82,5.0,10.0,0.0,Hazy
2025-01-31 09:00:00,2025-01-31,9,17.3,86,16.6,10.0,0.0,Partly Cloudy
2025-01-31 10:00:00,2025-01-31,10,20.5,88,6.1,10.0,0.0,Sunny
2025-01-31 11:00:00,2025-01-31,11,23.6,83,3.8,10.0,0.0,Sunny
2025-01-31 12:00:00,2025-01-31,12,22.4,76,8.8,10.0,0.0,Sunny
2025-01-31 13:00:00,2025-01-31,13,24.6,67,14.6,10.0,0.0,Hazy
2025-01-31 14:00:00,2025-01-31,14,23.4,72,13.8,10.0,0.0,Partly Cloudy
2025-01-31 15:00:00,2025-01-31,15,25.1,65,2.0,10.0,0.0,Sunny
2025-01-31 16:00:00,2025-01-31,16,24.1,57,17.9,10.0,0.0,Sunny
2025-01-31 17:00:00,2025-01-31,17,23.7,54,3.2,10.0,0.0,Partly Cloudy
2025-01-31 18:00:00,2025-01-31,18,24.3,58,6.9,10.0,0.0,Partly Cloudy
2025-01-31 19:00:00,2025-01-31,19,23.0,53,12.8,10.0,0.0,Clear
2025-01-31 20:00:00,2025-01-31,20,20.0,52,6.1,10.0,0.0,Clear
2025-01-31 21:00:00,2025-01-31,21,19.3,51,36.3,10.0,0.0,Clear
2025-01-31 22:00:00,2025-01-31,22,16.8,49,5.2,10.0,0.0,Clear
2025-01-31 23:00:00,2025-01-31,23,15.3,45,8.1,10.0,0.0,Clear
2025-02-01 00:00:00,2025-02-01,0,15.0,51,22.4,10.0,0.0,Clear
2025-02-01 01:00:00,2025-02-01,1,14.8,57,9.2,10.0,0.0,Clear
2025-02-01 02:00:00,2025-02-01,2,12.4,58,30.6,10.0,0.0,Clear
2025-02-01 03:00:00,2025-02-01,3,17.0,64,11.2,10.0,0.0,Clear
2025-02-01 04:00:00,2025-02-01,4,16.2,70,3.8,10.0,0.0,Clear
2025-02-01 05:00:00,2025-02-01,5,18.3,76,31.0,10.0,0.0,Clear
2025-02-01 06:00:00,2025-02-01,6,17.8,80,13.6,10.0,0.0,Clear
2025-02-01 07:00:00,2025-02-01,7,18.1,77,13.0,10.0,0.0,Sunny
2025-02-01 08:00:00,2025-02-01,8,16.7,75,14.1,10.0,0.0,Sunny
2025-02-01 09:00:00,2025-02-01,9,22.3,87,58.0,10.0,0.0,Sunny
2025-02-01 10:00:00,2025-02-01,10,24.3,82,6.9,10.0,0.0,Sunny
2025-02-01 11:00:00,2025-02-01,11,22.9,77,16.7,10.0,0.0,Sunny
2025-02-01 12:00:00,2025-02-01,12,26.3,68,6.0,10.0,0.0,Partly Cloudy
2025-02-01 13:00:00,2025-02-01,13,26.8,75,9.5,10.0,0.0,Sunny
2025-02-01 14:00:00,2025-02-01,14,27.2,70,9.6,10.0,0.0,Sunny
2025-02-01 15:00:00,2025-02-01,15,28.2,62,15.7,10.0,0.0,Sunny
2025-02-01 16:00:00,2025-02-01,16,27.9,60,4.3,10.0,0.0,Sunny
2025-02-01 17:00:00,2025-02-01,17,25.5,60,17.9,10.0,0.0,Sunny
2025-02-01 18:00:00,2025-02-01,18,26.8,45,2.1,10.0,0.0,Partly Cloudy
2025-02-01 19:00:00,2025-02-01,19,22.5,52,19.1,10.0,0.0,Clear
2025-02-01 20:00:00,2025-02-01,20,23.3,42,2.0,10.0,0.0,Clear
2025-02-01 21:00:00,2025-02-01,21,21.4,40,6.6,10.0,0.0,Clear
2025-02-01 22:00:00,2025-02-01,22,18.4,45,14.1,10.0,0.0,Clear
2025-02-01 23:00:00,2025-02-01,23,19.3,53,15.5,10.0,0.0,Clear
2025-02-02 00:00:00,2025-02-02,0,14.1,47,12.8,10.0,0.0,Clear
2025-02-02 01:00:00,2025-02-02,1,15.7,53,19.6,10.0,0.0,Clear
2025-02-02 02:00:00,2025-02-02,2,15.0,52,9.8,10.0,0.0,Clear
2025-02-02 03:00:00,2025-02-02,3,16.4,65,7.1,10.0,0.0,Clear
2025-02-02 04:00:00,2025-02-02,4,15.5,64,10.7,10.0,0.0,Clear
2025-02-02 05:00:00,2025-02-02,5,12.7,70,5.3,10.0,0.0,Clear
2025-02-02 06:00:00,2025-02-02,6,15.9,79,15.5,10.0,0.0,Clear
2025-02-02 07:00:00,2025-02-02,7,19.7,76,12.2,10.0,0.0,Partly Cloudy
2025-02-02 08:00:00,2025-02-02,8,19.1,82,18.9,10.0,0.0,Sunny
2025-02-02 09:00:00,2025-02-02,9,19.7,82,5.4,10.0,0.0,Partly Cloudy
2025-02-02 10:00:00,2025-02-02,10,22.6,81,10.2,10.0,0.0,Partly Cloudy
2025-02-02 11:00:00,2025-02-02,11,26.3,74,7.9,10.0,0.0,Sunny
2025-02-02 12:00:00,2025-02-02,12,24.6,76,2.4,10.0,0.0,Partly Cloudy
2025-02-02 13:00:00,2025-02-02,13,25.4,71,5.5,10.0,0.0,Sunny
2025-02-02 14:00:00,2025-02-02,14,27.0,67,10.6,10.0,0.0,Sunny
2025-02-02 15:00:00,2025-02-02,15,26.7,66,4.8,10.0,0.0,Partly Cloudy
2025-02-02 16:00:00,2025-02-02,16,28.2,53,2.0,10.0,0.0,Partly Cloudy
2025-02-02 17:00:00,2025-02-02,17,26.2,51,5.6,10.0,0.0,Sunny
2025-02-02 18:00:00,2025-02-02,18,26.0,50,12.4,10.0,0.0,Sunny
2025-02-02 19:00:00,2025-02-02,19,26.2,54,10.6,10.0,0.0,Clear
2025-02-02 20:00:00,2025-02-02,20,21.5,38,50.1,10.0,0.0,Clear
2025-02-02 21:00:00,2025-02-02,21,22.2,46,11.4,10.0,0.0,Clear
2025-02-02 22:00:00,2025-02-02,22,20.4,45,5.1,10.0,0.0,Clear
2025-02-02 23:00:00,2025-02-02,23,16.3,50,17.0,10.0,0.0,Clear
2025-02-03 00:00:00,2025-02-03,0,18.1,47,16.1,10.0,0.0,Clear
2025-02-03 01:00:00,2025-02-03,1,13.9,53,10.4,10.0,0.0,Clear
2025-02-03 02:00:00,2025-02-03,2,13.0,55,2.0,10.0,0.0,Clear
2025-02-03 03:00:00,2025-02-03,3,13.5,61,10.7,10.0,0.0,Clear
2025-02-03 04:00:00,2025-02-03,4,13.8,70,15.5,10.0,0.0,Clear
2025-02-03 05:00:00,2025-02-03,5,15.0,74,19.0,10.0,0.0,Clear
2025-02-03 06:00:00,2025-02-03,6,15.1,75,8.8,10.0,0.0,Clear
2025-02-03 07:00:00,2025-02-03,7,18.4,82,11.2,10.0,0.0,Sunny
2025-02-03 08:00:00,2025-02-03,8,19.2,90,2.5,10.0,0.0,Sunny
2025-02-03 09:00:00,2025-02-03,9,21.2,78,21.0,10.0,0.0,Sunny
2025-02-03 10:00:00,2025-02-03,10,23.5,82,8.9,10.0,0.0,Partly Cloudy
2025-02-03 11:00:00,2025-02-03,11,26.1,79,9.8,10.0,0.0,Sunny
2025-02-03 12:00:00,2025-02-03,12,25.1,80,23.3,10.0,0.0,Sunny
2025-02-03 13:00:00,2025-02-03,13,25.9,70,8.8,10.0,0.0,Sunny
2025-02-03 14:00:00,2025-02-03,14,28.2,72,11.7,10.0,0.0,Hazy
2025-02-03 15:00:00,2025-02-03,15,29.0,63,6.2,10.0,0.0,Partly Cloudy
2025-02-03 16:00:00,2025-02-03,16,27.4,57,19.9,10.0,0.0,Sunny
2025-02-03 17:00:00,2025-02-03,17,26.7,55,22.6,10.0,0.0,Sunny
2025-02-03 18:00:00,2025-02-03,18,25.3,51,2.7,10.0,0.0,Hazy
2025-02-03 19:00:00,2025-02-03,19,23.5,44,15.0,10.0,0.0,Clear
2025-02-03 20:00:00,2025-02-03,20,22.2,46,4.2,10.0,0.0,Clear
2025-02-03 21:00:00,2025-02-03,21,20.9,50,21.5,10.0,0.0,Clear
2025-02-03 22:00:00,2025-02-03,22,20.1,41,11.4,10.0,0.0,Clear
2025-02-03 23:00:00,2025-02-03,23,18.8,49,13.5,10.0,0.0,Clear
2025-02-04 00:00:00,2025-02-04,0,15.3,54,20.0,10.0,0.0,Clear
2025-02-04 01:00:00,2025-02-04,1,15.4,54,4.2,10.0,0.0,Clear
2025-02-04 02:00:00,2025-02-04,2,13.9,57,9.7,10.0,0.0,Clear
2025-02-04 03:00:00,2025-02-04,3,14.2,63,3.6,10.0,0.0,Clear
2025-02-04 04:00:00,2025-02-04,4,14.9,64,18.2,10.0,0.0,Clear
2025-02-04 05:00:00,2025-02-04,5,16.5,71,3.3,10.0,0.0,Clear
2025-02-04 06:00:00,2025-02-04,6,16.2,83,7.7,10.0,0.0,Clear
2025-02-04 07:00:00,2025-02-04,7,18.3,78,6.5,10.0,0.0,Sunny
2025-02-04 08:00:00,2025-02-04,8,18.0,80,23.6,10.0,0.0,Sunny
2025-02-04 09:00:00,2025-02-04,9,19.6,77,27.1,10.0,0.0,Sunny
2025-02-04 10:00:00,2025-02-04,10,22.4,82,15.7,10.0,0.0,Partly Cloudy
2025-02-04 11:00:00,2025-02-04,11,28.3,74,12.5,10.0,0.0,Sunny
2025-02-04 12:00:00,2025-02-04,12,24.7,75,3.2,10.0,0.0,Partly Cloudy
2025-02-04 13:00:00,2025-02-04,13,26.8,61,8.8,10.0,0.0,Sunny
2025-02-04 14:00:00,2025-02-04,14,27.8,68,17.6,10.0,0.0,Sunny
2025-02-04 15:00:00,2025-02-04,15,27.5,64,8.7,10.0,0.0,Sunny
2025-02-04 16:00:00,2025-02-04,16,26.6,55,13.0,10.0,0.0,Sunny
2025-02-04 17:00:00,2025-02-04,17,27.3,52,2.0,10.0,0.0,Partly Cloudy
2025-02-04 18:00:00,2025-02-04,18,24.5,48,4.7,10.0,0.0,Sunny
2025-02-04 19:00:00,2025-02-04,19,24.7,50,16.0,10.0,0.0,Clear
2025-02-04 20:00:00,2025-02-04,20,22.0,43,3.0,10.0,0.0,Clear
2025-02-04 21:00:00,2025-02-04,21,22.2,51,5.0,10.0,0.0,Clear
2025-02-04 22:00:00,2025-02-04,22,17.2,51,2.0,10.0,0.0,Clear
2025-02-04 23:00:00,2025-02-04,23,17.6,48,10.1,10.0,0.0,Clear
2025-02-05 00:00:00,2025-02-05,0,15.1,56,5.0,10.0,0.0,Clear
2025-02-05 01:00:00,2025-02-05,1,16.4,60,25.5,10.0,0.0,Clear
2025-02-05 02:00:00,2025-02-05,2,15.7,60,13.9,10.0,0.0,Clear
2025-02-05 03:00:00,2025-02-05,3,11.3,59,13.9,10.0,0.0,Clear
2025-02-05 04:00:00,2025-02-05,4,13.2,69,3.9,10.0,0.0,Clear
2025-02-05 05:00:00,2025-02-05,5,16.5,73,11.1,10.0,0.0,Clear
2025-02-05 06:00:00,2025-02-05,6,16.2,74,2.7,10.0,0.0,Clear
2025-02-05 07:00:00,2025-02-05,7,18.5,87,5.1,10.0,0.0,Sunny
2025-02-05 08:00:00,2025-02-05,8,19.3,83,30.7,10.0,0.0,Sunny
2025-02-05 09:00:00,2025-02-05,9,21.2,76,3.8,10.0,0.0,Sunny
2025-02-05 10:00:00,2025-02-05,10,23.9,82,8.1,10.0,0.0,Sunny
2025-02-05 11:00:00,2025-02-05,11,22.8,79,6.9,10.0,0.0,Sunny
2025-02-05 12:00:00,2025-02-05,12,25.1,78,21.3,10.0,0.0,Sunny
2025-02-05 13:00:00,2025-02-05,13,25.4,71,3.3,10.0,0.0,Sunny
2025-02-05 14:00:00,2025-02-05,14,27.6,63,11.4,10.0,0.0,Partly Cloudy
2025-02-05 15:00:00,2025-02-05,15,25.9,67,2.0,10.0,0.0,Sunny
2025-02-05 16:00:00,2025-02-05,16,28.4,66,12.6,10.0,0.0,Sunny
2025-02-05 17:00:00,2025-02-05,17,26.0,52,20.0,10.0,0.0,Sunny
2025-02-05 18:00:00,2025-02-05,18,26.2,50,8.9,10.0,0.0,Sunny
2025-02-05 19:00:00,2025-02-05,19,23.4,52,10.8,10.0,0.0,Clear
2025-02-05 20:00:00,2025-02-05,20,23.7,44,11.9,10.0,0.0,Clear
2025-02-05 21:00:00,2025-02-05,21,22.4,48,4.5,10.0,0.0,Clear
2025-02-05 22:00:00,2025-02-05,22,20.2,45,7.7,10.0,0.0,Clear
2025-02-05 23:00:00,2025-02-05,23,16.7,44,4.2,10.0,0.0,Clear
2025-02-06 00:00:00,2025-02-06,0,18.2,48,12.4,10.0,0.0,Clear
2025-02-06 01:00:00,2025-02-06,1,16.2,54,4.0,10.0,0.0,Clear
2025-02-06 02:00:00,2025-02-06,2,14.0,58,7.7,10.0,0.0,Clear
2025-02-06 03:00:00,2025-02-06,3,14.8,58,3.4,0.9,0.0,Fog
2025-02-06 04:00:00,2025-02-06,4,16.6,68,7.1,0.9,0.0,Fog
2025-02-06 05:00:00,2025-02-06,5,14.3,63,3.9,0.4,0.0,Fog
2025-02-06 06:00:00,2025-02-06,6,15.3,78,2.9,0.5,0.0,Fog
2025-02-06 07:00:00,2025-02-06,7,17.6,82,11.1,0.8,0.0,Fog
2025-02-06 08:00:00,2025-02-06,8,17.6,77,15.7,1.2,0.0,Fog
2025-02-06 09:00:00,2025-02-06,9,21.1,81,23.6,10.0,0.0,Sunny
2025-02-06 10:00:00,2025-02-06,10,23.6,79,4.5,10.0,0.0,Sunny
2025-02-06 11:00:00,2025-02-06,11,24.5,77,6.9,10.0,0.0,Partly Cloudy
2025-02-06 12:00:00,2025-02-06,12,24.7,75,14.8,10.0,0.0,Sunny
2025-02-06 13:00:00,2025-02-06,13,27.7,71,8.8,10.0,0.0,Sunny
2025-02-06 14:00:00,2025-02-06,14,27.1,66,17.3,10.0,0.0,Hazy
2025-02-06 15:00:00,2025-02-06,15,26.6,64,11.1,10.0,0.0,Partly Cloudy
2025-02-06 16:00:00,2025-02-06,16,27.6,64,5.4,10.0,0.0,Sunny
2025-02-06 17:00:00,2025-02-06,17,28.1,56,6.7,10.0,0.0,Partly Cloudy
2025-02-06 18:00:00,2025-02-06,18,24.9,50,9.0,10.0,0.0,Sunny
2025-02-06 19:00:00,2025-02-06,19,26.2,52,5.4,10.0,0.0,Clear
2025-02-06 20:00:00,2025-02-06,20,22.8,50,4.7,10.0,0.0,Clear
2025-02-06 21:00:00,2025-02-06,21,21.2,49,14.6,10.0,0.0,Clear
2025-02-06 22:00:00,2025-02-06,22,19.5,47,12.1,10.0,0.0,Clear
2025-02-06 23:00:00,2025-02-06,23,17.1,49,2.0,10.0,0.0,Clear
2025-02-07 00:00:00,2025-02-07,0,14.9,53,24.9,10.0,0.0,Clear
2025-02-07 01:00:00,2025-02-07,1,17.7,59,4.7,10.0,0.0,Clear
2025-02-07 02:00:00,2025-02-07,2,13.3,56,15.6,10.0,0.0,Clear
2025-02-07 03:00:00,2025-02-07,3,16.0,62,9.1,10.0,0.0,Clear
2025-02-07 04:00:00,2025-02-07,4,16.8,71,13.6,10.0,0.0,Clear
2025-02-07 05:00:00,2025-02-07,5,14.5,72,11.7,10.0,0.0,Clear
2025-02-07 06:00:00,2025-02-07,6,17.1,76,5.4,10.0,0.0,Clear
2025-02-07 07:00:00,2025-02-07,7,18.6,82,4.8,10.0,0.0,Sunny
2025-02-07 08:00:00,2025-02-07,8,20.1,77,3.0,10.0,0.0,Sunny
2025-02-07 09:00:00,2025-02-07,9,20.2,85,12.5,10.0,0.0,Partly Cloudy
2025-02-07 10:00:00,2025-02-07,10,22.2,77,17.1,10.0,0.0,Partly Cloudy
2025-02-07 11:00:00,2025-02-07,11,25.2,77,5.5,10.0,0.0,Partly Cloudy
2025-02-07 12:00:00,2025-02-07,12,23.6,69,11.7,10.0,0.0,Sunny
2025-02-07 13:00:00,2025-02-07,13,24.2,70,2.9,10.0,0.0,Sunny
2025-02-07 14:00:00,2025-02-07,14,27.4,70,12.9,10.0,0.0,Hazy
2025-02-07 15:00:00,2025-02-07,15,27.3,64,2.9,10.0,0.0,Sunny
2025-02-07 16:00:00,2025-02-07,16,27.5,57,21.2,10.0,0.0,Sunny
2025-02-07 17:00:00,2025-02-07,17,25.8,56,12.7,10.0,0.0,Partly Cloudy
2025-02-07 18:00:00,2025-02-07,18,26.5,52,8.4,10.0,0.0,Partly Cloudy
2025-02-07 19:00:00,2025-02-07,19,25.3,43,10.5,10.0,0.0,Clear
2025-02-07 20:00:00,2025-02-07,20,22.9,50,12.2,10.0,0.0,Clear
2025-02-07 21:00:00,2025-02-07,21,19.4,47,2.0,10.0,0.0,Clear
2025-02-07 22:00:00,2025-02-07,22,20.6,40,12.0,10.0,0.0,Clear
2025-02-07 23:00:00,2025-02-07,23,15.6,54,5.0,10.0,0.0,Clear
2025-02-08 00:00:00,2025-02-08,0,14.9,49,11.9,10.0,0.0,Clear
2025-02-08 01:00:00,2025-02-08,1,16.3,50,17.8,10.0,0.0,Clear
2025-02-08 02:00:00,2025-02-08,2,13.4,53,6.9,10.0,0.0,Clear
2025-02-08 03:00:00,2025-02-08,3,13.6,57,15.9,10.0,0.0,Clear
2025-02-08 04:00:00,2025-02-08,4,14.9,66,20.6,10.0,0.0,Clear
2025-02-08 05:00:00,2025-02-08,5,16.5,69,11.5,10.0,0.0,Clear
2025-02-08 06:00:00,2025-02-08,6,17.1,71,9.1,10.0,0.0,Clear
2025-02-08 07:00:00,2025-02-08,7,19.3,77,9.9,10.0,0.0,Sunny
2025-02-08 08:00:00,2025-02-08,8,18.8,86,4.8,10.0,0.0,Partly Cloudy
2025-02-08 09:00:00,2025-02-08,9,20.0,78,23.1,10.0,0.0,Partly Cloudy
2025-02-08 10:00:00,2025-02-08,10,21.1,79,12.6,10.0,0.0,Sunny
2025-02-08 11:00:00,2025-02-08,11,24.4,81,12.9,10.0,0.0,Sunny
2025-02-08 12:00:00,2025-02-08,12,25.9,83,21.8,10.0,0.0,Sunny
2025-02-08 13:00:00,2025-02-08,13,29.6,73,6.7,10.0,0.0,Hazy
2025-02-08 14:00:00,2025-02-08,14,28.0,69,3.0,10.0,0.0,Sunny
2025-02-08 15:00:00,2025-02-08,15,25.4,66,8.7,10.0,0.0,Sunny
2025-02-08 16:00:00,2025-02-08,16,28.7,60,28.4,10.0,0.0,Sunny
2025-02-08 17:00:00,2025-02-08,17,25.6,47,22.8,10.0,0.0,Sunny
2025-02-08 18:00:00,2025-02-08,18,24.0,47,2.7,10.0,0.0,Sunny
2025-02-08 19:00:00,2025-02-08,19,25.5,50,5.4,10.0,0.0,Clear
2025-02-08 20:00:00,2025-02-08,20,23.7,43,19.0,10.0,0.0,Clear
2025-02-08 21:00:00,2025-02-08,21,22.3,40,11.9,10.0,0.0,Clear
2025-02-08 22:00:00,2025-02-08,22,18.6,45,10.8,10.0,0.0,Clear
2025-02-08 23:00:00,2025-02-08,23,20.4,50,7.8,10.0,0.0,Clear
2025-02-09 00:00:00,2025-02-09,0,17.5,52,5.6,10.0,0.0,Clear
2025-02-09 01:00:00,2025-02-09,1,14.2,54,6.8,10.0,0.0,Clear
2025-02-09 02:00:00,2025-02-09,2,17.4,51,2.6,10.0,0.0,Clear
2025-02-09 03:00:00,2025-02-09,3,15.2,64,14.0,10.0,0.0,Clear
2025-02-09 04:00:00,2025-02-09,4,14.7,62,6.2,10.0,0.0,Clear
2025-02-09 05:00:00,2025-02-09,5,14.7,74,13.4,10.0,0.0,Clear
2025-02-09 06:00:00,2025-02-09,6,12.5,77,2.3,10.0,0.0,Clear
2025-02-09 07:00:00,2025-02-09,7,18.7,76,9.4,10.0,0.0,Partly Cloudy
2025-02-09 08:00:00,2025-02-09,8,18.6,75,17.9,10.0,0.0,Sunny
2025-02-09 09:00:00,2025-02-09,9,20.7,86,12.4,10.0,0.0,Partly Cloudy
2025-02-09 10:00:00,2025-02-09,10,22.6,82,7.1,10.0,0.0,Partly Cloudy
2025-02-09 11:00:00,2025-02-09,11,23.2,75,3.6,10.0,0.0,Sunny
2025-02-09 12:00:00,2025-02-09,12,26.2,82,11.1,10.0,0.0,Sunny
2025-02-09 13:00:00,2025-02-09,13,25.6,72,19.4,10.0,0.0,Hazy
2025-02-09 14:00:00,2025-02-09,14,25.4,65,25.3,10.0,0.0,Hazy
2025-02-09 15:00:00,2025-02-09,15,27.6,67,13.4,10.0,0.0,Partly Cloudy
2025-02-09 16:00:00,2025-02-09,16,26.6,62,6.0,10.0,0.0,Hazy
2025-02-09 17:00:00,2025-02-09,17,24.3,56,7.9,10.0,0.0,Sunny
2025-02-09 18:00:00,2025-02-09,18,24.1,51,12.0,10.0,0.0,Sunny
2025-02-09 19:00:00,2025-02-09,19,24.5,43,10.9,10.0,0.0,Clear
2025-02-09 20:00:00,2025-02-09,20,22.9,41,2.0,10.0,0.0,Clear
2025-02-09 21:00:00,2025-02-09,21,22.7,43,28.9,10.0,0.0,Clear
2025-02-09 22:00:00,2025-02-09,22,20.7,38,9.3,10.0,0.0,Clear
2025-02-09 23:00:00,2025-02-09,23,18.3,49,9.2,10.0,0.0,Clear
2025-02-10 00:00:00,2025-02-10,0,15.6,50,2.7,10.0,0.0,Clear
2025-02-10 01:00:00,2025-02-10,1,14.7,54,7.0,10.0,0.0,Clear
2025-02-10 02:00:00,2025-02-10,2,15.2,65,15.7,10.0,0.0,Clear
2025-02-10 03:00:00,2025-02-10,3,15.7,58,17.2,10.0,0.0,Clear
2025-02-10 04:00:00,2025-02-10,4,15.4,68,13.4,10.0,0.0,Clear
2025-02-10 05:00:00,2025-02-10,5,14.8,67,4.6,10.0,0.0,Clear
2025-02-10 06:00:00,2025-02-10,6,16.7,81,19.8,10.0,0.0,Clear
2025-02-10 07:00:00,2025-02-10,7,17.4,74,5.2,10.0,0.0,Sunny
2025-02-10 08:00:00,2025-02-10,8,16.8,88,4.9,10.0,0.0,Partly Cloudy
2025-02-10 09:00:00,2025-02-10,9,20.7,77,6.3,10.0,0.0,Sunny
2025-02-10 10:00:00,2025-02-10,10,22.2,82,21.2,10.0,0.0,Sunny
2025-02-10 11:00:00,2025-02-10,11,25.2,81,6.6,10.0,0.0,Sunny
2025-02-10 12:00:00,2025-02-10,12,24.3,79,12.3,10.0,0.0,Sunny
2025-02-10 13:00:00,2025-02-10,13,25.4,68,7.4,10.0,0.0,Partly Cloudy
2025-02-10 14:00:00,2025-02-10,14,28.5,63,25.6,10.0,0.0,Sunny
2025-02-10 15:00:00,2025-02-10,15,26.4,61,11.1,10.0,0.0,Sunny
2025-02-10 16:00:00,2025-02-10,16,26.5,61,6.2,10.0,0.0,Partly Cloudy
2025-02-10 17:00:00,2025-02-10,17,27.2,54,2.1,10.0,0.0,Sunny
2025-02-10 18:00:00,2025-02-10,18,26.5,55,13.4,10.0,0.0,Sunny
2025-02-10 19:00:00,2025-02-10,19,25.9,44,9.4,10.0,0.0,Clear
2025-02-10 20:00:00,2025-02-10,20,22.3,45,6.8,10.0,0.0,Clear
2025-02-10 21:00:00,2025-02-10,21,20.6,45,3.4,10.0,0.0,Clear
2025-02-10 22:00:00,2025-02-10,22,19.1,45,27.7,10.0,0.0,Clear
2025-02-10 23:00:00,2025-02-10,23,17.0,50,15.0,10.0,0.0,Clear
2025-02-11 00:00:00,2025-02-11,0,16.9,55,18.4,10.0,0.0,Clear
2025-02-11 01:00:00,2025-02-11,1,15.0,52,7.7,10.0,0.0,Clear
2025-02-11 02:00:00,2025-02-11,2,13.3,56,8.2,10.0,0.0,Clear
2025-02-11 03:00:00,2025-02-11,3,12.4,64,30.2,10.0,0.0,Clear
2025-02-11 04:00:00,2025-02-11,4,14.6,69,4.0,10.0,0.0,Clear
2025-02-11 05:00:00,2025-02-11,5,16.1,76,25.3,10.0,0.0,Clear
2025-02-11 06:00:00,2025-02-11,6,15.6,76,23.5,10.0,0.0,Clear
2025-02-11 07:00:00,2025-02-11,7,16.2,78,2.7,10.0,0.0,Sunny
2025-02-11 08:00:00,2025-02-11,8,21.2,87,3.4,10.0,0.0,Sunny
2025-02-11 09:00:00,2025-02-11,9,20.6,82,33.2,10.0,0.0,Hazy
2025-02-11 10:00:00,2025-02-11,10,23.8,83,9.2,10.0,0.0,Sunny
2025-02-11 11:00:00,2025-02-11,11,25.5,72,9.4,10.0,0.0,Sunny
2025-02-11 12:00:00,2025-02-11,12,27.4,75,11.6,10.0,0.0,Sunny
2025-02-11 13:00:00,2025-02-11,13,26.6,77,6.6,10.0,0.0,Partly Cloudy
2025-02-11 14:00:00,2025-02-11,14,25.6,68,19.3,10.0,0.0,Hazy
2025-02-11 15:00:00,2025-02-11,15,25.2,63,2.9,10.0,0.0,Sunny
2025-02-11 16:00:00,2025-02-11,16,27.0,51,18.6,10.0,0.0,Sunny
2025-02-11 17:00:00,2025-02-11,17,28.7,53,6.2,10.0,0.0,Sunny
2025-02-11 18:00:00,2025-02-11,18,25.7,55,5.1,10.0,0.0,Partly Cloudy
2025-02-11 19:00:00,2025-02-11,19,25.9,47,6.9,10.0,0.0,Clear
2025-02-11 20:00:00,2025-02-11,20,21.5,48,16.6,10.0,0.0,Clear
2025-02-11 21:00:00,2025-02-11,21,22.7,44,7.2,10.0,0.0,Clear
2025-02-11 22:00:00,2025-02-11,22,20.1,44,2.0,10.0,0.0,Clear
2025-02-11 23:00:00,2025-02-11,23,17.9,48,4.1,10.0,0.0,Clear
2025-02-12 00:00:00,2025-02-12,0,17.5,52,14.0,10.0,0.0,Clear
2025-02-12 01:00:00,2025-02-12,1,14.7,57,4.3,10.0,0.0,Clear
2025-02-12 02:00:00,2025-02-12,2,15.3,61,4.6,10.0,0.0,Clear
2025-02-12 03:00:00,2025-02-12,3,13.5,62,5.2,10.0,0.0,Clear
2025-02-12 04:00:00,2025-02-12,4,14.0,69,17.3,10.0,0.0,Clear
2025-02-12 05:00:00,2025-02-12,5,14.3,67,11.5,10.0,0.0,Clear
2025-02-12 06:00:00,2025-02-12,6,15.3,77,21.1,10.0,0.0,Clear
2025-02-12 07:00:00,2025-02-12,7,15.7,71,7.4,10.0,0.0,Partly Cloudy
2025-02-12 08:00:00,2025-02-12,8,22.0,74,22.1,10.0,0.0,Sunny
2025-02-12 09:00:00,2025-02-12,9,19.6,82,2.0,10.0,0.0,Sunny
2025-02-12 10:00:00,2025-02-12,10,23.9,83,10.3,10.0,0.0,Hazy
2025-02-12 11:00:00,2025-02-12,11,22.2,74,8.1,10.0,0.0,Partly Cloudy
2025-02-12 12:00:00,2025-02-12,12,24.9,78,7.3,10.0,0.0,Sunny
2025-02-12 13:00:00,2025-02-12,13,26.2,71,23.0,10.0,0.0,Sunny
2025-02-12 14:00:00,2025-02-12,14,29.0,72,7.8,10.0,0.0,Partly Cloudy
2025-02-12 15:00:00,2025-02-12,15,27.9,69,14.6,10.0,0.0,Sunny
2025-02-12 16:00:00,2025-02-12,16,26.0,49,24.0,10.0,0.0,Partly Cloudy
2025-02-12 17:00:00,2025-02-12,17,26.3,62,11.0,10.0,0.0,Sunny
2025-02-12 18:00:00,2025-02-12,18,27.0,54,6.0,10.0,0.0,Sunny
2025-02-12 19:00:00,2025-02-12,19,25.5,50,2.1,10.0,0.0,Clear
2025-02-12 20:00:00,2025-02-12,20,21.9,44,8.1,10.0,0.0,Clear
2025-02-12 21:00:00,2025-02-12,21,19.2,47,12.9,10.0,0.0,Clear
2025-02-12 22:00:00,2025-02-12,22,18.5,47,17.8,10.0,0.0,Clear
2025-02-12 23:00:00,2025-02-12,23,18.6,51,14.7,10.0,0.0,Clear
2025-02-13 00:00:00,2025-02-13,0,14.3,52,4.9,10.0,0.0,Clear
2025-02-13 01:00:00,2025-02-13,1,15.2,56,11.7,10.0,0.0,Clear
2025-02-13 02:00:00,2025-02-13,2,13.3,61,6.8,10.0,0.0,Clear
2025-02-13 03:00:00,2025-02-13,3,13.9,55,3.1,10.0,0.0,Clear
2025-02-13 04:00:00,2025-02-13,4,15.3,67,18.0,10.0,0.0,Clear
2025-02-13 05:00:00,2025-02-13,5,15.3,72,3.1,10.0,0.0,Clear
2025-02-13 06:00:00,2025-02-13,6,17.2,74,11.4,10.0,0.0,Clear
2025-02-13 07:00:00,2025-02-13,7,19.2,83,3.6,10.0,0.0,Sunny
2025-02-13 08:00:00,2025-02-13,8,23.8,87,12.3,10.0,0.0,Hazy
2025-02-13 09:00:00,2025-02-13,9,22.1,82,10.4,10.0,0.0,Sunny
2025-02-13 10:00:00,2025-02-13,10,23.4,81,5.6,10.0,0.0,Sunny
2025-02-13 11:00:00,2025-02-13,11,23.5,79,9.3,10.0,0.0,Sunny
2025-02-13 12:00:00,2025-02-13,12,26.7,70,2.6,10.0,0.0,Sunny
2025-02-13 13:00:00,2025-02-13,13,28.5,69,33.6,10.0,0.0,Sunny
2025-02-13 14:00:00,2025-02-13,14,26.5,64,4.3,10.0,0.0,Sunny
2025-02-13 15:00:00,2025-02-13,15,26.8,66,15.7,10.0,0.0,Sunny
2025-02-13 16:00:00,2025-02-13,16,26.5,57,29.4,10.0,0.0,Sunny
2025-02-13 17:00:00,2025-02-13,17,25.0,54,10.2,10.0,0.0,Partly Cloudy
2025-02-13 18:00:00,2025-02-13,18,25.6,50,17.1,10.0,0.0,Partly Cloudy
2025-02-13 19:00:00,2025-02-13,19,22.6,46,27.8,10.0,0.0,Clear
2025-02-13 20:00:00,2025-02-13,20,22.6,54,12.7,10.0,0.0,Clear
2025-02-13 21:00:00,2025-02-13,21,21.4,45,7.2,10.0,0.0,Clear
2025-02-13 22:00:00,2025-02-13,22,19.7,51,19.0,10.0,0.0,Clear
2025-02-13 23:00:00,2025-02-13,23,17.2,45,9.9,10.0,0.0,Clear
2025-02-14 00:00:00,2025-02-14,0,14.5,46,2.0,10.0,0.0,Clear
2025-02-14 01:00:00,2025-02-14,1,16.8,58,4.8,10.0,0.0,Clear
2025-02-14 02:00:00,2025-02-14,2,12.6,59,8.7,10.0,0.0,Clear
2025-02-14 03:00:00,2025-02-14,3,14.6,66,21.2,10.0,0.0,Clear
2025-02-14 04:00:00,2025-02-14,4,16.5,75,12.2,10.0,0.0,Clear
2025-02-14 05:00:00,2025-02-14,5,15.5,73,6.3,10.0,0.0,Clear
2025-02-14 06:00:00,2025-02-14,6,17.9,77,12.7,10.0,0.0,Clear
2025-02-14 07:00:00,2025-02-14,7,18.4,77,2.0,10.0,0.0,Sunny
2025-02-14 08:00:00,2025-02-14,8,17.6,81,3.3,10.0,0.0,Hazy
2025-02-14 09:00:00,2025-02-14,9,22.6,82,28.8,10.0,0.0,Sunny
2025-02-14 10:00:00,2025-02-14,10,22.0,82,2.0,10.0,0.0,Sunny
2025-02-14 11:00:00,2025-02-14,11,23.7,80,29.3,10.0,0.0,Partly Cloudy
2025-02-14 12:00:00,2025-02-14,12,26.4,70,34.9,10.0,0.0,Sunny
2025-02-14 13:00:00,2025-02-14,13,25.5,78,9.8,10.0,0.0,Sunny
2025-02-14 14:00:00,2025-02-14,14,28.4,68,17.1,10.0,0.0,Partly Cloudy
2025-02-14 15:00:00,2025-02-14,15,28.0,69,4.7,10.0,0.0,Partly Cloudy
2025-02-14 16:00:00,2025-02-14,16,29.3,55,6.9,10.0,0.0,Sunny
2025-02-14 17:00:00,2025-02-14,17,28.0,52,31.2,10.0,0.0,Sunny
2025-02-14 18:00:00,2025-02-14,18,25.4,49,24.5,10.0,0.0,Sunny
2025-02-14 19:00:00,2025-02-14,19,23.8,46,23.1,10.0,0.0,Clear
2025-02-14 20:00:00,2025-02-14,20,21.8,47,17.8,10.0,0.0,Clear
2025-02-14 21:00:00,2025-02-14,21,20.7,49,2.6,10.0,0.0,Clear
2025-02-14 22:00:00,2025-02-14,22,18.2,51,6.9,10.0,0.0,Clear
2025-02-14 23:00:00,2025-02-14,23,17.4,46,7.5,10.0,0.0,Clear
2025-02-15 00:00:00,2025-02-15,0,14.9,48,22.0,10.0,0.0,Clear
2025-02-15 01:00:00,2025-02-15,1,14.2,57,9.5,10.0,0.0,Clear
2025-02-15 02:00:00,2025-02-15,2,16.4,54,16.3,10.0,0.0,Clear
2025-02-15 03:00:00,2025-02-15,3,12.9,66,4.4,10.0,0.0,Clear
2025-02-15 04:00:00,2025-02-15,4,13.0,67,3.7,10.0,0.0,Clear
2025-02-15 05:00:00,2025-02-15,5,14.5,70,9.4,10.0,0.0,Clear
2025-02-15 06:00:00,2025-02-15,6,18.0,64,5.8,10.0,0.0,Clear
2025-02-15 07:00:00,2025-02-15,7,16.6,80,16.4,10.0,0.0,Partly Cloudy
2025-02-15 08:00:00,2025-02-15,8,18.9,85,17.7,10.0,0.0,Sunny
2025-02-15 09:00:00,2025-02-15,9,21.3,76,5.7,10.0,0.0,Sunny
2025-02-15 10:00:00,2025-02-15,10,23.3,82,5.9,10.0,0.0,Sunny
2025-02-15 11:00:00,2025-02-15,11,24.1,81,9.4,10.0,0.0,Sunny
2025-02-15 12:00:00,2025-02-15,12,26.1,74,25.7,10.0,0.0,Partly Cloudy
2025-02-15 13:00:00,2025-02-15,13,27.8,74,14.2,10.0,0.0,Sunny
2025-02-15 14:00:00,2025-02-15,14,25.7,71,10.9,10.0,0.0,Partly Cloudy
2025-02-15 15:00:00,2025-02-15,15,26.7,64,6.6,10.0,0.0,Sunny
2025-02-15 16:00:00,2025-02-15,16,26.3,61,8.5,10.0,0.0,Sunny
2025-02-15 17:00:00,2025-02-15,17,26.2,53,16.7,10.0,0.0,Partly Cloudy
2025-02-15 18:00:00,2025-02-15,18,27.1,54,18.2,10.0,0.0,Partly Cloudy
2025-02-15 19:00:00,2025-02-15,19,25.4,41,2.5,10.0,0.0,Clear
2025-02-15 20:00:00,2025-02-15,20,22.6,49,3.5,10.0,0.0,Clear
2025-02-15 21:00:00,2025-02-15,21,22.0,50,16.3,10.0,0.0,Clear
2025-02-15 22:00:00,2025-02-15,22,21.9,43,25.8,10.0,0.0,Clear
2025-02-15 23:00:00,2025-02-15,23,16.3,44,8.4,10.0,0.0,Clear
2025-02-16 00:00:00,2025-02-16,0,15.6,57,12.9,10.0,0.0,Clear
2025-02-16 01:00:00,2025-02-16,1,15.0,56,2.0,10.0,0.0,Clear
2025-02-16 02:00:00,2025-02-16,2,15.2,52,21.2,10.0,0.0,Clear
2025-02-16 03:00:00,2025-02-16,3,15.1,62,10.7,0.5,0.0,Fog
2025-02-16 04:00:00,2025-02-16,4,13.4,61,19.0,0.3,0.0,Fog
2025-02-16 05:00:00,2025-02-16,5,15.6,71,8.4,1.0,0.0,Fog
2025-02-16 06:00:00,2025-02-16,6,17.4,76,23.0,0.5,0.0,Fog
2025-02-16 07:00:00,2025-02-16,7,16.3,81,27.6,1.0,0.0,Fog
2025-02-16 08:00:00,2025-02-16,8,19.5,81,8.4,1.2,0.0,Fog
2025-02-16 09:00:00,2025-02-16,9,20.3,87,19.7,10.0,0.0,Sunny
2025-02-16 10:00:00,2025-02-16,10,21.0,81,24.0,10.0,0.0,Sunny
2025-02-16 11:00:00,2025-02-16,11,25.4,71,11.4,10.0,0.0,Partly Cloudy
2025-02-16 12:00:00,2025-02-16,12,26.2,78,10.6,10.0,0.0,Sunny
2025-02-16 13:00:00,2025-02-16,13,25.6,72,35.9,10.0,0.0,Sunny
2025-02-16 14:00:00,2025-02-16,14,28.4,67,12.7,10.0,0.0,Sunny
2025-02-16 15:00:00,2025-02-16,15,30.0,67,10.1,10.0,0.0,Partly Cloudy
2025-02-16 16:00:00,2025-02-16,16,27.4,62,4.8,10.0,0.0,Sunny
2025-02-16 17:00:00,2025-02-16,17,25.0,51,10.4,10.0,0.0,Sunny
2025-02-16 18:00:00,2025-02-16,18,25.2,51,14.7,10.0,0.0,Sunny
2025-02-16 19:00:00,2025-02-16,19,21.9,53,15.9,10.0,0.0,Clear
2025-02-16 20:00:00,2025-02-16,20,22.5,46,5.3,10.0,0.0,Clear
2025-02-16 21:00:00,2025-02-16,21,20.5,40,9.2,10.0,0.0,Clear
2025-02-16 22:00:00,2025-02-16,22,20.3,47,12.1,10.0,0.0,Clear
2025-02-16 23:00:00,2025-02-16,23,17.0,46,2.6,10.0,0.0,Clear
2025-02-17 00:00:00,2025-02-17,0,17.5,50,15.7,10.0,0.0,Clear
2025-02-17 01:00:00,2025-02-17,1,14.4,50,14.4,10.0,0.0,Clear
2025-02-17 02:00:00,2025-02-17,2,14.6,60,12.2,10.0,0.0,Clear
2025-02-17 03:00:00,2025-02-17,3,12.8,61,11.2,10.0,0.0,Clear
2025-02-17 04:00:00,2025-02-17,4,13.4,71,5.5,10.0,0.0,Clear
2025-02-17 05:00:00,2025-02-17,5,16.3,77,17.2,10.0,0.0,Clear
2025-02-17 06:00:00,2025-02-17,6,17.7,76,8.3,10.0,0.0,Clear
2025-02-17 07:00:00,2025-02-17,7,17.0,75,7.0,10.0,0.0,Sunny
2025-02-17 08:00:00,2025-02-17,8,19.9,77,4.2,10.0,0.0,Sunny
2025-02-17 09:00:00,2025-02-17,9,21.9,82,8.5,10.0,0.0,Hazy
2025-02-17 10:00:00,2025-02-17,10,21.4,82,17.9,10.0,0.0,Sunny
2025-02-17 11:00:00,2025-02-17,11,24.8,76,7.1,10.0,0.0,Partly Cloudy
2025-02-17 12:00:00,2025-02-17,12,25.6,75,10.1,10.0,0.0,Sunny
2025-02-17 13:00:00,2025-02-17,13,27.1,74,2.0,10.0,0.0,Sunny
2025-02-17 14:00:00,2025-02-17,14,27.1,72,3.9,10.0,0.0,Sunny
2025-02-17 15:00:00,2025-02-17,15,24.9,63,2.4,10.0,0.0,Hazy
2025-02-17 16:00:00,2025-02-17,16,27.5,61,9.7,10.0,0.0,Sunny
2025-02-17 17:00:00,2025-02-17,17,26.4,54,11.6,10.0,0.0,Partly Cloudy
2025-02-17 18:00:00,2025-02-17,18,25.2,52,5.2,10.0,0.0,Sunny
2025-02-17 19:00:00,2025-02-17,19,22.3,45,11.7,10.0,0.0,Clear
2025-02-17 20:00:00,2025-02-17,20,23.9,47,12.4,10.0,0.0,Clear
2025-02-17 21:00:00,2025-02-17,21,21.0,50,9.7,10.0,0.0,Clear
2025-02-17 22:00:00,2025-02-17,22,16.9,47,4.2,10.0,0.0,Clear
2025-02-17 23:00:00,2025-02-17,23,19.4,49,21.7,10.0,0.0,Clear
2025-02-18 00:00:00,2025-02-18,0,16.9,47,28.5,10.0,0.0,Clear
2025-02-18 01:00:00,2025-02-18,1,16.5,55,18.5,10.0,0.0,Clear
2025-02-18 02:00:00,2025-02-18,2,14.4,50,3.5,10.0,0.0,Clear
2025-02-18 03:00:00,2025-02-18,3,14.5,66,2.4,10.0,0.0,Clear
2025-02-18 04:00:00,2025-02-18,4,16.0,73,29.3,10.0,0.0,Clear
2025-02-18 05:00:00,2025-02-18,5,15.9,70,9.7,10.0,0.0,Clear
2025-02-18 06:00:00,2025-02-18,6,16.2,75,44.4,10.0,0.0,Clear
2025-02-18 07:00:00,2025-02-18,7,17.0,82,4.5,10.0,0.0,Sunny
2025-02-18 08:00:00,2025-02-18,8,16.2,77,9.3,10.0,0.0,Sunny
2025-02-18 09:00:00,2025-02-18,9,22.1,83,34.6,10.0,0.0,Sunny
2025-02-18 10:00:00,2025-02-18,10,23.8,77,19.1,10.0,0.0,Sunny
2025-02-18 11:00:00,2025-02-18,11,25.1,81,20.5,10.0,0.0,Sunny
2025-02-18 12:00:00,2025-02-18,12,27.0,75,4.0,10.0,0.0,Partly Cloudy
2025-02-18 13:00:00,2025-02-18,13,25.5,61,19.6,10.0,0.0,Partly Cloudy
2025-02-18 14:00:00,2025-02-18,14,26.9,63,24.4,10.0,0.0,Sunny
2025-02-18 15:00:00,2025-02-18,15,26.9,63,3.3,10.0,0.0,Sunny
2025-02-18 16:00:00,2025-02-18,16,24.9,66,2.9,10.0,0.0,Sunny
2025-02-18 17:00:00,2025-02-18,17,25.9,53,22.0,10.0,0.0,Sunny
2025-02-18 18:00:00,2025-02-18,18,25.8,47,10.0,10.0,0.0,Sunny
2025-02-18 19:00:00,2025-02-18,19,25.5,49,18.4,10.0,0.0,Clear
2025-02-18 20:00:00,2025-02-18,20,23.3,33,13.7,10.0,0.0,Clear
2025-02-18 21:00:00,2025-02-18,21,20.2,50,2.1,10.0,0.0,Clear
2025-02-18 22:00:00,2025-02-18,22,20.5,48,12.7,10.0,0.0,Clear
2025-02-18 23:00:00,2025-02-18,23,18.1,45,5.2,10.0,0.0,Clear
2025-02-19 00:00:00,2025-02-19,0,14.4,53,2.5,10.0,0.0,Clear
2025-02-19 01:00:00,2025-02-19,1,15.6,55,4.4,10.0,0.0,Clear
2025-02-19 02:00:00,2025-02-19,2,15.7,58,24.1,10.0,0.0,Clear
2025-02-19 03:00:00,2025-02-19,3,15.2,65,4.4,0.7,0.0,Fog
2025-02-19 04:00:00,2025-02-19,4,13.3,67,4.4,0.5,0.0,Fog
2025-02-19 05:00:00,2025-02-19,5,14.3,73,16.1,1.1,0.0,Fog
2025-02-19 06:00:00,2025-02-19,6,18.9,78,9.9,1.0,0.0,Fog
2025-02-19 07:00:00,2025-02-19,7,16.7,77,9.8,1.1,0.0,Fog
2025-02-19 08:00:00,2025-02-19,8,19.4,80,10.6,1.2,0.0,Fog
2025-02-19 09:00:00,2025-02-19,9,18.0,76,2.0,10.0,0.0,Partly Cloudy
2025-02-19 10:00:00,2025-02-19,10,24.3,75,8.5,10.0,0.0,Sunny
2025-02-19 11:00:00,2025-02-19,11,25.2,72,16.4,10.0,0.0,Sunny
2025-02-19 12:00:00,2025-02-19,12,27.7,77,6.8,10.0,0.0,Sunny
2025-02-19 13:00:00,2025-02-19,13,25.4,71,9.0,10.0,0.0,Sunny
2025-02-19 14:00:00,2025-02-19,14,28.8,63,10.7,10.0,0.0,Sunny
2025-02-19 15:00:00,2025-02-19,15,26.3,61,23.1,10.0,0.0,Sunny
2025-02-19 16:00:00,2025-02-19,16,29.2,54,2.6,10.0,0.0,Partly Cloudy
2025-02-19 17:00:00,2025-02-19,17,23.8,55,2.0,10.0,0.0,Sunny
2025-02-19 18:00:00,2025-02-19,18,26.9,54,8.3,10.0,0.0,Sunny
2025-02-19 19:00:00,2025-02-19,19,24.3,53,8.1,10.0,0.0,Clear
2025-02-19 20:00:00,2025-02-19,20,23.5,45,6.8,10.0,0.0,Clear
2025-02-19 21:00:00,2025-02-19,21,21.7,44,17.0,10.0,0.0,Clear
2025-02-19 22:00:00,2025-02-19,22,19.9,38,16.4,10.0,0.0,Clear
2025-02-19 23:00:00,2025-02-19,23,20.7,42,20.9,10.0,0.0,Clear
2025-02-20 00:00:00,2025-02-20,0,18.7,56,3.3,10.0,0.0,Clear
2025-02-20 01:00:00,2025-02-20,1,16.1,55,8.9,10.0,0.0,Clear
2025-02-20 02:00:00,2025-02-20,2,15.0,63,14.5,10.0,0.0,Clear
2025-02-20 03:00:00,2025-02-20,3,16.3,55,3.2,10.0,0.0,Clear
2025-02-20 04:00:00,2025-02-20,4,16.6,67,2.0,10.0,0.0,Clear
2025-02-20 05:00:00,2025-02-20,5,15.6,65,11.5,10.0,0.0,Clear
2025-02-20 06:00:00,2025-02-20,6,16.5,67,15.8,10.0,0.0,Clear
2025-02-20 07:00:00,2025-02-20,7,16.7,75,15.1,10.0,0.0,Sunny
2025-02-20 08:00:00,2025-02-20,8,19.8,88,5.2,10.0,0.0,Sunny
2025-02-20 09:00:00,2025-02-20,9,21.3,78,7.3,10.0,0.0,Sunny
2025-02-20 10:00:00,2025-02-20,10,21.5,85,9.1,3.8,1.0,Heavy Rain
2025-02-20 11:00:00,2025-02-20,11,24.1,78,8.6,3.8,3.2,Heavy Rain
2025-02-20 12:00:00,2025-02-20,12,24.7,81,15.7,3.8,5.5,Heavy Rain
2025-02-20 13:00:00,2025-02-20,13,25.6,75,6.1,3.8,6.5,Heavy Rain
2025-02-20 14:00:00,2025-02-20,14,24.7,73,12.7,3.8,5.5,Heavy Rain
2025-02-20 15:00:00,2025-02-20,15,24.7,61,6.2,3.8,3.2,Heavy Rain
2025-02-20 16:00:00,2025-02-20,16,25.8,59,27.9,3.8,1.0,Heavy Rain
2025-02-20 17:00:00,2025-02-20,17,27.4,54,3.3,10.0,0.0,Sunny
2025-02-20 18:00:00,2025-02-20,18,26.5,60,2.0,10.0,0.0,Sunny
2025-02-20 19:00:00,2025-02-20,19,23.1,51,2.0,10.0,0.0,Clear
2025-02-20 20:00:00,2025-02-20,20,21.6,45,10.3,10.0,0.0,Clear
2025-02-20 21:00:00,2025-02-20,21,20.4,53,7.5,10.0,0.0,Clear
2025-02-20 22:00:00,2025-02-20,22,20.2,54,9.4,10.0,0.0,Clear
2025-02-20 23:00:00,2025-02-20,23,17.8,45,11.6,10.0,0.0,Clear
2025-02-21 00:00:00,2025-02-21,0,18.3,51,3.9,10.0,0.0,Clear
2025-02-21 01:00:00,2025-02-21,1,14.2,52,5.6,10.0,0.0,Clear
2025-02-21 02:00:00,2025-02-21,2,13.6,52,12.7,10.0,0.0,Clear
2025-02-21 03:00:00,2025-02-21,3,14.3,64,13.9,10.0,0.0,Clear
2025-02-21 04:00:00,2025-02-21,4,14.1,55,15.3,10.0,0.0,Clear
2025-02-21 05:00:00,2025-02-21,5,14.4,72,15.4,10.0,0.0,Clear
2025-02-21 06:00:00,2025-02-21,6,16.5,76,2.8,10.0,0.0,Clear
2025-02-21 07:00:00,2025-02-21,7,17.9,78,30.1,10.0,0.0,Hazy
2025-02-21 08:00:00,2025-02-21,8,17.8,80,12.3,10.0,0.0,Sunny
2025-02-21 09:00:00,2025-02-21,9,20.3,79,5.9,10.0,0.0,Sunny
2025-02-21 10:00:00,2025-02-21,10,23.6,74,19.5,10.0,0.0,Sunny
2025-02-21 11:00:00,2025-02-21,11,23.9,73,7.5,10.0,0.0,Partly Cloudy
2025-02-21 12:00:00,2025-02-21,12,24.6,75,23.2,10.0,0.0,Sunny
2025-02-21 13:00:00,2025-02-21,13,26.2,72,6.0,10.0,0.0,Sunny
2025-02-21 14:00:00,2025-02-21,14,25.8,71,8.5,10.0,0.0,Sunny
2025-02-21 15:00:00,2025-02-21,15,29.6,61,4.0,10.0,0.0,Sunny
2025-02-21 16:00:00,2025-02-21,16,28.3,54,8.5,10.0,0.0,Sunny
2025-02-21 17:00:00,2025-02-21,17,29.6,53,5.0,10.0,0.0,Sunny
2025-02-21 18:00:00,2025-02-21,18,25.7,41,7.1,10.0,0.0,Sunny
2025-02-21 19:00:00,2025-02-21,19,23.8,48,24.6,10.0,0.0,Clear
2025-02-21 20:00:00,2025-02-21,20,21.7,48,9.2,10.0,0.0,Clear
2025-02-21 21:00:00,2025-02-21,21,21.6,50,25.1,10.0,0.0,Clear
2025-02-21 22:00:00,2025-02-21,22,18.8,47,7.5,10.0,0.0,Clear
2025-02-21 23:00:00,2025-02-21,23,16.6,43,31.6,10.0,0.0,Clear
2025-02-22 00:00:00,2025-02-22,0,18.0,48,12.4,10.0,0.0,Clear
2025-02-22 01:00:00,2025-02-22,1,15.4,53,3.3,10.0,0.0,Clear
2025-02-22 02:00:00,2025-02-22,2,15.0,56,7.4,10.0,0.0,Clear
2025-02-22 03:00:00,2025-02-22,3,14.8,58,10.8,10.0,0.0,Clear
2025-02-22 04:00:00,2025-02-22,4,15.2,65,7.9,10.0,0.0,Clear
2025-02-22 05:00:00,2025-02-22,5,13.3,76,5.7,10.0,0.0,Clear
2025-02-22 06:00:00,2025-02-22,6,15.0,77,11.0,10.0,0.0,Clear
2025-02-22 07:00:00,2025-02-22,7,20.0,82,11.7,10.0,0.0,Partly Cloudy
2025-02-22 08:00:00,2025-02-22,8,19.3,77,16.0,10.0,0.0,Sunny
2025-02-22 09:00:00,2025-02-22,9,21.5,86,19.7,10.0,0.0,Sunny
2025-02-22 10:00:00,2025-02-22,10,23.6,82,15.4,10.0,0.0,Sunny
2025-02-22 11:00:00,2025-02-22,11,23.8,80,6.2,10.0,0.0,Hazy
2025-02-22 12:00:00,2025-02-22,12,24.3,75,21.4,10.0,0.0,Partly Cloudy
2025-02-22 13:00:00,2025-02-22,13,25.0,62,5.2,10.0,0.0,Sunny
2025-02-22 14:00:00,2025-02-22,14,26.1,73,17.3,10.0,0.0,Sunny
2025-02-22 15:00:00,2025-02-22,15,26.7,64,9.6,10.0,0.0,Sunny
2025-02-22 16:00:00,2025-02-22,16,26.4,54,4.8,10.0,0.0,Partly Cloudy
2025-02-22 17:00:00,2025-02-22,17,25.1,62,4.1,10.0,0.0,Partly Cloudy
2025-02-22 18:00:00,2025-02-22,18,26.7,50,11.4,10.0,0.0,Sunny
2025-02-22 19:00:00,2025-02-22,19,26.0,46,3.2,10.0,0.0,Clear
2025-02-22 20:00:00,2025-02-22,20,21.6,42,11.1,10.0,0.0,Clear
2025-02-22 21:00:00,2025-02-22,21,18.9,42,13.3,10.0,0.0,Clear
2025-02-22 22:00:00,2025-02-22,22,19.4,39,25.9,10.0,0.0,Clear
2025-02-22 23:00:00,2025-02-22,23,19.6,46,4.5,10.0,0.0,Clear
2025-02-23 00:00:00,2025-02-23,0,14.8,50,10.1,10.0,0.0,Clear
2025-02-23 01:00:00,2025-02-23,1,13.8,56,19.3,10.0,0.0,Clear
2025-02-23 02:00:00,2025-02-23,2,11.9,51,4.9,10.0,0.0,Clear
2025-02-23 03:00:00,2025-02-23,3,14.8,60,13.4,10.0,0.0,Clear
2025-02-23 04:00:00,2025-02-23,4,13.5,63,17.2,10.0,0.0,Clear
2025-02-23 05:00:00,2025-02-23,5,16.4,76,9.1,10.0,0.0,Clear
2025-02-23 06:00:00,2025-02-23,6,17.3,78,11.1,10.0,0.0,Clear
2025-02-23 07:00:00,2025-02-23,7,19.5,71,8.5,10.0,0.0,Hazy
2025-02-23 08:00:00,2025-02-23,8,20.6,79,20.6,10.0,0.0,Partly Cloudy
2025-02-23 09:00:00,2025-02-23,9,19.1,87,26.7,10.0,0.0,Sunny
2025-02-23 10:00:00,2025-02-23,10,22.3,83,8.1,10.0,0.0,Sunny
2025-02-23 11:00:00,2025-02-23,11,25.6,77,5.2,10.0,0.0,Sunny
2025-02-23 12:00:00,2025-02-23,12,24.0,77,12.6,10.0,0.0,Sunny
2025-02-23 13:00:00,2025-02-23,13,26.2,75,6.6,10.0,0.0,Partly Cloudy
2025-02-23 14:00:00,2025-02-23,14,27.4,75,9.4,10.0,0.0,Sunny
2025-02-23 15:00:00,2025-02-23,15,27.4,61,27.2,10.0,0.0,Sunny
2025-02-23 16:00:00,2025-02-23,16,27.6,64,6.7,10.0,0.0,Sunny
2025-02-23 17:00:00,2025-02-23,17,25.8,52,2.6,10.0,0.0,Sunny
2025-02-23 18:00:00,2025-02-23,18,24.5,48,9.1,10.0,0.0,Sunny
2025-02-23 19:00:00,2025-02-23,19,24.8,47,3.5,10.0,0.0,Clear
2025-02-23 20:00:00,2025-02-23,20,22.5,46,6.5,10.0,0.0,Clear
2025-02-23 21:00:00,2025-02-23,21,23.5,48,2.4,10.0,0.0,Clear
2025-02-23 22:00:00,2025-02-23,22,18.0,45,27.1,10.0,0.0,Clear
2025-02-23 23:00:00,2025-02-23,23,17.7,45,22.6,10.0,0.0,Clear
2025-02-24 00:00:00,2025-02-24,0,14.8,47,22.7,10.0,0.0,Clear
2025-02-24 01:00:00,2025-02-24,1,15.8,56,15.6,10.0,0.0,Clear
2025-02-24 02:00:00,2025-02-24,2,14.5,58,16.9,10.0,0.0,Clear
2025-02-24 03:00:00,2025-02-24,3,15.1,64,4.5,10.0,0.0,Clear
2025-02-24 04:00:00,2025-02-24,4,13.9,69,3.7,10.0,0.0,Clear
2025-02-24 05:00:00,2025-02-24,5,13.2,78,9.2,10.0,0.0,Clear
2025-02-24 06:00:00,2025-02-24,6,17.9,80,4.5,10.0,0.0,Clear
2025-02-24 07:00:00,2025-02-24,7,18.8,82,8.6,10.0,0.0,Sunny
2025-02-24 08:00:00,2025-02-24,8,20.4,80,6.9,10.0,0.0,Sunny
2025-02-24 09:00:00,2025-02-24,9,22.1,76,2.0,10.0,0.0,Sunny
2025-02-24 10:00:00,2025-02-24,10,22.8,78,23.6,10.0,0.0,Sunny
2025-02-24 11:00:00,2025-02-24,11,25.0,78,6.3,10.0,0.0,Sunny
2025-02-24 12:00:00,2025-02-24,12,24.5,73,8.6,10.0,0.0,Sunny
2025-02-24 13:00:00,2025-02-24,13,26.1,74,6.1,10.0,0.0,Partly Cloudy
2025-02-24 14:00:00,2025-02-24,14,28.6,68,16.5,10.0,0.0,Sunny
2025-02-24 15:00:00,2025-02-24,15,29.9,59,2.0,10.0,0.0,Sunny
2025-02-24 16:00:00,2025-02-24,16,27.7,64,12.7,10.0,0.0,Sunny
2025-02-24 17:00:00,2025-02-24,17,22.7,56,2.0,10.0,0.0,Sunny
2025-02-24 18:00:00,2025-02-24,18,26.0,51,45.4,10.0,0.0,Sunny
2025-02-24 19:00:00,2025-02-24,19,26.0,52,26.9,10.0,0.0,Clear
2025-02-24 20:00:00,2025-02-24,20,22.3,42,4.8,10.0,0.0,Clear
2025-02-24 21:00:00,2025-02-24,21,19.8,43,3.2,10.0,0.0,Clear
2025-02-24 22:00:00,2025-02-24,22,20.5,44,30.4,10.0,0.0,Clear
2025-02-24 23:00:00,2025-02-24,23,17.3,50,17.1,10.0,0.0,Clear
2025-02-25 00:00:00,2025-02-25,0,16.0,52,6.3,10.0,0.0,Clear
2025-02-25 01:00:00,2025-02-25,1,13.4,67,8.4,10.0,0.0,Clear
2025-02-25 02:00:00,2025-02-25,2,12.7,54,2.6,10.0,0.0,Clear
2025-02-25 03:00:00,2025-02-25,3,15.5,63,5.0,10.0,0.0,Clear
2025-02-25 04:00:00,2025-02-25,4,13.2,67,10.1,10.0,0.0,Clear
2025-02-25 05:00:00,2025-02-25,5,17.5,74,2.2,10.0,0.0,Clear
2025-02-25 06:00:00,2025-02-25,6,18.8,79,3.4,10.0,0.0,Clear
2025-02-25 07:00:00,2025-02-25,7,16.5,80,5.3,10.0,0.0,Partly Cloudy
2025-02-25 08:00:00,2025-02-25,8,18.5,82,2.0,10.0,0.0,Sunny
2025-02-25 09:00:00,2025-02-25,9,21.8,80,28.3,10.0,0.0,Sunny
2025-02-25 10:00:00,2025-02-25,10,24.5,87,19.0,10.0,0.0,Sunny
2025-02-25 11:00:00,2025-02-25,11,24.5,77,3.0,10.0,0.0,Sunny
2025-02-25 12:00:00,2025-02-25,12,24.8,63,5.7,10.0,0.0,Sunny
2025-02-25 13:00:00,2025-02-25,13,26.2,70,24.0,10.0,0.0,Partly Cloudy
2025-02-25 14:00:00,2025-02-25,14,27.4,77,2.6,10.0,0.0,Sunny
2025-02-25 15:00:00,2025-02-25,15,26.9,58,13.5,10.0,0.0,Hazy
2025-02-25 16:00:00,2025-02-25,16,28.7,60,21.0,10.0,0.0,Sunny
2025-02-25 17:00:00,2025-02-25,17,25.8,51,4.8,10.0,0.0,Sunny
2025-02-25 18:00:00,2025-02-25,18,26.1,52,19.2,10.0,0.0,Sunny
2025-02-25 19:00:00,2025-02-25,19,25.2,52,7.1,10.0,0.0,Clear
2025-02-25 20:00:00,2025-02-25,20,22.7,44,13.1,10.0,0.0,Clear
2025-02-25 21:00:00,2025-02-25,21,20.7,50,8.1,10.0,0.0,Clear
2025-02-25 22:00:00,2025-02-25,22,19.3,50,2.0,10.0,0.0,Clear
2025-02-25 23:00:00,2025-02-25,23,16.7,49,7.8,10.0,0.0,Clear
2025-02-26 00:00:00,2025-02-26,0,17.3,50,2.0,10.0,0.0,Clear
2025-02-26 01:00:00,2025-02-26,1,15.2,53,26.1,10.0,0.0,Clear
2025-02-26 02:00:00,2025-02-26,2,14.4,55,3.1,10.0,0.0,Clear
2025-02-26 03:00:00,2025-02-26,3,13.2,59,9.4,10.0,0.0,Clear
2025-02-26 04:00:00,2025-02-26,4,17.1,70,16.4,10.0,0.0,Clear
2025-02-26 05:00:00,2025-02-26,5,16.4,73,14.5,10.0,0.0,Clear
2025-02-26 06:00:00,2025-02-26,6,14.7,77,4.9,10.0,0.0,Clear
2025-02-26 07:00:00,2025-02-26,7,18.4,83,5.4,10.0,0.0,Partly Cloudy
2025-02-26 08:00:00,2025-02-26,8,18.6,80,15.9,10.0,0.0,Sunny
2025-02-26 09:00:00,2025-02-26,9,19.9,86,8.0,10.0,0.0,Sunny
2025-02-26 10:00:00,2025-02-26,10,21.8,74,23.5,10.0,0.0,Partly Cloudy
2025-02-26 11:00:00,2025-02-26,11,24.9,86,8.3,10.0,0.0,Sunny
2025-02-26 12:00:00,2025-02-26,12,25.4,76,5.3,10.0,0.0,Sunny
2025-02-26 13:00:00,2025-02-26,13,26.6,69,22.9,10.0,0.0,Sunny
2025-02-26 14:00:00,2025-02-26,14,27.6,67,2.8,10.0,0.0,Partly Cloudy
2025-02-26 15:00:00,2025-02-26,15,28.6,69,7.0,10.0,0.0,Sunny
2025-02-26 16:00:00,2025-02-26,16,30.1,56,9.8,10.0,0.0,Sunny
2025-02-26 17:00:00,2025-02-26,17,26.3,54,9.9,10.0,0.0,Sunny
2025-02-26 18:00:00,2025-02-26,18,25.1,46,12.4,10.0,0.0,Sunny
2025-02-26 19:00:00,2025-02-26,19,24.4,49,10.5,10.0,0.0,Clear
2025-02-26 20:00:00,2025-02-26,20,23.5,51,10.0,10.0,0.0,Clear
2025-02-26 21:00:00,2025-02-26,21,22.3,46,5.0,10.0,0.0,Clear
2025-02-26 22:00:00,2025-02-26,22,18.1,44,14.3,10.0,0.0,Clear
2025-02-26 23:00:00,2025-02-26,23,20.7,46,8.0,10.0,0.0,Clear
2025-02-27 00:00:00,2025-02-27,0,15.0,51,16.3,10.0,0.0,Clear
2025-02-27 01:00:00,2025-02-27,1,16.4,56,14.0,10.0,0.0,Clear
2025-02-27 02:00:00,2025-02-27,2,15.6,62,28.6,10.0,0.0,Clear
2025-02-27 03:00:00,2025-02-27,3,12.8,59,39.4,10.0,0.0,Clear
2025-02-27 04:00:00,2025-02-27,4,15.0,66,16.4,10.0,0.0,Clear
2025-02-27 05:00:00,2025-02-27,5,13.3,78,8.1,10.0,0.0,Clear
2025-02-27 06:00:00,2025-02-27,6,15.4,78,2.5,10.0,0.0,Clear
2025-02-27 07:00:00,2025-02-27,7,17.7,79,8.0,10.0,0.0,Sunny
2025-02-27 08:00:00,2025-02-27,8,19.5,84,5.1,10.0,0.0,Sunny
2025-02-27 09:00:00,2025-02-27,9,22.5,72,5.6,10.0,0.0,Sunny
2025-02-27 10:00:00,2025-02-27,10,21.9,83,10.6,10.0,0.0,Sunny
2025-02-27 11:00:00,2025-02-27,11,24.7,89,6.6,10.0,0.0,Sunny
2025-02-27 12:00:00,2025-02-27,12,26.7,76,4.9,10.0,0.0,Sunny
2025-02-27 13:00:00,2025-02-27,13,26.6,73,3.6,10.0,0.0,Sunny
2025-02-27 14:00:00,2025-02-27,14,27.3,66,2.8,10.0,0.0,Partly Cloudy
2025-02-27 15:00:00,2025-02-27,15,25.8,59,14.5,10.0,0.0,Sunny
2025-02-27 16:00:00,2025-02-27,16,25.3,56,3.4,10.0,0.0,Sunny
2025-02-27 17:00:00,2025-02-27,17,25.6,58,13.9,10.0,0.0,Sunny
2025-02-27 18:00:00,2025-02-27,18,27.3,53,9.1,10.0,0.0,Sunny
2025-02-27 19:00:00,2025-02-27,19,25.9,44,15.3,10.0,0.0,Clear
2025-02-27 20:00:00,2025-02-27,20,24.2,43,2.0,10.0,0.0,Clear
2025-02-27 21:00:00,2025-02-27,21,21.4,43,16.7,10.0,0.0,Clear
2025-02-27 22:00:00,2025-02-27,22,19.9,46,20.1,10.0,0.0,Clear
2025-02-27 23:00:00,2025-02-27,23,17.3,47,13.0,10.0,0.0,Clear
2025-02-28 00:00:00,2025-02-28,0,16.0,50,2.0,10.0,0.0,Clear
2025-02-28 01:00:00,2025-02-28,1,12.9,50,13.4,10.0,0.0,Clear
2025-02-28 02:00:00,2025-02-28,2,15.0,65,40.9,10.0,0.0,Clear
2025-02-28 03:00:00,2025-02-28,3,15.1,64,13.1,10.0,0.0,Clear
2025-02-28 04:00:00,2025-02-28,4,14.0,66,11.9,10.0,0.0,Clear
2025-02-28 05:00:00,2025-02-28,5,16.5,69,12.4,10.0,0.0,Clear
2025-02-28 06:00:00,2025-02-28,6,17.9,74,10.0,10.0,0.0,Clear
2025-02-28 07:00:00,2025-02-28,7,16.4,83,15.6,10.0,0.0,Partly Cloudy
2025-02-28 08:00:00,2025-02-28,8,22.1,86,3.7,10.0,0.0,Sunny
2025-02-28 09:00:00,2025-02-28,9,21.7,78,17.2,10.0,0.0,Hazy
2025-02-28 10:00:00,2025-02-28,10,24.5,79,4.5,10.0,0.0,Sunny
2025-02-28 11:00:00,2025-02-28,11,23.4,72,3.5,10.0,0.0,Partly Cloudy
2025-02-28 12:00:00,2025-02-28,12,27.3,69,2.0,10.0,0.0,Partly Cloudy
2025-02-28 13:00:00,2025-02-28,13,27.4,73,17.6,10.0,0.0,Sunny
2025-02-28 14:00:00,2025-02-28,14,26.9,66,13.6,10.0,0.0,Sunny
2025-02-28 15:00:00,2025-02-28,15,26.2,62,14.3,10.0,0.0,Sunny
2025-02-28 16:00:00,2025-02-28,16,27.3,56,15.7,10.0,0.0,Sunny
2025-02-28 17:00:00,2025-02-28,17,27.6,55,2.0,10.0,0.0,Sunny
2025-02-28 18:00:00,2025-02-28,18,25.7,51,8.4,10.0,0.0,Hazy
2025-02-28 19:00:00,2025-02-28,19,24.4,52,2.0,10.0,0.0,Clear
2025-02-28 20:00:00,2025-02-28,20,22.1,56,6.6,10.0,0.0,Clear
2025-02-28 21:00:00,2025-02-28,21,19.4,41,19.9,10.0,0.0,Clear
2025-02-28 22:00:00,2025-02-28,22,19.5,41,26.7,10.0,0.0,Clear
2025-02-28 23:00:00,2025-02-28,23,16.6,54,16.0,10.0,0.0,Clear
2025-03-01 00:00:00,2025-03-01,0,20.5,47,4.9,10.0,0.0,Clear
2025-03-01 01:00:00,2025-03-01,1,19.4,54,3.5,10.0,0.0,Clear
2025-03-01 02:00:00,2025-03-01,2,19.7,51,10.1,10.0,0.0,Clear
2025-03-01 03:00:00,2025-03-01,3,17.0,56,15.5,10.0,0.0,Clear
2025-03-01 04:00:00,2025-03-01,4,17.7,68,2.5,10.0,0.0,Clear
2025-03-01 05:00:00,2025-03-01,5,16.6,64,4.1,10.0,0.0,Clear
2025-03-01 06:00:00,2025-03-01,6,18.7,78,12.5,10.0,0.0,Clear
2025-03-01 07:00:00,2025-03-01,7,20.7,79,8.8,10.0,0.0,Partly Cloudy
2025-03-01 08:00:00,2025-03-01,8,22.4,75,5.6,10.0,0.0,Sunny
2025-03-01 09:00:00,2025-03-01,9,23.5,84,11.1,10.0,0.0,Partly Cloudy
2025-03-01 10:00:00,2025-03-01,10,24.9,80,17.2,10.0,0.0,Sunny
2025-03-01 11:00:00,2025-03-01,11,27.5,75,4.1,10.0,0.0,Hazy
2025-03-01 12:00:00,2025-03-01,12,28.2,73,2.0,10.0,0.0,Sunny
2025-03-01 13:00:00,2025-03-01,13,31.2,61,2.8,10.0,0.0,Sunny
2025-03-01 14:00:00,2025-03-01,14,30.6,59,5.1,10.0,0.0,Sunny
2025-03-01 15:00:00,2025-03-01,15,29.9,63,8.1,10.0,0.0,Sunny
2025-03-01 16:00:00,2025-03-01,16,31.6,56,13.5,10.0,0.0,Partly Cloudy
2025-03-01 17:00:00,2025-03-01,17,28.4,57,2.0,10.0,0.0,Partly Cloudy
2025-03-01 18:00:00,2025-03-01,18,28.1,49,21.4,10.0,0.0,Partly Cloudy
2025-03-01 19:00:00,2025-03-01,19,26.0,40,4.3,10.0,0.0,Clear
2025-03-01 20:00:00,2025-03-01,20,25.4,38,10.1,10.0,0.0,Clear
2025-03-01 21:00:00,2025-03-01,21,25.6,39,37.6,10.0,0.0,Clear
2025-03-01 22:00:00,2025-03-01,22,22.5,40,4.4,10.0,0.0,Clear
2025-03-01 23:00:00,2025-03-01,23,18.7,45,4.3,10.0,0.0,Clear
2025-03-02 00:00:00,2025-03-02,0,18.9,52,18.2,10.0,0.0,Clear
2025-03-02 01:00:00,2025-03-02,1,18.7,54,20.7,10.0,0.0,Clear
2025-03-02 02:00:00,2025-03-02,2,18.1,60,5.3,10.0,0.0,Clear
2025-03-02 03:00:00,2025-03-02,3,17.3,62,3.6,0.4,0.0,Fog
2025-03-02 04:00:00,2025-03-02,4,18.6,63,2.0,1.2,0.0,Fog
2025-03-02 05:00:00,2025-03-02,5,19.1,63,2.0,1.0,0.0,Fog
2025-03-02 06:00:00,2025-03-02,6,19.2,75,6.3,0.5,0.0,Fog
2025-03-02 07:00:00,2025-03-02,7,21.0,75,2.0,0.4,0.0,Fog
2025-03-02 08:00:00,2025-03-02,8,22.1,81,10.1,1.1,0.0,Fog
2025-03-02 09:00:00,2025-03-02,9,24.1,76,14.6,10.0,0.0,Sunny
2025-03-02 10:00:00,2025-03-02,10,25.9,84,2.7,10.0,0.0,Sunny
2025-03-02 11:00:00,2025-03-02,11,28.5,82,16.8,10.0,0.0,Hazy
2025-03-02 12:00:00,2025-03-02,12,29.2,69,11.7,10.0,0.0,Sunny
2025-03-02 13:00:00,2025-03-02,13,29.6,70,11.4,10.0,0.0,Sunny
2025-03-02 14:00:00,2025-03-02,14,29.8,58,2.7,10.0,0.0,Partly Cloudy
2025-03-02 15:00:00,2025-03-02,15,31.3,57,7.2,10.0,0.0,Hazy
2025-03-02 16:00:00,2025-03-02,16,30.7,52,15.3,10.0,0.0,Sunny
2025-03-02 17:00:00,2025-03-02,17,29.5,49,4.9,10.0,0.0,Sunny
2025-03-02 18:00:00,2025-03-02,18,28.2,46,21.9,10.0,0.0,Sunny
2025-03-02 19:00:00,2025-03-02,19,27.3,41,10.1,10.0,0.0,Clear
2025-03-02 20:00:00,2025-03-02,20,24.9,43,15.8,10.0,0.0,Clear
2025-03-02 21:00:00,2025-03-02,21,22.3,36,2.9,10.0,0.0,Clear
2025-03-02 22:00:00,2025-03-02,22,24.2,47,11.4,10.0,0.0,Clear
2025-03-02 23:00:00,2025-03-02,23,22.7,40,2.5,10.0,0.0,Clear
2025-03-03 00:00:00,2025-03-03,0,19.6,47,5.1,10.0,0.0,Clear
2025-03-03 01:00:00,2025-03-03,1,19.0,49,2.0,10.0,0.0,Clear
2025-03-03 02:00:00,2025-03-03,2,17.5,59,17.3,10.0,0.0,Clear
2025-03-03 03:00:00,2025-03-03,3,18.1,59,11.8,10.0,0.0,Clear
2025-03-03 04:00:00,2025-03-03,4,17.9,70,28.7,10.0,0.0,Clear
2025-03-03 05:00:00,2025-03-03,5,18.6,70,8.3,10.0,0.0,Clear
2025-03-03 06:00:00,2025-03-03,6,18.2,69,4.2,10.0,0.0,Clear
2025-03-03 07:00:00,2025-03-03,7,22.9,75,25.7,10.0,0.0,Sunny
2025-03-03 08:00:00,2025-03-03,8,21.0,77,60.0,10.0,0.0,Sunny
2025-03-03 09:00:00,2025-03-03,9,25.0,81,19.8,10.0,0.0,Sunny
2025-03-03 10:00:00,2025-03-03,10,24.7,78,22.1,10.0,0.0,Sunny
2025-03-03 11:00:00,2025-03-03,11,24.9,75,4.1,10.0,0.0,Partly Cloudy
2025-03-03 12:00:00,2025-03-03,12,29.8,70,6.8,10.0,0.0,Partly Cloudy
2025-03-03 13:00:00,2025-03-03,13,29.9,71,19.9,10.0,0.0,Hazy
2025-03-03 14:00:00,2025-03-03,14,28.7,63,9.4,10.0,0.0,Partly Cloudy
2025-03-03 15:00:00,2025-03-03,15,31.3,57,11.3,10.0,0.0,Sunny
2025-03-03 16:00:00,2025-03-03,16,29.9,51,3.8,10.0,0.0,Sunny
2025-03-03 17:00:00,2025-03-03,17,31.9,55,10.0,10.0,0.0,Partly Cloudy
2025-03-03 18:00:00,2025-03-03,18,26.9,41,12.5,10.0,0.0,Sunny
2025-03-03 19:00:00,2025-03-03,19,26.5,46,6.0,10.0,0.0,Clear
2025-03-03 20:00:00,2025-03-03,20,26.7,43,34.0,10.0,0.0,Clear
2025-03-03 21:00:00,2025-03-03,21,23.5,40,9.8,10.0,0.0,Clear
2025-03-03 22:00:00,2025-03-03,22,21.4,40,14.7,10.0,0.0,Clear
2025-03-03 23:00:00,2025-03-03,23,21.1,44,17.7,10.0,0.0,Clear
2025-03-04 00:00:00,2025-03-04,0,20.8,45,7.3,10.0,0.0,Clear
2025-03-04 01:00:00,2025-03-04,1,18.3,49,5.2,10.0,0.0,Clear
2025-03-04 02:00:00,2025-03-04,2,17.5,59,5.6,10.0,0.0,Clear
2025-03-04 03:00:00,2025-03-04,3,16.6,59,18.9,10.0,0.0,Clear
2025-03-04 04:00:00,2025-03-04,4,17.2,65,5.3,10.0,0.0,Clear
2025-03-04 05:00:00,2025-03-04,5,17.1,66,33.1,10.0,0.0,Clear
2025-03-04 06:00:00,2025-03-04,6,20.9,77,2.0,10.0,0.0,Clear
2025-03-04 07:00:00,2025-03-04,7,21.6,80,32.7,10.0,0.0,Partly Cloudy
2025-03-04 08:00:00,2025-03-04,8,20.8,78,14.2,10.0,0.0,Partly Cloudy
2025-03-04 09:00:00,2025-03-04,9,23.4,84,9.5,10.0,0.0,Sunny
2025-03-04 10:00:00,2025-03-04,10,26.6,75,3.1,10.0,0.0,Sunny
2025-03-04 11:00:00,2025-03-04,11,28.1,79,4.3,10.0,0.0,Sunny
2025-03-04 12:00:00,2025-03-04,12,28.5,71,10.3,10.0,0.0,Sunny
2025-03-04 13:00:00,2025-03-04,13,29.4,67,5.6,10.0,0.0,Sunny
2025-03-04 14:00:00,2025-03-04,14,30.3,70,4.0,10.0,0.0,Sunny
2025-03-04 15:00:00,2025-03-04,15,30.0,59,8.8,10.0,0.0,Sunny
2025-03-04 16:00:00,2025-03-04,16,31.6,52,6.4,10.0,0.0,Partly Cloudy
2025-03-04 17:00:00,2025-03-04,17,30.5,44,23.8,10.0,0.0,Sunny
2025-03-04 18:00:00,2025-03-04,18,29.0,47,16.5,10.0,0.0,Sunny
2025-03-04 19:00:00,2025-03-04,19,26.0,40,16.5,10.0,0.0,Clear
2025-03-04 20:00:00,2025-03-04,20,25.0,51,10.4,10.0,0.0,Clear
2025-03-04 21:00:00,2025-03-04,21,23.3,49,3.3,10.0,0.0,Clear
2025-03-04 22:00:00,2025-03-04,22,21.9,31,10.6,10.0,0.0,Clear
2025-03-04 23:00:00,2025-03-04,23,21.0,51,12.1,10.0,0.0,Clear
2025-03-05 00:00:00,2025-03-05,0,21.3,44,13.6,10.0,0.0,Clear
2025-03-05 01:00:00,2025-03-05,1,18.6,56,10.7,10.0,0.0,Clear
2025-03-05 02:00:00,2025-03-05,2,16.1,60,20.0,10.0,0.0,Clear
2025-03-05 03:00:00,2025-03-05,3,18.3,65,2.9,10.0,0.0,Clear
2025-03-05 04:00:00,2025-03-05,4,16.1,72,5.8,10.0,0.0,Clear
2025-03-05 05:00:00,2025-03-05,5,18.9,64,10.6,10.0,0.0,Clear
2025-03-05 06:00:00,2025-03-05,6,18.9,69,9.9,10.0,0.0,Clear
2025-03-05 07:00:00,2025-03-05,7,21.5,79,4.2,10.0,0.0,Sunny
2025-03-05 08:00:00,2025-03-05,8,23.0,78,5.5,10.0,0.0,Partly Cloudy
2025-03-05 09:00:00,2025-03-05,9,24.2,81,5.8,10.0,0.0,Sunny
2025-03-05 10:00:00,2025-03-05,10,24.5,76,2.0,10.0,0.0,Partly Cloudy
2025-03-05 11:00:00,2025-03-05,11,26.5,79,3.5,10.0,0.0,Sunny
2025-03-05 12:00:00,2025-03-05,12,29.2,68,18.5,10.0,0.0,Sunny
2025-03-05 13:00:00,2025-03-05,13,29.9,77,13.6,10.0,0.0,Partly Cloudy
2025-03-05 14:00:00,2025-03-05,14,32.5,75,17.1,10.0,0.0,Sunny
2025-03-05 15:00:00,2025-03-05,15,30.7,53,33.5,10.0,0.0,Sunny
2025-03-05 16:00:00,2025-03-05,16,31.2,62,12.5,10.0,0.0,Sunny
2025-03-05 17:00:00,2025-03-05,17,29.2,44,2.0,10.0,0.0,Hazy
2025-03-05 18:00:00,2025-03-05,18,27.6,50,9.9,10.0,0.0,Partly Cloudy
2025-03-05 19:00:00,2025-03-05,19,28.6,41,13.9,10.0,0.0,Clear
2025-03-05 20:00:00,2025-03-05,20,24.8,44,9.6,10.0,0.0,Clear
2025-03-05 21:00:00,2025-03-05,21,22.3,37,3.9,10.0,0.0,Clear
2025-03-05 22:00:00,2025-03-05,22,20.7,44,12.3,10.0,0.0,Clear
2025-03-05 23:00:00,2025-03-05,23,21.2,44,17.6,10.0,0.0,Clear
2025-03-06 00:00:00,2025-03-06,0,18.6,46,11.2,10.0,0.0,Clear
2025-03-06 01:00:00,2025-03-06,1,16.6,52,18.8,10.0,0.0,Clear
2025-03-06 02:00:00,2025-03-06,2,20.0,49,9.2,10.0,0.0,Clear
2025-03-06 03:00:00,2025-03-06,3,14.9,62,9.9,10.0,0.0,Clear
2025-03-06 04:00:00,2025-03-06,4,17.2,63,5.5,10.0,0.0,Clear
2025-03-06 05:00:00,2025-03-06,5,20.3,63,14.1,10.0,0.0,Clear
2025-03-06 06:00:00,2025-03-06,6,19.5,75,11.6,10.0,0.0,Clear
2025-03-06 07:00:00,2025-03-06,7,23.7,73,8.3,10.0,0.0,Sunny
2025-03-06 08:00:00,2025-03-06,8,23.3,77,29.3,10.0,0.0,Sunny
2025-03-06 09:00:00,2025-03-06,9,22.6,79,32.8,10.0,0.0,Sunny
2025-03-06 10:00:00,2025-03-06,10,26.6,77,9.1,10.0,0.0,Partly Cloudy
2025-03-06 11:00:00,2025-03-06,11,26.6,75,25.1,10.0,0.0,Hazy
2025-03-06 12:00:00,2025-03-06,12,28.3,75,15.0,10.0,0.0,Sunny
2025-03-06 13:00:00,2025-03-06,13,28.4,68,20.5,10.0,0.0,Hazy
2025-03-06 14:00:00,2025-03-06,14,29.5,69,2.0,10.0,0.0,Sunny
2025-03-06 15:00:00,2025-03-06,15,31.4,65,9.9,10.0,0.0,Sunny
2025-03-06 16:00:00,2025-03-06,16,29.2,53,7.8,10.0,0.0,Partly Cloudy
2025-03-06 17:00:00,2025-03-06,17,27.3,49,17.3,10.0,0.0,Sunny
2025-03-06 18:00:00,2025-03-06,18,29.1,50,7.7,10.0,0.0,Partly Cloudy
2025-03-06 19:00:00,2025-03-06,19,27.0,51,14.7,10.0,0.0,Clear
2025-03-06 20:00:00,2025-03-06,20,26.8,47,24.8,10.0,0.0,Clear
2025-03-06 21:00:00,2025-03-06,21,23.1,38,7.9,10.0,0.0,Clear
2025-03-06 22:00:00,2025-03-06,22,23.5,41,4.1,10.0,0.0,Clear
2025-03-06 23:00:00,2025-03-06,23,21.6,41,15.0,10.0,0.0,Clear
2025-03-07 00:00:00,2025-03-07,0,20.0,53,11.9,10.0,0.0,Clear
2025-03-07 01:00:00,2025-03-07,1,16.8,53,4.4,10.0,0.0,Clear
2025-03-07 02:00:00,2025-03-07,2,17.6,51,12.2,10.0,0.0,Clear
2025-03-07 03:00:00,2025-03-07,3,18.6,58,14.2,10.0,0.0,Clear
2025-03-07 04:00:00,2025-03-07,4,17.1,61,19.6,10.0,0.0,Clear
2025-03-07 05:00:00,2025-03-07,5,15.9,67,2.0,10.0,0.0,Clear
2025-03-07 06:00:00,2025-03-07,6,18.6,75,8.0,10.0,0.0,Clear
2025-03-07 07:00:00,2025-03-07,7,19.6,73,6.7,10.0,0.0,Hazy
2025-03-07 08:00:00,2025-03-07,8,21.6,78,7.1,10.0,0.0,Hazy
2025-03-07 09:00:00,2025-03-07,9,22.3,79,17.4,10.0,0.0,Sunny
2025-03-07 10:00:00,2025-03-07,10,26.6,70,9.0,10.0,0.0,Sunny
2025-03-07 11:00:00,2025-03-07,11,28.0,69,16.5,10.0,0.0,Sunny
2025-03-07 12:00:00,2025-03-07,12,27.5,71,6.6,10.0,0.0,Partly Cloudy
2025-03-07 13:00:00,2025-03-07,13,29.1,65,15.3,10.0,0.0,Hazy
2025-03-07 14:00:00,2025-03-07,14,29.2,66,15.6,10.0,0.0,Sunny
2025-03-07 15:00:00,2025-03-07,15,31.1,59,2.2,10.0,0.0,Sunny
2025-03-07 16:00:00,2025-03-07,16,29.1,58,25.3,10.0,0.0,Partly Cloudy
2025-03-07 17:00:00,2025-03-07,17,28.6,53,7.5,10.0,0.0,Sunny
2025-03-07 18:00:00,2025-03-07,18,28.7,51,3.3,10.0,0.0,Partly Cloudy
2025-03-07 19:00:00,2025-03-07,19,26.2,42,11.2,10.0,0.0,Clear
2025-03-07 20:00:00,2025-03-07,20,27.7,42,5.0,10.0,0.0,Clear
2025-03-07 21:00:00,2025-03-07,21,23.1,50,13.5,10.0,0.0,Clear
2025-03-07 22:00:00,2025-03-07,22,23.2,38,10.6,10.0,0.0,Clear
2025-03-07 23:00:00,2025-03-07,23,21.8,47,18.9,10.0,0.0,Clear
2025-03-08 00:00:00,2025-03-08,0,17.7,51,11.3,10.0,0.0,Clear
2025-03-08 01:00:00,2025-03-08,1,18.1,53,7.2,10.0,0.0,Clear
2025-03-08 02:00:00,2025-03-08,2,16.7,59,10.8,10.0,0.0,Clear
2025-03-08 03:00:00,2025-03-08,3,18.6,60,5.2,10.0,0.0,Clear
2025-03-08 04:00:00,2025-03-08,4,17.6,67,2.2,10.0,0.0,Clear
2025-03-08 05:00:00,2025-03-08,5,19.4,70,8.4,10.0,0.0,Clear
2025-03-08 06:00:00,2025-03-08,6,21.4,67,3.6,10.0,0.0,Clear
2025-03-08 07:00:00,2025-03-08,7,22.8,75,11.0,10.0,0.0,Sunny
2025-03-08 08:00:00,2025-03-08,8,21.0,71,8.6,10.0,0.0,Sunny
2025-03-08 09:00:00,2025-03-08,9,22.6,81,11.0,10.0,0.0,Partly Cloudy
2025-03-08 10:00:00,2025-03-08,10,24.3,78,5.2,10.0,0.0,Sunny
2025-03-08 11:00:00,2025-03-08,11,28.6,79,5.5,10.0,0.0,Partly Cloudy
2025-03-08 12:00:00,2025-03-08,12,29.5,68,17.9,10.0,0.0,Partly Cloudy
2025-03-08 13:00:00,2025-03-08,13,30.4,69,6.6,10.0,0.0,Sunny
2025-03-08 14:00:00,2025-03-08,14,30.9,65,11.0,10.0,0.0,Sunny
2025-03-08 15:00:00,2025-03-08,15,30.0,68,6.4,10.0,0.0,Sunny
2025-03-08 16:00:00,2025-03-08,16,30.4,55,13.9,10.0,0.0,Partly Cloudy
2025-03-08 17:00:00,2025-03-08,17,30.0,49,9.4,10.0,0.0,Hazy
2025-03-08 18:00:00,2025-03-08,18,28.7,47,22.7,10.0,0.0,Sunny
2025-03-08 19:00:00,2025-03-08,19,26.5,51,19.0,10.0,0.0,Clear
2025-03-08 20:00:00,2025-03-08,20,27.6,46,8.0,10.0,0.0,Clear
2025-03-08 21:00:00,2025-03-08,21,22.6,45,19.5,10.0,0.0,Clear
2025-03-08 22:00:00,2025-03-08,22,21.8,42,4.9,10.0,0.0,Clear
2025-03-08 23:00:00,2025-03-08,23,22.5,44,17.8,10.0,0.0,Clear
2025-03-09 00:00:00,2025-03-09,0,20.5,53,15.7,10.0,0.0,Clear
2025-03-09 01:00:00,2025-03-09,1,16.8,49,8.7,10.0,0.0,Clear
2025-03-09 02:00:00,2025-03-09,2,15.1,53,20.4,10.0,0.0,Clear
2025-03-09 03:00:00,2025-03-09,3,16.3,53,2.0,10.0,0.0,Clear
2025-03-09 04:00:00,2025-03-09,4,17.9,58,2.1,10.0,0.0,Clear
2025-03-09 05:00:00,2025-03-09,5,18.4,74,18.3,10.0,0.0,Clear
2025-03-09 06:00:00,2025-03-09,6,19.4,65,9.7,10.0,0.0,Clear
2025-03-09 07:00:00,2025-03-09,7,21.4,82,10.7,10.0,0.0,Partly Cloudy
2025-03-09 08:00:00,2025-03-09,8,22.3,76,37.5,10.0,0.0,Partly Cloudy
2025-03-09 09:00:00,2025-03-09,9,25.1,79,30.4,10.0,0.0,Sunny
2025-03-09 10:00:00,2025-03-09,10,26.6,82,9.9,10.0,0.0,Partly Cloudy
2025-03-09 11:00:00,2025-03-09,11,24.7,73,6.7,10.0,0.0,Sunny
2025-03-09 12:00:00,2025-03-09,12,28.7,75,13.1,10.0,0.0,Sunny
2025-03-09 13:00:00,2025-03-09,13,29.4,65,8.5,10.0,0.0,Sunny
2025-03-09 14:00:00,2025-03-09,14,30.6,62,11.5,10.0,0.0,Sunny
2025-03-09 15:00:00,2025-03-09,15,30.2,62,10.2,10.0,0.0,Hazy
2025-03-09 16:00:00,2025-03-09,16,28.3,57,11.6,10.0,0.0,Sunny
2025-03-09 17:00:00,2025-03-09,17,30.2,52,6.7,10.0,0.0,Sunny
2025-03-09 18:00:00,2025-03-09,18,29.4,53,11.3,10.0,0.0,Sunny
2025-03-09 19:00:00,2025-03-09,19,25.0,44,12.6,10.0,0.0,Clear
2025-03-09 20:00:00,2025-03-09,20,27.8,49,27.7,10.0,0.0,Clear
2025-03-09 21:00:00,2025-03-09,21,25.1,42,11.0,10.0,0.0,Clear
2025-03-09 22:00:00,2025-03-09,22,21.2,45,4.6,10.0,0.0,Clear
2025-03-09 23:00:00,2025-03-09,23,19.4,47,7.9,10.0,0.0,Clear
2025-03-10 00:00:00,2025-03-10,0,19.6,45,19.8,10.0,0.0,Clear
2025-03-10 01:00:00,2025-03-10,1,18.5,52,16.1,10.0,0.0,Clear
2025-03-10 02:00:00,2025-03-10,2,18.5,50,2.0,10.0,0.0,Clear
2025-03-10 03:00:00,2025-03-10,3,18.1,60,5.2,10.0,0.0,Clear
2025-03-10 04:00:00,2025-03-10,4,18.4,65,3.1,10.0,0.0,Clear
2025-03-10 05:00:00,2025-03-10,5,17.0,71,5.9,10.0,0.0,Clear
2025-03-10 06:00:00,2025-03-10,6,19.2,72,8.9,10.0,0.0,Clear
2025-03-10 07:00:00,2025-03-10,7,21.2,83,8.4,10.0,0.0,Sunny
2025-03-10 08:00:00,2025-03-10,8,22.0,71,23.2,10.0,0.0,Sunny
2025-03-10 09:00:00,2025-03-10,9,24.8,73,33.2,10.0,0.0,Partly Cloudy
2025-03-10 10:00:00,2025-03-10,10,27.0,74,9.4,10.0,0.0,Sunny
2025-03-10 11:00:00,2025-03-10,11,26.3,75,5.8,10.0,0.0,Partly Cloudy
2025-03-10 12:00:00,2025-03-10,12,28.6,70,6.6,10.0,0.0,Sunny
2025-03-10 13:00:00,2025-03-10,13,29.0,64,15.4,10.0,0.0,Partly Cloudy
2025-03-10 14:00:00,2025-03-10,14,29.8,63,2.0,10.0,0.0,Partly Cloudy
2025-03-10 15:00:00,2025-03-10,15,28.5,54,13.8,10.0,0.0,Sunny
2025-03-10 16:00:00,2025-03-10,16,30.8,57,8.8,10.0,0.0,Sunny
2025-03-10 17:00:00,2025-03-10,17,33.1,52,13.3,10.0,0.0,Sunny
2025-03-10 18:00:00,2025-03-10,18,29.1,42,3.1,10.0,0.0,Sunny
2025-03-10 19:00:00,2025-03-10,19,30.0,48,9.7,10.0,0.0,Clear
2025-03-10 20:00:00,2025-03-10,20,27.2,37,7.2,10.0,0.0,Clear
2025-03-10 21:00:00,2025-03-10,21,23.1,40,18.3,10.0,0.0,Clear
2025-03-10 22:00:00,2025-03-10,22,22.8,44,2.0,10.0,0.0,Clear
2025-03-10 23:00:00,2025-03-10,23,21.7,45,5.0,10.0,0.0,Clear
2025-03-11 00:00:00,2025-03-11,0,20.3,41,5.3,10.0,0.0,Clear
2025-03-11 01:00:00,2025-03-11,1,17.5,53,6.6,10.0,0.0,Clear
2025-03-11 02:00:00,2025-03-11,2,18.0,55,4.9,10.0,0.0,Clear
2025-03-11 03:00:00,2025-03-11,3,19.5,68,31.6,10.0,0.0,Clear
2025-03-11 04:00:00,2025-03-11,4,15.9,67,9.0,10.0,0.0,Clear
2025-03-11 05:00:00,2025-03-11,5,19.6,75,14.8,10.0,0.0,Clear
2025-03-11 06:00:00,2025-03-11,6,20.8,69,30.3,10.0,0.0,Clear
2025-03-11 07:00:00,2025-03-11,7,18.7,69,12.9,10.0,0.0,Partly Cloudy
2025-03-11 08:00:00,2025-03-11,8,21.6,83,12.2,10.0,0.0,Sunny
2025-03-11 09:00:00,2025-03-11,9,23.7,79,14.5,10.0,0.0,Sunny
2025-03-11 10:00:00,2025-03-11,10,26.7,85,16.0,10.0,0.0,Partly Cloudy
2025-03-11 11:00:00,2025-03-11,11,27.3,80,7.3,10.0,0.0,Sunny
2025-03-11 12:00:00,2025-03-11,12,27.9,77,2.0,10.0,0.0,Sunny
2025-03-11 13:00:00,2025-03-11,13,29.7,71,7.1,10.0,0.0,Sunny
2025-03-11 14:00:00,2025-03-11,14,30.8,61,19.2,10.0,0.0,Sunny
2025-03-11 15:00:00,2025-03-11,15,30.3,56,37.0,10.0,0.0,Partly Cloudy
2025-03-11 16:00:00,2025-03-11,16,32.2,47,20.9,10.0,0.0,Sunny
2025-03-11 17:00:00,2025-03-11,17,29.7,49,12.8,10.0,0.0,Hazy
2025-03-11 18:00:00,2025-03-11,18,29.5,47,17.2,10.0,0.0,Sunny
2025-03-11 19:00:00,2025-03-11,19,26.0,44,12.7,10.0,0.0,Clear
2025-03-11 20:00:00,2025-03-11,20,26.1,43,2.5,10.0,0.0,Clear
2025-03-11 21:00:00,2025-03-11,21,23.4,33,4.0,10.0,0.0,Clear
2025-03-11 22:00:00,2025-03-11,22,21.7,43,23.3,10.0,0.0,Clear
2025-03-11 23:00:00,2025-03-11,23,22.6,51,9.6,10.0,0.0,Clear
2025-03-12 00:00:00,2025-03-12,0,18.6,44,10.2,10.0,0.0,Clear
2025-03-12 01:00:00,2025-03-12,1,17.8,45,7.0,10.0,0.0,Clear
2025-03-12 02:00:00,2025-03-12,2,15.6,49,10.1,10.0,0.0,Clear
2025-03-12 03:00:00,2025-03-12,3,16.4,57,15.1,10.0,0.0,Clear
2025-03-12 04:00:00,2025-03-12,4,15.7,63,14.4,10.0,0.0,Clear
2025-03-12 05:00:00,2025-03-12,5,19.8,70,12.4,10.0,0.0,Clear
2025-03-12 06:00:00,2025-03-12,6,19.8,76,10.3,10.0,0.0,Clear
2025-03-12 07:00:00,2025-03-12,7,21.7,72,7.5,10.0,0.0,Sunny
2025-03-12 08:00:00,2025-03-12,8,22.9,75,5.5,10.0,0.0,Sunny
2025-03-12 09:00:00,2025-03-12,9,22.8,71,15.5,10.0,0.0,Partly Cloudy
2025-03-12 10:00:00,2025-03-12,10,26.7,80,6.1,10.0,0.0,Sunny
2025-03-12 11:00:00,2025-03-12,11,27.0,74,20.4,10.0,0.0,Sunny
2025-03-12 12:00:00,2025-03-12,12,29.3,72,10.2,10.0,0.0,Sunny
2025-03-12 13:00:00,2025-03-12,13,26.4,74,15.6,10.0,0.0,Hazy
2025-03-12 14:00:00,2025-03-12,14,28.8,65,15.4,10.0,0.0,Sunny
2025-03-12 15:00:00,2025-03-12,15,29.7,67,12.7,10.0,0.0,Sunny
2025-03-12 16:00:00,2025-03-12,16,30.6,58,14.2,10.0,0.0,Sunny
2025-03-12 17:00:00,2025-03-12,17,27.7,49,3.7,10.0,0.0,Partly Cloudy
2025-03-12 18:00:00,2025-03-12,18,31.3,43,25.1,10.0,0.0,Sunny
2025-03-12 19:00:00,2025-03-12,19,28.8,44,34.5,10.0,0.0,Clear
2025-03-12 20:00:00,2025-03-12,20,27.2,47,9.2,10.0,0.0,Clear
2025-03-12 21:00:00,2025-03-12,21,25.7,36,10.0,10.0,0.0,Clear
2025-03-12 22:00:00,2025-03-12,22,23.0,40,13.8,10.0,0.0,Clear
2025-03-12 23:00:00,2025-03-12,23,19.4,41,9.6,10.0,0.0,Clear
2025-03-13 00:00:00,2025-03-13,0,20.0,46,11.1,10.0,0.0,Clear
2025-03-13 01:00:00,2025-03-13,1,17.8,53,9.0,10.0,0.0,Clear
2025-03-13 02:00:00,2025-03-13,2,17.4,56,4.9,10.0,0.0,Clear
2025-03-13 03:00:00,2025-03-13,3,18.5,61,11.6,10.0,0.0,Clear
2025-03-13 04:00:00,2025-03-13,4,17.0,59,6.1,10.0,0.0,Clear
2025-03-13 05:00:00,2025-03-13,5,17.6,72,11.7,10.0,0.0,Clear
2025-03-13 06:00:00,2025-03-13,6,20.6,77,4.3,10.0,0.0,Clear
2025-03-13 07:00:00,2025-03-13,7,19.8,75,2.7,10.0,0.0,Partly Cloudy
2025-03-13 08:00:00,2025-03-13,8,21.9,74,21.4,10.0,0.0,Sunny
2025-03-13 09:00:00,2025-03-13,9,23.9,81,26.6,10.0,0.0,Sunny
2025-03-13 10:00:00,2025-03-13,10,26.4,83,4.2,10.0,0.0,Partly Cloudy
2025-03-13 11:00:00,2025-03-13,11,28.1,77,2.9,10.0,0.0,Sunny
2025-03-13 12:00:00,2025-03-13,12,27.8,70,22.5,10.0,0.0,Partly Cloudy
2025-03-13 13:00:00,2025-03-13,13,27.6,65,27.8,10.0,0.0,Partly Cloudy
2025-03-13 14:00:00,2025-03-13,14,31.8,67,55.0,10.0,0.0,Sunny
2025-03-13 15:00:00,2025-03-13,15,27.8,54,6.0,10.0,0.0,Sunny
2025-03-13 16:00:00,2025-03-13,16,30.8,50,4.6,10.0,0.0,Partly Cloudy
2025-03-13 17:00:00,2025-03-13,17,29.6,52,7.0,10.0,0.0,Sunny
2025-03-13 18:00:00,2025-03-13,18,28.9,54,34.1,10.0,0.0,Partly Cloudy
2025-03-13 19:00:00,2025-03-13,19,27.6,49,2.0,10.0,0.0,Clear
2025-03-13 20:00:00,2025-03-13,20,25.4,44,13.1,10.0,0.0,Clear
2025-03-13 21:00:00,2025-03-13,21,23.9,34,17.4,10.0,0.0,Clear
2025-03-13 22:00:00,2025-03-13,22,22.7,33,20.1,10.0,0.0,Clear
2025-03-13 23:00:00,2025-03-13,23,21.1,44,10.9,10.0,0.0,Clear
2025-03-14 00:00:00,2025-03-14,0,16.1,54,16.4,10.0,0.0,Clear
2025-03-14 01:00:00,2025-03-14,1,18.3,47,5.3,10.0,0.0,Clear
2025-03-14 02:00:00,2025-03-14,2,18.7,59,5.1,10.0,0.0,Clear
2025-03-14 03:00:00,2025-03-14,3,16.6,61,2.0,10.0,0.0,Clear
2025-03-14 04:00:00,2025-03-14,4,18.3,62,6.6,10.0,0.0,Clear
2025-03-14 05:00:00,2025-03-14,5,19.6,67,4.9,10.0,0.0,Clear
2025-03-14 06:00:00,2025-03-14,6,19.5,66,6.1,10.0,0.0,Clear
2025-03-14 07:00:00,2025-03-14,7,20.9,77,9.5,10.0,0.0,Sunny
2025-03-14 08:00:00,2025-03-14,8,20.7,75,22.6,10.0,0.0,Partly Cloudy
2025-03-14 09:00:00,2025-03-14,9,23.9,81,14.5,10.0,0.0,Sunny
2025-03-14 10:00:00,2025-03-14,10,26.3,76,4.2,10.0,0.0,Sunny
2025-03-14 11:00:00,2025-03-14,11,26.7,74,5.9,10.0,0.0,Sunny
2025-03-14 12:00:00,2025-03-14,12,28.1,64,7.8,10.0,0.0,Partly Cloudy
2025-03-14 13:00:00,2025-03-14,13,30.3,70,8.1,10.0,0.0,Sunny
2025-03-14 14:00:00,2025-03-14,14,30.7,67,33.1,10.0,0.0,Partly Cloudy
2025-03-14 15:00:00,2025-03-14,15,31.1,65,15.1,10.0,0.0,Sunny
2025-03-14 16:00:00,2025-03-14,16,28.4,52,4.9,10.0,0.0,Partly Cloudy
2025-03-14 17:00:00,2025-03-14,17,30.1,52,3.7,10.0,0.0,Sunny
2025-03-14 18:00:00,2025-03-14,18,26.7,49,19.1,10.0,0.0,Sunny
2025-03-14 19:00:00,2025-03-14,19,26.9,39,30.9,10.0,0.0,Clear
2025-03-14 20:00:00,2025-03-14,20,28.0,40,18.4,10.0,0.0,Clear
2025-03-14 21:00:00,2025-03-14,21,24.7,37,13.9,10.0,0.0,Clear
2025-03-14 22:00:00,2025-03-14,22,22.7,38,6.6,10.0,0.0,Clear
2025-03-14 23:00:00,2025-03-14,23,19.7,43,18.1,10.0,0.0,Clear
2025-03-15 00:00:00,2025-03-15,0,21.3,45,24.8,10.0,0.0,Clear
2025-03-15 01:00:00,2025-03-15,1,18.7,51,4.4,10.0,0.0,Clear
2025-03-15 02:00:00,2025-03-15,2,14.9,58,2.3,10.0,0.0,Clear
2025-03-15 03:00:00,2025-03-15,3,16.7,62,9.9,10.0,0.0,Clear
2025-03-15 04:00:00,2025-03-15,4,18.0,68,11.0,10.0,0.0,Clear
2025-03-15 05:00:00,2025-03-15,5,18.1,68,38.5,10.0,0.0,Clear
2025-03-15 06:00:00,2025-03-15,6,20.7,71,13.1,10.0,0.0,Clear
2025-03-15 07:00:00,2025-03-15,7,19.4,71,8.5,10.0,0.0,Sunny
2025-03-15 08:00:00,2025-03-15,8,22.5,80,24.0,10.0,0.0,Sunny
2025-03-15 09:00:00,2025-03-15,9,23.2,82,10.4,10.0,0.0,Hazy
2025-03-15 10:00:00,2025-03-15,10,25.9,82,2.4,10.0,0.0,Hazy
2025-03-15 11:00:00,2025-03-15,11,26.6,77,17.3,10.0,0.0,Partly Cloudy
2025-03-15 12:00:00,2025-03-15,12,28.7,71,24.7,10.0,0.0,Sunny
2025-03-15 13:00:00,2025-03-15,13,31.4,65,3.3,10.0,0.0,Hazy
2025-03-15 14:00:00,2025-03-15,14,28.4,59,9.1,10.0,0.0,Sunny
2025-03-15 15:00:00,2025-03-15,15,33.0,52,6.3,10.0,0.0,Sunny
2025-03-15 16:00:00,2025-03-15,16,34.5,59,7.9,10.0,0.0,Sunny
2025-03-15 17:00:00,2025-03-15,17,29.0,53,10.3,10.0,0.0,Sunny
2025-03-15 18:00:00,2025-03-15,18,30.3,57,4.0,10.0,0.0,Sunny
2025-03-15 19:00:00,2025-03-15,19,28.3,44,11.9,10.0,0.0,Clear
2025-03-15 20:00:00,2025-03-15,20,26.6,43,11.4,10.0,0.0,Clear
2025-03-15 21:00:00,2025-03-15,21,23.1,43,17.6,10.0,0.0,Clear
2025-03-15 22:00:00,2025-03-15,22,21.2,45,11.2,10.0,0.0,Clear
2025-03-15 23:00:00,2025-03-15,23,20.2,42,14.9,10.0,0.0,Clear
2025-03-16 00:00:00,2025-03-16,0,18.9,47,4.8,10.0,0.0,Clear
2025-03-16 01:00:00,2025-03-16,1,16.9,54,33.5,10.0,0.0,Clear
2025-03-16 02:00:00,2025-03-16,2,16.8,62,21.5,10.0,0.0,Clear
2025-03-16 03:00:00,2025-03-16,3,18.7,56,8.7,10.0,0.0,Clear
2025-03-16 04:00:00,2025-03-16,4,19.6,65,7.6,10.0,0.0,Clear
2025-03-16 05:00:00,2025-03-16,5,17.3,69,12.8,10.0,0.0,Clear
2025-03-16 06:00:00,2025-03-16,6,22.3,72,4.4,10.0,0.0,Clear
2025-03-16 07:00:00,2025-03-16,7,19.0,80,11.6,10.0,0.0,Sunny
2025-03-16 08:00:00,2025-03-16,8,20.9,87,6.0,10.0,0.0,Sunny
2025-03-16 09:00:00,2025-03-16,9,21.7,79,2.9,10.0,0.0,Partly Cloudy
2025-03-16 10:00:00,2025-03-16,10,23.5,74,7.2,10.0,0.0,Sunny
2025-03-16 11:00:00,2025-03-16,11,28.6,70,14.1,10.0,0.0,Sunny
2025-03-16 12:00:00,2025-03-16,12,28.0,72,10.0,10.0,0.0,Sunny
2025-03-16 13:00:00,2025-03-16,13,29.6,73,13.4,10.0,0.0,Sunny
2025-03-16 14:00:00,2025-03-16,14,29.8,64,12.6,10.0,0.0,Partly Cloudy
2025-03-16 15:00:00,2025-03-16,15,28.9,61,8.7,10.0,0.0,Sunny
2025-03-16 16:00:00,2025-03-16,16,28.1,63,6.2,10.0,0.0,Sunny
2025-03-16 17:00:00,2025-03-16,17,26.9,54,18.7,10.0,0.0,Sunny
2025-03-16 18:00:00,2025-03-16,18,28.1,47,8.8,10.0,0.0,Sunny
2025-03-16 19:00:00,2025-03-16,19,27.6,39,7.9,10.0,0.0,Clear
2025-03-16 20:00:00,2025-03-16,20,24.4,46,3.2,10.0,0.0,Clear
2025-03-16 21:00:00,2025-03-16,21,21.1,44,8.9,10.0,0.0,Clear
2025-03-16 22:00:00,2025-03-16,22,23.3,46,2.0,10.0,0.0,Clear
2025-03-16 23:00:00,2025-03-16,23,21.9,39,22.2,10.0,0.0,Clear
2025-03-17 00:00:00,2025-03-17,0,17.5,47,12.3,10.0,0.0,Clear
2025-03-17 01:00:00,2025-03-17,1,16.7,53,21.8,10.0,0.0,Clear
2025-03-17 02:00:00,2025-03-17,2,18.5,49,12.5,10.0,0.0,Clear
2025-03-17 03:00:00,2025-03-17,3,15.0,61,8.1,10.0,0.0,Clear
2025-03-17 04:00:00,2025-03-17,4,15.9,69,21.3,10.0,0.0,Clear
2025-03-17 05:00:00,2025-03-17,5,19.9,66,5.5,10.0,0.0,Clear
2025-03-17 06:00:00,2025-03-17,6,18.6,77,15.3,10.0,0.0,Clear
2025-03-17 07:00:00,2025-03-17,7,20.6,76,14.8,10.0,0.0,Sunny
2025-03-17 08:00:00,2025-03-17,8,20.7,78,7.8,10.0,0.0,Sunny
2025-03-17 09:00:00,2025-03-17,9,25.2,82,19.1,2.0,0.0,Dust/Sandstorm
2025-03-17 10:00:00,2025-03-17,10,25.4,75,12.3,2.3,0.0,Dust/Sandstorm
2025-03-17 11:00:00,2025-03-17,11,28.3,70,12.3,1.9,0.0,Dust/Sandstorm
2025-03-17 12:00:00,2025-03-17,12,27.8,72,9.4,2.5,0.0,Dust/Sandstorm
2025-03-17 13:00:00,2025-03-17,13,28.1,70,13.2,1.9,0.0,Dust/Sandstorm
2025-03-17 14:00:00,2025-03-17,14,29.9,66,14.0,2.0,0.0,Dust/Sandstorm
2025-03-17 15:00:00,2025-03-17,15,29.3,61,12.9,2.4,0.0,Dust/Sandstorm
2025-03-17 16:00:00,2025-03-17,16,29.4,52,21.8,2.6,0.0,Dust/Sandstorm
2025-03-17 17:00:00,2025-03-17,17,28.4,53,15.9,2.3,0.0,Dust/Sandstorm
2025-03-17 18:00:00,2025-03-17,18,26.9,47,11.8,2.7,0.0,Dust/Sandstorm
2025-03-17 19:00:00,2025-03-17,19,28.0,51,11.3,2.7,0.0,Dust/Sandstorm
2025-03-17 20:00:00,2025-03-17,20,26.0,46,25.4,2.8,0.0,Dust/Sandstorm
2025-03-17 21:00:00,2025-03-17,21,22.6,44,12.7,10.0,0.0,Clear
2025-03-17 22:00:00,2025-03-17,22,24.2,42,13.2,10.0,0.0,Clear
2025-03-17 23:00:00,2025-03-17,23,19.6,43,11.1,10.0,0.0,Clear
2025-03-18 00:00:00,2025-03-18,0,20.2,46,11.8,10.0,0.0,Clear
2025-03-18 01:00:00,2025-03-18,1,15.0,52,23.5,10.0,0.0,Clear
2025-03-18 02:00:00,2025-03-18,2,17.2,59,12.0,10.0,0.0,Clear
2025-03-18 03:00:00,2025-03-18,3,15.1,54,3.4,10.0,0.0,Clear
2025-03-18 04:00:00,2025-03-18,4,16.5,63,17.8,10.0,0.0,Clear
2025-03-18 05:00:00,2025-03-18,5,18.7,74,8.3,10.0,0.0,Clear
2025-03-18 06:00:00,2025-03-18,6,19.5,70,6.6,10.0,0.0,Clear
2025-03-18 07:00:00,2025-03-18,7,19.6,72,26.6,10.0,0.0,Sunny
2025-03-18 08:00:00,2025-03-18,8,22.2,82,27.4,10.0,0.0,Sunny
2025-03-18 09:00:00,2025-03-18,9,24.2,80,2.0,10.0,0.0,Sunny
2025-03-18 10:00:00,2025-03-18,10,24.7,78,9.2,10.0,0.0,Sunny
2025-03-18 11:00:00,2025-03-18,11,27.9,78,3.6,10.0,0.0,Sunny
2025-03-18 12:00:00,2025-03-18,12,28.6,72,24.4,10.0,0.0,Sunny
2025-03-18 13:00:00,2025-03-18,13,28.8,69,26.7,10.0,0.0,Partly Cloudy
2025-03-18 14:00:00,2025-03-18,14,32.3,65,41.7,10.0,0.0,Sunny
2025-03-18 15:00:00,2025-03-18,15,29.8,59,17.1,10.0,0.0,Partly Cloudy
2025-03-18 16:00:00,2025-03-18,16,28.8,54,13.8,10.0,0.0,Sunny
2025-03-18 17:00:00,2025-03-18,17,30.6,47,12.1,10.0,0.0,Sunny
2025-03-18 18:00:00,2025-03-18,18,29.1,45,4.0,10.0,0.0,Partly Cloudy
2025-03-18 19:00:00,2025-03-18,19,24.6,43,7.9,10.0,0.0,Clear
2025-03-18 20:00:00,2025-03-18,20,23.1,35,8.9,10.0,0.0,Clear
2025-03-18 21:00:00,2025-03-18,21,24.4,44,9.5,10.0,0.0,Clear
2025-03-18 22:00:00,2025-03-18,22,21.3,44,6.5,10.0,0.0,Clear
2025-03-18 23:00:00,2025-03-18,23,20.9,50,29.8,10.0,0.0,Clear
2025-03-19 00:00:00,2025-03-19,0,18.7,42,2.0,10.0,0.0,Clear
2025-03-19 01:00:00,2025-03-19,1,18.8,47,8.6,10.0,0.0,Clear
2025-03-19 02:00:00,2025-03-19,2,18.4,59,10.1,10.0,0.0,Clear
2025-03-19 03:00:00,2025-03-19,3,15.0,55,14.1,10.0,0.0,Clear
2025-03-19 04:00:00,2025-03-19,4,16.3,64,2.0,10.0,0.0,Clear
2025-03-19 05:00:00,2025-03-19,5,20.1,68,18.6,10.0,0.0,Clear
2025-03-19 06:00:00,2025-03-19,6,19.7,79,16.8,10.0,0.0,Clear
2025-03-19 07:00:00,2025-03-19,7,21.4,75,22.2,10.0,0.0,Sunny
2025-03-19 08:00:00,2025-03-19,8,24.9,77,4.4,10.0,0.0,Partly Cloudy
2025-03-19 09:00:00,2025-03-19,9,25.2,79,12.5,10.0,0.0,Partly Cloudy
2025-03-19 10:00:00,2025-03-19,10,25.6,74,2.0,10.0,0.0,Sunny
2025-03-19 11:00:00,2025-03-19,11,25.7,74,4.0,10.0,0.0,Sunny
2025-03-19 12:00:00,2025-03-19,12,30.0,68,2.5,10.0,0.0,Sunny
2025-03-19 13:00:00,2025-03-19,13,31.1,72,8.4,10.0,0.0,Partly Cloudy
2025-03-19 14:00:00,2025-03-19,14,30.4,67,8.1,10.0,0.0,Partly Cloudy
2025-03-19 15:00:00,2025-03-19,15,32.7,57,8.2,10.0,0.0,Sunny
2025-03-19 16:00:00,2025-03-19,16,30.6,54,11.7,10.0,0.0,Partly Cloudy
2025-03-19 17:00:00,2025-03-19,17,29.7,52,3.5,10.0,0.0,Partly Cloudy
2025-03-19 18:00:00,2025-03-19,18,30.0,42,2.0,10.0,0.0,Sunny
2025-03-19 19:00:00,2025-03-19,19,27.8,47,2.0,10.0,0.0,Clear
2025-03-19 20:00:00,2025-03-19,20,26.6,38,4.9,10.0,0.0,Clear
2025-03-19 21:00:00,2025-03-19,21,21.4,35,8.7,10.0,0.0,Clear
2025-03-19 22:00:00,2025-03-19,22,22.7,43,6.2,10.0,0.0,Clear
2025-03-19 23:00:00,2025-03-19,23,20.1,47,10.0,10.0,0.0,Clear
2025-03-20 00:00:00,2025-03-20,0,18.7,51,29.8,10.0,0.0,Clear
2025-03-20 01:00:00,2025-03-20,1,18.1,53,8.6,10.0,0.0,Clear
2025-03-20 02:00:00,2025-03-20,2,16.9,53,12.3,10.0,0.0,Clear
2025-03-20 03:00:00,2025-03-20,3,18.4,67,10.6,10.0,0.0,Clear
2025-03-20 04:00:00,2025-03-20,4,16.3,65,20.0,10.0,0.0,Clear
2025-03-20 05:00:00,2025-03-20,5,16.2,65,8.7,10.0,0.0,Clear
2025-03-20 06:00:00,2025-03-20,6,19.2,77,2.8,10.0,0.0,Clear
2025-03-20 07:00:00,2025-03-20,7,22.3,77,4.0,10.0,0.0,Hazy
2025-03-20 08:00:00,2025-03-20,8,21.7,86,20.2,10.0,0.0,Sunny
2025-03-20 09:00:00,2025-03-20,9,23.7,84,6.5,10.0,0.0,Sunny
2025-03-20 10:00:00,2025-03-20,10,25.3,76,4.3,10.0,0.0,Sunny
2025-03-20 11:00:00,2025-03-20,11,30.3,71,9.7,10.0,0.0,Sunny
2025-03-20 12:00:00,2025-03-20,12,29.7,71,19.2,10.0,0.0,Sunny
2025-03-20 13:00:00,2025-03-20,13,28.9,60,7.9,10.0,0.0,Partly Cloudy
2025-03-20 14:00:00,2025-03-20,14,30.0,65,11.7,10.0,0.0,Sunny
2025-03-20 15:00:00,2025-03-20,15,29.6,64,38.1,10.0,0.0,Sunny
2025-03-20 16:00:00,2025-03-20,16,32.5,55,20.7,10.0,0.0,Sunny
2025-03-20 17:00:00,2025-03-20,17,27.8,53,11.8,10.0,0.0,Partly Cloudy
2025-03-20 18:00:00,2025-03-20,18,27.4,50,9.0,10.0,0.0,Partly Cloudy
2025-03-20 19:00:00,2025-03-20,19,28.3,50,24.2,10.0,0.0,Clear
2025-03-20 20:00:00,2025-03-20,20,27.7,43,47.0,10.0,0.0,Clear
2025-03-20 21:00:00,2025-03-20,21,24.0,41,26.5,10.0,0.0,Clear
2025-03-20 22:00:00,2025-03-20,22,22.0,40,11.6,10.0,0.0,Clear
2025-03-20 23:00:00,2025-03-20,23,20.8,51,5.1,10.0,0.0,Clear
2025-03-21 00:00:00,2025-03-21,0,19.5,45,4.2,10.0,0.0,Clear
2025-03-21 01:00:00,2025-03-21,1,20.9,58,18.9,10.0,0.0,Clear
2025-03-21 02:00:00,2025-03-21,2,18.2,54,5.1,10.0,0.0,Clear
2025-03-21 03:00:00,2025-03-21,3,17.1,57,7.0,10.0,0.0,Clear
2025-03-21 04:00:00,2025-03-21,4,18.2,66,10.0,10.0,0.0,Clear
2025-03-21 05:00:00,2025-03-21,5,19.5,70,4.3,10.0,0.0,Clear
2025-03-21 06:00:00,2025-03-21,6,18.3,66,4.7,10.0,0.0,Clear
2025-03-21 07:00:00,2025-03-21,7,21.1,78,3.2,10.0,0.0,Sunny
2025-03-21 08:00:00,2025-03-21,8,22.3,70,14.5,10.0,0.0,Partly Cloudy
2025-03-21 09:00:00,2025-03-21,9,22.6,85,13.3,10.0,0.0,Sunny
2025-03-21 10:00:00,2025-03-21,10,25.2,72,16.4,10.0,0.0,Sunny
2025-03-21 11:00:00,2025-03-21,11,26.7,77,25.3,10.0,0.0,Partly Cloudy
2025-03-21 12:00:00,2025-03-21,12,28.0,75,4.8,10.0,0.0,Sunny
2025-03-21 13:00:00,2025-03-21,13,31.9,73,2.6,10.0,0.0,Sunny
2025-03-21 14:00:00,2025-03-21,14,30.3,59,8.1,10.0,0.0,Sunny
2025-03-21 15:00:00,2025-03-21,15,30.9,62,11.7,10.0,0.0,Sunny
2025-03-21 16:00:00,2025-03-21,16,31.1,51,2.0,10.0,0.0,Sunny
2025-03-21 17:00:00,2025-03-21,17,29.6,52,22.1,10.0,0.0,Sunny
2025-03-21 18:00:00,2025-03-21,18,28.1,40,9.1,10.0,0.0,Partly Cloudy
2025-03-21 19:00:00,2025-03-21,19,29.0,47,23.0,10.0,0.0,Clear
2025-03-21 20:00:00,2025-03-21,20,27.5,48,9.7,10.0,0.0,Clear
2025-03-21 21:00:00,2025-03-21,21,25.1,41,2.0,10.0,0.0,Clear
2025-03-21 22:00:00,2025-03-21,22,22.2,43,10.8,10.0,0.0,Clear
2025-03-21 23:00:00,2025-03-21,23,21.2,47,9.8,10.0,0.0,Clear
2025-03-22 00:00:00,2025-03-22,0,18.4,49,2.0,10.0,0.0,Clear
2025-03-22 01:00:00,2025-03-22,1,18.5,45,40.5,10.0,0.0,Clear
2025-03-22 02:00:00,2025-03-22,2,16.3,50,24.6,10.0,0.0,Clear
2025-03-22 03:00:00,2025-03-22,3,18.5,58,20.3,10.0,0.0,Clear
2025-03-22 04:00:00,2025-03-22,4,19.7,65,37.7,10.0,0.0,Clear
2025-03-22 05:00:00,2025-03-22,5,17.0,67,3.9,10.0,0.0,Clear
2025-03-22 06:00:00,2025-03-22,6,21.5,73,12.5,10.0,0.0,Clear
2025-03-22 07:00:00,2025-03-22,7,21.5,80,13.6,10.0,0.0,Partly Cloudy
2025-03-22 08:00:00,2025-03-22,8,21.4,76,26.4,10.0,0.0,Sunny
2025-03-22 09:00:00,2025-03-22,9,24.3,74,3.6,10.0,0.0,Sunny
2025-03-22 10:00:00,2025-03-22,10,27.5,79,9.7,10.0,0.0,Hazy
2025-03-22 11:00:00,2025-03-22,11,28.7,80,19.6,10.0,0.0,Sunny
2025-03-22 12:00:00,2025-03-22,12,30.0,74,27.2,10.0,0.0,Sunny
2025-03-22 13:00:00,2025-03-22,13,29.2,67,5.6,10.0,0.0,Partly Cloudy
2025-03-22 14:00:00,2025-03-22,14,29.2,64,15.1,10.0,0.0,Sunny
2025-03-22 15:00:00,2025-03-22,15,30.5,58,11.9,10.0,0.0,Partly Cloudy
2025-03-22 16:00:00,2025-03-22,16,30.4,56,6.8,10.0,0.0,Partly Cloudy
2025-03-22 17:00:00,2025-03-22,17,29.4,43,3.8,10.0,0.0,Partly Cloudy
2025-03-22 18:00:00,2025-03-22,18,27.9,48,23.5,10.0,0.0,Sunny
2025-03-22 19:00:00,2025-03-22,19,26.0,44,24.8,10.0,0.0,Clear
2025-03-22 20:00:00,2025-03-22,20,26.5,46,19.3,10.0,0.0,Clear
2025-03-22 21:00:00,2025-03-22,21,23.2,36,6.3,10.0,0.0,Clear
2025-03-22 22:00:00,2025-03-22,22,23.3,38,10.2,10.0,0.0,Clear
2025-03-22 23:00:00,2025-03-22,23,20.4,46,18.4,10.0,0.0,Clear
2025-03-23 00:00:00,2025-03-23,0,19.3,52,6.3,10.0,0.0,Clear
2025-03-23 01:00:00,2025-03-23,1,17.0,50,2.4,10.0,0.0,Clear
2025-03-23 02:00:00,2025-03-23,2,18.2,54,18.4,10.0,0.0,Clear
2025-03-23 03:00:00,2025-03-23,3,17.2,57,4.0,10.0,0.0,Clear
2025-03-23 04:00:00,2025-03-23,4,16.4,65,16.7,10.0,0.0,Clear
2025-03-23 05:00:00,2025-03-23,5,18.1,65,2.0,10.0,0.0,Clear
2025-03-23 06:00:00,2025-03-23,6,18.4,67,12.7,10.0,0.0,Clear
2025-03-23 07:00:00,2025-03-23,7,18.9,78,41.4,10.0,0.0,Partly Cloudy
2025-03-23 08:00:00,2025-03-23,8,23.2,74,25.2,10.0,0.0,Partly Cloudy
2025-03-23 09:00:00,2025-03-23,9,22.6,81,13.1,10.0,0.0,Sunny
2025-03-23 10:00:00,2025-03-23,10,26.2,77,22.0,10.0,0.0,Sunny
2025-03-23 11:00:00,2025-03-23,11,30.0,79,6.3,10.0,0.0,Sunny
2025-03-23 12:00:00,2025-03-23,12,27.5,68,12.7,10.0,0.0,Sunny
2025-03-23 13:00:00,2025-03-23,13,30.2,72,2.0,10.0,0.0,Partly Cloudy
2025-03-23 14:00:00,2025-03-23,14,29.8,65,19.2,10.0,0.0,Sunny
2025-03-23 15:00:00,2025-03-23,15,30.8,54,18.2,10.0,0.0,Sunny
2025-03-23 16:00:00,2025-03-23,16,28.2,52,20.9,10.0,0.0,Partly Cloudy
2025-03-23 17:00:00,2025-03-23,17,30.1,48,14.9,10.0,0.0,Sunny
2025-03-23 18:00:00,2025-03-23,18,28.7,49,30.9,10.0,0.0,Partly Cloudy
2025-03-23 19:00:00,2025-03-23,19,30.1,41,17.5,10.0,0.0,Clear
2025-03-23 20:00:00,2025-03-23,20,23.2,38,7.5,10.0,0.0,Clear
2025-03-23 21:00:00,2025-03-23,21,23.4,40,17.4,10.0,0.0,Clear
2025-03-23 22:00:00,2025-03-23,22,22.9,46,16.3,10.0,0.0,Clear
2025-03-23 23:00:00,2025-03-23,23,21.8,45,6.8,10.0,0.0,Clear
2025-03-24 00:00:00,2025-03-24,0,19.3,46,15.3,10.0,0.0,Clear
2025-03-24 01:00:00,2025-03-24,1,19.9,53,4.7,10.0,0.0,Clear
2025-03-24 02:00:00,2025-03-24,2,17.8,51,5.7,10.0,0.0,Clear
2025-03-24 03:00:00,2025-03-24,3,17.7,67,6.9,10.0,0.0,Clear
2025-03-24 04:00:00,2025-03-24,4,15.6,71,16.7,10.0,0.0,Clear
2025-03-24 05:00:00,2025-03-24,5,19.1,67,2.2,10.0,0.0,Clear
2025-03-24 06:00:00,2025-03-24,6,21.2,73,47.5,10.0,0.0,Clear
2025-03-24 07:00:00,2025-03-24,7,19.6,75,38.8,10.0,0.0,Sunny
2025-03-24 08:00:00,2025-03-24,8,21.8,75,7.6,10.0,0.0,Partly Cloudy
2025-03-24 09:00:00,2025-03-24,9,22.3,82,10.5,10.0,0.0,Sunny
2025-03-24 10:00:00,2025-03-24,10,26.2,71,14.9,10.0,0.0,Sunny
2025-03-24 11:00:00,2025-03-24,11,27.1,74,5.9,10.0,0.0,Sunny
2025-03-24 12:00:00,2025-03-24,12,29.6,75,9.1,10.0,0.0,Partly Cloudy
2025-03-24 13:00:00,2025-03-24,13,29.5,75,17.4,10.0,0.0,Sunny
2025-03-24 14:00:00,2025-03-24,14,30.2,70,13.4,10.0,0.0,Sunny
2025-03-24 15:00:00,2025-03-24,15,30.4,57,2.6,10.0,0.0,Hazy
2025-03-24 16:00:00,2025-03-24,16,30.5,52,22.1,10.0,0.0,Sunny
2025-03-24 17:00:00,2025-03-24,17,29.7,49,37.7,10.0,0.0,Sunny
2025-03-24 18:00:00,2025-03-24,18,29.1,53,19.5,10.0,0.0,Sunny
2025-03-24 19:00:00,2025-03-24,19,29.0,46,7.0,10.0,0.0,Clear
2025-03-24 20:00:00,2025-03-24,20,26.9,54,7.0,10.0,0.0,Clear
2025-03-24 21:00:00,2025-03-24,21,26.1,44,7.4,10.0,0.0,Clear
2025-03-24 22:00:00,2025-03-24,22,20.9,49,17.0,10.0,0.0,Clear
2025-03-24 23:00:00,2025-03-24,23,19.8,44,15.4,10.0,0.0,Clear
2025-03-25 00:00:00,2025-03-25,0,20.7,44,17.1,10.0,0.0,Clear
2025-03-25 01:00:00,2025-03-25,1,17.2,61,16.0,10.0,0.0,Clear
2025-03-25 02:00:00,2025-03-25,2,19.7,50,51.1,10.0,0.0,Clear
2025-03-25 03:00:00,2025-03-25,3,16.9,61,19.6,10.0,0.0,Clear
2025-03-25 04:00:00,2025-03-25,4,17.5,65,2.0,10.0,0.0,Clear
2025-03-25 05:00:00,2025-03-25,5,17.9,67,2.0,10.0,0.0,Clear
2025-03-25 06:00:00,2025-03-25,6,19.4,74,2.2,10.0,0.0,Clear
2025-03-25 07:00:00,2025-03-25,7,22.7,75,11.8,10.0,0.0,Partly Cloudy
2025-03-25 08:00:00,2025-03-25,8,23.9,74,8.6,10.0,0.0,Partly Cloudy
2025-03-25 09:00:00,2025-03-25,9,26.3,73,4.9,10.0,0.0,Sunny
2025-03-25 10:00:00,2025-03-25,10,28.4,79,2.0,10.0,0.0,Sunny
2025-03-25 11:00:00,2025-03-25,11,26.7,72,24.7,10.0,0.0,Partly Cloudy
2025-03-25 12:00:00,2025-03-25,12,27.4,71,8.6,10.0,0.0,Sunny
2025-03-25 13:00:00,2025-03-25,13,29.8,66,30.5,10.0,0.0,Partly Cloudy
2025-03-25 14:00:00,2025-03-25,14,30.7,61,11.0,10.0,0.0,Partly Cloudy
2025-03-25 15:00:00,2025-03-25,15,28.7,59,6.6,10.0,0.0,Sunny
2025-03-25 16:00:00,2025-03-25,16,31.2,50,5.6,10.0,0.0,Sunny
2025-03-25 17:00:00,2025-03-25,17,28.4,50,4.6,10.0,0.0,Sunny
2025-03-25 18:00:00,2025-03-25,18,28.1,49,14.0,10.0,0.0,Sunny
2025-03-25 19:00:00,2025-03-25,19,28.1,47,5.2,10.0,0.0,Clear
2025-03-25 20:00:00,2025-03-25,20,26.3,41,11.6,10.0,0.0,Clear
2025-03-25 21:00:00,2025-03-25,21,24.1,39,34.7,10.0,0.0,Clear
2025-03-25 22:00:00,2025-03-25,22,22.6,47,2.3,10.0,0.0,Clear
2025-03-25 23:00:00,2025-03-25,23,21.5,46,5.8,10.0,0.0,Clear
2025-03-26 00:00:00,2025-03-26,0,18.7,49,6.5,10.0,0.0,Clear
2025-03-26 01:00:00,2025-03-26,1,18.8,56,12.9,10.0,0.0,Clear
2025-03-26 02:00:00,2025-03-26,2,17.7,59,10.2,10.0,0.0,Clear
2025-03-26 03:00:00,2025-03-26,3,17.7,63,10.4,10.0,0.0,Clear
2025-03-26 04:00:00,2025-03-26,4,19.1,57,26.1,10.0,0.0,Clear
2025-03-26 05:00:00,2025-03-26,5,18.7,67,6.8,10.0,0.0,Clear
2025-03-26 06:00:00,2025-03-26,6,21.1,67,3.7,10.0,0.0,Clear
2025-03-26 07:00:00,2025-03-26,7,20.2,81,8.8,10.0,0.0,Partly Cloudy
2025-03-26 08:00:00,2025-03-26,8,22.2,76,16.8,10.0,0.0,Sunny
2025-03-26 09:00:00,2025-03-26,9,22.2,75,4.8,10.0,0.0,Sunny
2025-03-26 10:00:00,2025-03-26,10,24.5,79,2.0,10.0,0.0,Hazy
2025-03-26 11:00:00,2025-03-26,11,26.8,78,52.2,10.0,0.0,Sunny
2025-03-26 12:00:00,2025-03-26,12,29.2,75,7.3,10.0,0.0,Partly Cloudy
2025-03-26 13:00:00,2025-03-26,13,29.0,69,12.0,10.0,0.0,Sunny
2025-03-26 14:00:00,2025-03-26,14,29.0,69,12.3,10.0,0.0,Partly Cloudy
2025-03-26 15:00:00,2025-03-26,15,30.9,59,9.6,10.0,0.0,Sunny
2025-03-26 16:00:00,2025-03-26,16,28.3,49,3.3,10.0,0.0,Partly Cloudy
2025-03-26 17:00:00,2025-03-26,17,27.7,49,6.3,10.0,0.0,Partly Cloudy
2025-03-26 18:00:00,2025-03-26,18,27.6,45,15.6,10.0,0.0,Sunny
2025-03-26 19:00:00,2025-03-26,19,27.7,47,4.7,10.0,0.0,Clear
2025-03-26 20:00:00,2025-03-26,20,24.6,46,27.8,10.0,0.0,Clear
2025-03-26 21:00:00,2025-03-26,21,24.1,39,6.9,10.0,0.0,Clear
2025-03-26 22:00:00,2025-03-26,22,23.2,34,12.3,10.0,0.0,Clear
2025-03-26 23:00:00,2025-03-26,23,21.3,52,31.4,10.0,0.0,Clear
2025-03-27 00:00:00,2025-03-27,0,21.5,48,2.6,10.0,0.0,Clear
2025-03-27 01:00:00,2025-03-27,1,18.6,43,6.1,10.0,0.0,Clear
2025-03-27 02:00:00,2025-03-27,2,19.4,49,7.9,10.0,0.0,Clear
2025-03-27 03:00:00,2025-03-27,3,18.2,61,8.4,10.0,0.0,Clear
2025-03-27 04:00:00,2025-03-27,4,17.3,63,2.2,10.0,0.0,Clear
2025-03-27 05:00:00,2025-03-27,5,17.2,74,13.4,10.0,0.0,Clear
2025-03-27 06:00:00,2025-03-27,6,19.6,71,13.9,10.0,0.0,Clear
2025-03-27 07:00:00,2025-03-27,7,19.2,75,13.3,10.0,0.0,Sunny
2025-03-27 08:00:00,2025-03-27,8,22.1,75,19.6,10.0,0.0,Partly Cloudy
2025-03-27 09:00:00,2025-03-27,9,23.8,77,2.0,10.0,0.0,Sunny
2025-03-27 10:00:00,2025-03-27,10,27.1,78,10.8,10.0,0.0,Sunny
2025-03-27 11:00:00,2025-03-27,11,26.4,81,9.0,10.0,0.0,Sunny
2025-03-27 12:00:00,2025-03-27,12,29.1,74,3.2,10.0,0.0,Sunny
2025-03-27 13:00:00,2025-03-27,13,28.5,69,5.5,10.0,0.0,Sunny
2025-03-27 14:00:00,2025-03-27,14,31.3,68,5.4,10.0,0.0,Partly Cloudy
2025-03-27 15:00:00,2025-03-27,15,32.3,65,3.6,10.0,0.0,Sunny
2025-03-27 16:00:00,2025-03-27,16,29.3,50,13.0,10.0,0.0,Sunny
2025-03-27 17:00:00,2025-03-27,17,29.8,48,6.4,10.0,0.0,Sunny
2025-03-27 18:00:00,2025-03-27,18,31.7,48,17.0,10.0,0.0,Sunny
2025-03-27 19:00:00,2025-03-27,19,26.4,44,20.0,10.0,0.0,Clear
2025-03-27 20:00:00,2025-03-27,20,23.9,40,23.7,10.0,0.0,Clear
2025-03-27 21:00:00,2025-03-27,21,24.3,34,2.0,10.0,0.0,Clear
2025-03-27 22:00:00,2025-03-27,22,21.0,41,2.0,10.0,0.0,Clear
2025-03-27 23:00:00,2025-03-27,23,21.2,46,4.1,10.0,0.0,Clear
2025-03-28 00:00:00,2025-03-28,0,20.4,53,9.8,10.0,0.0,Clear
2025-03-28 01:00:00,2025-03-28,1,17.1,51,6.6,10.0,0.0,Clear
2025-03-28 02:00:00,2025-03-28,2,16.0,55,16.1,10.0,0.0,Clear
2025-03-28 03:00:00,2025-03-28,3,18.7,57,8.4,10.0,0.0,Clear
2025-03-28 04:00:00,2025-03-28,4,19.8,65,16.3,10.0,0.0,Clear
2025-03-28 05:00:00,2025-03-28,5,18.0,67,3.8,10.0,0.0,Clear
2025-03-28 06:00:00,2025-03-28,6,21.1,75,11.9,10.0,0.0,Clear
2025-03-28 07:00:00,2025-03-28,7,22.9,77,3.6,10.0,0.0,Partly Cloudy
2025-03-28 08:00:00,2025-03-28,8,23.2,83,6.6,10.0,0.0,Sunny
2025-03-28 09:00:00,2025-03-28,9,24.2,79,6.9,10.0,0.0,Sunny
2025-03-28 10:00:00,2025-03-28,10,26.5,80,4.3,10.0,0.0,Partly Cloudy
2025-03-28 11:00:00,2025-03-28,11,28.3,70,19.3,10.0,0.0,Sunny
2025-03-28 12:00:00,2025-03-28,12,25.9,74,3.6,10.0,0.0,Sunny
2025-03-28 13:00:00,2025-03-28,13,29.5,72,2.0,10.0,0.0,Sunny
2025-03-28 14:00:00,2025-03-28,14,28.7,65,3.1,10.0,0.0,Partly Cloudy
2025-03-28 15:00:00,2025-03-28,15,29.4,60,11.6,10.0,0.0,Sunny
2025-03-28 16:00:00,2025-03-28,16,30.7,55,9.1,10.0,0.0,Sunny
2025-03-28 17:00:00,2025-03-28,17,29.5,58,4.5,10.0,0.0,Partly Cloudy
2025-03-28 18:00:00,2025-03-28,18,28.6,41,4.8,10.0,0.0,Hazy
2025-03-28 19:00:00,2025-03-28,19,27.1,49,11.7,10.0,0.0,Clear
2025-03-28 20:00:00,2025-03-28,20,25.5,44,26.3,10.0,0.0,Clear
2025-03-28 21:00:00,2025-03-28,21,24.0,40,2.0,10.0,0.0,Clear
2025-03-28 22:00:00,2025-03-28,22,24.2,45,13.3,10.0,0.0,Clear
2025-03-28 23:00:00,2025-03-28,23,21.5,46,14.8,10.0,0.0,Clear
2025-03-29 00:00:00,2025-03-29,0,18.3,43,6.3,10.0,0.0,Clear
2025-03-29 01:00:00,2025-03-29,1,17.8,55,12.6,10.0,0.0,Clear
2025-03-29 02:00:00,2025-03-29,2,18.5,56,23.3,10.0,0.0,Clear
2025-03-29 03:00:00,2025-03-29,3,17.2,57,13.6,10.0,0.0,Clear
2025-03-29 04:00:00,2025-03-29,4,18.3,71,36.4,10.0,0.0,Clear
2025-03-29 05:00:00,2025-03-29,5,18.3,71,5.8,10.0,0.0,Clear
2025-03-29 06:00:00,2025-03-29,6,19.7,74,3.5,10.0,0.0,Clear
2025-03-29 07:00:00,2025-03-29,7,22.3,80,28.8,10.0,0.0,Partly Cloudy
2025-03-29 08:00:00,2025-03-29,8,22.8,78,19.1,10.0,0.0,Hazy
2025-03-29 09:00:00,2025-03-29,9,26.3,81,16.5,10.0,0.0,Sunny
2025-03-29 10:00:00,2025-03-29,10,24.9,81,5.5,10.0,0.0,Sunny
2025-03-29 11:00:00,2025-03-29,11,26.2,73,2.6,10.0,0.0,Sunny
2025-03-29 12:00:00,2025-03-29,12,29.1,72,15.0,10.0,0.0,Partly Cloudy
2025-03-29 13:00:00,2025-03-29,13,29.4,67,6.9,10.0,0.0,Hazy
2025-03-29 14:00:00,2025-03-29,14,30.4,70,13.0,10.0,0.0,Sunny
2025-03-29 15:00:00,2025-03-29,15,30.9,54,22.0,10.0,0.0,Sunny
2025-03-29 16:00:00,2025-03-29,16,28.7,57,8.7,10.0,0.0,Sunny
2025-03-29 17:00:00,2025-03-29,17,27.0,56,14.7,10.0,0.0,Partly Cloudy
2025-03-29 18:00:00,2025-03-29,18,29.5,42,13.5,10.0,0.0,Sunny
2025-03-29 19:00:00,2025-03-29,19,25.5,45,18.9,10.0,0.0,Clear
2025-03-29 20:00:00,2025-03-29,20,25.1,47,6.4,10.0,0.0,Clear
2025-03-29 21:00:00,2025-03-29,21,23.8,41,4.7,10.0,0.0,Clear
2025-03-29 22:00:00,2025-03-29,22,22.2,43,10.3,10.0,0.0,Clear
2025-03-29 23:00:00,2025-03-29,23,21.7,44,3.2,10.0,0.0,Clear
2025-03-30 00:00:00,2025-03-30,0,20.2,43,16.1,10.0,0.0,Clear
2025-03-30 01:00:00,2025-03-30,1,18.7,50,46.8,10.0,0.0,Clear
2025-03-30 02:00:00,2025-03-30,2,18.4,53,6.1,10.0,0.0,Clear
2025-03-30 03:00:00,2025-03-30,3,16.3,54,12.8,10.0,0.0,Clear
2025-03-30 04:00:00,2025-03-30,4,16.8,70,25.7,10.0,0.0,Clear
2025-03-30 05:00:00,2025-03-30,5,22.7,71,6.1,10.0,0.0,Clear
2025-03-30 06:00:00,2025-03-30,6,19.6,71,5.0,10.0,0.0,Clear
2025-03-30 07:00:00,2025-03-30,7,21.8,74,26.4,10.0,0.0,Sunny
2025-03-30 08:00:00,2025-03-30,8,20.9,76,5.8,10.0,0.0,Sunny
2025-03-30 09:00:00,2025-03-30,9,24.9,75,12.8,10.0,0.0,Sunny
2025-03-30 10:00:00,2025-03-30,10,25.4,76,14.1,10.0,0.0,Partly Cloudy
2025-03-30 11:00:00,2025-03-30,11,26.6,72,9.9,10.0,0.0,Partly Cloudy
2025-03-30 12:00:00,2025-03-30,12,30.7,76,3.9,10.0,0.0,Partly Cloudy
2025-03-30 13:00:00,2025-03-30,13,31.5,62,27.5,10.0,0.0,Partly Cloudy
2025-03-30 14:00:00,2025-03-30,14,30.2,65,2.9,10.0,0.0,Sunny
2025-03-30 15:00:00,2025-03-30,15,30.8,56,20.2,10.0,0.0,Partly Cloudy
2025-03-30 16:00:00,2025-03-30,16,29.8,59,4.2,10.0,0.0,Sunny
2025-03-30 17:00:00,2025-03-30,17,28.3,50,11.4,10.0,0.0,Sunny
2025-03-30 18:00:00,2025-03-30,18,28.7,49,22.5,10.0,0.0,Sunny
2025-03-30 19:00:00,2025-03-30,19,27.5,42,3.9,10.0,0.0,Clear
2025-03-30 20:00:00,2025-03-30,20,26.9,48,11.6,10.0,0.0,Clear
2025-03-30 21:00:00,2025-03-30,21,24.7,37,34.6,10.0,0.0,Clear
2025-03-30 22:00:00,2025-03-30,22,21.1,40,7.6,10.0,0.0,Clear
2025-03-30 23:00:00,2025-03-30,23,18.3,40,10.7,10.0,0.0,Clear
2025-03-31 00:00:00,2025-03-31,0,19.0,47,2.0,10.0,0.0,Clear
2025-03-31 01:00:00,2025-03-31,1,16.8,51,3.7,10.0,0.0,Clear
2025-03-31 02:00:00,2025-03-31,2,17.6,50,2.6,10.0,0.0,Clear
2025-03-31 03:00:00,2025-03-31,3,18.0,56,6.9,10.0,0.0,Clear
2025-03-31 04:00:00,2025-03-31,4,18.1,60,16.0,10.0,0.0,Clear
2025-03-31 05:00:00,2025-03-31,5,17.8,63,16.0,10.0,0.0,Clear
2025-03-31 06:00:00,2025-03-31,6,19.9,70,6.7,10.0,0.0,Clear
2025-03-31 07:00:00,2025-03-31,7,22.4,83,12.0,10.0,0.0,Sunny
2025-03-31 08:00:00,2025-03-31,8,22.8,78,23.2,10.0,0.0,Partly Cloudy
2025-03-31 09:00:00,2025-03-31,9,24.5,75,10.5,10.0,0.0,Sunny
2025-03-31 10:00:00,2025-03-31,10,25.1,76,3.2,10.0,0.0,Sunny
2025-03-31 11:00:00,2025-03-31,11,27.5,69,5.2,10.0,0.0,Sunny
2025-03-31 12:00:00,2025-03-31,12,30.5,67,54.0,10.0,0.0,Partly Cloudy
2025-03-31 13:00:00,2025-03-31,13,29.6,66,8.8,10.0,0.0,Sunny
2025-03-31 14:00:00,2025-03-31,14,29.9,60,11.6,10.0,0.0,Hazy
2025-03-31 15:00:00,2025-03-31,15,32.0,63,2.0,10.0,0.0,Partly Cloudy
2025-03-31 16:00:00,2025-03-31,16,30.1,63,3.3,10.0,0.0,Partly Cloudy
2025-03-31 17:00:00,2025-03-31,17,30.4,54,13.7,10.0,0.0,Sunny
2025-03-31 18:00:00,2025-03-31,18,28.9,44,2.0,10.0,0.0,Sunny
2025-03-31 19:00:00,2025-03-31,19,27.9,44,11.8,10.0,0.0,Clear
2025-03-31 20:00:00,2025-03-31,20,26.7,45,16.2,10.0,0.0,Clear
2025-03-31 21:00:00,2025-03-31,21,25.6,44,7.9,10.0,0.0,Clear
2025-03-31 22:00:00,2025-03-31,22,23.6,49,17.4,10.0,0.0,Clear
2025-03-31 23:00:00,2025-03-31,23,22.6,40,16.5,10.0,0.0,Clear
2025-04-01 00:00:00,2025-04-01,0,23.2,43,9.7,10.0,0.0,Clear
2025-04-01 01:00:00,2025-04-01,1,21.0,46,5.5,10.0,0.0,Clear
2025-04-01 02:00:00,2025-04-01,2,21.6,49,3.0,10.0,0.0,Clear
2025-04-01 03:00:00,2025-04-01,3,25.0,49,6.2,10.0,0.0,Clear
2025-04-01 04:00:00,2025-04-01,4,21.7,54,7.9,10.0,0.0,Clear
2025-04-01 05:00:00,2025-04-01,5,20.2,69,8.5,10.0,0.0,Clear
2025-04-01 06:00:00,2025-04-01,6,26.7,71,18.9,10.0,0.0,Clear
2025-04-01 07:00:00,2025-04-01,7,25.1,66,7.2,10.0,0.0,Sunny
2025-04-01 08:00:00,2025-04-01,8,25.4,65,7.7,10.0,0.0,Sunny
2025-04-01 09:00:00,2025-04-01,9,26.7,73,21.8,10.0,0.0,Hazy
2025-04-01 10:00:00,2025-04-01,10,29.9,72,16.1,10.0,0.0,Sunny
2025-04-01 11:00:00,2025-04-01,11,32.2,64,11.9,10.0,0.0,Partly Cloudy
2025-04-01 12:00:00,2025-04-01,12,33.5,76,12.9,10.0,0.0,Sunny
2025-04-01 13:00:00,2025-04-01,13,34.8,69,11.6,10.0,0.0,Sunny
2025-04-01 14:00:00,2025-04-01,14,32.6,55,21.3,10.0,0.0,Partly Cloudy
2025-04-01 15:00:00,2025-04-01,15,33.2,60,2.0,10.0,0.0,Partly Cloudy
2025-04-01 16:00:00,2025-04-01,16,34.3,51,10.6,10.0,0.0,Partly Cloudy
2025-04-01 17:00:00,2025-04-01,17,35.1,49,12.9,10.0,0.0,Hazy
2025-04-01 18:00:00,2025-04-01,18,32.2,39,17.2,10.0,0.0,Sunny
2025-04-01 19:00:00,2025-04-01,19,28.6,42,7.2,10.0,0.0,Clear
2025-04-01 20:00:00,2025-04-01,20,30.8,46,2.0,10.0,0.0,Clear
2025-04-01 21:00:00,2025-04-01,21,24.8,42,4.9,10.0,0.0,Clear
2025-04-01 22:00:00,2025-04-01,22,25.8,41,9.7,10.0,0.0,Clear
2025-04-01 23:00:00,2025-04-01,23,25.8,32,11.4,10.0,0.0,Clear
2025-04-02 00:00:00,2025-04-02,0,24.4,46,10.2,10.0,0.0,Clear
2025-04-02 01:00:00,2025-04-02,1,20.5,48,2.0,10.0,0.0,Clear
2025-04-02 02:00:00,2025-04-02,2,22.9,47,25.2,10.0,0.0,Clear
2025-04-02 03:00:00,2025-04-02,3,23.2,54,5.4,10.0,0.0,Clear
2025-04-02 04:00:00,2025-04-02,4,22.6,59,3.5,10.0,0.0,Clear
2025-04-02 05:00:00,2025-04-02,5,20.6,66,4.2,5.2,1.4,Light Rain
2025-04-02 06:00:00,2025-04-02,6,22.4,62,3.8,5.2,3.6,Light Rain
2025-04-02 07:00:00,2025-04-02,7,22.3,71,22.1,5.2,3.6,Light Rain
2025-04-02 08:00:00,2025-04-02,8,26.1,79,11.1,5.2,1.4,Light Rain
2025-04-02 09:00:00,2025-04-02,9,29.9,75,8.8,10.0,0.0,Sunny
2025-04-02 10:00:00,2025-04-02,10,29.3,68,2.0,10.0,0.0,Hazy
2025-04-02 11:00:00,2025-04-02,11,32.3,72,17.8,10.0,0.0,Sunny
2025-04-02 12:00:00,2025-04-02,12,33.9,70,26.6,10.0,0.0,Sunny
2025-04-02 13:00:00,2025-04-02,13,33.4,56,27.4,10.0,0.0,Sunny
2025-04-02 14:00:00,2025-04-02,14,31.6,61,11.2,10.0,0.0,Hazy
2025-04-02 15:00:00,2025-04-02,15,34.8,55,26.1,10.0,0.0,Sunny
2025-04-02 16:00:00,2025-04-02,16,30.6,44,31.6,10.0,0.0,Partly Cloudy
2025-04-02 17:00:00,2025-04-02,17,35.6,54,2.7,10.0,0.0,Sunny
2025-04-02 18:00:00,2025-04-02,18,33.4,44,8.8,10.0,0.0,Partly Cloudy
2025-04-02 19:00:00,2025-04-02,19,31.0,39,17.5,10.0,0.0,Clear
2025-04-02 20:00:00,2025-04-02,20,30.9,34,9.8,10.0,0.0,Clear
2025-04-02 21:00:00,2025-04-02,21,26.7,37,10.2,10.0,0.0,Clear
2025-04-02 22:00:00,2025-04-02,22,27.8,39,15.5,10.0,0.0,Clear
2025-04-02 23:00:00,2025-04-02,23,25.1,45,2.0,10.0,0.0,Clear
2025-04-03 00:00:00,2025-04-03,0,23.8,42,5.9,10.0,0.0,Clear
2025-04-03 01:00:00,2025-04-03,1,21.9,41,23.0,10.0,0.0,Clear
2025-04-03 02:00:00,2025-04-03,2,21.4,50,17.3,10.0,0.0,Clear
2025-04-03 03:00:00,2025-04-03,3,22.2,55,26.8,10.0,0.0,Clear
2025-04-03 04:00:00,2025-04-03,4,20.7,66,15.1,10.0,0.0,Clear
2025-04-03 05:00:00,2025-04-03,5,20.9,65,3.6,10.0,0.0,Clear
2025-04-03 06:00:00,2025-04-03,6,24.7,69,8.4,10.0,0.0,Clear
2025-04-03 07:00:00,2025-04-03,7,25.4,68,6.1,10.0,0.0,Sunny
2025-04-03 08:00:00,2025-04-03,8,25.2,74,5.5,10.0,0.0,Sunny
2025-04-03 09:00:00,2025-04-03,9,28.1,70,6.7,10.0,0.0,Partly Cloudy
2025-04-03 10:00:00,2025-04-03,10,29.7,73,12.2,10.0,0.0,Sunny
2025-04-03 11:00:00,2025-04-03,11,30.4,74,7.3,10.0,0.0,Sunny
2025-04-03 12:00:00,2025-04-03,12,32.9,68,6.0,10.0,0.0,Sunny
2025-04-03 13:00:00,2025-04-03,13,33.6,68,23.0,10.0,0.0,Sunny
2025-04-03 14:00:00,2025-04-03,14,35.4,65,7.8,10.0,0.0,Sunny
2025-04-03 15:00:00,2025-04-03,15,35.0,60,23.8,10.0,0.0,Partly Cloudy
2025-04-03 16:00:00,2025-04-03,16,33.6,51,5.8,10.0,0.0,Sunny
2025-04-03 17:00:00,2025-04-03,17,33.0,42,17.1,10.0,0.0,Partly Cloudy
2025-04-03 18:00:00,2025-04-03,18,33.1,38,20.2,10.0,0.0,Sunny
2025-04-03 19:00:00,2025-04-03,19,29.1,42,8.3,10.0,0.0,Clear
2025-04-03 20:00:00,2025-04-03,20,28.3,39,10.6,10.0,0.0,Clear
2025-04-03 21:00:00,2025-04-03,21,27.8,37,18.4,10.0,0.0,Clear
2025-04-03 22:00:00,2025-04-03,22,26.2,35,12.7,10.0,0.0,Clear
2025-04-03 23:00:00,2025-04-03,23,25.9,39,26.3,10.0,0.0,Clear
2025-04-04 00:00:00,2025-04-04,0,21.7,37,10.1,10.0,0.0,Clear
2025-04-04 01:00:00,2025-04-04,1,21.8,43,2.0,10.0,0.0,Clear
2025-04-04 02:00:00,2025-04-04,2,21.7,50,9.0,10.0,0.0,Clear
2025-04-04 03:00:00,2025-04-04,3,21.1,58,12.0,10.0,0.0,Clear
2025-04-04 04:00:00,2025-04-04,4,20.8,64,2.1,10.0,0.0,Clear
2025-04-04 05:00:00,2025-04-04,5,21.6,56,2.0,10.0,0.0,Clear
2025-04-04 06:00:00,2025-04-04,6,23.7,61,10.1,10.0,0.0,Clear
2025-04-04 07:00:00,2025-04-04,7,24.4,73,5.9,10.0,0.0,Sunny
2025-04-04 08:00:00,2025-04-04,8,25.9,73,12.5,10.0,0.0,Sunny
2025-04-04 09:00:00,2025-04-04,9,26.6,76,4.2,10.0,0.0,Partly Cloudy
2025-04-04 10:00:00,2025-04-04,10,32.4,70,6.4,10.0,0.0,Partly Cloudy
2025-04-04 11:00:00,2025-04-04,11,31.4,68,3.0,10.0,0.0,Sunny
2025-04-04 12:00:00,2025-04-04,12,34.5,65,2.2,10.0,0.0,Sunny
2025-04-04 13:00:00,2025-04-04,13,33.3,53,5.4,10.0,0.0,Sunny
2025-04-04 14:00:00,2025-04-04,14,34.4,55,5.6,10.0,0.0,Partly Cloudy
2025-04-04 15:00:00,2025-04-04,15,35.1,51,4.5,10.0,0.0,Hazy
2025-04-04 16:00:00,2025-04-04,16,34.1,47,4.7,10.0,0.0,Sunny
2025-04-04 17:00:00,2025-04-04,17,33.8,42,10.1,10.0,0.0,Sunny
2025-04-04 18:00:00,2025-04-04,18,32.9,39,4.5,10.0,0.0,Partly Cloudy
2025-04-04 19:00:00,2025-04-04,19,31.0,38,3.4,10.0,0.0,Clear
2025-04-04 20:00:00,2025-04-04,20,29.6,40,5.2,10.0,0.0,Clear
2025-04-04 21:00:00,2025-04-04,21,29.2,26,4.6,10.0,0.0,Clear
2025-04-04 22:00:00,2025-04-04,22,25.2,34,10.6,10.0,0.0,Clear
2025-04-04 23:00:00,2025-04-04,23,26.8,36,4.9,10.0,0.0,Clear
2025-04-05 00:00:00,2025-04-05,0,24.1,36,13.3,10.0,0.0,Clear
2025-04-05 01:00:00,2025-04-05,1,22.0,50,11.4,10.0,0.0,Clear
2025-04-05 02:00:00,2025-04-05,2,22.8,46,18.1,10.0,0.0,Clear
2025-04-05 03:00:00,2025-04-05,3,22.5,57,2.0,10.0,0.0,Clear
2025-04-05 04:00:00,2025-04-05,4,22.1,56,32.8,10.0,0.0,Clear
2025-04-05 05:00:00,2025-04-05,5,22.3,69,6.0,10.0,0.0,Clear
2025-04-05 06:00:00,2025-04-05,6,21.5,64,24.4,10.0,0.0,Clear
2025-04-05 07:00:00,2025-04-05,7,23.9,67,6.9,10.0,0.0,Sunny
2025-04-05 08:00:00,2025-04-05,8,26.4,72,8.2,10.0,0.0,Sunny
2025-04-05 09:00:00,2025-04-05,9,28.6,79,13.8,10.0,0.0,Sunny
2025-04-05 10:00:00,2025-04-05,10,29.8,74,9.4,10.0,0.0,Sunny
2025-04-05 11:00:00,2025-04-05,11,31.8,68,24.9,10.0,0.0,Partly Cloudy
2025-04-05 12:00:00,2025-04-05,12,32.3,68,30.5,10.0,0.0,Sunny
2025-04-05 13:00:00,2025-04-05,13,34.4,62,5.9,10.0,0.0,Sunny
2025-04-05 14:00:00,2025-04-05,14,36.9,66,26.1,10.0,0.0,Sunny
2025-04-05 15:00:00,2025-04-05,15,34.7,58,2.0,10.0,0.0,Sunny
2025-04-05 16:00:00,2025-04-05,16,34.2,50,10.0,10.0,0.0,Sunny
2025-04-05 17:00:00,2025-04-05,17,33.6,47,12.8,10.0,0.0,Sunny
2025-04-05 18:00:00,2025-04-05,18,33.6,40,5.8,10.0,0.0,Sunny
2025-04-05 19:00:00,2025-04-05,19,31.2,39,3.4,10.0,0.0,Clear
2025-04-05 20:00:00,2025-04-05,20,30.7,40,3.9,10.0,0.0,Clear
2025-04-05 21:00:00,2025-04-05,21,29.1,41,12.2,10.0,0.0,Clear
2025-04-05 22:00:00,2025-04-05,22,28.5,36,9.4,10.0,0.0,Clear
2025-04-05 23:00:00,2025-04-05,23,25.3,31,5.1,10.0,0.0,Clear
2025-04-06 00:00:00,2025-04-06,0,23.6,45,2.9,10.0,0.0,Clear
2025-04-06 01:00:00,2025-04-06,1,22.8,43,13.2,10.0,0.0,Clear
2025-04-06 02:00:00,2025-04-06,2,21.8,54,19.4,10.0,0.0,Clear
2025-04-06 03:00:00,2025-04-06,3,21.8,49,11.2,10.0,0.0,Clear
2025-04-06 04:00:00,2025-04-06,4,23.4,61,17.8,10.0,0.0,Clear
2025-04-06 05:00:00,2025-04-06,5,21.8,63,9.8,10.0,0.0,Clear
2025-04-06 06:00:00,2025-04-06,6,21.9,66,3.8,10.0,0.0,Clear
2025-04-06 07:00:00,2025-04-06,7,24.9,76,6.6,10.0,0.0,Sunny
2025-04-06 08:00:00,2025-04-06,8,26.6,69,8.8,10.0,0.0,Partly Cloudy
2025-04-06 09:00:00,2025-04-06,9,29.2,78,17.2,10.0,0.0,Sunny
2025-04-06 10:00:00,2025-04-06,10,29.5,81,3.8,10.0,0.0,Sunny
2025-04-06 11:00:00,2025-04-06,11,30.7,66,2.0,10.0,0.0,Sunny
2025-04-06 12:00:00,2025-04-06,12,31.9,64,7.8,10.0,0.0,Sunny
2025-04-06 13:00:00,2025-04-06,13,32.9,63,7.9,10.0,0.0,Sunny
2025-04-06 14:00:00,2025-04-06,14,33.3,59,18.5,10.0,0.0,Sunny
2025-04-06 15:00:00,2025-04-06,15,33.1,59,2.5,10.0,0.0,Sunny
2025-04-06 16:00:00,2025-04-06,16,31.7,55,8.7,10.0,0.0,Sunny
2025-04-06 17:00:00,2025-04-06,17,34.6,44,2.0,10.0,0.0,Partly Cloudy
2025-04-06 18:00:00,2025-04-06,18,32.9,39,4.0,10.0,0.0,Sunny
2025-04-06 19:00:00,2025-04-06,19,33.8,38,3.2,10.0,0.0,Clear
2025-04-06 20:00:00,2025-04-06,20,27.9,38,17.0,10.0,0.0,Clear
2025-04-06 21:00:00,2025-04-06,21,30.4,32,3.9,10.0,0.0,Clear
2025-04-06 22:00:00,2025-04-06,22,26.1,33,15.2,10.0,0.0,Clear
2025-04-06 23:00:00,2025-04-06,23,22.9,36,49.3,10.0,0.0,Clear
2025-04-07 00:00:00,2025-04-07,0,21.0,40,20.7,10.0,0.0,Clear
2025-04-07 01:00:00,2025-04-07,1,21.7,45,16.3,10.0,0.0,Clear
2025-04-07 02:00:00,2025-04-07,2,22.8,42,29.6,10.0,0.0,Clear
2025-04-07 03:00:00,2025-04-07,3,21.8,53,21.4,10.0,0.0,Clear
2025-04-07 04:00:00,2025-04-07,4,21.3,54,19.9,10.0,0.0,Clear
2025-04-07 05:00:00,2025-04-07,5,23.7,64,6.6,10.0,0.0,Clear
2025-04-07 06:00:00,2025-04-07,6,23.6,63,10.6,10.0,0.0,Clear
2025-04-07 07:00:00,2025-04-07,7,22.9,72,6.9,10.0,0.0,Partly Cloudy
2025-04-07 08:00:00,2025-04-07,8,27.9,72,15.8,10.0,0.0,Sunny
2025-04-07 09:00:00,2025-04-07,9,26.8,79,2.0,10.0,0.0,Sunny
2025-04-07 10:00:00,2025-04-07,10,28.4,74,12.1,10.0,0.0,Partly Cloudy
2025-04-07 11:00:00,2025-04-07,11,31.0,70,21.0,10.0,0.0,Partly Cloudy
2025-04-07 12:00:00,2025-04-07,12,33.0,68,5.7,10.0,0.0,Sunny
2025-04-07 13:00:00,2025-04-07,13,32.9,64,4.6,10.0,0.0,Sunny
2025-04-07 14:00:00,2025-04-07,14,32.2,57,11.4,10.0,0.0,Sunny
2025-04-07 15:00:00,2025-04-07,15,33.8,54,14.6,10.0,0.0,Sunny
2025-04-07 16:00:00,2025-04-07,16,35.5,48,4.0,10.0,0.0,Sunny
2025-04-07 17:00:00,2025-04-07,17,33.6,45,10.4,10.0,0.0,Sunny
2025-04-07 18:00:00,2025-04-07,18,33.9,40,16.1,10.0,0.0,Sunny
2025-04-07 19:00:00,2025-04-07,19,31.9,38,15.7,10.0,0.0,Clear
2025-04-07 20:00:00,2025-04-07,20,29.0,37,2.9,10.0,0.0,Clear
2025-04-07 21:00:00,2025-04-07,21,27.1,39,2.0,10.0,0.0,Clear
2025-04-07 22:00:00,2025-04-07,22,26.5,41,6.6,10.0,0.0,Clear
2025-04-07 23:00:00,2025-04-07,23,25.0,37,21.7,10.0,0.0,Clear
2025-04-08 00:00:00,2025-04-08,0,23.5,37,8.0,10.0,0.0,Clear
2025-04-08 01:00:00,2025-04-08,1,22.6,49,9.6,10.0,0.0,Clear
2025-04-08 02:00:00,2025-04-08,2,21.6,59,9.8,10.0,0.0,Clear
2025-04-08 03:00:00,2025-04-08,3,21.4,57,2.0,10.0,0.0,Clear
2025-04-08 04:00:00,2025-04-08,4,20.7,58,12.8,10.0,0.0,Clear
2025-04-08 05:00:00,2025-04-08,5,21.1,65,27.3,10.0,0.0,Clear
2025-04-08 06:00:00,2025-04-08,6,24.3,68,2.4,10.0,0.0,Clear
2025-04-08 07:00:00,2025-04-08,7,23.6,70,15.5,10.0,0.0,Sunny
2025-04-08 08:00:00,2025-04-08,8,24.1,69,39.3,10.0,0.0,Partly Cloudy
2025-04-08 09:00:00,2025-04-08,9,27.6,77,33.3,10.0,0.0,Partly Cloudy
2025-04-08 10:00:00,2025-04-08,10,30.0,69,5.5,10.0,0.0,Sunny
2025-04-08 11:00:00,2025-04-08,11,31.0,74,12.3,10.0,0.0,Hazy
2025-04-08 12:00:00,2025-04-08,12,31.2,70,9.1,10.0,0.0,Partly Cloudy
2025-04-08 13:00:00,2025-04-08,13,35.0,70,16.4,10.0,0.0,Partly Cloudy
2025-04-08 14:00:00,2025-04-08,14,34.6,63,16.6,10.0,0.0,Sunny
2025-04-08 15:00:00,2025-04-08,15,35.9,46,9.8,10.0,0.0,Sunny
2025-04-08 16:00:00,2025-04-08,16,34.2,45,4.1,10.0,0.0,Sunny
2025-04-08 17:00:00,2025-04-08,17,34.2,46,17.4,10.0,0.0,Sunny
2025-04-08 18:00:00,2025-04-08,18,31.2,49,4.0,10.0,0.0,Partly Cloudy
2025-04-08 19:00:00,2025-04-08,19,27.6,38,7.1,10.0,0.0,Clear
2025-04-08 20:00:00,2025-04-08,20,29.7,32,7.3,10.0,0.0,Clear
2025-04-08 21:00:00,2025-04-08,21,26.4,40,28.3,10.0,0.0,Clear
2025-04-08 22:00:00,2025-04-08,22,27.4,44,2.8,10.0,0.0,Clear
2025-04-08 23:00:00,2025-04-08,23,25.9,36,9.4,10.0,0.0,Clear
2025-04-09 00:00:00,2025-04-09,0,23.8,40,3.6,10.0,0.0,Clear
2025-04-09 01:00:00,2025-04-09,1,21.4,53,5.4,10.0,0.0,Clear
2025-04-09 02:00:00,2025-04-09,2,21.7,45,2.0,10.0,0.0,Clear
2025-04-09 03:00:00,2025-04-09,3,22.2,51,5.3,10.0,0.0,Clear
2025-04-09 04:00:00,2025-04-09,4,22.2,55,2.0,10.0,0.0,Clear
2025-04-09 05:00:00,2025-04-09,5,21.3,65,7.1,10.0,0.0,Clear
2025-04-09 06:00:00,2025-04-09,6,21.1,67,7.8,10.0,0.0,Clear
2025-04-09 07:00:00,2025-04-09,7,25.2,68,7.2,10.0,0.0,Hazy
2025-04-09 08:00:00,2025-04-09,8,26.3,76,22.1,10.0,0.0,Sunny
2025-04-09 09:00:00,2025-04-09,9,28.7,76,8.7,10.0,0.0,Sunny
2025-04-09 10:00:00,2025-04-09,10,29.7,78,10.2,10.0,0.0,Partly Cloudy
2025-04-09 11:00:00,2025-04-09,11,31.1,71,12.2,10.0,0.0,Partly Cloudy
2025-04-09 12:00:00,2025-04-09,12,32.4,71,14.6,10.0,0.0,Sunny
2025-04-09 13:00:00,2025-04-09,13,33.2,59,10.3,10.0,0.0,Sunny
2025-04-09 14:00:00,2025-04-09,14,37.2,63,28.2,10.0,0.0,Sunny
2025-04-09 15:00:00,2025-04-09,15,34.2,58,5.1,10.0,0.0,Sunny
2025-04-09 16:00:00,2025-04-09,16,33.9,47,13.2,10.0,0.0,Sunny
2025-04-09 17:00:00,2025-04-09,17,34.5,48,3.6,10.0,0.0,Sunny
2025-04-09 18:00:00,2025-04-09,18,33.1,43,3.1,10.0,0.0,Sunny
2025-04-09 19:00:00,2025-04-09,19,31.4,41,12.2,10.0,0.0,Clear
2025-04-09 20:00:00,2025-04-09,20,28.7,41,12.8,10.0,0.0,Clear
2025-04-09 21:00:00,2025-04-09,21,26.4,38,9.7,10.0,0.0,Clear
2025-04-09 22:00:00,2025-04-09,22,26.3,42,10.6,10.0,0.0,Clear
2025-04-09 23:00:00,2025-04-09,23,24.5,35,2.3,10.0,0.0,Clear
2025-04-10 00:00:00,2025-04-10,0,22.8,39,6.1,10.0,0.0,Clear
2025-04-10 01:00:00,2025-04-10,1,23.3,45,30.1,10.0,0.0,Clear
2025-04-10 02:00:00,2025-04-10,2,22.8,47,14.7,10.0,0.0,Clear
2025-04-10 03:00:00,2025-04-10,3,22.9,56,19.4,10.0,0.0,Clear
2025-04-10 04:00:00,2025-04-10,4,20.5,58,16.0,10.0,0.0,Clear
2025-04-10 05:00:00,2025-04-10,5,23.6,63,21.4,10.0,0.0,Clear
2025-04-10 06:00:00,2025-04-10,6,21.1,66,6.8,10.0,0.0,Clear
2025-04-10 07:00:00,2025-04-10,7,24.7,72,13.2,10.0,0.0,Hazy
2025-04-10 08:00:00,2025-04-10,8,27.4,72,14.7,10.0,0.0,Partly Cloudy
2025-04-10 09:00:00,2025-04-10,9,26.8,74,26.1,10.0,0.0,Sunny
2025-04-10 10:00:00,2025-04-10,10,28.1,71,12.2,10.0,0.0,Sunny
2025-04-10 11:00:00,2025-04-10,11,31.2,63,2.7,10.0,0.0,Sunny
2025-04-10 12:00:00,2025-04-10,12,34.6,71,7.8,10.0,0.0,Sunny
2025-04-10 13:00:00,2025-04-10,13,35.7,61,20.2,10.0,0.0,Sunny
2025-04-10 14:00:00,2025-04-10,14,35.7,61,10.1,10.0,0.0,Sunny
2025-04-10 15:00:00,2025-04-10,15,33.3,55,25.9,10.0,0.0,Sunny
2025-04-10 16:00:00,2025-04-10,16,34.3,59,15.9,10.0,0.0,Sunny
2025-04-10 17:00:00,2025-04-10,17,36.3,35,27.4,10.0,0.0,Sunny
2025-04-10 18:00:00,2025-04-10,18,33.7,40,3.9,10.0,0.0,Partly Cloudy
2025-04-10 19:00:00,2025-04-10,19,29.4,41,11.3,10.0,0.0,Clear
2025-04-10 20:00:00,2025-04-10,20,30.6,31,8.4,10.0,0.0,Clear
2025-04-10 21:00:00,2025-04-10,21,27.1,37,27.0,10.0,0.0,Clear
2025-04-10 22:00:00,2025-04-10,22,26.0,31,8.3,10.0,0.0,Clear
2025-04-10 23:00:00,2025-04-10,23,25.6,39,10.5,10.0,0.0,Clear
2025-04-11 00:00:00,2025-04-11,0,23.0,42,7.0,10.0,0.0,Clear
2025-04-11 01:00:00,2025-04-11,1,21.7,49,12.1,10.0,0.0,Clear
2025-04-11 02:00:00,2025-04-11,2,23.0,51,8.0,10.0,0.0,Clear
2025-04-11 03:00:00,2025-04-11,3,22.4,51,9.1,10.0,0.0,Clear
2025-04-11 04:00:00,2025-04-11,4,22.1,60,5.1,10.0,0.0,Clear
2025-04-11 05:00:00,2025-04-11,5,24.9,65,15.7,10.0,0.0,Clear
2025-04-11 06:00:00,2025-04-11,6,23.7,64,9.6,10.0,0.0,Clear
2025-04-11 07:00:00,2025-04-11,7,25.1,74,15.6,10.0,0.0,Sunny
2025-04-11 08:00:00,2025-04-11,8,25.9,75,2.9,10.0,0.0,Partly Cloudy
2025-04-11 09:00:00,2025-04-11,9,26.8,66,5.8,10.0,0.0,Sunny
2025-04-11 10:00:00,2025-04-11,10,28.0,72,3.0,10.0,0.0,Sunny
2025-04-11 11:00:00,2025-04-11,11,32.3,66,9.1,10.0,0.0,Partly Cloudy
2025-04-11 12:00:00,2025-04-11,12,32.1,60,29.3,10.0,0.0,Sunny
2025-04-11 13:00:00,2025-04-11,13,36.7,62,15.4,10.0,0.0,Sunny
2025-04-11 14:00:00,2025-04-11,14,33.2,58,14.4,10.0,0.0,Sunny
2025-04-11 15:00:00,2025-04-11,15,33.6,63,21.2,10.0,0.0,Hazy
2025-04-11 16:00:00,2025-04-11,16,34.7,48,17.6,10.0,0.0,Sunny
2025-04-11 17:00:00,2025-04-11,17,32.4,46,3.8,10.0,0.0,Sunny
2025-04-11 18:00:00,2025-04-11,18,30.8,43,10.1,10.0,0.0,Sunny
2025-04-11 19:00:00,2025-04-11,19,32.1,38,6.0,10.0,0.0,Clear
2025-04-11 20:00:00,2025-04-11,20,27.1,39,25.0,10.0,0.0,Clear
2025-04-11 21:00:00,2025-04-11,21,28.2,34,7.8,10.0,0.0,Clear
2025-04-11 22:00:00,2025-04-11,22,26.6,33,7.7,10.0,0.0,Clear
2025-04-11 23:00:00,2025-04-11,23,25.9,37,9.6,10.0,0.0,Clear
2025-04-12 00:00:00,2025-04-12,0,24.0,37,16.5,10.0,0.0,Clear
2025-04-12 01:00:00,2025-04-12,1,25.7,48,7.3,10.0,0.0,Clear
2025-04-12 02:00:00,2025-04-12,2,21.3,50,16.2,10.0,0.0,Clear
2025-04-12 03:00:00,2025-04-12,3,19.9,53,11.2,10.0,0.0,Clear
2025-04-12 04:00:00,2025-04-12,4,25.0,62,2.0,10.0,0.0,Clear
2025-04-12 05:00:00,2025-04-12,5,22.5,61,10.6,10.0,0.0,Clear
2025-04-12 06:00:00,2025-04-12,6,22.4,56,18.3,10.0,0.0,Clear
2025-04-12 07:00:00,2025-04-12,7,22.9,68,12.4,10.0,0.0,Sunny
2025-04-12 08:00:00,2025-04-12,8,25.9,75,8.1,10.0,0.0,Hazy
2025-04-12 09:00:00,2025-04-12,9,27.1,77,34.4,10.0,0.0,Partly Cloudy
2025-04-12 10:00:00,2025-04-12,10,28.8,67,11.0,10.0,0.0,Sunny
2025-04-12 11:00:00,2025-04-12,11,28.8,68,4.6,10.0,0.0,Sunny
2025-04-12 12:00:00,2025-04-12,12,32.2,70,22.2,10.0,0.0,Sunny
2025-04-12 13:00:00,2025-04-12,13,34.1,58,4.1,10.0,0.0,Sunny
2025-04-12 14:00:00,2025-04-12,14,33.1,58,14.8,10.0,0.0,Sunny
2025-04-12 15:00:00,2025-04-12,15,34.0,56,6.0,10.0,0.0,Sunny
2025-04-12 16:00:00,2025-04-12,16,33.7,56,3.5,10.0,0.0,Sunny
2025-04-12 17:00:00,2025-04-12,17,33.7,44,11.7,10.0,0.0,Sunny
2025-04-12 18:00:00,2025-04-12,18,34.6,36,7.2,10.0,0.0,Partly Cloudy
2025-04-12 19:00:00,2025-04-12,19,31.5,36,15.4,10.0,0.0,Clear
2025-04-12 20:00:00,2025-04-12,20,28.3,47,20.9,10.0,0.0,Clear
2025-04-12 21:00:00,2025-04-12,21,27.9,38,20.1,10.0,0.0,Clear
2025-04-12 22:00:00,2025-04-12,22,26.7,42,12.0,10.0,0.0,Clear
2025-04-12 23:00:00,2025-04-12,23,23.3,39,11.4,10.0,0.0,Clear
2025-04-13 00:00:00,2025-04-13,0,22.3,39,12.0,10.0,0.0,Clear
2025-04-13 01:00:00,2025-04-13,1,21.3,42,28.8,10.0,0.0,Clear
2025-04-13 02:00:00,2025-04-13,2,21.5,48,6.1,10.0,0.0,Clear
2025-04-13 03:00:00,2025-04-13,3,21.0,58,29.6,10.0,0.0,Clear
2025-04-13 04:00:00,2025-04-13,4,19.7,54,26.3,10.0,0.0,Clear
2025-04-13 05:00:00,2025-04-13,5,21.7,67,12.5,10.0,0.0,Clear
2025-04-13 06:00:00,2025-04-13,6,23.4,63,28.4,10.0,0.0,Clear
2025-04-13 07:00:00,2025-04-13,7,26.0,69,6.3,10.0,0.0,Sunny
2025-04-13 08:00:00,2025-04-13,8,24.7,72,16.1,10.0,0.0,Sunny
2025-04-13 09:00:00,2025-04-13,9,26.9,75,18.5,10.0,0.0,Sunny
2025-04-13 10:00:00,2025-04-13,10,28.3,71,31.5,10.0,0.0,Partly Cloudy
2025-04-13 11:00:00,2025-04-13,11,29.3,73,31.3,10.0,0.0,Sunny
2025-04-13 12:00:00,2025-04-13,12,29.4,66,10.3,10.0,0.0,Sunny
2025-04-13 13:00:00,2025-04-13,13,34.2,65,7.8,10.0,0.0,Sunny
2025-04-13 14:00:00,2025-04-13,14,34.4,59,9.8,10.0,0.0,Partly Cloudy
2025-04-13 15:00:00,2025-04-13,15,35.0,56,22.6,10.0,0.0,Hazy
2025-04-13 16:00:00,2025-04-13,16,34.6,51,13.9,10.0,0.0,Sunny
2025-04-13 17:00:00,2025-04-13,17,33.1,45,35.1,10.0,0.0,Sunny
2025-04-13 18:00:00,2025-04-13,18,31.8,47,30.6,10.0,0.0,Sunny
2025-04-13 19:00:00,2025-04-13,19,32.5,42,15.4,10.0,0.0,Clear
2025-04-13 20:00:00,2025-04-13,20,30.4,38,23.0,10.0,0.0,Clear
2025-04-13 21:00:00,2025-04-13,21,27.8,35,8.6,10.0,0.0,Clear
2025-04-13 22:00:00,2025-04-13,22,25.1,47,19.7,10.0,0.0,Clear
2025-04-13 23:00:00,2025-04-13,23,24.9,45,16.1,10.0,0.0,Clear
2025-04-14 00:00:00,2025-04-14,0,23.6,38,18.8,10.0,0.0,Clear
2025-04-14 01:00:00,2025-04-14,1,21.6,48,4.0,10.0,0.0,Clear
2025-04-14 02:00:00,2025-04-14,2,22.0,55,24.5,10.0,0.0,Clear
2025-04-14 03:00:00,2025-04-14,3,22.2,57,18.2,10.0,0.0,Clear
2025-04-14 04:00:00,2025-04-14,4,22.2,59,8.8,10.0,0.0,Clear
2025-04-14 05:00:00,2025-04-14,5,23.5,61,5.4,10.0,0.0,Clear
2025-04-14 06:00:00,2025-04-14,6,24.4,69,10.0,10.0,0.0,Clear
2025-04-14 07:00:00,2025-04-14,7,26.0,67,25.7,10.0,0.0,Partly Cloudy
2025-04-14 08:00:00,2025-04-14,8,25.7,71,10.1,10.0,0.0,Sunny
2025-04-14 09:00:00,2025-04-14,9,28.9,71,9.2,10.0,0.0,Partly Cloudy
2025-04-14 10:00:00,2025-04-14,10,30.3,74,4.5,10.0,0.0,Sunny
2025-04-14 11:00:00,2025-04-14,11,32.2,76,16.6,10.0,0.0,Sunny
2025-04-14 12:00:00,2025-04-14,12,32.7,66,4.6,10.0,0.0,Sunny
2025-04-14 13:00:00,2025-04-14,13,34.2,62,10.8,10.0,0.0,Partly Cloudy
2025-04-14 14:00:00,2025-04-14,14,33.1,65,2.0,10.0,0.0,Sunny
2025-04-14 15:00:00,2025-04-14,15,35.1,53,12.8,10.0,0.0,Sunny
2025-04-14 16:00:00,2025-04-14,16,35.7,39,13.8,10.0,0.0,Sunny
2025-04-14 17:00:00,2025-04-14,17,35.6,53,4.0,10.0,0.0,Partly Cloudy
2025-04-14 18:00:00,2025-04-14,18,32.4,46,3.1,10.0,0.0,Sunny
2025-04-14 19:00:00,2025-04-14,19,33.4,42,18.3,10.0,0.0,Clear
2025-04-14 20:00:00,2025-04-14,20,29.5,39,7.0,10.0,0.0,Clear
2025-04-14 21:00:00,2025-04-14,21,28.8,37,13.4,10.0,0.0,Clear
2025-04-14 22:00:00,2025-04-14,22,26.4,30,30.0,10.0,0.0,Clear
2025-04-14 23:00:00,2025-04-14,23,26.3,38,2.7,10.0,0.0,Clear
2025-04-15 00:00:00,2025-04-15,0,23.6,41,7.1,10.0,0.0,Clear
2025-04-15 01:00:00,2025-04-15,1,21.7,45,4.2,10.0,0.0,Clear
2025-04-15 02:00:00,2025-04-15,2,23.0,52,11.6,10.0,0.0,Clear
2025-04-15 03:00:00,2025-04-15,3,20.9,61,30.3,10.0,0.0,Clear
2025-04-15 04:00:00,2025-04-15,4,22.1,59,8.9,10.0,0.0,Clear
2025-04-15 05:00:00,2025-04-15,5,20.3,63,6.2,10.0,0.0,Clear
2025-04-15 06:00:00,2025-04-15,6,24.4,74,26.9,10.0,0.0,Clear
2025-04-15 07:00:00,2025-04-15,7,22.5,67,7.3,10.0,0.0,Partly Cloudy
2025-04-15 08:00:00,2025-04-15,8,25.7,72,4.2,10.0,0.0,Sunny
2025-04-15 09:00:00,2025-04-15,9,26.4,73,22.2,10.0,0.0,Sunny
2025-04-15 10:00:00,2025-04-15,10,28.3,69,6.6,10.0,0.0,Sunny
2025-04-15 11:00:00,2025-04-15,11,31.2,69,7.9,10.0,0.0,Sunny
2025-04-15 12:00:00,2025-04-15,12,31.8,66,11.9,10.0,0.0,Sunny
2025-04-15 13:00:00,2025-04-15,13,34.5,67,40.5,10.0,0.0,Sunny
2025-04-15 14:00:00,2025-04-15,14,34.0,58,16.4,10.0,0.0,Sunny
2025-04-15 15:00:00,2025-04-15,15,34.7,54,10.8,10.0,0.0,Sunny
2025-04-15 16:00:00,2025-04-15,16,33.3,52,16.1,10.0,0.0,Partly Cloudy
2025-04-15 17:00:00,2025-04-15,17,34.5,44,16.3,10.0,0.0,Sunny
2025-04-15 18:00:00,2025-04-15,18,32.8,38,7.6,10.0,0.0,Partly Cloudy
2025-04-15 19:00:00,2025-04-15,19,31.9,50,11.7,10.0,0.0,Clear
2025-04-15 20:00:00,2025-04-15,20,30.6,37,24.8,10.0,0.0,Clear
2025-04-15 21:00:00,2025-04-15,21,29.0,38,6.4,10.0,0.0,Clear
2025-04-15 22:00:00,2025-04-15,22,26.8,36,2.7,10.0,0.0,Clear
2025-04-15 23:00:00,2025-04-15,23,25.0,33,5.9,10.0,0.0,Clear
2025-04-16 00:00:00,2025-04-16,0,24.7,40,11.1,10.0,0.0,Clear
2025-04-16 01:00:00,2025-04-16,1,22.6,41,15.2,10.0,0.0,Clear
2025-04-16 02:00:00,2025-04-16,2,21.2,52,6.0,10.0,0.0,Clear
2025-04-16 03:00:00,2025-04-16,3,22.6,57,14.5,10.0,0.0,Clear
2025-04-16 04:00:00,2025-04-16,4,23.0,62,15.3,10.0,0.0,Clear
2025-04-16 05:00:00,2025-04-16,5,22.3,60,6.9,10.0,0.0,Clear
2025-04-16 06:00:00,2025-04-16,6,24.1,60,28.9,10.0,0.0,Clear
2025-04-16 07:00:00,2025-04-16,7,25.3,61,3.2,10.0,0.0,Sunny
2025-04-16 08:00:00,2025-04-16,8,26.4,74,2.2,10.0,0.0,Sunny
2025-04-16 09:00:00,2025-04-16,9,26.2,71,6.3,10.0,0.0,Sunny
2025-04-16 10:00:00,2025-04-16,10,28.4,67,4.4,10.0,0.0,Sunny
2025-04-16 11:00:00,2025-04-16,11,30.8,73,12.0,10.0,0.0,Sunny
2025-04-16 12:00:00,2025-04-16,12,32.6,71,5.2,10.0,0.0,Sunny
2025-04-16 13:00:00,2025-04-16,13,32.2,64,7.8,10.0,0.0,Sunny
2025-04-16 14:00:00,2025-04-16,14,31.8,57,5.6,10.0,0.0,Hazy
2025-04-16 15:00:00,2025-04-16,15,34.4,54,9.0,10.0,0.0,Sunny
2025-04-16 16:00:00,2025-04-16,16,34.3,55,9.5,10.0,0.0,Sunny
2025-04-16 17:00:00,2025-04-16,17,34.7,50,2.5,10.0,0.0,Sunny
2025-04-16 18:00:00,2025-04-16,18,34.9,41,6.4,10.0,0.0,Partly Cloudy
2025-04-16 19:00:00,2025-04-16,19,29.6,40,10.4,10.0,0.0,Clear
2025-04-16 20:00:00,2025-04-16,20,30.1,56,5.9,10.0,0.0,Clear
2025-04-16 21:00:00,2025-04-16,21,30.9,45,17.6,10.0,0.0,Clear
2025-04-16 22:00:00,2025-04-16,22,24.7,38,15.7,10.0,0.0,Clear
2025-04-16 23:00:00,2025-04-16,23,23.6,45,45.2,10.0,0.0,Clear
2025-04-17 00:00:00,2025-04-17,0,24.6,44,14.2,10.0,0.0,Clear
2025-04-17 01:00:00,2025-04-17,1,22.6,52,2.0,10.0,0.0,Clear
2025-04-17 02:00:00,2025-04-17,2,22.1,47,22.9,10.0,0.0,Clear
2025-04-17 03:00:00,2025-04-17,3,22.2,58,3.5,10.0,0.0,Clear
2025-04-17 04:00:00,2025-04-17,4,22.6,64,8.7,10.0,0.0,Clear
2025-04-17 05:00:00,2025-04-17,5,22.9,64,29.7,10.0,0.0,Clear
2025-04-17 06:00:00,2025-04-17,6,24.1,66,2.0,10.0,0.0,Clear
2025-04-17 07:00:00,2025-04-17,7,23.3,71,2.0,10.0,0.0,Partly Cloudy
2025-04-17 08:00:00,2025-04-17,8,27.5,67,25.0,10.0,0.0,Sunny
2025-04-17 09:00:00,2025-04-17,9,29.9,71,3.6,10.0,0.0,Partly Cloudy
2025-04-17 10:00:00,2025-04-17,10,31.0,70,8.5,10.0,0.0,Sunny
2025-04-17 11:00:00,2025-04-17,11,31.8,74,3.7,10.0,0.0,Sunny
2025-04-17 12:00:00,2025-04-17,12,34.9,70,10.2,10.0,0.0,Sunny
2025-04-17 13:00:00,2025-04-17,13,33.9,66,2.4,10.0,0.0,Sunny
2025-04-17 14:00:00,2025-04-17,14,35.5,64,12.6,10.0,0.0,Sunny
2025-04-17 15:00:00,2025-04-17,15,36.5,50,7.0,10.0,0.0,Partly Cloudy
2025-04-17 16:00:00,2025-04-17,16,33.8,57,12.0,10.0,0.0,Hazy
2025-04-17 17:00:00,2025-04-17,17,35.2,50,27.9,10.0,0.0,Sunny
2025-04-17 18:00:00,2025-04-17,18,31.2,37,15.3,10.0,0.0,Sunny
2025-04-17 19:00:00,2025-04-17,19,30.2,42,44.8,10.0,0.0,Clear
2025-04-17 20:00:00,2025-04-17,20,28.5,40,9.6,10.0,0.0,Clear
2025-04-17 21:00:00,2025-04-17,21,25.4,39,10.5,10.0,0.0,Clear
2025-04-17 22:00:00,2025-04-17,22,25.5,34,5.3,10.0,0.0,Clear
2025-04-17 23:00:00,2025-04-17,23,24.8,39,2.0,10.0,0.0,Clear
2025-04-18 00:00:00,2025-04-18,0,23.0,45,29.8,10.0,0.0,Clear
2025-04-18 01:00:00,2025-04-18,1,20.8,46,25.7,10.0,0.0,Clear
2025-04-18 02:00:00,2025-04-18,2,18.8,45,6.2,10.0,0.0,Clear
2025-04-18 03:00:00,2025-04-18,3,20.6,53,14.5,10.0,0.0,Clear
2025-04-18 04:00:00,2025-04-18,4,20.7,61,12.8,10.0,0.0,Clear
2025-04-18 05:00:00,2025-04-18,5,24.6,63,8.3,10.0,0.0,Clear
2025-04-18 06:00:00,2025-04-18,6,23.4,75,5.9,10.0,0.0,Clear
2025-04-18 07:00:00,2025-04-18,7,26.9,74,2.0,10.0,0.0,Sunny
2025-04-18 08:00:00,2025-04-18,8,25.5,75,9.0,10.0,0.0,Sunny
2025-04-18 09:00:00,2025-04-18,9,29.3,74,5.8,10.0,0.0,Sunny
2025-04-18 10:00:00,2025-04-18,10,30.0,71,7.8,10.0,0.0,Sunny
2025-04-18 11:00:00,2025-04-18,11,30.3,77,14.8,10.0,0.0,Sunny
2025-04-18 12:00:00,2025-04-18,12,32.9,66,8.6,10.0,0.0,Sunny
2025-04-18 13:00:00,2025-04-18,13,33.4,64,18.1,10.0,0.0,Sunny
2025-04-18 14:00:00,2025-04-18,14,33.9,59,6.8,10.0,0.0,Sunny
2025-04-18 15:00:00,2025-04-18,15,32.5,49,12.9,10.0,0.0,Sunny
2025-04-18 16:00:00,2025-04-18,16,36.6,52,2.0,10.0,0.0,Sunny
2025-04-18 17:00:00,2025-04-18,17,34.3,50,8.0,10.0,0.0,Sunny
2025-04-18 18:00:00,2025-04-18,18,31.3,40,12.9,10.0,0.0,Sunny
2025-04-18 19:00:00,2025-04-18,19,31.7,38,9.7,10.0,0.0,Clear
2025-04-18 20:00:00,2025-04-18,20,29.3,34,12.4,10.0,0.0,Clear
2025-04-18 21:00:00,2025-04-18,21,29.7,44,2.2,10.0,0.0,Clear
2025-04-18 22:00:00,2025-04-18,22,26.0,39,4.7,10.0,0.0,Clear
2025-04-18 23:00:00,2025-04-18,23,24.7,45,8.3,10.0,0.0,Clear
2025-04-19 00:00:00,2025-04-19,0,22.7,41,7.4,10.0,0.0,Clear
2025-04-19 01:00:00,2025-04-19,1,22.9,48,15.5,10.0,0.0,Clear
2025-04-19 02:00:00,2025-04-19,2,21.7,44,2.0,10.0,0.0,Clear
2025-04-19 03:00:00,2025-04-19,3,23.0,53,35.6,10.0,0.0,Clear
2025-04-19 04:00:00,2025-04-19,4,22.1,68,6.9,10.0,0.0,Clear
2025-04-19 05:00:00,2025-04-19,5,25.3,66,25.3,10.0,0.0,Clear
2025-04-19 06:00:00,2025-04-19,6,23.2,66,3.1,10.0,0.0,Clear
2025-04-19 07:00:00,2025-04-19,7,23.8,63,12.4,10.0,0.0,Sunny
2025-04-19 08:00:00,2025-04-19,8,25.4,73,26.4,10.0,0.0,Sunny
2025-04-19 09:00:00,2025-04-19,9,27.1,71,13.7,10.0,0.0,Sunny
2025-04-19 10:00:00,2025-04-19,10,28.7,76,9.3,10.0,0.0,Partly Cloudy
2025-04-19 11:00:00,2025-04-19,11,33.1,65,6.5,10.0,0.0,Hazy
2025-04-19 12:00:00,2025-04-19,12,32.3,71,2.0,10.0,0.0,Sunny
2025-04-19 13:00:00,2025-04-19,13,34.0,62,18.0,10.0,0.0,Sunny
2025-04-19 14:00:00,2025-04-19,14,32.8,56,5.6,10.0,0.0,Sunny
2025-04-19 15:00:00,2025-04-19,15,34.5,56,14.6,10.0,0.0,Sunny
2025-04-19 16:00:00,2025-04-19,16,31.5,58,21.5,10.0,0.0,Sunny
2025-04-19 17:00:00,2025-04-19,17,34.1,49,11.6,10.0,0.0,Sunny
2025-04-19 18:00:00,2025-04-19,18,32.0,44,10.1,10.0,0.0,Sunny
2025-04-19 19:00:00,2025-04-19,19,33.2,37,16.5,10.0,0.0,Clear
2025-04-19 20:00:00,2025-04-19,20,30.7,43,21.8,10.0,0.0,Clear
2025-04-19 21:00:00,2025-04-19,21,29.0,38,4.5,10.0,0.0,Clear
2025-04-19 22:00:00,2025-04-19,22,25.3,30,9.4,10.0,0.0,Clear
2025-04-19 23:00:00,2025-04-19,23,25.2,42,12.9,10.0,0.0,Clear
2025-04-20 00:00:00,2025-04-20,0,25.8,43,13.1,10.0,0.0,Clear
2025-04-20 01:00:00,2025-04-20,1,21.5,46,10.3,10.0,0.0,Clear
2025-04-20 02:00:00,2025-04-20,2,20.7,55,14.5,10.0,0.0,Clear
2025-04-20 03:00:00,2025-04-20,3,21.6,52,28.9,10.0,0.0,Clear
2025-04-20 04:00:00,2025-04-20,4,22.0,58,11.8,10.0,0.0,Clear
2025-04-20 05:00:00,2025-04-20,5,23.2,63,2.3,10.0,0.0,Clear
2025-04-20 06:00:00,2025-04-20,6,24.1,69,2.0,10.0,0.0,Clear
2025-04-20 07:00:00,2025-04-20,7,25.0,68,5.0,10.0,0.0,Sunny
2025-04-20 08:00:00,2025-04-20,8,25.5,68,10.6,10.0,0.0,Hazy
2025-04-20 09:00:00,2025-04-20,9,30.4,72,20.1,10.0,0.0,Hazy
2025-04-20 10:00:00,2025-04-20,10,31.5,70,7.5,10.0,0.0,Sunny
2025-04-20 11:00:00,2025-04-20,11,31.8,77,18.5,10.0,0.0,Hazy
2025-04-20 12:00:00,2025-04-20,12,34.1,59,17.3,10.0,0.0,Partly Cloudy
2025-04-20 13:00:00,2025-04-20,13,33.6,67,4.7,10.0,0.0,Partly Cloudy
2025-04-20 14:00:00,2025-04-20,14,32.9,51,4.7,10.0,0.0,Sunny
2025-04-20 15:00:00,2025-04-20,15,35.6,55,2.0,10.0,0.0,Hazy
2025-04-20 16:00:00,2025-04-20,16,32.8,46,19.5,10.0,0.0,Sunny
2025-04-20 17:00:00,2025-04-20,17,36.2,40,5.9,10.0,0.0,Sunny
2025-04-20 18:00:00,2025-04-20,18,31.3,47,6.6,10.0,0.0,Partly Cloudy
2025-04-20 19:00:00,2025-04-20,19,33.0,42,11.9,10.0,0.0,Clear
2025-04-20 20:00:00,2025-04-20,20,32.0,38,2.0,10.0,0.0,Clear
2025-04-20 21:00:00,2025-04-20,21,26.4,37,6.5,10.0,0.0,Clear
2025-04-20 22:00:00,2025-04-20,22,24.6,34,6.3,10.0,0.0,Clear
2025-04-20 23:00:00,2025-04-20,23,25.4,37,2.0,10.0,0.0,Clear
2025-04-21 00:00:00,2025-04-21,0,25.3,39,10.8,10.0,0.0,Clear
2025-04-21 01:00:00,2025-04-21,1,23.3,44,23.5,10.0,0.0,Clear
2025-04-21 02:00:00,2025-04-21,2,20.8,49,5.9,10.0,0.0,Clear
2025-04-21 03:00:00,2025-04-21,3,23.4,60,17.0,10.0,0.0,Clear
2025-04-21 04:00:00,2025-04-21,4,24.5,62,5.7,10.0,0.0,Clear
2025-04-21 05:00:00,2025-04-21,5,21.3,65,7.1,10.0,0.0,Clear
2025-04-21 06:00:00,2025-04-21,6,24.0,64,21.6,10.0,0.0,Clear
2025-04-21 07:00:00,2025-04-21,7,25.6,72,4.1,10.0,0.0,Sunny
2025-04-21 08:00:00,2025-04-21,8,26.1,62,8.0,10.0,0.0,Sunny
2025-04-21 09:00:00,2025-04-21,9,27.0,70,26.4,10.0,0.0,Sunny
2025-04-21 10:00:00,2025-04-21,10,28.5,67,5.3,10.0,0.0,Hazy
2025-04-21 11:00:00,2025-04-21,11,29.2,69,16.8,10.0,0.0,Sunny
2025-04-21 12:00:00,2025-04-21,12,33.7,66,17.9,10.0,0.0,Sunny
2025-04-21 13:00:00,2025-04-21,13,33.1,62,14.7,10.0,0.0,Sunny
2025-04-21 14:00:00,2025-04-21,14,36.4,59,12.6,10.0,0.0,Sunny
2025-04-21 15:00:00,2025-04-21,15,35.2,56,17.8,10.0,0.0,Sunny
2025-04-21 16:00:00,2025-04-21,16,34.3,56,2.0,10.0,0.0,Sunny
2025-04-21 17:00:00,2025-04-21,17,35.5,43,23.8,10.0,0.0,Sunny
2025-04-21 18:00:00,2025-04-21,18,32.6,39,10.9,10.0,0.0,Sunny
2025-04-21 19:00:00,2025-04-21,19,30.7,39,11.5,10.0,0.0,Clear
2025-04-21 20:00:00,2025-04-21,20,30.6,39,9.3,10.0,0.0,Clear
2025-04-21 21:00:00,2025-04-21,21,27.4,37,2.5,10.0,0.0,Clear
2025-04-21 22:00:00,2025-04-21,22,26.6,45,27.4,10.0,0.0,Clear
2025-04-21 23:00:00,2025-04-21,23,25.2,43,2.0,10.0,0.0,Clear
2025-04-22 00:00:00,2025-04-22,0,23.5,48,6.1,10.0,0.0,Clear
2025-04-22 01:00:00,2025-04-22,1,22.9,48,23.8,10.0,0.0,Clear
2025-04-22 02:00:00,2025-04-22,2,22.2,51,18.4,10.0,0.0,Clear
2025-04-22 03:00:00,2025-04-22,3,21.8,45,5.0,10.0,0.0,Clear
2025-04-22 04:00:00,2025-04-22,4,21.1,60,2.6,10.0,0.0,Clear
2025-04-22 05:00:00,2025-04-22,5,21.2,63,8.5,10.0,0.0,Clear
2025-04-22 06:00:00,2025-04-22,6,22.6,66,2.8,10.0,0.0,Clear
2025-04-22 07:00:00,2025-04-22,7,24.0,74,2.0,10.0,0.0,Sunny
2025-04-22 08:00:00,2025-04-22,8,27.1,67,14.4,10.0,0.0,Sunny
2025-04-22 09:00:00,2025-04-22,9,30.1,77,45.8,10.0,0.0,Partly Cloudy
2025-04-22 10:00:00,2025-04-22,10,29.7,75,4.2,10.0,0.0,Sunny
2025-04-22 11:00:00,2025-04-22,11,32.8,71,22.0,10.0,0.0,Hazy
2025-04-22 12:00:00,2025-04-22,12,31.8,71,14.0,10.0,0.0,Partly Cloudy
2025-04-22 13:00:00,2025-04-22,13,33.5,57,11.9,10.0,0.0,Partly Cloudy
2025-04-22 14:00:00,2025-04-22,14,34.1,61,10.7,10.0,0.0,Sunny
2025-04-22 15:00:00,2025-04-22,15,35.2,49,2.0,10.0,0.0,Hazy
2025-04-22 16:00:00,2025-04-22,16,33.6,52,11.7,10.0,0.0,Partly Cloudy
2025-04-22 17:00:00,2025-04-22,17,34.6,41,6.5,10.0,0.0,Sunny
2025-04-22 18:00:00,2025-04-22,18,33.0,39,4.8,10.0,0.0,Sunny
2025-04-22 19:00:00,2025-04-22,19,31.5,37,28.4,10.0,0.0,Clear
2025-04-22 20:00:00,2025-04-22,20,29.0,36,14.4,10.0,0.0,Clear
2025-04-22 21:00:00,2025-04-22,21,26.0,38,3.9,10.0,0.0,Clear
2025-04-22 22:00:00,2025-04-22,22,25.8,40,12.8,10.0,0.0,Clear
2025-04-22 23:00:00,2025-04-22,23,25.7,49,7.6,10.0,0.0,Clear
2025-04-23 00:00:00,2025-04-23,0,21.3,39,5.0,10.0,0.0,Clear
2025-04-23 01:00:00,2025-04-23,1,20.5,46,5.6,10.0,0.0,Clear
2025-04-23 02:00:00,2025-04-23,2,21.4,50,14.0,10.0,0.0,Clear
2025-04-23 03:00:00,2025-04-23,3,20.5,50,22.8,10.0,0.0,Clear
2025-04-23 04:00:00,2025-04-23,4,25.6,52,8.4,10.0,0.0,Clear
2025-04-23 05:00:00,2025-04-23,5,22.7,60,15.5,10.0,0.0,Clear
2025-04-23 06:00:00,2025-04-23,6,22.9,65,9.9,10.0,0.0,Clear
2025-04-23 07:00:00,2025-04-23,7,26.1,69,5.9,10.0,0.0,Hazy
2025-04-23 08:00:00,2025-04-23,8,26.2,66,3.3,10.0,0.0,Partly Cloudy
2025-04-23 09:00:00,2025-04-23,9,27.9,71,6.6,10.0,0.0,Sunny
2025-04-23 10:00:00,2025-04-23,10,31.9,71,7.2,10.0,0.0,Partly Cloudy
2025-04-23 11:00:00,2025-04-23,11,28.8,67,2.0,10.0,0.0,Sunny
2025-04-23 12:00:00,2025-04-23,12,31.4,70,21.9,10.0,0.0,Hazy
2025-04-23 13:00:00,2025-04-23,13,34.3,57,22.4,10.0,0.0,Sunny
2025-04-23 14:00:00,2025-04-23,14,33.1,60,11.2,10.0,0.0,Hazy
2025-04-23 15:00:00,2025-04-23,15,33.3,54,26.0,10.0,0.0,Sunny
2025-04-23 16:00:00,2025-04-23,16,35.3,50,4.1,10.0,0.0,Hazy
2025-04-23 17:00:00,2025-04-23,17,32.8,47,3.0,10.0,0.0,Sunny
2025-04-23 18:00:00,2025-04-23,18,33.0,43,14.6,10.0,0.0,Partly Cloudy
2025-04-23 19:00:00,2025-04-23,19,31.0,31,5.3,10.0,0.0,Clear
2025-04-23 20:00:00,2025-04-23,20,30.1,36,30.8,10.0,0.0,Clear
2025-04-23 21:00:00,2025-04-23,21,27.9,39,9.8,10.0,0.0,Clear
2025-04-23 22:00:00,2025-04-23,22,27.3,39,19.6,10.0,0.0,Clear
2025-04-23 23:00:00,2025-04-23,23,25.9,36,5.5,10.0,0.0,Clear
2025-04-24 00:00:00,2025-04-24,0,22.6,38,5.4,10.0,0.0,Clear
2025-04-24 01:00:00,2025-04-24,1,20.4,48,16.1,10.0,0.0,Clear
2025-04-24 02:00:00,2025-04-24,2,21.6,52,7.2,10.0,0.0,Clear
2025-04-24 03:00:00,2025-04-24,3,20.8,50,8.0,10.0,0.0,Clear
2025-04-24 04:00:00,2025-04-24,4,20.9,54,4.5,10.0,0.0,Clear
2025-04-24 05:00:00,2025-04-24,5,20.3,62,17.3,10.0,0.0,Clear
2025-04-24 06:00:00,2025-04-24,6,22.9,64,15.6,10.0,0.0,Clear
2025-04-24 07:00:00,2025-04-24,7,24.8,71,4.9,10.0,0.0,Sunny
2025-04-24 08:00:00,2025-04-24,8,25.6,77,6.6,10.0,0.0,Hazy
2025-04-24 09:00:00,2025-04-24,9,27.9,68,6.7,10.0,0.0,Sunny
2025-04-24 10:00:00,2025-04-24,10,30.5,71,5.8,10.0,0.0,Sunny
2025-04-24 11:00:00,2025-04-24,11,33.0,67,14.3,10.0,0.0,Partly Cloudy
2025-04-24 12:00:00,2025-04-24,12,34.4,70,12.4,10.0,0.0,Partly Cloudy
2025-04-24 13:00:00,2025-04-24,13,32.9,67,5.0,10.0,0.0,Hazy
2025-04-24 14:00:00,2025-04-24,14,33.4,56,31.0,10.0,0.0,Sunny
2025-04-24 15:00:00,2025-04-24,15,32.8,59,12.5,10.0,0.0,Sunny
2025-04-24 16:00:00,2025-04-24,16,35.3,53,7.0,10.0,0.0,Sunny
2025-04-24 17:00:00,2025-04-24,17,33.8,45,5.7,10.0,0.0,Sunny
2025-04-24 18:00:00,2025-04-24,18,34.3,45,6.1,10.0,0.0,Sunny
2025-04-24 19:00:00,2025-04-24,19,31.5,33,2.1,10.0,0.0,Clear
2025-04-24 20:00:00,2025-04-24,20,29.0,45,2.9,10.0,0.0,Clear
2025-04-24 21:00:00,2025-04-24,21,27.9,37,8.5,10.0,0.0,Clear
2025-04-24 22:00:00,2025-04-24,22,26.1,42,10.2,10.0,0.0,Clear
2025-04-24 23:00:00,2025-04-24,23,23.9,36,10.5,10.0,0.0,Clear
2025-04-25 00:00:00,2025-04-25,0,23.5,35,4.9,10.0,0.0,Clear
2025-04-25 01:00:00,2025-04-25,1,21.3,47,5.2,10.0,0.0,Clear
2025-04-25 02:00:00,2025-04-25,2,23.4,47,19.4,10.0,0.0,Clear
2025-04-25 03:00:00,2025-04-25,3,19.4,52,6.8,10.0,0.0,Clear
2025-04-25 04:00:00,2025-04-25,4,23.2,60,12.4,10.0,0.0,Clear
2025-04-25 05:00:00,2025-04-25,5,21.8,67,12.3,10.0,0.0,Clear
2025-04-25 06:00:00,2025-04-25,6,19.9,69,4.7,10.0,0.0,Clear
2025-04-25 07:00:00,2025-04-25,7,22.6,74,25.7,10.0,0.0,Sunny
2025-04-25 08:00:00,2025-04-25,8,26.2,71,60.0,10.0,0.0,Sunny
2025-04-25 09:00:00,2025-04-25,9,27.5,78,18.4,10.0,0.0,Partly Cloudy
2025-04-25 10:00:00,2025-04-25,10,30.2,75,13.6,10.0,0.0,Sunny
2025-04-25 11:00:00,2025-04-25,11,30.7,66,18.6,10.0,0.0,Sunny
2025-04-25 12:00:00,2025-04-25,12,33.3,70,19.9,10.0,0.0,Sunny
2025-04-25 13:00:00,2025-04-25,13,33.6,64,11.6,10.0,0.0,Sunny
2025-04-25 14:00:00,2025-04-25,14,35.1,56,15.5,10.0,0.0,Sunny
2025-04-25 15:00:00,2025-04-25,15,35.5,57,11.2,10.0,0.0,Sunny
2025-04-25 16:00:00,2025-04-25,16,34.9,51,11.6,10.0,0.0,Sunny
2025-04-25 17:00:00,2025-04-25,17,33.3,48,26.4,10.0,0.0,Sunny
2025-04-25 18:00:00,2025-04-25,18,34.3,37,14.3,10.0,0.0,Partly Cloudy
2025-04-25 19:00:00,2025-04-25,19,31.2,30,15.9,10.0,0.0,Clear
2025-04-25 20:00:00,2025-04-25,20,28.8,36,13.0,10.0,0.0,Clear
2025-04-25 21:00:00,2025-04-25,21,27.5,35,12.9,10.0,0.0,Clear
2025-04-25 22:00:00,2025-04-25,22,26.8,39,42.6,10.0,0.0,Clear
2025-04-25 23:00:00,2025-04-25,23,25.9,28,18.1,10.0,0.0,Clear
2025-04-26 00:00:00,2025-04-26,0,24.2,44,20.7,10.0,0.0,Clear
2025-04-26 01:00:00,2025-04-26,1,23.2,49,12.8,10.0,0.0,Clear
2025-04-26 02:00:00,2025-04-26,2,21.3,53,15.2,10.0,0.0,Clear
2025-04-26 03:00:00,2025-04-26,3,22.8,58,23.4,10.0,0.0,Clear
2025-04-26 04:00:00,2025-04-26,4,21.7,55,21.2,10.0,0.0,Clear
2025-04-26 05:00:00,2025-04-26,5,21.7,60,6.4,10.0,0.0,Clear
2025-04-26 06:00:00,2025-04-26,6,21.1,66,7.8,10.0,0.0,Clear
2025-04-26 07:00:00,2025-04-26,7,25.5,69,2.8,10.0,0.0,Sunny
2025-04-26 08:00:00,2025-04-26,8,25.6,68,6.7,10.0,0.0,Sunny
2025-04-26 09:00:00,2025-04-26,9,26.7,73,2.6,10.0,0.0,Partly Cloudy
2025-04-26 10:00:00,2025-04-26,10,28.1,74,4.2,10.0,0.0,Partly Cloudy
2025-04-26 11:00:00,2025-04-26,11,32.3,71,13.6,10.0,0.0,Partly Cloudy
2025-04-26 12:00:00,2025-04-26,12,32.8,68,6.7,10.0,0.0,Sunny
2025-04-26 13:00:00,2025-04-26,13,34.2,65,13.1,10.0,0.0,Sunny
2025-04-26 14:00:00,2025-04-26,14,34.0,58,7.1,10.0,0.0,Sunny
2025-04-26 15:00:00,2025-04-26,15,34.5,57,21.7,10.0,0.0,Sunny
2025-04-26 16:00:00,2025-04-26,16,34.2,52,2.7,10.0,0.0,Sunny
2025-04-26 17:00:00,2025-04-26,17,32.2,42,9.4,10.0,0.0,Sunny
2025-04-26 18:00:00,2025-04-26,18,33.6,49,6.9,10.0,0.0,Partly Cloudy
2025-04-26 19:00:00,2025-04-26,19,30.2,45,2.9,10.0,0.0,Clear
2025-04-26 20:00:00,2025-04-26,20,29.0,40,2.9,10.0,0.0,Clear
2025-04-26 21:00:00,2025-04-26,21,28.4,41,11.2,10.0,0.0,Clear
2025-04-26 22:00:00,2025-04-26,22,27.6,39,10.5,10.0,0.0,Clear
2025-04-26 23:00:00,2025-04-26,23,24.0,38,3.0,10.0,0.0,Clear
2025-04-27 00:00:00,2025-04-27,0,24.3,46,2.0,10.0,0.0,Clear
2025-04-27 01:00:00,2025-04-27,1,22.8,47,15.6,10.0,0.0,Clear
2025-04-27 02:00:00,2025-04-27,2,21.5,53,9.2,10.0,0.0,Clear
2025-04-27 03:00:00,2025-04-27,3,21.4,61,20.3,10.0,0.0,Clear
2025-04-27 04:00:00,2025-04-27,4,21.6,53,6.9,10.0,0.0,Clear
2025-04-27 05:00:00,2025-04-27,5,22.6,66,23.9,10.0,0.0,Clear
2025-04-27 06:00:00,2025-04-27,6,24.8,64,5.5,10.0,0.0,Clear
2025-04-27 07:00:00,2025-04-27,7,25.1,70,3.2,10.0,0.0,Sunny
2025-04-27 08:00:00,2025-04-27,8,26.0,69,15.6,10.0,0.0,Partly Cloudy
2025-04-27 09:00:00,2025-04-27,9,27.5,77,2.2,10.0,0.0,Partly Cloudy
2025-04-27 10:00:00,2025-04-27,10,29.9,74,21.2,10.0,0.0,Sunny
2025-04-27 11:00:00,2025-04-27,11,30.7,71,9.4,10.0,0.0,Sunny
2025-04-27 12:00:00,2025-04-27,12,30.5,61,22.1,10.0,0.0,Sunny
2025-04-27 13:00:00,2025-04-27,13,35.0,62,25.6,10.0,0.0,Sunny
2025-04-27 14:00:00,2025-04-27,14,34.1,58,9.1,10.0,0.0,Sunny
2025-04-27 15:00:00,2025-04-27,15,34.3,56,11.0,10.0,0.0,Sunny
2025-04-27 16:00:00,2025-04-27,16,35.9,48,13.7,10.0,0.0,Sunny
2025-04-27 17:00:00,2025-04-27,17,33.0,45,32.6,10.0,0.0,Sunny
2025-04-27 18:00:00,2025-04-27,18,33.1,32,7.6,10.0,0.0,Sunny
2025-04-27 19:00:00,2025-04-27,19,31.2,43,7.0,10.0,0.0,Clear
2025-04-27 20:00:00,2025-04-27,20,30.1,33,19.7,10.0,0.0,Clear
2025-04-27 21:00:00,2025-04-27,21,27.3,34,4.7,10.0,0.0,Clear
2025-04-27 22:00:00,2025-04-27,22,27.4,39,2.0,10.0,0.0,Clear
2025-04-27 23:00:00,2025-04-27,23,26.9,43,25.7,10.0,0.0,Clear
2025-04-28 00:00:00,2025-04-28,0,22.3,42,4.8,10.0,0.0,Clear
2025-04-28 01:00:00,2025-04-28,1,23.3,47,30.8,10.0,0.0,Clear
2025-04-28 02:00:00,2025-04-28,2,21.9,54,13.3,10.0,0.0,Clear
2025-04-28 03:00:00,2025-04-28,3,21.9,44,2.2,10.0,0.0,Clear
2025-04-28 04:00:00,2025-04-28,4,22.3,63,5.2,10.0,0.0,Clear
2025-04-28 05:00:00,2025-04-28,5,20.9,55,5.6,10.0,0.0,Clear
2025-04-28 06:00:00,2025-04-28,6,22.5,66,9.6,10.0,0.0,Clear
2025-04-28 07:00:00,2025-04-28,7,24.5,72,20.8,10.0,0.0,Partly Cloudy
2025-04-28 08:00:00,2025-04-28,8,27.8,68,8.2,10.0,0.0,Sunny
2025-04-28 09:00:00,2025-04-28,9,27.6,72,6.4,10.0,0.0,Sunny
2025-04-28 10:00:00,2025-04-28,10,30.2,59,20.8,10.0,0.0,Sunny
2025-04-28 11:00:00,2025-04-28,11,31.3,65,4.0,10.0,0.0,Partly Cloudy
2025-04-28 12:00:00,2025-04-28,12,32.7,64,18.5,10.0,0.0,Sunny
2025-04-28 13:00:00,2025-04-28,13,33.8,60,18.6,10.0,0.0,Sunny
2025-04-28 14:00:00,2025-04-28,14,33.3,59,14.2,10.0,0.0,Sunny
2025-04-28 15:00:00,2025-04-28,15,34.3,62,2.0,10.0,0.0,Partly Cloudy
2025-04-28 16:00:00,2025-04-28,16,33.8,53,12.1,10.0,0.0,Sunny
2025-04-28 17:00:00,2025-04-28,17,33.6,49,6.2,10.0,0.0,Sunny
2025-04-28 18:00:00,2025-04-28,18,31.8,44,7.7,10.0,0.0,Sunny
2025-04-28 19:00:00,2025-04-28,19,33.4,33,2.5,10.0,0.0,Clear
2025-04-28 20:00:00,2025-04-28,20,27.6,42,2.0,10.0,0.0,Clear
2025-04-28 21:00:00,2025-04-28,21,26.0,38,9.3,10.0,0.0,Clear
2025-04-28 22:00:00,2025-04-28,22,26.8,39,11.9,10.0,0.0,Clear
2025-04-28 23:00:00,2025-04-28,23,25.7,42,11.3,10.0,0.0,Clear
2025-04-29 00:00:00,2025-04-29,0,25.3,44,6.9,10.0,0.0,Clear
2025-04-29 01:00:00,2025-04-29,1,22.1,47,2.5,10.0,0.0,Clear
2025-04-29 02:00:00,2025-04-29,2,21.7,47,3.0,10.0,0.0,Clear
2025-04-29 03:00:00,2025-04-29,3,22.1,51,38.5,10.0,0.0,Clear
2025-04-29 04:00:00,2025-04-29,4,23.4,55,5.1,10.0,0.0,Clear
2025-04-29 05:00:00,2025-04-29,5,20.8,52,19.8,10.0,0.0,Clear
2025-04-29 06:00:00,2025-04-29,6,23.6,65,2.0,10.0,0.0,Clear
2025-04-29 07:00:00,2025-04-29,7,25.5,72,10.2,10.0,0.0,Partly Cloudy
2025-04-29 08:00:00,2025-04-29,8,25.9,77,10.4,10.0,0.0,Sunny
2025-04-29 09:00:00,2025-04-29,9,28.5,70,8.5,10.0,0.0,Hazy
2025-04-29 10:00:00,2025-04-29,10,28.9,72,14.2,10.0,0.0,Sunny
2025-04-29 11:00:00,2025-04-29,11,32.7,68,2.0,10.0,0.0,Sunny
2025-04-29 12:00:00,2025-04-29,12,30.5,68,10.3,10.0,0.0,Sunny
2025-04-29 13:00:00,2025-04-29,13,33.3,58,7.0,10.0,0.0,Sunny
2025-04-29 14:00:00,2025-04-29,14,35.0,57,6.8,10.0,0.0,Hazy
2025-04-29 15:00:00,2025-04-29,15,34.2,52,6.7,10.0,0.0,Partly Cloudy
2025-04-29 16:00:00,2025-04-29,16,35.3,53,12.7,10.0,0.0,Partly Cloudy
2025-04-29 17:00:00,2025-04-29,17,33.7,39,7.1,10.0,0.0,Sunny
2025-04-29 18:00:00,2025-04-29,18,33.0,44,7.4,10.0,0.0,Sunny
2025-04-29 19:00:00,2025-04-29,19,31.9,43,6.2,10.0,0.0,Clear
2025-04-29 20:00:00,2025-04-29,20,29.6,32,38.7,10.0,0.0,Clear
2025-04-29 21:00:00,2025-04-29,21,26.0,34,2.0,10.0,0.0,Clear
2025-04-29 22:00:00,2025-04-29,22,28.4,34,9.1,10.0,0.0,Clear
2025-04-29 23:00:00,2025-04-29,23,26.4,46,5.4,10.0,0.0,Clear
2025-04-30 00:00:00,2025-04-30,0,24.3,48,5.3,10.0,0.0,Clear
2025-04-30 01:00:00,2025-04-30,1,21.9,50,2.0,10.0,0.0,Clear
2025-04-30 02:00:00,2025-04-30,2,22.3,52,2.4,10.0,0.0,Clear
2025-04-30 03:00:00,2025-04-30,3,19.4,58,15.8,10.0,0.0,Clear
2025-04-30 04:00:00,2025-04-30,4,19.8,62,21.6,10.0,0.0,Clear
2025-04-30 05:00:00,2025-04-30,5,25.3,70,2.2,10.0,0.0,Clear
2025-04-30 06:00:00,2025-04-30,6,21.9,68,12.8,10.0,0.0,Clear
2025-04-30 07:00:00,2025-04-30,7,24.4,61,13.1,10.0,0.0,Sunny
2025-04-30 08:00:00,2025-04-30,8,26.5,70,11.5,10.0,0.0,Sunny
2025-04-30 09:00:00,2025-04-30,9,28.4,75,9.5,10.0,0.0,Partly Cloudy
2025-04-30 10:00:00,2025-04-30,10,29.7,71,17.9,10.0,0.0,Sunny
2025-04-30 11:00:00,2025-04-30,11,30.8,75,3.9,10.0,0.0,Partly Cloudy
2025-04-30 12:00:00,2025-04-30,12,32.5,64,4.3,10.0,0.0,Sunny
2025-04-30 13:00:00,2025-04-30,13,35.0,68,12.4,10.0,0.0,Partly Cloudy
2025-04-30 14:00:00,2025-04-30,14,35.0,54,15.1,10.0,0.0,Sunny
2025-04-30 15:00:00,2025-04-30,15,35.3,56,9.3,10.0,0.0,Hazy
2025-04-30 16:00:00,2025-04-30,16,32.0,47,10.0,10.0,0.0,Sunny
2025-04-30 17:00:00,2025-04-30,17,34.3,41,18.6,10.0,0.0,Sunny
2025-04-30 18:00:00,2025-04-30,18,32.7,42,22.3,10.0,0.0,Sunny
2025-04-30 19:00:00,2025-04-30,19,30.5,35,37.0,10.0,0.0,Clear
2025-04-30 20:00:00,2025-04-30,20,31.9,41,3.8,10.0,0.0,Clear
2025-04-30 21:00:00,2025-04-30,21,26.2,36,3.9,10.0,0.0,Clear
2025-04-30 22:00:00,2025-04-30,22,26.3,38,45.4,10.0,0.0,Clear
2025-04-30 23:00:00,2025-04-30,23,26.2,39,10.3,10.0,0.0,Clear
2025-05-01 00:00:00,2025-05-01,0,28.6,40,15.1,10.0,0.0,Clear
2025-05-01 01:00:00,2025-05-01,1,25.0,38,6.1,10.0,0.0,Clear
2025-05-01 02:00:00,2025-05-01,2,28.5,50,17.8,10.0,0.0,Clear
2025-05-01 03:00:00,2025-05-01,3,24.5,58,2.1,10.0,0.0,Clear
2025-05-01 04:00:00,2025-05-01,4,25.3,50,2.7,10.0,0.0,Clear
2025-05-01 05:00:00,2025-05-01,5,28.5,65,27.8,10.0,0.0,Clear
2025-05-01 06:00:00,2025-05-01,6,27.2,61,17.7,10.0,0.0,Clear
2025-05-01 07:00:00,2025-05-01,7,29.4,64,5.9,10.0,0.0,Sunny
2025-05-01 08:00:00,2025-05-01,8,30.1,71,18.0,10.0,0.0,Partly Cloudy
2025-05-01 09:00:00,2025-05-01,9,33.1,64,9.2,10.0,0.0,Partly Cloudy
2025-05-01 10:00:00,2025-05-01,10,36.1,70,2.8,10.0,0.0,Sunny
2025-05-01 11:00:00,2025-05-01,11,34.4,68,11.6,10.0,0.0,Sunny
2025-05-01 12:00:00,2025-05-01,12,37.9,62,9.5,10.0,0.0,Sunny
2025-05-01 13:00:00,2025-05-01,13,36.6,59,5.0,10.0,0.0,Sunny
2025-05-01 14:00:00,2025-05-01,14,41.8,53,3.6,10.0,0.0,Partly Cloudy
2025-05-01 15:00:00,2025-05-01,15,38.4,53,18.6,10.0,0.0,Sunny
2025-05-01 16:00:00,2025-05-01,16,40.0,44,10.9,10.0,0.0,Sunny
2025-05-01 17:00:00,2025-05-01,17,39.0,45,10.5,10.0,0.0,Sunny
2025-05-01 18:00:00,2025-05-01,18,37.8,42,2.6,10.0,0.0,Sunny
2025-05-01 19:00:00,2025-05-01,19,35.7,29,6.5,10.0,0.0,Clear
2025-05-01 20:00:00,2025-05-01,20,33.0,27,11.4,10.0,0.0,Clear
2025-05-01 21:00:00,2025-05-01,21,34.8,31,3.6,10.0,0.0,Clear
2025-05-01 22:00:00,2025-05-01,22,30.2,29,20.6,10.0,0.0,Clear
2025-05-01 23:00:00,2025-05-01,23,29.6,32,29.6,10.0,0.0,Clear
2025-05-02 00:00:00,2025-05-02,0,28.0,34,15.9,10.0,0.0,Clear
2025-05-02 01:00:00,2025-05-02,1,28.6,49,16.7,10.0,0.0,Clear
2025-05-02 02:00:00,2025-05-02,2,29.5,50,10.6,10.0,0.0,Clear
2025-05-02 03:00:00,2025-05-02,3,25.7,47,20.0,10.0,0.0,Clear
2025-05-02 04:00:00,2025-05-02,4,26.9,47,14.1,10.0,0.0,Clear
2025-05-02 05:00:00,2025-05-02,5,28.7,57,12.3,10.0,0.0,Clear
2025-05-02 06:00:00,2025-05-02,6,30.0,58,14.9,10.0,0.0,Clear
2025-05-02 07:00:00,2025-05-02,7,29.6,68,8.1,10.0,0.0,Sunny
2025-05-02 08:00:00,2025-05-02,8,31.2,68,35.8,10.0,0.0,Partly Cloudy
2025-05-02 09:00:00,2025-05-02,9,34.5,66,2.8,10.0,0.0,Sunny
2025-05-02 10:00:00,2025-05-02,10,32.5,67,15.8,10.0,0.0,Partly Cloudy
2025-05-02 11:00:00,2025-05-02,11,37.3,61,2.5,10.0,0.0,Sunny
2025-05-02 12:00:00,2025-05-02,12,36.6,62,8.5,10.0,0.0,Partly Cloudy
2025-05-02 13:00:00,2025-05-02,13,38.8,66,12.3,10.0,0.0,Sunny
2025-05-02 14:00:00,2025-05-02,14,39.4,52,7.1,10.0,0.0,Sunny
2025-05-02 15:00:00,2025-05-02,15,38.8,50,10.9,10.0,0.0,Sunny
2025-05-02 16:00:00,2025-05-02,16,39.7,42,2.0,10.0,0.0,Sunny
2025-05-02 17:00:00,2025-05-02,17,38.2,38,9.6,10.0,0.0,Partly Cloudy
2025-05-02 18:00:00,2025-05-02,18,38.8,41,6.1,10.0,0.0,Hazy
2025-05-02 19:00:00,2025-05-02,19,35.3,29,12.2,10.0,0.0,Clear
2025-05-02 20:00:00,2025-05-02,20,33.4,32,8.0,10.0,0.0,Clear
2025-05-02 21:00:00,2025-05-02,21,33.1,28,2.3,10.0,0.0,Clear
2025-05-02 22:00:00,2025-05-02,22,31.2,38,8.7,10.0,0.0,Clear
2025-05-02 23:00:00,2025-05-02,23,31.6,32,4.7,10.0,0.0,Clear
2025-05-03 00:00:00,2025-05-03,0,28.4,32,10.4,10.0,0.0,Clear
2025-05-03 01:00:00,2025-05-03,1,27.4,40,4.1,10.0,0.0,Clear
2025-05-03 02:00:00,2025-05-03,2,25.3,45,5.8,10.0,0.0,Clear
2025-05-03 03:00:00,2025-05-03,3,26.7,54,7.1,10.0,0.0,Clear
2025-05-03 04:00:00,2025-05-03,4,25.4,52,18.6,10.0,0.0,Clear
2025-05-03 05:00:00,2025-05-03,5,27.1,61,5.3,10.0,0.0,Clear
2025-05-03 06:00:00,2025-05-03,6,27.3,59,4.9,10.0,0.0,Clear
2025-05-03 07:00:00,2025-05-03,7,30.4,70,4.4,10.0,0.0,Sunny
2025-05-03 08:00:00,2025-05-03,8,31.2,71,7.2,10.0,0.0,Sunny
2025-05-03 09:00:00,2025-05-03,9,34.4,70,37.1,10.0,0.0,Sunny
2025-05-03 10:00:00,2025-05-03,10,33.5,71,14.2,10.0,0.0,Hazy
2025-05-03 11:00:00,2025-05-03,11,36.3,67,31.7,10.0,0.0,Sunny
2025-05-03 12:00:00,2025-05-03,12,37.7,63,7.6,10.0,0.0,Hazy
2025-05-03 13:00:00,2025-05-03,13,38.4,54,8.8,10.0,0.0,Sunny
2025-05-03 14:00:00,2025-05-03,14,40.6,52,10.2,10.0,0.0,Sunny
2025-05-03 15:00:00,2025-05-03,15,39.4,53,11.8,10.0,0.0,Sunny
2025-05-03 16:00:00,2025-05-03,16,38.0,49,13.6,10.0,0.0,Partly Cloudy
2025-05-03 17:00:00,2025-05-03,17,39.1,45,2.5,10.0,0.0,Sunny
2025-05-03 18:00:00,2025-05-03,18,39.7,36,7.4,10.0,0.0,Partly Cloudy
2025-05-03 19:00:00,2025-05-03,19,35.4,41,5.9,10.0,0.0,Clear
2025-05-03 20:00:00,2025-05-03,20,34.6,32,18.5,10.0,0.0,Clear
2025-05-03 21:00:00,2025-05-03,21,33.2,34,12.9,10.0,0.0,Clear
2025-05-03 22:00:00,2025-05-03,22,32.4,44,6.8,10.0,0.0,Clear
2025-05-03 23:00:00,2025-05-03,23,30.6,32,13.1,10.0,0.0,Clear
2025-05-04 00:00:00,2025-05-04,0,28.5,40,14.7,10.0,0.0,Clear
2025-05-04 01:00:00,2025-05-04,1,26.9,35,15.9,10.0,0.0,Clear
2025-05-04 02:00:00,2025-05-04,2,26.1,44,4.6,10.0,0.0,Clear
2025-05-04 03:00:00,2025-05-04,3,27.1,52,11.2,10.0,0.0,Clear
2025-05-04 04:00:00,2025-05-04,4,25.9,52,6.7,10.0,0.0,Clear
2025-05-04 05:00:00,2025-05-04,5,25.7,59,8.0,10.0,0.0,Clear
2025-05-04 06:00:00,2025-05-04,6,28.1,64,4.7,10.0,0.0,Clear
2025-05-04 07:00:00,2025-05-04,7,29.1,66,14.5,10.0,0.0,Sunny
2025-05-04 08:00:00,2025-05-04,8,30.9,59,16.6,10.0,0.0,Sunny
2025-05-04 09:00:00,2025-05-04,9,33.6,77,11.2,10.0,0.0,Sunny
2025-05-04 10:00:00,2025-05-04,10,34.8,63,15.9,10.0,0.0,Sunny
2025-05-04 11:00:00,2025-05-04,11,36.0,62,3.7,10.0,0.0,Sunny
2025-05-04 12:00:00,2025-05-04,12,36.2,56,22.7,10.0,0.0,Hazy
2025-05-04 13:00:00,2025-05-04,13,38.1,55,5.5,10.0,0.0,Sunny
2025-05-04 14:00:00,2025-05-04,14,37.3,54,15.0,10.0,0.0,Hazy
2025-05-04 15:00:00,2025-05-04,15,38.6,54,5.9,10.0,0.0,Sunny
2025-05-04 16:00:00,2025-05-04,16,38.3,43,24.7,10.0,0.0,Sunny
2025-05-04 17:00:00,2025-05-04,17,38.6,41,10.9,10.0,0.0,Partly Cloudy
2025-05-04 18:00:00,2025-05-04,18,37.7,38,13.2,10.0,0.0,Sunny
2025-05-04 19:00:00,2025-05-04,19,35.9,30,8.7,10.0,0.0,Clear
2025-05-04 20:00:00,2025-05-04,20,33.3,25,15.1,10.0,0.0,Clear
2025-05-04 21:00:00,2025-05-04,21,30.9,28,18.4,10.0,0.0,Clear
2025-05-04 22:00:00,2025-05-04,22,32.9,38,22.9,10.0,0.0,Clear
2025-05-04 23:00:00,2025-05-04,23,28.7,31,2.7,10.0,0.0,Clear
2025-05-05 00:00:00,2025-05-05,0,28.1,34,2.0,10.0,0.0,Clear
2025-05-05 01:00:00,2025-05-05,1,26.8,42,2.2,10.0,0.0,Clear
2025-05-05 02:00:00,2025-05-05,2,27.8,48,13.2,10.0,0.0,Clear
2025-05-05 03:00:00,2025-05-05,3,26.8,45,7.5,10.0,0.0,Clear
2025-05-05 04:00:00,2025-05-05,4,25.9,57,10.7,10.0,0.0,Clear
2025-05-05 05:00:00,2025-05-05,5,28.0,61,4.5,10.0,0.0,Clear
2025-05-05 06:00:00,2025-05-05,6,26.8,60,7.5,10.0,0.0,Clear
2025-05-05 07:00:00,2025-05-05,7,29.6,58,19.2,10.0,0.0,Sunny
2025-05-05 08:00:00,2025-05-05,8,27.7,70,6.7,10.0,0.0,Sunny
2025-05-05 09:00:00,2025-05-05,9,33.4,69,4.5,10.0,0.0,Sunny
2025-05-05 10:00:00,2025-05-05,10,34.2,68,24.7,10.0,0.0,Sunny
2025-05-05 11:00:00,2025-05-05,11,36.0,60,29.1,10.0,0.0,Sunny
2025-05-05 12:00:00,2025-05-05,12,39.0,71,2.0,10.0,0.0,Sunny
2025-05-05 13:00:00,2025-05-05,13,37.7,55,13.1,10.0,0.0,Sunny
2025-05-05 14:00:00,2025-05-05,14,38.4,52,18.6,10.0,0.0,Sunny
2025-05-05 15:00:00,2025-05-05,15,37.7,54,3.0,10.0,0.0,Sunny
2025-05-05 16:00:00,2025-05-05,16,39.3,45,8.2,10.0,0.0,Sunny
2025-05-05 17:00:00,2025-05-05,17,38.5,41,13.9,10.0,0.0,Sunny
2025-05-05 18:00:00,2025-05-05,18,38.5,32,2.6,10.0,0.0,Partly Cloudy
2025-05-05 19:00:00,2025-05-05,19,36.2,29,5.9,10.0,0.0,Clear
2025-05-05 20:00:00,2025-05-05,20,35.1,34,8.6,10.0,0.0,Clear
2025-05-05 21:00:00,2025-05-05,21,33.6,30,14.5,10.0,0.0,Clear
2025-05-05 22:00:00,2025-05-05,22,31.8,40,3.1,10.0,0.0,Clear
2025-05-05 23:00:00,2025-05-05,23,29.6,29,8.5,10.0,0.0,Clear
2025-05-06 00:00:00,2025-05-06,0,29.0,35,9.1,10.0,0.0,Clear
2025-05-06 01:00:00,2025-05-06,1,28.1,42,8.5,10.0,0.0,Clear
2025-05-06 02:00:00,2025-05-06,2,27.9,43,42.8,10.0,0.0,Clear
2025-05-06 03:00:00,2025-05-06,3,29.2,47,6.3,10.0,0.0,Clear
2025-05-06 04:00:00,2025-05-06,4,25.5,55,10.2,10.0,0.0,Clear
2025-05-06 05:00:00,2025-05-06,5,28.0,67,19.8,10.0,0.0,Clear
2025-05-06 06:00:00,2025-05-06,6,28.4,60,15.7,10.0,0.0,Clear
2025-05-06 07:00:00,2025-05-06,7,30.0,59,8.5,10.0,0.0,Sunny
2025-05-06 08:00:00,2025-05-06,8,32.2,69,12.7,10.0,0.0,Partly Cloudy
2025-05-06 09:00:00,2025-05-06,9,33.3,66,11.9,10.0,0.0,Sunny
2025-05-06 10:00:00,2025-05-06,10,33.4,63,17.2,10.0,0.0,Sunny
2025-05-06 11:00:00,2025-05-06,11,35.6,68,3.6,10.0,0.0,Partly Cloudy
2025-05-06 12:00:00,2025-05-06,12,38.3,64,13.8,10.0,0.0,Sunny
2025-05-06 13:00:00,2025-05-06,13,37.7,56,4.6,10.0,0.0,Partly Cloudy
2025-05-06 14:00:00,2025-05-06,14,38.0,48,22.3,10.0,0.0,Partly Cloudy
2025-05-06 15:00:00,2025-05-06,15,39.1,54,4.8,10.0,0.0,Sunny
2025-05-06 16:00:00,2025-05-06,16,37.5,42,6.6,10.0,0.0,Partly Cloudy
2025-05-06 17:00:00,2025-05-06,17,37.7,42,4.1,10.0,0.0,Sunny
2025-05-06 18:00:00,2025-05-06,18,39.9,37,3.5,10.0,0.0,Partly Cloudy
2025-05-06 19:00:00,2025-05-06,19,35.6,36,10.0,10.0,0.0,Clear
2025-05-06 20:00:00,2025-05-06,20,35.1,33,3.9,10.0,0.0,Clear
2025-05-06 21:00:00,2025-05-06,21,32.0,37,7.6,10.0,0.0,Clear
2025-05-06 22:00:00,2025-05-06,22,32.1,35,15.4,10.0,0.0,Clear
2025-05-06 23:00:00,2025-05-06,23,29.4,26,11.2,10.0,0.0,Clear
2025-05-07 00:00:00,2025-05-07,0,29.4,36,4.5,10.0,0.0,Clear
2025-05-07 01:00:00,2025-05-07,1,27.0,42,11.2,10.0,0.0,Clear
2025-05-07 02:00:00,2025-05-07,2,26.2,44,4.8,10.0,0.0,Clear
2025-05-07 03:00:00,2025-05-07,3,26.3,55,2.0,10.0,0.0,Clear
2025-05-07 04:00:00,2025-05-07,4,26.7,56,4.7,10.0,0.0,Clear
2025-05-07 05:00:00,2025-05-07,5,27.6,51,2.5,10.0,0.0,Clear
2025-05-07 06:00:00,2025-05-07,6,27.6,61,3.6,10.0,0.0,Clear
2025-05-07 07:00:00,2025-05-07,7,28.7,66,14.5,10.0,0.0,Hazy
2025-05-07 08:00:00,2025-05-07,8,29.6,64,8.4,10.0,0.0,Sunny
2025-05-07 09:00:00,2025-05-07,9,32.3,71,12.2,10.0,0.0,Sunny
2025-05-07 10:00:00,2025-05-07,10,32.7,70,5.5,10.0,0.0,Hazy
2025-05-07 11:00:00,2025-05-07,11,34.7,67,11.4,10.0,0.0,Sunny
2025-05-07 12:00:00,2025-05-07,12,37.3,66,3.3,10.0,0.0,Sunny
2025-05-07 13:00:00,2025-05-07,13,39.3,64,8.3,10.0,0.0,Sunny
2025-05-07 14:00:00,2025-05-07,14,38.9,58,5.8,10.0,0.0,Sunny
2025-05-07 15:00:00,2025-05-07,15,41.9,53,14.9,10.0,0.0,Sunny
2025-05-07 16:00:00,2025-05-07,16,39.6,45,27.6,10.0,0.0,Hazy
2025-05-07 17:00:00,2025-05-07,17,38.9,39,5.0,10.0,0.0,Sunny
2025-05-07 18:00:00,2025-05-07,18,36.2,45,6.0,10.0,0.0,Partly Cloudy
2025-05-07 19:00:00,2025-05-07,19,36.9,36,7.7,10.0,0.0,Clear
2025-05-07 20:00:00,2025-05-07,20,35.4,29,4.4,10.0,0.0,Clear
2025-05-07 21:00:00,2025-05-07,21,31.9,32,6.5,10.0,0.0,Clear
2025-05-07 22:00:00,2025-05-07,22,31.4,31,11.0,10.0,0.0,Clear
2025-05-07 23:00:00,2025-05-07,23,31.6,38,31.0,10.0,0.0,Clear
2025-05-08 00:00:00,2025-05-08,0,28.7,36,8.1,10.0,0.0,Clear
2025-05-08 01:00:00,2025-05-08,1,28.4,35,2.8,10.0,0.0,Clear
2025-05-08 02:00:00,2025-05-08,2,26.3,48,3.5,10.0,0.0,Clear
2025-05-08 03:00:00,2025-05-08,3,24.4,48,6.7,10.0,0.0,Clear
2025-05-08 04:00:00,2025-05-08,4,27.3,45,11.2,10.0,0.0,Clear
2025-05-08 05:00:00,2025-05-08,5,27.2,63,7.6,10.0,0.0,Clear
2025-05-08 06:00:00,2025-05-08,6,28.7,57,20.2,10.0,0.0,Clear
2025-05-08 07:00:00,2025-05-08,7,29.8,62,10.7,10.0,0.0,Hazy
2025-05-08 08:00:00,2025-05-08,8,30.4,68,14.8,10.0,0.0,Sunny
2025-05-08 09:00:00,2025-05-08,9,33.1,69,12.6,10.0,0.0,Sunny
2025-05-08 10:00:00,2025-05-08,10,33.9,65,22.7,10.0,0.0,Partly Cloudy
2025-05-08 11:00:00,2025-05-08,11,35.0,67,10.7,10.0,0.0,Sunny
2025-05-08 12:00:00,2025-05-08,12,38.5,66,5.9,10.0,0.0,Sunny
2025-05-08 13:00:00,2025-05-08,13,37.6,55,28.2,10.0,0.0,Partly Cloudy
2025-05-08 14:00:00,2025-05-08,14,39.1,55,5.0,10.0,0.0,Sunny
2025-05-08 15:00:00,2025-05-08,15,38.4,51,8.9,10.0,0.0,Sunny
2025-05-08 16:00:00,2025-05-08,16,41.0,50,22.7,10.0,0.0,Partly Cloudy
2025-05-08 17:00:00,2025-05-08,17,39.2,42,18.2,10.0,0.0,Hazy
2025-05-08 18:00:00,2025-05-08,18,36.4,30,6.6,10.0,0.0,Sunny
2025-05-08 19:00:00,2025-05-08,19,36.3,44,22.7,10.0,0.0,Clear
2025-05-08 20:00:00,2025-05-08,20,34.7,33,11.5,10.0,0.0,Clear
2025-05-08 21:00:00,2025-05-08,21,33.1,33,16.5,10.0,0.0,Clear
2025-05-08 22:00:00,2025-05-08,22,30.6,32,6.9,10.0,0.0,Clear
2025-05-08 23:00:00,2025-05-08,23,28.9,35,6.0,10.0,0.0,Clear
2025-05-09 00:00:00,2025-05-09,0,30.2,39,4.7,10.0,0.0,Clear
2025-05-09 01:00:00,2025-05-09,1,26.3,44,2.0,10.0,0.0,Clear
2025-05-09 02:00:00,2025-05-09,2,25.5,45,14.1,10.0,0.0,Clear
2025-05-09 03:00:00,2025-05-09,3,24.3,40,17.6,10.0,0.0,Clear
2025-05-09 04:00:00,2025-05-09,4,26.4,53,9.8,10.0,0.0,Clear
2025-05-09 05:00:00,2025-05-09,5,25.8,58,8.8,10.0,0.0,Clear
2025-05-09 06:00:00,2025-05-09,6,31.0,60,2.0,10.0,0.0,Clear
2025-05-09 07:00:00,2025-05-09,7,28.1,61,10.1,10.0,0.0,Sunny
2025-05-09 08:00:00,2025-05-09,8,30.4,65,26.1,10.0,0.0,Sunny
2025-05-09 09:00:00,2025-05-09,9,35.6,71,8.8,10.0,0.0,Sunny
2025-05-09 10:00:00,2025-05-09,10,36.0,69,7.0,10.0,0.0,Partly Cloudy
2025-05-09 11:00:00,2025-05-09,11,34.1,60,7.9,10.0,0.0,Sunny
2025-05-09 12:00:00,2025-05-09,12,37.6,56,14.9,10.0,0.0,Partly Cloudy
2025-05-09 13:00:00,2025-05-09,13,38.9,52,6.9,10.0,0.0,Sunny
2025-05-09 14:00:00,2025-05-09,14,38.1,56,11.3,10.0,0.0,Sunny
2025-05-09 15:00:00,2025-05-09,15,40.2,44,19.2,10.0,0.0,Sunny
2025-05-09 16:00:00,2025-05-09,16,37.6,45,9.4,10.0,0.0,Sunny
2025-05-09 17:00:00,2025-05-09,17,36.6,44,18.6,10.0,0.0,Sunny
2025-05-09 18:00:00,2025-05-09,18,38.7,39,7.5,10.0,0.0,Partly Cloudy
2025-05-09 19:00:00,2025-05-09,19,36.9,33,12.0,10.0,0.0,Clear
2025-05-09 20:00:00,2025-05-09,20,36.9,39,5.7,10.0,0.0,Clear
2025-05-09 21:00:00,2025-05-09,21,32.9,29,10.9,10.0,0.0,Clear
2025-05-09 22:00:00,2025-05-09,22,33.2,33,20.3,10.0,0.0,Clear
2025-05-09 23:00:00,2025-05-09,23,29.1,33,16.5,10.0,0.0,Clear
2025-05-10 00:00:00,2025-05-10,0,29.8,36,11.4,10.0,0.0,Clear
2025-05-10 01:00:00,2025-05-10,1,29.6,44,10.7,10.0,0.0,Clear
2025-05-10 02:00:00,2025-05-10,2,25.6,48,18.1,10.0,0.0,Clear
2025-05-10 03:00:00,2025-05-10,3,24.3,43,10.4,10.0,0.0,Clear
2025-05-10 04:00:00,2025-05-10,4,27.0,50,14.8,10.0,0.0,Clear
2025-05-10 05:00:00,2025-05-10,5,27.6,62,10.5,10.0,0.0,Clear
2025-05-10 06:00:00,2025-05-10,6,28.2,57,17.3,10.0,0.0,Clear
2025-05-10 07:00:00,2025-05-10,7,30.9,61,8.4,10.0,0.0,Hazy
2025-05-10 08:00:00,2025-05-10,8,30.0,69,7.8,10.0,0.0,Hazy
2025-05-10 09:00:00,2025-05-10,9,32.8,72,7.8,10.0,0.0,Partly Cloudy
2025-05-10 10:00:00,2025-05-10,10,33.7,71,7.8,10.0,0.0,Partly Cloudy
2025-05-10 11:00:00,2025-05-10,11,38.2,59,9.2,10.0,0.0,Sunny
2025-05-10 12:00:00,2025-05-10,12,38.5,62,2.7,10.0,0.0,Sunny
2025-05-10 13:00:00,2025-05-10,13,37.8,57,3.6,10.0,0.0,Partly Cloudy
2025-05-10 14:00:00,2025-05-10,14,39.3,52,2.0,10.0,0.0,Sunny
2025-05-10 15:00:00,2025-05-10,15,39.3,44,2.0,10.0,0.0,Sunny
2025-05-10 16:00:00,2025-05-10,16,37.7,51,8.9,10.0,0.0,Sunny
2025-05-10 17:00:00,2025-05-10,17,40.5,40,2.0,10.0,0.0,Sunny
2025-05-10 18:00:00,2025-05-10,18,37.1,33,7.1,10.0,0.0,Partly Cloudy
2025-05-10 19:00:00,2025-05-10,19,39.9,36,19.7,10.0,0.0,Clear
2025-05-10 20:00:00,2025-05-10,20,34.7,32,4.9,10.0,0.0,Clear
2025-05-10 21:00:00,2025-05-10,21,34.5,35,5.8,10.0,0.0,Clear
2025-05-10 22:00:00,2025-05-10,22,31.3,31,12.8,10.0,0.0,Clear
2025-05-10 23:00:00,2025-05-10,23,30.1,33,18.1,10.0,0.0,Clear
2025-05-11 00:00:00,2025-05-11,0,27.9,37,10.3,10.0,0.0,Clear
2025-05-11 01:00:00,2025-05-11,1,25.2,44,12.0,10.0,0.0,Clear
2025-05-11 02:00:00,2025-05-11,2,28.7,41,10.1,10.0,0.0,Clear
2025-05-11 03:00:00,2025-05-11,3,25.8,44,10.5,10.0,0.0,Clear
2025-05-11 04:00:00,2025-05-11,4,28.5,57,25.4,10.0,0.0,Clear
2025-05-11 05:00:00,2025-05-11,5,29.9,60,11.9,10.0,0.0,Clear
2025-05-11 06:00:00,2025-05-11,6,27.6,63,8.7,10.0,0.0,Clear
2025-05-11 07:00:00,2025-05-11,7,28.7,66,9.0,10.0,0.0,Sunny
2025-05-11 08:00:00,2025-05-11,8,30.6,67,42.8,10.0,0.0,Sunny
2025-05-11 09:00:00,2025-05-11,9,30.7,73,20.1,10.0,0.0,Sunny
2025-05-11 10:00:00,2025-05-11,10,35.1,68,7.1,10.0,0.0,Sunny
2025-05-11 11:00:00,2025-05-11,11,37.8,65,2.0,10.0,0.0,Sunny
2025-05-11 12:00:00,2025-05-11,12,36.5,58,22.5,10.0,0.0,Partly Cloudy
2025-05-11 13:00:00,2025-05-11,13,39.2,57,12.3,10.0,0.0,Sunny
2025-05-11 14:00:00,2025-05-11,14,39.0,57,38.5,10.0,0.0,Hazy
2025-05-11 15:00:00,2025-05-11,15,39.2,53,37.6,10.0,0.0,Sunny
2025-05-11 16:00:00,2025-05-11,16,39.3,39,8.6,10.0,0.0,Sunny
2025-05-11 17:00:00,2025-05-11,17,39.0,44,5.1,10.0,0.0,Sunny
2025-05-11 18:00:00,2025-05-11,18,36.8,37,8.4,10.0,0.0,Sunny
2025-05-11 19:00:00,2025-05-11,19,36.3,44,7.4,10.0,0.0,Clear
2025-05-11 20:00:00,2025-05-11,20,34.0,37,9.5,10.0,0.0,Clear
2025-05-11 21:00:00,2025-05-11,21,33.2,31,23.2,10.0,0.0,Clear
2025-05-11 22:00:00,2025-05-11,22,30.2,28,7.1,10.0,0.0,Clear
2025-05-11 23:00:00,2025-05-11,23,30.8,30,8.4,10.0,0.0,Clear
2025-05-12 00:00:00,2025-05-12,0,28.0,35,4.6,10.0,0.0,Clear
2025-05-12 01:00:00,2025-05-12,1,25.9,48,12.2,10.0,0.0,Clear
2025-05-12 02:00:00,2025-05-12,2,26.5,44,2.0,10.0,0.0,Clear
2025-05-12 03:00:00,2025-05-12,3,26.4,51,2.5,10.0,0.0,Clear
2025-05-12 04:00:00,2025-05-12,4,26.1,54,8.6,10.0,0.0,Clear
2025-05-12 05:00:00,2025-05-12,5,25.4,58,10.4,10.0,0.0,Clear
2025-05-12 06:00:00,2025-05-12,6,28.2,61,14.1,10.0,0.0,Clear
2025-05-12 07:00:00,2025-05-12,7,29.9,71,11.8,10.0,0.0,Sunny
2025-05-12 08:00:00,2025-05-12,8,31.8,71,18.5,10.0,0.0,Hazy
2025-05-12 09:00:00,2025-05-12,9,34.2,62,25.4,10.0,0.0,Sunny
2025-05-12 10:00:00,2025-05-12,10,35.3,61,15.4,10.0,0.0,Hazy
2025-05-12 11:00:00,2025-05-12,11,36.6,69,21.2,10.0,0.0,Sunny
2025-05-12 12:00:00,2025-05-12,12,38.3,67,34.9,10.0,0.0,Sunny
2025-05-12 13:00:00,2025-05-12,13,37.9,55,34.0,10.0,0.0,Sunny
2025-05-12 14:00:00,2025-05-12,14,40.4,53,3.9,10.0,0.0,Sunny
2025-05-12 15:00:00,2025-05-12,15,39.4,54,17.8,10.0,0.0,Sunny
2025-05-12 16:00:00,2025-05-12,16,39.0,48,6.3,10.0,0.0,Sunny
2025-05-12 17:00:00,2025-05-12,17,37.1,41,13.3,10.0,0.0,Partly Cloudy
2025-05-12 18:00:00,2025-05-12,18,38.1,39,3.7,10.0,0.0,Sunny
2025-05-12 19:00:00,2025-05-12,19,36.7,33,3.0,10.0,0.0,Clear
2025-05-12 20:00:00,2025-05-12,20,35.6,31,19.9,10.0,0.0,Clear
2025-05-12 21:00:00,2025-05-12,21,31.3,36,5.7,10.0,0.0,Clear
2025-05-12 22:00:00,2025-05-12,22,32.2,30,13.8,10.0,0.0,Clear
2025-05-12 23:00:00,2025-05-12,23,29.5,32,12.6,10.0,0.0,Clear
2025-05-13 00:00:00,2025-05-13,0,27.3,44,9.2,10.0,0.0,Clear
2025-05-13 01:00:00,2025-05-13,1,26.8,37,15.3,10.0,0.0,Clear
2025-05-13 02:00:00,2025-05-13,2,25.7,52,24.9,10.0,0.0,Clear
2025-05-13 03:00:00,2025-05-13,3,26.9,51,12.8,10.0,0.0,Clear
2025-05-13 04:00:00,2025-05-13,4,26.2,55,6.0,10.0,0.0,Clear
2025-05-13 05:00:00,2025-05-13,5,27.3,61,9.0,10.0,0.0,Clear
2025-05-13 06:00:00,2025-05-13,6,27.8,66,11.1,10.0,0.0,Clear
2025-05-13 07:00:00,2025-05-13,7,29.6,71,15.4,10.0,0.0,Hazy
2025-05-13 08:00:00,2025-05-13,8,30.0,66,11.6,10.0,0.0,Sunny
2025-05-13 09:00:00,2025-05-13,9,30.6,70,11.4,10.0,0.0,Partly Cloudy
2025-05-13 10:00:00,2025-05-13,10,37.9,66,6.1,10.0,0.0,Sunny
2025-05-13 11:00:00,2025-05-13,11,36.3,63,10.9,10.0,0.0,Sunny
2025-05-13 12:00:00,2025-05-13,12,41.1,63,4.0,10.0,0.0,Sunny
2025-05-13 13:00:00,2025-05-13,13,38.5,62,17.0,10.0,0.0,Sunny
2025-05-13 14:00:00,2025-05-13,14,39.2,51,11.4,10.0,0.0,Partly Cloudy
2025-05-13 15:00:00,2025-05-13,15,39.1,44,21.7,10.0,0.0,Sunny
2025-05-13 16:00:00,2025-05-13,16,39.9,41,11.3,10.0,0.0,Sunny
2025-05-13 17:00:00,2025-05-13,17,38.7,39,8.5,10.0,0.0,Sunny
2025-05-13 18:00:00,2025-05-13,18,36.0,42,21.8,10.0,0.0,Sunny
2025-05-13 19:00:00,2025-05-13,19,35.0,31,15.8,10.0,0.0,Clear
2025-05-13 20:00:00,2025-05-13,20,33.2,35,9.1,10.0,0.0,Clear
2025-05-13 21:00:00,2025-05-13,21,33.1,36,4.4,10.0,0.0,Clear
2025-05-13 22:00:00,2025-05-13,22,31.5,29,3.0,10.0,0.0,Clear
2025-05-13 23:00:00,2025-05-13,23,29.9,40,5.7,10.0,0.0,Clear
2025-05-14 00:00:00,2025-05-14,0,27.5,39,2.0,10.0,0.0,Clear
2025-05-14 01:00:00,2025-05-14,1,25.9,37,4.4,10.0,0.0,Clear
2025-05-14 02:00:00,2025-05-14,2,28.1,44,24.4,10.0,0.0,Clear
2025-05-14 03:00:00,2025-05-14,3,26.7,47,12.6,10.0,0.0,Clear
2025-05-14 04:00:00,2025-05-14,4,27.4,54,14.0,10.0,0.0,Clear
2025-05-14 05:00:00,2025-05-14,5,28.5,60,5.9,10.0,0.0,Clear
2025-05-14 06:00:00,2025-05-14,6,25.9,60,7.5,10.0,0.0,Clear
2025-05-14 07:00:00,2025-05-14,7,29.8,67,13.0,10.0,0.0,Sunny
2025-05-14 08:00:00,2025-05-14,8,32.6,68,6.3,10.0,0.0,Sunny
2025-05-14 09:00:00,2025-05-14,9,31.5,64,5.8,10.0,0.0,Partly Cloudy
2025-05-14 10:00:00,2025-05-14,10,33.3,69,4.9,10.0,0.0,Sunny
2025-05-14 11:00:00,2025-05-14,11,34.8,70,18.5,10.0,0.0,Partly Cloudy
2025-05-14 12:00:00,2025-05-14,12,35.7,62,16.4,10.0,0.0,Sunny
2025-05-14 13:00:00,2025-05-14,13,39.3,62,30.3,10.0,0.0,Partly Cloudy
2025-05-14 14:00:00,2025-05-14,14,39.5,50,3.0,10.0,0.0,Sunny
2025-05-14 15:00:00,2025-05-14,15,38.0,56,5.9,10.0,0.0,Sunny
2025-05-14 16:00:00,2025-05-14,16,37.0,48,15.6,10.0,0.0,Partly Cloudy
2025-05-14 17:00:00,2025-05-14,17,37.6,44,37.4,10.0,0.0,Sunny
2025-05-14 18:00:00,2025-05-14,18,38.8,35,19.5,10.0,0.0,Sunny
2025-05-14 19:00:00,2025-05-14,19,34.8,37,2.3,10.0,0.0,Clear
2025-05-14 20:00:00,2025-05-14,20,32.5,34,30.5,10.0,0.0,Clear
2025-05-14 21:00:00,2025-05-14,21,32.8,35,20.8,10.0,0.0,Clear
2025-05-14 22:00:00,2025-05-14,22,29.8,38,10.0,10.0,0.0,Clear
2025-05-14 23:00:00,2025-05-14,23,31.7,32,16.4,10.0,0.0,Clear
2025-05-15 00:00:00,2025-05-15,0,28.5,42,26.3,10.0,0.0,Clear
2025-05-15 01:00:00,2025-05-15,1,26.8,44,8.0,10.0,0.0,Clear
2025-05-15 02:00:00,2025-05-15,2,26.2,41,17.1,10.0,0.0,Clear
2025-05-15 03:00:00,2025-05-15,3,25.7,57,34.9,10.0,0.0,Clear
2025-05-15 04:00:00,2025-05-15,4,26.0,52,2.4,10.0,0.0,Clear
2025-05-15 05:00:00,2025-05-15,5,30.1,60,17.1,10.0,0.0,Clear
2025-05-15 06:00:00,2025-05-15,6,29.4,64,23.4,10.0,0.0,Clear
2025-05-15 07:00:00,2025-05-15,7,29.4,62,7.5,10.0,0.0,Sunny
2025-05-15 08:00:00,2025-05-15,8,31.4,71,6.2,10.0,0.0,Sunny
2025-05-15 09:00:00,2025-05-15,9,32.0,66,2.9,10.0,0.0,Sunny
2025-05-15 10:00:00,2025-05-15,10,35.8,62,5.3,10.0,0.0,Sunny
2025-05-15 11:00:00,2025-05-15,11,32.1,62,2.0,10.0,0.0,Sunny
2025-05-15 12:00:00,2025-05-15,12,36.7,55,3.4,10.0,0.0,Sunny
2025-05-15 13:00:00,2025-05-15,13,37.2,54,6.6,10.0,0.0,Sunny
2025-05-15 14:00:00,2025-05-15,14,40.2,59,3.1,10.0,0.0,Sunny
2025-05-15 15:00:00,2025-05-15,15,39.3,44,9.5,10.0,0.0,Partly Cloudy
2025-05-15 16:00:00,2025-05-15,16,37.0,47,9.2,10.0,0.0,Sunny
2025-05-15 17:00:00,2025-05-15,17,38.3,39,2.2,10.0,0.0,Partly Cloudy
2025-05-15 18:00:00,2025-05-15,18,37.3,42,10.1,10.0,0.0,Partly Cloudy
2025-05-15 19:00:00,2025-05-15,19,37.8,34,13.7,10.0,0.0,Clear
2025-05-15 20:00:00,2025-05-15,20,34.8,28,21.3,10.0,0.0,Clear
2025-05-15 21:00:00,2025-05-15,21,32.7,34,25.3,10.0,0.0,Clear
2025-05-15 22:00:00,2025-05-15,22,31.1,31,20.8,10.0,0.0,Clear
2025-05-15 23:00:00,2025-05-15,23,26.7,37,13.3,10.0,0.0,Clear
2025-05-16 00:00:00,2025-05-16,0,27.1,39,11.7,10.0,0.0,Clear
2025-05-16 01:00:00,2025-05-16,1,24.7,37,15.5,10.0,0.0,Clear
2025-05-16 02:00:00,2025-05-16,2,28.9,45,7.4,10.0,0.0,Clear
2025-05-16 03:00:00,2025-05-16,3,25.6,48,9.7,10.0,0.0,Clear
2025-05-16 04:00:00,2025-05-16,4,27.2,54,5.3,10.0,0.0,Clear
2025-05-16 05:00:00,2025-05-16,5,25.9,58,6.8,10.0,0.0,Clear
2025-05-16 06:00:00,2025-05-16,6,27.6,56,7.4,10.0,0.0,Clear
2025-05-16 07:00:00,2025-05-16,7,29.1,67,2.0,10.0,0.0,Sunny
2025-05-16 08:00:00,2025-05-16,8,31.7,66,18.0,10.0,0.0,Sunny
2025-05-16 09:00:00,2025-05-16,9,32.5,63,9.1,10.0,0.0,Sunny
2025-05-16 10:00:00,2025-05-16,10,33.6,63,16.3,10.0,0.0,Partly Cloudy
2025-05-16 11:00:00,2025-05-16,11,33.5,59,6.1,10.0,0.0,Sunny
2025-05-16 12:00:00,2025-05-16,12,40.0,70,7.6,10.0,0.0,Sunny
2025-05-16 13:00:00,2025-05-16,13,37.7,59,9.3,10.0,0.0,Partly Cloudy
2025-05-16 14:00:00,2025-05-16,14,38.5,56,9.5,10.0,0.0,Partly Cloudy
2025-05-16 15:00:00,2025-05-16,15,38.5,56,5.9,10.0,0.0,Sunny
2025-05-16 16:00:00,2025-05-16,16,40.7,56,15.9,10.0,0.0,Partly Cloudy
2025-05-16 17:00:00,2025-05-16,17,37.5,38,2.0,10.0,0.0,Sunny
2025-05-16 18:00:00,2025-05-16,18,36.7,35,15.5,10.0,0.0,Sunny
2025-05-16 19:00:00,2025-05-16,19,36.2,30,2.0,10.0,0.0,Clear
2025-05-16 20:00:00,2025-05-16,20,35.8,32,18.4,10.0,0.0,Clear
2025-05-16 21:00:00,2025-05-16,21,32.7,25,2.0,10.0,0.0,Clear
2025-05-16 22:00:00,2025-05-16,22,31.1,38,6.7,10.0,0.0,Clear
2025-05-16 23:00:00,2025-05-16,23,29.3,36,11.0,10.0,0.0,Clear
2025-05-17 00:00:00,2025-05-17,0,27.5,36,7.7,10.0,0.0,Clear
2025-05-17 01:00:00,2025-05-17,1,29.3,35,2.0,10.0,0.0,Clear
2025-05-17 02:00:00,2025-05-17,2,25.4,51,2.8,10.0,0.0,Clear
2025-05-17 03:00:00,2025-05-17,3,26.7,48,13.4,10.0,0.0,Clear
2025-05-17 04:00:00,2025-05-17,4,25.7,62,7.7,10.0,0.0,Clear
2025-05-17 05:00:00,2025-05-17,5,27.8,58,15.0,10.0,0.0,Clear
2025-05-17 06:00:00,2025-05-17,6,28.0,63,11.1,10.0,0.0,Clear
2025-05-17 07:00:00,2025-05-17,7,29.7,61,6.7,10.0,0.0,Hazy
2025-05-17 08:00:00,2025-05-17,8,31.1,72,4.5,10.0,0.0,Sunny
2025-05-17 09:00:00,2025-05-17,9,31.4,61,25.2,10.0,0.0,Sunny
2025-05-17 10:00:00,2025-05-17,10,34.3,70,10.9,10.0,0.0,Sunny
2025-05-17 11:00:00,2025-05-17,11,33.8,71,8.5,10.0,0.0,Hazy
2025-05-17 12:00:00,2025-05-17,12,37.6,56,27.7,10.0,0.0,Sunny
2025-05-17 13:00:00,2025-05-17,13,37.7,63,18.6,10.0,0.0,Sunny
2025-05-17 14:00:00,2025-05-17,14,38.7,60,30.1,10.0,0.0,Sunny
2025-05-17 15:00:00,2025-05-17,15,39.2,52,17.6,10.0,0.0,Sunny
2025-05-17 16:00:00,2025-05-17,16,39.2,48,15.7,10.0,0.0,Sunny
2025-05-17 17:00:00,2025-05-17,17,35.6,43,12.0,10.0,0.0,Sunny
2025-05-17 18:00:00,2025-05-17,18,36.8,38,13.7,10.0,0.0,Partly Cloudy
2025-05-17 19:00:00,2025-05-17,19,36.3,30,2.4,10.0,0.0,Clear
2025-05-17 20:00:00,2025-05-17,20,36.3,32,3.5,10.0,0.0,Clear
2025-05-17 21:00:00,2025-05-17,21,35.8,31,2.7,10.0,0.0,Clear
2025-05-17 22:00:00,2025-05-17,22,33.4,40,11.6,10.0,0.0,Clear
2025-05-17 23:00:00,2025-05-17,23,28.6,34,11.6,10.0,0.0,Clear
2025-05-18 00:00:00,2025-05-18,0,28.8,37,13.4,10.0,0.0,Clear
2025-05-18 01:00:00,2025-05-18,1,28.4,42,15.3,10.0,0.0,Clear
2025-05-18 02:00:00,2025-05-18,2,27.2,47,16.2,10.0,0.0,Clear
2025-05-18 03:00:00,2025-05-18,3,26.2,47,12.5,10.0,0.0,Clear
2025-05-18 04:00:00,2025-05-18,4,26.8,58,13.4,10.0,0.0,Clear
2025-05-18 05:00:00,2025-05-18,5,27.6,59,6.7,10.0,0.0,Clear
2025-05-18 06:00:00,2025-05-18,6,27.4,66,2.7,10.0,0.0,Clear
2025-05-18 07:00:00,2025-05-18,7,29.9,62,7.0,10.0,0.0,Sunny
2025-05-18 08:00:00,2025-05-18,8,29.6,67,25.2,10.0,0.0,Partly Cloudy
2025-05-18 09:00:00,2025-05-18,9,35.7,74,3.2,10.0,0.0,Sunny
2025-05-18 10:00:00,2025-05-18,10,34.1,75,6.4,10.0,0.0,Sunny
2025-05-18 11:00:00,2025-05-18,11,36.8,68,16.7,10.0,0.0,Sunny
2025-05-18 12:00:00,2025-05-18,12,37.7,58,2.6,10.0,0.0,Sunny
2025-05-18 13:00:00,2025-05-18,13,38.6,52,20.0,10.0,0.0,Sunny
2025-05-18 14:00:00,2025-05-18,14,39.9,57,2.0,10.0,0.0,Hazy
2025-05-18 15:00:00,2025-05-18,15,40.7,58,7.7,10.0,0.0,Sunny
2025-05-18 16:00:00,2025-05-18,16,39.3,44,13.5,10.0,0.0,Sunny
2025-05-18 17:00:00,2025-05-18,17,39.5,40,22.3,10.0,0.0,Sunny
2025-05-18 18:00:00,2025-05-18,18,38.1,38,7.7,10.0,0.0,Sunny
2025-05-18 19:00:00,2025-05-18,19,34.6,44,17.2,10.0,0.0,Clear
2025-05-18 20:00:00,2025-05-18,20,34.6,33,11.3,10.0,0.0,Clear
2025-05-18 21:00:00,2025-05-18,21,32.6,33,15.5,10.0,0.0,Clear
2025-05-18 22:00:00,2025-05-18,22,32.0,31,11.1,10.0,0.0,Clear
2025-05-18 23:00:00,2025-05-18,23,30.5,35,12.0,10.0,0.0,Clear
2025-05-19 00:00:00,2025-05-19,0,28.5,42,22.1,10.0,0.0,Clear
2025-05-19 01:00:00,2025-05-19,1,27.7,38,8.5,10.0,0.0,Clear
2025-05-19 02:00:00,2025-05-19,2,26.8,49,13.5,10.0,0.0,Clear
2025-05-19 03:00:00,2025-05-19,3,25.7,54,2.0,10.0,0.0,Clear
2025-05-19 04:00:00,2025-05-19,4,28.1,52,14.1,10.0,0.0,Clear
2025-05-19 05:00:00,2025-05-19,5,28.0,62,2.6,10.0,0.0,Clear
2025-05-19 06:00:00,2025-05-19,6,30.6,71,3.3,10.0,0.0,Clear
2025-05-19 07:00:00,2025-05-19,7,29.5,61,16.9,10.0,0.0,Sunny
2025-05-19 08:00:00,2025-05-19,8,30.6,67,14.6,10.0,0.0,Hazy
2025-05-19 09:00:00,2025-05-19,9,30.4,69,4.0,10.0,0.0,Sunny
2025-05-19 10:00:00,2025-05-19,10,37.4,69,5.1,10.0,0.0,Sunny
2025-05-19 11:00:00,2025-05-19,11,36.8,62,3.8,10.0,0.0,Sunny
2025-05-19 12:00:00,2025-05-19,12,38.5,58,25.7,10.0,0.0,Sunny
2025-05-19 13:00:00,2025-05-19,13,40.7,56,19.1,10.0,0.0,Sunny
2025-05-19 14:00:00,2025-05-19,14,39.4,55,3.9,10.0,0.0,Partly Cloudy
2025-05-19 15:00:00,2025-05-19,15,38.6,48,11.5,10.0,0.0,Partly Cloudy
2025-05-19 16:00:00,2025-05-19,16,40.3,49,7.3,10.0,0.0,Partly Cloudy
2025-05-19 17:00:00,2025-05-19,17,38.3,46,4.2,10.0,0.0,Sunny
2025-05-19 18:00:00,2025-05-19,18,35.4,34,6.6,10.0,0.0,Sunny
2025-05-19 19:00:00,2025-05-19,19,38.1,36,9.7,10.0,0.0,Clear
2025-05-19 20:00:00,2025-05-19,20,33.3,33,2.6,10.0,0.0,Clear
2025-05-19 21:00:00,2025-05-19,21,32.1,42,5.6,10.0,0.0,Clear
2025-05-19 22:00:00,2025-05-19,22,32.2,31,22.0,10.0,0.0,Clear
2025-05-19 23:00:00,2025-05-19,23,27.3,36,19.1,10.0,0.0,Clear
2025-05-20 00:00:00,2025-05-20,0,28.5,45,11.9,10.0,0.0,Clear
2025-05-20 01:00:00,2025-05-20,1,27.7,33,9.5,10.0,0.0,Clear
2025-05-20 02:00:00,2025-05-20,2,28.0,51,6.8,10.0,0.0,Clear
2025-05-20 03:00:00,2025-05-20,3,27.2,48,15.9,10.0,0.0,Clear
2025-05-20 04:00:00,2025-05-20,4,27.6,49,3.1,10.0,0.0,Clear
2025-05-20 05:00:00,2025-05-20,5,28.4,60,9.8,10.0,0.0,Clear
2025-05-20 06:00:00,2025-05-20,6,30.1,64,2.0,10.0,0.0,Clear
2025-05-20 07:00:00,2025-05-20,7,29.2,68,6.0,10.0,0.0,Sunny
2025-05-20 08:00:00,2025-05-20,8,30.1,70,11.4,10.0,0.0,Partly Cloudy
2025-05-20 09:00:00,2025-05-20,9,31.8,68,29.7,10.0,0.0,Sunny
2025-05-20 10:00:00,2025-05-20,10,35.4,74,12.3,10.0,0.0,Sunny
2025-05-20 11:00:00,2025-05-20,11,35.9,71,15.2,10.0,0.0,Sunny
2025-05-20 12:00:00,2025-05-20,12,36.8,65,23.9,10.0,0.0,Sunny
2025-05-20 13:00:00,2025-05-20,13,39.9,60,7.9,10.0,0.0,Partly Cloudy
2025-05-20 14:00:00,2025-05-20,14,39.9,59,3.6,10.0,0.0,Sunny
2025-05-20 15:00:00,2025-05-20,15,41.4,50,5.7,10.0,0.0,Sunny
2025-05-20 16:00:00,2025-05-20,16,39.6,40,13.5,10.0,0.0,Sunny
2025-05-20 17:00:00,2025-05-20,17,39.3,41,6.7,10.0,0.0,Sunny
2025-05-20 18:00:00,2025-05-20,18,37.1,36,16.8,10.0,0.0,Hazy
2025-05-20 19:00:00,2025-05-20,19,33.7,35,11.8,10.0,0.0,Clear
2025-05-20 20:00:00,2025-05-20,20,34.0,28,4.1,10.0,0.0,Clear
2025-05-20 21:00:00,2025-05-20,21,32.1,28,7.5,10.0,0.0,Clear
2025-05-20 22:00:00,2025-05-20,22,29.7,37,21.4,10.0,0.0,Clear
2025-05-20 23:00:00,2025-05-20,23,29.9,35,10.0,10.0,0.0,Clear
2025-05-21 00:00:00,2025-05-21,0,29.5,36,22.4,10.0,0.0,Clear
2025-05-21 01:00:00,2025-05-21,1,26.8,39,3.5,10.0,0.0,Clear
2025-05-21 02:00:00,2025-05-21,2,27.2,45,60.0,10.0,0.0,Clear
2025-05-21 03:00:00,2025-05-21,3,25.8,51,9.8,10.0,0.0,Clear
2025-05-21 04:00:00,2025-05-21,4,26.5,48,19.0,10.0,0.0,Clear
2025-05-21 05:00:00,2025-05-21,5,26.6,58,27.8,10.0,0.0,Clear
2025-05-21 06:00:00,2025-05-21,6,28.8,64,22.3,10.0,0.0,Clear
2025-05-21 07:00:00,2025-05-21,7,30.4,65,8.7,10.0,0.0,Sunny
2025-05-21 08:00:00,2025-05-21,8,33.4,61,17.0,10.0,0.0,Partly Cloudy
2025-05-21 09:00:00,2025-05-21,9,32.3,68,24.7,10.0,0.0,Partly Cloudy
2025-05-21 10:00:00,2025-05-21,10,34.4,67,17.7,10.0,0.0,Partly Cloudy
2025-05-21 11:00:00,2025-05-21,11,37.6,63,4.1,10.0,0.0,Sunny
2025-05-21 12:00:00,2025-05-21,12,37.2,59,16.1,10.0,0.0,Sunny
2025-05-21 13:00:00,2025-05-21,13,39.2,60,11.2,10.0,0.0,Partly Cloudy
2025-05-21 14:00:00,2025-05-21,14,38.7,55,7.1,10.0,0.0,Sunny
2025-05-21 15:00:00,2025-05-21,15,40.0,52,24.1,10.0,0.0,Sunny
2025-05-21 16:00:00,2025-05-21,16,40.0,54,2.7,10.0,0.0,Hazy
2025-05-21 17:00:00,2025-05-21,17,40.2,43,18.1,10.0,0.0,Sunny
2025-05-21 18:00:00,2025-05-21,18,36.7,34,9.2,10.0,0.0,Partly Cloudy
2025-05-21 19:00:00,2025-05-21,19,36.8,40,21.3,10.0,0.0,Clear
2025-05-21 20:00:00,2025-05-21,20,34.5,32,7.1,10.0,0.0,Clear
2025-05-21 21:00:00,2025-05-21,21,31.0,31,17.4,10.0,0.0,Clear
2025-05-21 22:00:00,2025-05-21,22,30.6,29,5.3,10.0,0.0,Clear
2025-05-21 23:00:00,2025-05-21,23,28.9,37,11.0,10.0,0.0,Clear
2025-05-22 00:00:00,2025-05-22,0,28.9,36,10.0,10.0,0.0,Clear
2025-05-22 01:00:00,2025-05-22,1,26.3,45,16.2,10.0,0.0,Clear
2025-05-22 02:00:00,2025-05-22,2,26.8,48,10.5,10.0,0.0,Clear
2025-05-22 03:00:00,2025-05-22,3,26.5,47,10.2,10.0,0.0,Clear
2025-05-22 04:00:00,2025-05-22,4,27.5,51,5.8,10.0,0.0,Clear
2025-05-22 05:00:00,2025-05-22,5,26.8,60,22.4,10.0,0.0,Clear
2025-05-22 06:00:00,2025-05-22,6,26.6,68,22.5,10.0,0.0,Clear
2025-05-22 07:00:00,2025-05-22,7,30.9,70,28.5,10.0,0.0,Sunny
2025-05-22 08:00:00,2025-05-22,8,30.6,74,10.6,10.0,0.0,Sunny
2025-05-22 09:00:00,2025-05-22,9,34.3,69,4.7,10.0,0.0,Sunny
2025-05-22 10:00:00,2025-05-22,10,34.7,71,6.8,10.0,0.0,Sunny
2025-05-22 11:00:00,2025-05-22,11,36.3,70,20.2,10.0,0.0,Sunny
2025-05-22 12:00:00,2025-05-22,12,38.3,71,18.6,10.0,0.0,Sunny
2025-05-22 13:00:00,2025-05-22,13,39.4,61,2.0,10.0,0.0,Sunny
2025-05-22 14:00:00,2025-05-22,14,39.2,53,2.0,10.0,0.0,Partly Cloudy
2025-05-22 15:00:00,2025-05-22,15,39.0,55,3.0,10.0,0.0,Partly Cloudy
2025-05-22 16:00:00,2025-05-22,16,39.2,40,6.9,10.0,0.0,Sunny
2025-05-22 17:00:00,2025-05-22,17,36.5,46,7.1,10.0,0.0,Sunny
2025-05-22 18:00:00,2025-05-22,18,38.8,43,10.6,10.0,0.0,Sunny
2025-05-22 19:00:00,2025-05-22,19,35.2,39,6.0,10.0,0.0,Clear
2025-05-22 20:00:00,2025-05-22,20,34.1,29,7.1,10.0,0.0,Clear
2025-05-22 21:00:00,2025-05-22,21,32.5,33,11.1,10.0,0.0,Clear
2025-05-22 22:00:00,2025-05-22,22,31.8,37,12.2,10.0,0.0,Clear
2025-05-22 23:00:00,2025-05-22,23,29.6,37,7.8,10.0,0.0,Clear
2025-05-23 00:00:00,2025-05-23,0,29.2,38,3.2,10.0,0.0,Clear
2025-05-23 01:00:00,2025-05-23,1,28.0,42,21.1,10.0,0.0,Clear
2025-05-23 02:00:00,2025-05-23,2,25.7,58,6.3,10.0,0.0,Clear
2025-05-23 03:00:00,2025-05-23,3,25.5,46,22.6,10.0,0.0,Clear
2025-05-23 04:00:00,2025-05-23,4,26.4,50,24.5,10.0,0.0,Clear
2025-05-23 05:00:00,2025-05-23,5,28.2,56,16.2,10.0,0.0,Clear
2025-05-23 06:00:00,2025-05-23,6,29.0,72,22.4,10.0,0.0,Clear
2025-05-23 07:00:00,2025-05-23,7,30.5,69,11.5,10.0,0.0,Sunny
2025-05-23 08:00:00,2025-05-23,8,31.0,65,11.0,10.0,0.0,Sunny
2025-05-23 09:00:00,2025-05-23,9,34.2,77,16.2,10.0,0.0,Sunny
2025-05-23 10:00:00,2025-05-23,10,35.1,63,10.8,10.0,0.0,Partly Cloudy
2025-05-23 11:00:00,2025-05-23,11,35.5,64,5.7,10.0,0.0,Sunny
2025-05-23 12:00:00,2025-05-23,12,37.3,58,11.9,10.0,0.0,Sunny
2025-05-23 13:00:00,2025-05-23,13,39.6,60,9.0,10.0,0.0,Partly Cloudy
2025-05-23 14:00:00,2025-05-23,14,41.1,57,25.0,10.0,0.0,Hazy
2025-05-23 15:00:00,2025-05-23,15,37.4,51,6.8,10.0,0.0,Sunny
2025-05-23 16:00:00,2025-05-23,16,39.6,50,2.0,10.0,0.0,Sunny
2025-05-23 17:00:00,2025-05-23,17,36.7,40,23.5,10.0,0.0,Partly Cloudy
2025-05-23 18:00:00,2025-05-23,18,36.7,36,2.4,10.0,0.0,Partly Cloudy
2025-05-23 19:00:00,2025-05-23,19,36.8,36,2.8,10.0,0.0,Clear
2025-05-23 20:00:00,2025-05-23,20,34.8,40,7.3,10.0,0.0,Clear
2025-05-23 21:00:00,2025-05-23,21,32.0,34,3.7,10.0,0.0,Clear
2025-05-23 22:00:00,2025-05-23,22,30.8,32,7.8,10.0,0.0,Clear
2025-05-23 23:00:00,2025-05-23,23,30.9,38,7.5,10.0,0.0,Clear
2025-05-24 00:00:00,2025-05-24,0,28.5,37,28.4,10.0,0.0,Clear
2025-05-24 01:00:00,2025-05-24,1,27.4,42,8.5,10.0,0.0,Clear
2025-05-24 02:00:00,2025-05-24,2,27.9,45,30.1,10.0,0.0,Clear
2025-05-24 03:00:00,2025-05-24,3,27.4,45,2.0,10.0,0.0,Clear
2025-05-24 04:00:00,2025-05-24,4,26.3,52,18.1,10.0,0.0,Clear
2025-05-24 05:00:00,2025-05-24,5,28.1,65,7.1,10.0,0.0,Clear
2025-05-24 06:00:00,2025-05-24,6,28.1,64,19.1,10.0,0.0,Clear
2025-05-24 07:00:00,2025-05-24,7,29.9,66,21.3,10.0,0.0,Sunny
2025-05-24 08:00:00,2025-05-24,8,29.3,68,14.2,10.0,0.0,Sunny
2025-05-24 09:00:00,2025-05-24,9,32.3,67,27.6,10.0,0.0,Partly Cloudy
2025-05-24 10:00:00,2025-05-24,10,34.9,68,9.9,10.0,0.0,Sunny
2025-05-24 11:00:00,2025-05-24,11,34.9,64,22.8,10.0,0.0,Partly Cloudy
2025-05-24 12:00:00,2025-05-24,12,37.2,64,7.6,10.0,0.0,Sunny
2025-05-24 13:00:00,2025-05-24,13,36.7,55,7.6,10.0,0.0,Hazy
2025-05-24 14:00:00,2025-05-24,14,40.1,58,21.3,10.0,0.0,Sunny
2025-05-24 15:00:00,2025-05-24,15,41.2,50,3.8,10.0,0.0,Sunny
2025-05-24 16:00:00,2025-05-24,16,38.1,40,12.5,10.0,0.0,Partly Cloudy
2025-05-24 17:00:00,2025-05-24,17,36.7,40,13.8,10.0,0.0,Partly Cloudy
2025-05-24 18:00:00,2025-05-24,18,38.2,36,21.4,10.0,0.0,Sunny
2025-05-24 19:00:00,2025-05-24,19,36.5,39,6.9,10.0,0.0,Clear
2025-05-24 20:00:00,2025-05-24,20,35.2,32,19.0,10.0,0.0,Clear
2025-05-24 21:00:00,2025-05-24,21,33.8,29,5.2,10.0,0.0,Clear
2025-05-24 22:00:00,2025-05-24,22,31.5,25,16.2,10.0,0.0,Clear
2025-05-24 23:00:00,2025-05-24,23,31.4,32,8.3,10.0,0.0,Clear
2025-05-25 00:00:00,2025-05-25,0,30.2,42,7.1,10.0,0.0,Clear
2025-05-25 01:00:00,2025-05-25,1,29.7,43,18.3,10.0,0.0,Clear
2025-05-25 02:00:00,2025-05-25,2,29.2,42,2.7,10.0,0.0,Clear
2025-05-25 03:00:00,2025-05-25,3,25.6,49,12.7,10.0,0.0,Clear
2025-05-25 04:00:00,2025-05-25,4,28.0,55,2.3,10.0,0.0,Clear
2025-05-25 05:00:00,2025-05-25,5,27.6,65,8.6,10.0,0.0,Clear
2025-05-25 06:00:00,2025-05-25,6,26.1,63,4.4,10.0,0.0,Clear
2025-05-25 07:00:00,2025-05-25,7,30.4,64,8.1,10.0,0.0,Sunny
2025-05-25 08:00:00,2025-05-25,8,30.5,69,6.0,10.0,0.0,Sunny
2025-05-25 09:00:00,2025-05-25,9,33.0,71,7.2,10.0,0.0,Hazy
2025-05-25 10:00:00,2025-05-25,10,33.3,71,4.2,10.0,0.0,Sunny
2025-05-25 11:00:00,2025-05-25,11,37.8,69,6.1,10.0,0.0,Sunny
2025-05-25 12:00:00,2025-05-25,12,36.5,71,2.0,10.0,0.0,Hazy
2025-05-25 13:00:00,2025-05-25,13,37.7,54,20.5,10.0,0.0,Partly Cloudy
2025-05-25 14:00:00,2025-05-25,14,40.6,54,4.2,10.0,0.0,Sunny
2025-05-25 15:00:00,2025-05-25,15,39.8,50,15.6,10.0,0.0,Sunny
2025-05-25 16:00:00,2025-05-25,16,41.4,40,11.8,10.0,0.0,Partly Cloudy
2025-05-25 17:00:00,2025-05-25,17,39.7,37,2.0,10.0,0.0,Sunny
2025-05-25 18:00:00,2025-05-25,18,38.9,36,20.0,10.0,0.0,Sunny
2025-05-25 19:00:00,2025-05-25,19,35.0,33,13.7,10.0,0.0,Clear
2025-05-25 20:00:00,2025-05-25,20,35.1,31,13.1,10.0,0.0,Clear
2025-05-25 21:00:00,2025-05-25,21,35.2,25,8.8,10.0,0.0,Clear
2025-05-25 22:00:00,2025-05-25,22,30.0,28,20.1,10.0,0.0,Clear
2025-05-25 23:00:00,2025-05-25,23,29.8,32,8.0,10.0,0.0,Clear
2025-05-26 00:00:00,2025-05-26,0,28.3,36,14.0,10.0,0.0,Clear
2025-05-26 01:00:00,2025-05-26,1,27.7,42,13.6,10.0,0.0,Clear
2025-05-26 02:00:00,2025-05-26,2,27.6,44,11.3,10.0,0.0,Clear
2025-05-26 03:00:00,2025-05-26,3,26.7,47,3.1,10.0,0.0,Clear
2025-05-26 04:00:00,2025-05-26,4,29.2,56,12.8,10.0,0.0,Clear
2025-05-26 05:00:00,2025-05-26,5,24.5,60,6.9,10.0,0.0,Clear
2025-05-26 06:00:00,2025-05-26,6,25.2,59,25.1,10.0,0.0,Clear
2025-05-26 07:00:00,2025-05-26,7,29.5,74,19.6,10.0,0.0,Hazy
2025-05-26 08:00:00,2025-05-26,8,32.8,58,19.1,10.0,0.0,Sunny
2025-05-26 09:00:00,2025-05-26,9,32.8,71,8.0,10.0,0.0,Sunny
2025-05-26 10:00:00,2025-05-26,10,34.2,71,34.4,10.0,0.0,Sunny
2025-05-26 11:00:00,2025-05-26,11,34.0,70,9.5,10.0,0.0,Sunny
2025-05-26 12:00:00,2025-05-26,12,37.2,64,6.0,10.0,0.0,Sunny
2025-05-26 13:00:00,2025-05-26,13,38.0,54,9.8,10.0,0.0,Partly Cloudy
2025-05-26 14:00:00,2025-05-26,14,39.1,63,6.3,10.0,0.0,Partly Cloudy
2025-05-26 15:00:00,2025-05-26,15,39.3,45,13.1,10.0,0.0,Sunny
2025-05-26 16:00:00,2025-05-26,16,40.1,41,9.2,10.0,0.0,Hazy
2025-05-26 17:00:00,2025-05-26,17,38.1,39,35.5,10.0,0.0,Sunny
2025-05-26 18:00:00,2025-05-26,18,36.6,32,2.3,10.0,0.0,Sunny
2025-05-26 19:00:00,2025-05-26,19,36.3,29,19.7,10.0,0.0,Clear
2025-05-26 20:00:00,2025-05-26,20,34.7,29,32.2,10.0,0.0,Clear
2025-05-26 21:00:00,2025-05-26,21,31.5,24,5.4,10.0,0.0,Clear
2025-05-26 22:00:00,2025-05-26,22,31.8,33,16.1,10.0,0.0,Clear
2025-05-26 23:00:00,2025-05-26,23,28.2,33,7.3,10.0,0.0,Clear
2025-05-27 00:00:00,2025-05-27,0,29.2,36,7.8,10.0,0.0,Clear
2025-05-27 01:00:00,2025-05-27,1,26.7,42,29.5,10.0,0.0,Clear
2025-05-27 02:00:00,2025-05-27,2,25.4,45,6.8,10.0,0.0,Clear
2025-05-27 03:00:00,2025-05-27,3,29.8,47,14.2,10.0,0.0,Clear
2025-05-27 04:00:00,2025-05-27,4,26.8,57,27.4,10.0,0.0,Clear
2025-05-27 05:00:00,2025-05-27,5,28.6,58,24.2,10.0,0.0,Clear
2025-05-27 06:00:00,2025-05-27,6,28.3,60,14.4,10.0,0.0,Clear
2025-05-27 07:00:00,2025-05-27,7,31.3,65,14.6,10.0,0.0,Sunny
2025-05-27 08:00:00,2025-05-27,8,32.2,73,2.5,10.0,0.0,Sunny
2025-05-27 09:00:00,2025-05-27,9,32.7,66,17.1,10.0,0.0,Sunny
2025-05-27 10:00:00,2025-05-27,10,35.8,70,6.3,10.0,0.0,Partly Cloudy
2025-05-27 11:00:00,2025-05-27,11,37.7,62,9.3,10.0,0.0,Sunny
2025-05-27 12:00:00,2025-05-27,12,37.1,63,21.8,10.0,0.0,Sunny
2025-05-27 13:00:00,2025-05-27,13,38.6,60,9.4,10.0,0.0,Partly Cloudy
2025-05-27 14:00:00,2025-05-27,14,41.8,51,23.4,10.0,0.0,Sunny
2025-05-27 15:00:00,2025-05-27,15,39.7,49,4.4,10.0,0.0,Sunny
2025-05-27 16:00:00,2025-05-27,16,40.6,42,2.9,10.0,0.0,Sunny
2025-05-27 17:00:00,2025-05-27,17,39.6,38,3.7,10.0,0.0,Sunny
2025-05-27 18:00:00,2025-05-27,18,38.9,37,2.0,10.0,0.0,Sunny
2025-05-27 19:00:00,2025-05-27,19,37.4,41,2.0,10.0,0.0,Clear
2025-05-27 20:00:00,2025-05-27,20,31.4,34,21.9,10.0,0.0,Clear
2025-05-27 21:00:00,2025-05-27,21,32.4,32,39.2,10.0,0.0,Clear
2025-05-27 22:00:00,2025-05-27,22,31.0,38,20.6,10.0,0.0,Clear
2025-05-27 23:00:00,2025-05-27,23,30.1,29,8.0,10.0,0.0,Clear
2025-05-28 00:00:00,2025-05-28,0,27.3,43,6.6,10.0,0.0,Clear
2025-05-28 01:00:00,2025-05-28,1,27.2,40,21.6,10.0,0.0,Clear
2025-05-28 02:00:00,2025-05-28,2,25.2,47,2.5,10.0,0.0,Clear
2025-05-28 03:00:00,2025-05-28,3,24.1,53,7.1,10.0,0.0,Clear
2025-05-28 04:00:00,2025-05-28,4,29.9,57,36.7,10.0,0.0,Clear
2025-05-28 05:00:00,2025-05-28,5,26.9,58,5.7,10.0,0.0,Clear
2025-05-28 06:00:00,2025-05-28,6,29.9,66,9.3,10.0,0.0,Clear
2025-05-28 07:00:00,2025-05-28,7,30.8,64,4.1,10.0,0.0,Sunny
2025-05-28 08:00:00,2025-05-28,8,30.8,66,10.8,10.0,0.0,Sunny
2025-05-28 09:00:00,2025-05-28,9,34.8,68,12.7,10.0,0.0,Sunny
2025-05-28 10:00:00,2025-05-28,10,33.6,70,11.2,10.0,0.0,Sunny
2025-05-28 11:00:00,2025-05-28,11,36.2,62,23.9,10.0,0.0,Sunny
2025-05-28 12:00:00,2025-05-28,12,38.3,59,3.9,10.0,0.0,Partly Cloudy
2025-05-28 13:00:00,2025-05-28,13,38.7,52,12.2,10.0,0.0,Partly Cloudy
2025-05-28 14:00:00,2025-05-28,14,39.1,54,7.5,10.0,0.0,Sunny
2025-05-28 15:00:00,2025-05-28,15,37.2,54,12.0,10.0,0.0,Hazy
2025-05-28 16:00:00,2025-05-28,16,40.2,58,2.1,10.0,0.0,Partly Cloudy
2025-05-28 17:00:00,2025-05-28,17,39.7,42,6.2,10.0,0.0,Sunny
2025-05-28 18:00:00,2025-05-28,18,37.0,44,2.3,10.0,0.0,Partly Cloudy
2025-05-28 19:00:00,2025-05-28,19,37.4,35,12.0,10.0,0.0,Clear
2025-05-28 20:00:00,2025-05-28,20,35.0,33,6.3,10.0,0.0,Clear
2025-05-28 21:00:00,2025-05-28,21,34.3,32,2.0,10.0,0.0,Clear
2025-05-28 22:00:00,2025-05-28,22,32.3,33,10.1,10.0,0.0,Clear
2025-05-28 23:00:00,2025-05-28,23,29.4,34,10.6,10.0,0.0,Clear
2025-05-29 00:00:00,2025-05-29,0,30.9,36,7.0,10.0,0.0,Clear
2025-05-29 01:00:00,2025-05-29,1,26.3,48,15.5,10.0,0.0,Clear
2025-05-29 02:00:00,2025-05-29,2,23.1,48,17.9,10.0,0.0,Clear
2025-05-29 03:00:00,2025-05-29,3,23.4,47,25.3,10.0,0.0,Clear
2025-05-29 04:00:00,2025-05-29,4,27.3,57,26.6,10.0,0.0,Clear
2025-05-29 05:00:00,2025-05-29,5,24.7,63,19.3,10.0,0.0,Clear
2025-05-29 06:00:00,2025-05-29,6,27.6,58,17.6,10.0,0.0,Clear
2025-05-29 07:00:00,2025-05-29,7,31.1,70,15.6,10.0,0.0,Sunny
2025-05-29 08:00:00,2025-05-29,8,28.3,71,4.5,10.0,0.0,Sunny
2025-05-29 09:00:00,2025-05-29,9,32.7,70,16.4,10.0,0.0,Sunny
2025-05-29 10:00:00,2025-05-29,10,34.6,74,3.3,10.0,0.0,Partly Cloudy
2025-05-29 11:00:00,2025-05-29,11,34.4,70,19.3,10.0,0.0,Partly Cloudy
2025-05-29 12:00:00,2025-05-29,12,37.9,61,22.3,10.0,0.0,Sunny
2025-05-29 13:00:00,2025-05-29,13,38.4,60,5.3,10.0,0.0,Sunny
2025-05-29 14:00:00,2025-05-29,14,40.0,60,9.3,10.0,0.0,Partly Cloudy
2025-05-29 15:00:00,2025-05-29,15,39.4,48,10.8,10.0,0.0,Sunny
2025-05-29 16:00:00,2025-05-29,16,38.7,44,14.1,10.0,0.0,Sunny
2025-05-29 17:00:00,2025-05-29,17,39.1,42,18.0,10.0,0.0,Sunny
2025-05-29 18:00:00,2025-05-29,18,39.1,37,23.4,10.0,0.0,Sunny
2025-05-29 19:00:00,2025-05-29,19,37.9,45,11.9,10.0,0.0,Clear
2025-05-29 20:00:00,2025-05-29,20,35.4,38,6.3,10.0,0.0,Clear
2025-05-29 21:00:00,2025-05-29,21,34.0,41,11.3,10.0,0.0,Clear
2025-05-29 22:00:00,2025-05-29,22,30.5,38,6.5,10.0,0.0,Clear
2025-05-29 23:00:00,2025-05-29,23,29.4,35,6.3,10.0,0.0,Clear
2025-05-30 00:00:00,2025-05-30,0,29.0,30,9.1,10.0,0.0,Clear
2025-05-30 01:00:00,2025-05-30,1,27.7,43,4.1,10.0,0.0,Clear
2025-05-30 02:00:00,2025-05-30,2,27.5,41,15.0,10.0,0.0,Clear
2025-05-30 03:00:00,2025-05-30,3,28.2,44,17.4,10.0,0.0,Clear
2025-05-30 04:00:00,2025-05-30,4,26.6,60,39.9,10.0,0.0,Clear
2025-05-30 05:00:00,2025-05-30,5,25.6,55,8.7,10.0,0.0,Clear
2025-05-30 06:00:00,2025-05-30,6,27.3,60,4.2,10.0,0.0,Clear
2025-05-30 07:00:00,2025-05-30,7,30.0,64,23.4,10.0,0.0,Sunny
2025-05-30 08:00:00,2025-05-30,8,30.9,68,12.0,10.0,0.0,Hazy
2025-05-30 09:00:00,2025-05-30,9,31.5,68,2.0,10.0,0.0,Partly Cloudy
2025-05-30 10:00:00,2025-05-30,10,34.6,71,7.7,10.0,0.0,Sunny
2025-05-30 11:00:00,2025-05-30,11,35.4,68,8.6,10.0,0.0,Sunny
2025-05-30 12:00:00,2025-05-30,12,38.3,57,6.6,10.0,0.0,Sunny
2025-05-30 13:00:00,2025-05-30,13,40.5,65,21.1,10.0,0.0,Sunny
2025-05-30 14:00:00,2025-05-30,14,40.7,50,5.7,10.0,0.0,Sunny
2025-05-30 15:00:00,2025-05-30,15,38.4,46,34.2,10.0,0.0,Sunny
2025-05-30 16:00:00,2025-05-30,16,38.5,52,15.9,10.0,0.0,Partly Cloudy
2025-05-30 17:00:00,2025-05-30,17,36.8,41,10.2,10.0,0.0,Sunny
2025-05-30 18:00:00,2025-05-30,18,38.9,42,2.0,10.0,0.0,Sunny
2025-05-30 19:00:00,2025-05-30,19,36.4,37,11.9,10.0,0.0,Clear
2025-05-30 20:00:00,2025-05-30,20,36.6,34,14.8,10.0,0.0,Clear
2025-05-30 21:00:00,2025-05-30,21,33.7,29,5.1,10.0,0.0,Clear
2025-05-30 22:00:00,2025-05-30,22,30.8,32,7.0,10.0,0.0,Clear
2025-05-30 23:00:00,2025-05-30,23,27.6,41,16.2,10.0,0.0,Clear
2025-05-31 00:00:00,2025-05-31,0,28.8,35,13.7,10.0,0.0,Clear
2025-05-31 01:00:00,2025-05-31,1,29.9,41,6.7,10.0,0.0,Clear
2025-05-31 02:00:00,2025-05-31,2,27.7,47,9.5,10.0,0.0,Clear
2025-05-31 03:00:00,2025-05-31,3,26.3,48,3.6,10.0,0.0,Clear
2025-05-31 04:00:00,2025-05-31,4,27.7,52,6.6,10.0,0.0,Clear
2025-05-31 05:00:00,2025-05-31,5,28.2,58,8.6,10.0,0.0,Clear
2025-05-31 06:00:00,2025-05-31,6,29.9,62,6.9,10.0,0.0,Clear
2025-05-31 07:00:00,2025-05-31,7,28.7,60,3.8,10.0,0.0,Sunny
2025-05-31 08:00:00,2025-05-31,8,31.8,68,30.7,10.0,0.0,Sunny
2025-05-31 09:00:00,2025-05-31,9,31.2,73,3.1,10.0,0.0,Partly Cloudy
2025-05-31 10:00:00,2025-05-31,10,32.4,54,11.5,10.0,0.0,Sunny
2025-05-31 11:00:00,2025-05-31,11,37.1,66,25.3,10.0,0.0,Partly Cloudy
2025-05-31 12:00:00,2025-05-31,12,39.1,51,5.6,10.0,0.0,Sunny
2025-05-31 13:00:00,2025-05-31,13,38.6,65,2.0,10.0,0.0,Partly Cloudy
2025-05-31 14:00:00,2025-05-31,14,39.2,52,10.7,10.0,0.0,Partly Cloudy
2025-05-31 15:00:00,2025-05-31,15,39.9,50,6.4,10.0,0.0,Hazy
2025-05-31 16:00:00,2025-05-31,16,40.7,41,6.5,10.0,0.0,Sunny
2025-05-31 17:00:00,2025-05-31,17,39.7,49,17.0,10.0,0.0,Sunny
2025-05-31 18:00:00,2025-05-31,18,38.0,46,16.7,10.0,0.0,Sunny
2025-05-31 19:00:00,2025-05-31,19,37.1,30,8.2,10.0,0.0,Clear
2025-05-31 20:00:00,2025-05-31,20,35.7,28,6.8,10.0,0.0,Clear
2025-05-31 21:00:00,2025-05-31,21,31.7,35,11.6,10.0,0.0,Clear
2025-05-31 22:00:00,2025-05-31,22,32.0,36,5.5,10.0,0.0,Clear
2025-05-31 23:00:00,2025-05-31,23,28.2,33,8.4,10.0,0.0,Clear
2025-06-01 00:00:00,2025-06-01,0,31.7,38,9.7,10.0,0.0,Clear
2025-06-01 01:00:00,2025-06-01,1,30.4,52,30.6,10.0,0.0,Clear
2025-06-01 02:00:00,2025-06-01,2,28.8,49,5.7,10.0,0.0,Clear
2025-06-01 03:00:00,2025-06-01,3,28.3,54,8.1,10.0,0.0,Clear
2025-06-01 04:00:00,2025-06-01,4,30.1,60,17.7,10.0,0.0,Clear
2025-06-01 05:00:00,2025-06-01,5,29.7,58,18.1,10.0,0.0,Clear
2025-06-01 06:00:00,2025-06-01,6,30.7,65,8.0,10.0,0.0,Clear
2025-06-01 07:00:00,2025-06-01,7,32.2,67,2.0,10.0,0.0,Sunny
2025-06-01 08:00:00,2025-06-01,8,33.8,64,20.1,10.0,0.0,Sunny
2025-06-01 09:00:00,2025-06-01,9,36.4,70,20.8,10.0,0.0,Partly Cloudy
2025-06-01 10:00:00,2025-06-01,10,34.8,72,12.0,10.0,0.0,Sunny
2025-06-01 11:00:00,2025-06-01,11,38.1,67,2.0,10.0,0.0,Sunny
2025-06-01 12:00:00,2025-06-01,12,37.2,67,6.8,10.0,0.0,Sunny
2025-06-01 13:00:00,2025-06-01,13,41.1,60,4.6,10.0,0.0,Hazy
2025-06-01 14:00:00,2025-06-01,14,40.5,62,5.6,10.0,0.0,Sunny
2025-06-01 15:00:00,2025-06-01,15,41.7,59,9.1,10.0,0.0,Partly Cloudy
2025-06-01 16:00:00,2025-06-01,16,40.4,53,30.3,10.0,0.0,Sunny
2025-06-01 17:00:00,2025-06-01,17,39.6,47,6.4,10.0,0.0,Sunny
2025-06-01 18:00:00,2025-06-01,18,39.1,45,22.2,10.0,0.0,Sunny
2025-06-01 19:00:00,2025-06-01,19,38.3,37,20.1,10.0,0.0,Clear
2025-06-01 20:00:00,2025-06-01,20,37.5,34,3.0,10.0,0.0,Clear
2025-06-01 21:00:00,2025-06-01,21,34.1,37,2.0,10.0,0.0,Clear
2025-06-01 22:00:00,2025-06-01,22,33.5,35,6.8,10.0,0.0,Clear
2025-06-01 23:00:00,2025-06-01,23,32.2,45,15.3,10.0,0.0,Clear
2025-06-02 00:00:00,2025-06-02,0,29.8,50,20.0,10.0,0.0,Clear
2025-06-02 01:00:00,2025-06-02,1,29.8,57,22.6,10.0,0.0,Clear
2025-06-02 02:00:00,2025-06-02,2,27.2,54,11.0,10.0,0.0,Clear
2025-06-02 03:00:00,2025-06-02,3,27.4,56,20.8,10.0,0.0,Clear
2025-06-02 04:00:00,2025-06-02,4,30.0,52,2.8,10.0,0.0,Clear
2025-06-02 05:00:00,2025-06-02,5,26.7,62,3.6,10.0,0.0,Clear
2025-06-02 06:00:00,2025-06-02,6,30.0,65,8.8,10.0,0.0,Clear
2025-06-02 07:00:00,2025-06-02,7,31.8,68,13.3,10.0,0.0,Sunny
2025-06-02 08:00:00,2025-06-02,8,33.6,78,7.7,10.0,0.0,Sunny
2025-06-02 09:00:00,2025-06-02,9,35.3,79,6.8,10.0,0.0,Sunny
2025-06-02 10:00:00,2025-06-02,10,36.4,71,9.2,10.0,0.0,Sunny
2025-06-02 11:00:00,2025-06-02,11,37.8,68,10.7,10.0,0.0,Sunny
2025-06-02 12:00:00,2025-06-02,12,38.6,67,30.7,10.0,0.0,Sunny
2025-06-02 13:00:00,2025-06-02,13,42.5,57,2.9,10.0,0.0,Sunny
2025-06-02 14:00:00,2025-06-02,14,42.2,65,5.8,10.0,0.0,Sunny
2025-06-02 15:00:00,2025-06-02,15,41.9,58,6.9,10.0,0.0,Sunny
2025-06-02 16:00:00,2025-06-02,16,41.2,45,25.7,10.0,0.0,Sunny
2025-06-02 17:00:00,2025-06-02,17,39.9,41,30.9,10.0,0.0,Hazy
2025-06-02 18:00:00,2025-06-02,18,39.5,49,25.6,10.0,0.0,Partly Cloudy
2025-06-02 19:00:00,2025-06-02,19,37.1,43,7.5,10.0,0.0,Clear
2025-06-02 20:00:00,2025-06-02,20,38.3,45,6.9,10.0,0.0,Clear
2025-06-02 21:00:00,2025-06-02,21,33.9,34,12.1,10.0,0.0,Clear
2025-06-02 22:00:00,2025-06-02,22,31.8,45,33.0,10.0,0.0,Clear
2025-06-02 23:00:00,2025-06-02,23,35.3,36,14.3,10.0,0.0,Clear
2025-06-03 00:00:00,2025-06-03,0,30.2,43,12.3,10.0,0.0,Clear
2025-06-03 01:00:00,2025-06-03,1,28.3,39,8.6,10.0,0.0,Clear
2025-06-03 02:00:00,2025-06-03,2,29.6,48,13.2,10.0,0.0,Clear
2025-06-03 03:00:00,2025-06-03,3,26.9,56,2.0,10.0,0.0,Clear
2025-06-03 04:00:00,2025-06-03,4,27.9,58,17.8,10.0,0.0,Clear
2025-06-03 05:00:00,2025-06-03,5,30.3,67,10.3,10.0,0.0,Clear
2025-06-03 06:00:00,2025-06-03,6,33.0,65,18.7,10.0,0.0,Clear
2025-06-03 07:00:00,2025-06-03,7,33.0,71,11.6,10.0,0.0,Hazy
2025-06-03 08:00:00,2025-06-03,8,34.2,71,28.9,10.0,0.0,Sunny
2025-06-03 09:00:00,2025-06-03,9,36.7,72,4.7,10.0,0.0,Sunny
2025-06-03 10:00:00,2025-06-03,10,36.3,76,3.0,10.0,0.0,Partly Cloudy
2025-06-03 11:00:00,2025-06-03,11,36.5,68,5.8,10.0,0.0,Sunny
2025-06-03 12:00:00,2025-06-03,12,38.8,67,6.1,10.0,0.0,Partly Cloudy
2025-06-03 13:00:00,2025-06-03,13,42.3,62,19.6,10.0,0.0,Sunny
2025-06-03 14:00:00,2025-06-03,14,39.9,66,18.2,10.0,0.0,Partly Cloudy
2025-06-03 15:00:00,2025-06-03,15,41.3,55,30.5,10.0,0.0,Sunny
2025-06-03 16:00:00,2025-06-03,16,41.3,50,3.7,10.0,0.0,Sunny
2025-06-03 17:00:00,2025-06-03,17,41.1,45,12.6,10.0,0.0,Sunny
2025-06-03 18:00:00,2025-06-03,18,40.3,44,16.7,10.0,0.0,Hazy
2025-06-03 19:00:00,2025-06-03,19,39.0,38,2.0,10.0,0.0,Clear
2025-06-03 20:00:00,2025-06-03,20,40.2,36,4.4,10.0,0.0,Clear
2025-06-03 21:00:00,2025-06-03,21,35.9,35,10.2,10.0,0.0,Clear
2025-06-03 22:00:00,2025-06-03,22,35.1,38,2.3,10.0,0.0,Clear
2025-06-03 23:00:00,2025-06-03,23,31.8,44,21.8,10.0,0.0,Clear
2025-06-04 00:00:00,2025-06-04,0,32.8,41,27.6,10.0,0.0,Clear
2025-06-04 01:00:00,2025-06-04,1,28.4,41,27.3,10.0,0.0,Clear
2025-06-04 02:00:00,2025-06-04,2,30.0,44,8.6,10.0,0.0,Clear
2025-06-04 03:00:00,2025-06-04,3,28.4,67,2.0,10.0,0.0,Clear
2025-06-04 04:00:00,2025-06-04,4,29.9,56,3.8,10.0,0.0,Clear
2025-06-04 05:00:00,2025-06-04,5,30.0,72,7.0,10.0,0.0,Clear
2025-06-04 06:00:00,2025-06-04,6,32.0,67,3.4,10.0,0.0,Clear
2025-06-04 07:00:00,2025-06-04,7,32.4,67,17.1,10.0,0.0,Sunny
2025-06-04 08:00:00,2025-06-04,8,33.3,72,2.0,10.0,0.0,Sunny
2025-06-04 09:00:00,2025-06-04,9,36.2,76,5.9,10.0,0.0,Sunny
2025-06-04 10:00:00,2025-06-04,10,35.7,71,5.4,10.0,0.0,Partly Cloudy
2025-06-04 11:00:00,2025-06-04,11,36.1,68,27.7,10.0,0.0,Sunny
2025-06-04 12:00:00,2025-06-04,12,37.0,61,5.9,10.0,0.0,Partly Cloudy
2025-06-04 13:00:00,2025-06-04,13,42.8,61,10.4,10.0,0.0,Sunny
2025-06-04 14:00:00,2025-06-04,14,41.6,61,10.2,10.0,0.0,Sunny
2025-06-04 15:00:00,2025-06-04,15,42.1,49,10.5,10.0,0.0,Sunny
2025-06-04 16:00:00,2025-06-04,16,40.9,49,18.7,10.0,0.0,Partly Cloudy
2025-06-04 17:00:00,2025-06-04,17,41.0,47,8.8,10.0,0.0,Hazy
2025-06-04 18:00:00,2025-06-04,18,38.8,47,17.2,10.0,0.0,Partly Cloudy
2025-06-04 19:00:00,2025-06-04,19,38.2,35,5.3,10.0,0.0,Clear
2025-06-04 20:00:00,2025-06-04,20,34.5,46,11.1,10.0,0.0,Clear
2025-06-04 21:00:00,2025-06-04,21,32.8,39,5.5,10.0,0.0,Clear
2025-06-04 22:00:00,2025-06-04,22,31.8,33,6.0,10.0,0.0,Clear
2025-06-04 23:00:00,2025-06-04,23,30.7,40,7.1,10.0,0.0,Clear
2025-06-05 00:00:00,2025-06-05,0,32.1,39,19.1,10.0,0.0,Clear
2025-06-05 01:00:00,2025-06-05,1,32.4,40,2.0,10.0,0.0,Clear
2025-06-05 02:00:00,2025-06-05,2,30.1,50,2.1,10.0,0.0,Clear
2025-06-05 03:00:00,2025-06-05,3,24.7,54,9.3,10.0,0.0,Clear
2025-06-05 04:00:00,2025-06-05,4,30.9,61,20.2,10.0,0.0,Clear
2025-06-05 05:00:00,2025-06-05,5,28.9,60,13.2,10.0,0.0,Clear
2025-06-05 06:00:00,2025-06-05,6,28.5,64,29.7,10.0,0.0,Clear
2025-06-05 07:00:00,2025-06-05,7,34.0,74,9.6,10.0,0.0,Partly Cloudy
2025-06-05 08:00:00,2025-06-05,8,32.8,75,2.0,10.0,0.0,Sunny
2025-06-05 09:00:00,2025-06-05,9,33.9,68,15.7,10.0,0.0,Sunny
2025-06-05 10:00:00,2025-06-05,10,36.0,66,37.6,10.0,0.0,Hazy
2025-06-05 11:00:00,2025-06-05,11,37.9,66,7.4,10.0,0.0,Partly Cloudy
2025-06-05 12:00:00,2025-06-05,12,40.3,72,17.4,10.0,0.0,Sunny
2025-06-05 13:00:00,2025-06-05,13,40.9,52,13.9,10.0,0.0,Sunny
2025-06-05 14:00:00,2025-06-05,14,40.5,57,11.3,10.0,0.0,Sunny
2025-06-05 15:00:00,2025-06-05,15,39.2,59,10.0,10.0,0.0,Sunny
2025-06-05 16:00:00,2025-06-05,16,40.3,51,11.8,10.0,0.0,Sunny
2025-06-05 17:00:00,2025-06-05,17,40.9,45,41.5,10.0,0.0,Hazy
2025-06-05 18:00:00,2025-06-05,18,38.7,46,2.0,10.0,0.0,Sunny
2025-06-05 19:00:00,2025-06-05,19,38.4,39,9.9,10.0,0.0,Clear
2025-06-05 20:00:00,2025-06-05,20,36.7,35,2.6,10.0,0.0,Clear
2025-06-05 21:00:00,2025-06-05,21,36.4,40,14.8,10.0,0.0,Clear
2025-06-05 22:00:00,2025-06-05,22,33.7,45,4.4,10.0,0.0,Clear
2025-06-05 23:00:00,2025-06-05,23,32.8,30,6.6,10.0,0.0,Clear
2025-06-06 00:00:00,2025-06-06,0,30.1,39,2.9,10.0,0.0,Clear
2025-06-06 01:00:00,2025-06-06,1,31.3,45,18.2,10.0,0.0,Clear
2025-06-06 02:00:00,2025-06-06,2,28.2,48,15.7,10.0,0.0,Clear
2025-06-06 03:00:00,2025-06-06,3,27.5,55,8.1,10.0,0.0,Clear
2025-06-06 04:00:00,2025-06-06,4,30.3,60,10.5,10.0,0.0,Clear
2025-06-06 05:00:00,2025-06-06,5,28.6,59,2.0,10.0,0.0,Clear
2025-06-06 06:00:00,2025-06-06,6,29.1,70,12.7,10.0,0.0,Clear
2025-06-06 07:00:00,2025-06-06,7,30.4,70,8.6,10.0,0.0,Sunny
2025-06-06 08:00:00,2025-06-06,8,32.7,77,4.3,10.0,0.0,Sunny
2025-06-06 09:00:00,2025-06-06,9,34.7,77,25.4,10.0,0.0,Sunny
2025-06-06 10:00:00,2025-06-06,10,37.2,72,7.1,10.0,0.0,Partly Cloudy
2025-06-06 11:00:00,2025-06-06,11,39.2,73,2.0,10.0,0.0,Sunny
2025-06-06 12:00:00,2025-06-06,12,39.6,59,33.1,10.0,0.0,Sunny
2025-06-06 13:00:00,2025-06-06,13,41.8,55,8.7,10.0,0.0,Partly Cloudy
2025-06-06 14:00:00,2025-06-06,14,42.3,64,6.5,10.0,0.0,Sunny
2025-06-06 15:00:00,2025-06-06,15,40.4,54,45.8,10.0,0.0,Sunny
2025-06-06 16:00:00,2025-06-06,16,40.1,55,15.3,10.0,0.0,Sunny
2025-06-06 17:00:00,2025-06-06,17,40.1,50,11.6,10.0,0.0,Sunny
2025-06-06 18:00:00,2025-06-06,18,37.0,36,3.7,10.0,0.0,Sunny
2025-06-06 19:00:00,2025-06-06,19,38.3,42,17.5,10.0,0.0,Clear
2025-06-06 20:00:00,2025-06-06,20,36.4,34,6.3,10.0,0.0,Clear
2025-06-06 21:00:00,2025-06-06,21,37.0,36,13.4,10.0,0.0,Clear
2025-06-06 22:00:00,2025-06-06,22,34.6,33,9.5,10.0,0.0,Clear
2025-06-06 23:00:00,2025-06-06,23,31.4,43,3.0,10.0,0.0,Clear
2025-06-07 00:00:00,2025-06-07,0,31.6,44,20.9,10.0,0.0,Clear
2025-06-07 01:00:00,2025-06-07,1,29.2,44,48.7,10.0,0.0,Clear
2025-06-07 02:00:00,2025-06-07,2,29.3,47,10.2,10.0,0.0,Clear
2025-06-07 03:00:00,2025-06-07,3,26.2,58,8.6,10.0,0.0,Clear
2025-06-07 04:00:00,2025-06-07,4,28.1,57,12.9,10.0,0.0,Clear
2025-06-07 05:00:00,2025-06-07,5,29.6,62,14.3,10.0,0.0,Clear
2025-06-07 06:00:00,2025-06-07,6,30.1,65,6.5,10.0,0.0,Clear
2025-06-07 07:00:00,2025-06-07,7,33.3,68,11.1,10.0,0.0,Sunny
2025-06-07 08:00:00,2025-06-07,8,33.8,75,12.6,10.0,0.0,Sunny
2025-06-07 09:00:00,2025-06-07,9,35.7,74,9.8,10.0,0.0,Hazy
2025-06-07 10:00:00,2025-06-07,10,36.9,70,18.1,10.0,0.0,Partly Cloudy
2025-06-07 11:00:00,2025-06-07,11,38.3,66,20.6,10.0,0.0,Sunny
2025-06-07 12:00:00,2025-06-07,12,40.7,68,11.6,10.0,0.0,Sunny
2025-06-07 13:00:00,2025-06-07,13,42.8,63,19.7,10.0,0.0,Partly Cloudy
2025-06-07 14:00:00,2025-06-07,14,38.8,63,19.4,10.0,0.0,Sunny
2025-06-07 15:00:00,2025-06-07,15,40.3,52,6.4,10.0,0.0,Sunny
2025-06-07 16:00:00,2025-06-07,16,41.4,52,8.1,10.0,0.0,Sunny
2025-06-07 17:00:00,2025-06-07,17,42.2,45,23.2,10.0,0.0,Partly Cloudy
2025-06-07 18:00:00,2025-06-07,18,40.5,43,19.7,10.0,0.0,Sunny
2025-06-07 19:00:00,2025-06-07,19,37.3,46,6.6,10.0,0.0,Clear
2025-06-07 20:00:00,2025-06-07,20,36.2,37,6.7,10.0,0.0,Clear
2025-06-07 21:00:00,2025-06-07,21,35.9,46,2.6,10.0,0.0,Clear
2025-06-07 22:00:00,2025-06-07,22,32.6,37,13.8,10.0,0.0,Clear
2025-06-07 23:00:00,2025-06-07,23,32.1,35,4.4,10.0,0.0,Clear
2025-06-08 00:00:00,2025-06-08,0,29.6,49,5.7,10.0,0.0,Clear
2025-06-08 01:00:00,2025-06-08,1,30.0,53,3.7,10.0,0.0,Clear
2025-06-08 02:00:00,2025-06-08,2,29.5,47,10.9,10.0,0.0,Clear
2025-06-08 03:00:00,2025-06-08,3,25.3,52,4.9,10.0,0.0,Clear
2025-06-08 04:00:00,2025-06-08,4,30.9,63,5.8,10.0,0.0,Clear
2025-06-08 05:00:00,2025-06-08,5,31.7,66,10.7,10.0,0.0,Clear
2025-06-08 06:00:00,2025-06-08,6,28.0,64,11.7,10.0,0.0,Clear
2025-06-08 07:00:00,2025-06-08,7,31.5,67,7.7,10.0,0.0,Sunny
2025-06-08 08:00:00,2025-06-08,8,31.4,74,12.1,10.0,0.0,Sunny
2025-06-08 09:00:00,2025-06-08,9,32.4,72,2.0,10.0,0.0,Sunny
2025-06-08 10:00:00,2025-06-08,10,37.7,75,9.2,10.0,0.0,Partly Cloudy
2025-06-08 11:00:00,2025-06-08,11,40.4,73,10.0,10.0,0.0,Sunny
2025-06-08 12:00:00,2025-06-08,12,39.6,71,13.9,10.0,0.0,Sunny
2025-06-08 13:00:00,2025-06-08,13,42.5,56,13.4,10.0,0.0,Partly Cloudy
2025-06-08 14:00:00,2025-06-08,14,40.5,67,4.8,10.0,0.0,Sunny
2025-06-08 15:00:00,2025-06-08,15,39.8,57,19.3,10.0,0.0,Sunny
2025-06-08 16:00:00,2025-06-08,16,40.8,49,50.8,10.0,0.0,Sunny
2025-06-08 17:00:00,2025-06-08,17,39.7,46,8.1,10.0,0.0,Sunny
2025-06-08 18:00:00,2025-06-08,18,40.1,45,18.3,10.0,0.0,Sunny
2025-06-08 19:00:00,2025-06-08,19,39.6,40,8.3,10.0,0.0,Clear
2025-06-08 20:00:00,2025-06-08,20,35.3,39,4.2,10.0,0.0,Clear
2025-06-08 21:00:00,2025-06-08,21,33.4,37,28.0,10.0,0.0,Clear
2025-06-08 22:00:00,2025-06-08,22,34.4,44,7.1,10.0,0.0,Clear
2025-06-08 23:00:00,2025-06-08,23,31.3,41,36.2,10.0,0.0,Clear
2025-06-09 00:00:00,2025-06-09,0,31.3,47,5.5,10.0,0.0,Clear
2025-06-09 01:00:00,2025-06-09,1,28.4,55,18.7,10.0,0.0,Clear
2025-06-09 02:00:00,2025-06-09,2,27.9,54,20.7,10.0,0.0,Clear
2025-06-09 03:00:00,2025-06-09,3,29.7,56,3.4,10.0,0.0,Clear
2025-06-09 04:00:00,2025-06-09,4,29.7,52,3.5,10.0,0.0,Clear
2025-06-09 05:00:00,2025-06-09,5,31.0,62,5.4,10.0,0.0,Clear
2025-06-09 06:00:00,2025-06-09,6,30.2,76,5.9,10.0,0.0,Clear
2025-06-09 07:00:00,2025-06-09,7,33.3,72,25.3,10.0,0.0,Partly Cloudy
2025-06-09 08:00:00,2025-06-09,8,33.9,67,49.9,10.0,0.0,Sunny
2025-06-09 09:00:00,2025-06-09,9,35.5,72,7.2,10.0,0.0,Partly Cloudy
2025-06-09 10:00:00,2025-06-09,10,35.7,68,4.2,10.0,0.0,Partly Cloudy
2025-06-09 11:00:00,2025-06-09,11,39.0,69,9.5,10.0,0.0,Sunny
2025-06-09 12:00:00,2025-06-09,12,39.3,66,25.4,10.0,0.0,Sunny
2025-06-09 13:00:00,2025-06-09,13,42.9,62,5.3,10.0,0.0,Sunny
2025-06-09 14:00:00,2025-06-09,14,41.3,60,2.5,10.0,0.0,Sunny
2025-06-09 15:00:00,2025-06-09,15,41.3,47,10.2,10.0,0.0,Sunny
2025-06-09 16:00:00,2025-06-09,16,42.8,53,12.5,10.0,0.0,Hazy
2025-06-09 17:00:00,2025-06-09,17,40.7,52,6.5,10.0,0.0,Partly Cloudy
2025-06-09 18:00:00,2025-06-09,18,38.6,35,23.0,10.0,0.0,Sunny
2025-06-09 19:00:00,2025-06-09,19,36.4,44,8.9,10.0,0.0,Clear
2025-06-09 20:00:00,2025-06-09,20,35.6,40,18.9,10.0,0.0,Clear
2025-06-09 21:00:00,2025-06-09,21,32.8,38,2.0,10.0,0.0,Clear
2025-06-09 22:00:00,2025-06-09,22,33.2,38,5.1,10.0,0.0,Clear
2025-06-09 23:00:00,2025-06-09,23,32.8,40,10.6,10.0,0.0,Clear
2025-06-10 00:00:00,2025-06-10,0,29.7,46,10.5,10.0,0.0,Clear
2025-06-10 01:00:00,2025-06-10,1,32.4,47,20.5,10.0,0.0,Clear
2025-06-10 02:00:00,2025-06-10,2,27.0,61,18.6,10.0,0.0,Clear
2025-06-10 03:00:00,2025-06-10,3,29.1,52,6.7,10.0,0.0,Clear
2025-06-10 04:00:00,2025-06-10,4,29.2,66,5.0,10.0,0.0,Clear
2025-06-10 05:00:00,2025-06-10,5,28.9,63,9.3,10.0,0.0,Clear
2025-06-10 06:00:00,2025-06-10,6,30.2,66,12.6,10.0,0.0,Clear
2025-06-10 07:00:00,2025-06-10,7,33.7,75,5.4,10.0,0.0,Sunny
2025-06-10 08:00:00,2025-06-10,8,34.6,71,19.4,10.0,0.0,Hazy
2025-06-10 09:00:00,2025-06-10,9,36.1,80,26.2,1.3,0.0,Dust/Sandstorm
2025-06-10 10:00:00,2025-06-10,10,35.6,69,9.4,1.9,0.0,Dust/Sandstorm
2025-06-10 11:00:00,2025-06-10,11,38.8,76,6.0,1.3,0.0,Dust/Sandstorm
2025-06-10 12:00:00,2025-06-10,12,40.6,70,34.1,1.4,0.0,Dust/Sandstorm
2025-06-10 13:00:00,2025-06-10,13,41.7,63,51.6,1.5,0.0,Dust/Sandstorm
2025-06-10 14:00:00,2025-06-10,14,39.6,56,25.2,1.5,0.0,Dust/Sandstorm
2025-06-10 15:00:00,2025-06-10,15,41.9,51,18.4,1.6,0.0,Dust/Sandstorm
2025-06-10 16:00:00,2025-06-10,16,41.7,47,28.6,1.6,0.0,Dust/Sandstorm
2025-06-10 17:00:00,2025-06-10,17,42.0,50,41.0,1.3,0.0,Dust/Sandstorm
2025-06-10 18:00:00,2025-06-10,18,39.3,42,16.8,1.3,0.0,Dust/Sandstorm
2025-06-10 19:00:00,2025-06-10,19,36.9,43,3.2,1.9,0.0,Dust/Sandstorm
2025-06-10 20:00:00,2025-06-10,20,35.5,38,21.1,1.4,0.0,Dust/Sandstorm
2025-06-10 21:00:00,2025-06-10,21,35.4,33,13.5,10.0,0.0,Clear
2025-06-10 22:00:00,2025-06-10,22,34.7,39,6.3,10.0,0.0,Clear
2025-06-10 23:00:00,2025-06-10,23,31.3,42,9.1,10.0,0.0,Clear
2025-06-11 00:00:00,2025-06-11,0,30.8,35,16.1,10.0,0.0,Clear
2025-06-11 01:00:00,2025-06-11,1,26.9,44,6.8,10.0,0.0,Clear
2025-06-11 02:00:00,2025-06-11,2,26.2,47,8.7,10.0,0.0,Clear
2025-06-11 03:00:00,2025-06-11,3,29.1,50,11.0,10.0,0.0,Clear
2025-06-11 04:00:00,2025-06-11,4,29.3,60,16.2,10.0,0.0,Clear
2025-06-11 05:00:00,2025-06-11,5,30.2,65,23.7,10.0,0.0,Clear
2025-06-11 06:00:00,2025-06-11,6,27.9,73,14.3,10.0,0.0,Clear
2025-06-11 07:00:00,2025-06-11,7,33.5,74,33.0,10.0,0.0,Sunny
2025-06-11 08:00:00,2025-06-11,8,32.6,71,7.3,10.0,0.0,Sunny
2025-06-11 09:00:00,2025-06-11,9,34.3,72,10.5,10.0,0.0,Partly Cloudy
2025-06-11 10:00:00,2025-06-11,10,37.5,79,10.2,10.0,0.0,Sunny
2025-06-11 11:00:00,2025-06-11,11,38.3,73,2.0,10.0,0.0,Partly Cloudy
2025-06-11 12:00:00,2025-06-11,12,41.6,72,2.3,10.0,0.0,Sunny
2025-06-11 13:00:00,2025-06-11,13,41.5,58,3.3,10.0,0.0,Sunny
2025-06-11 14:00:00,2025-06-11,14,43.1,53,3.9,10.0,0.0,Partly Cloudy
2025-06-11 15:00:00,2025-06-11,15,41.0,53,4.3,10.0,0.0,Sunny
2025-06-11 16:00:00,2025-06-11,16,42.8,54,2.0,10.0,0.0,Sunny
2025-06-11 17:00:00,2025-06-11,17,38.0,52,24.4,10.0,0.0,Sunny
2025-06-11 18:00:00,2025-06-11,18,39.5,39,11.0,10.0,0.0,Sunny
2025-06-11 19:00:00,2025-06-11,19,36.6,42,17.7,10.0,0.0,Clear
2025-06-11 20:00:00,2025-06-11,20,36.8,39,8.2,10.0,0.0,Clear
2025-06-11 21:00:00,2025-06-11,21,35.2,32,6.4,10.0,0.0,Clear
2025-06-11 22:00:00,2025-06-11,22,34.5,34,22.6,10.0,0.0,Clear
2025-06-11 23:00:00,2025-06-11,23,32.1,39,19.7,10.0,0.0,Clear
2025-06-12 00:00:00,2025-06-12,0,29.5,37,5.5,10.0,0.0,Clear
2025-06-12 01:00:00,2025-06-12,1,28.8,56,5.3,10.0,0.0,Clear
2025-06-12 02:00:00,2025-06-12,2,29.0,46,31.3,10.0,0.0,Clear
2025-06-12 03:00:00,2025-06-12,3,27.7,53,2.0,10.0,0.0,Clear
2025-06-12 04:00:00,2025-06-12,4,30.2,61,10.0,10.0,0.0,Clear
2025-06-12 05:00:00,2025-06-12,5,28.9,65,5.1,10.0,0.0,Clear
2025-06-12 06:00:00,2025-06-12,6,31.6,70,6.8,10.0,0.0,Clear
2025-06-12 07:00:00,2025-06-12,7,30.9,67,10.1,10.0,0.0,Sunny
2025-06-12 08:00:00,2025-06-12,8,34.1,67,19.4,10.0,0.0,Sunny
2025-06-12 09:00:00,2025-06-12,9,34.8,73,14.0,10.0,0.0,Sunny
2025-06-12 10:00:00,2025-06-12,10,38.1,69,2.0,10.0,0.0,Sunny
2025-06-12 11:00:00,2025-06-12,11,40.5,68,3.3,10.0,0.0,Sunny
2025-06-12 12:00:00,2025-06-12,12,39.8,65,29.4,10.0,0.0,Sunny
2025-06-12 13:00:00,2025-06-12,13,42.9,61,6.1,10.0,0.0,Sunny
2025-06-12 14:00:00,2025-06-12,14,41.1,54,5.3,10.0,0.0,Sunny
2025-06-12 15:00:00,2025-06-12,15,41.7,51,22.3,10.0,0.0,Sunny
2025-06-12 16:00:00,2025-06-12,16,41.2,49,9.2,10.0,0.0,Partly Cloudy
2025-06-12 17:00:00,2025-06-12,17,39.4,51,6.9,10.0,0.0,Sunny
2025-06-12 18:00:00,2025-06-12,18,41.4,50,2.2,10.0,0.0,Partly Cloudy
2025-06-12 19:00:00,2025-06-12,19,38.4,43,4.6,10.0,0.0,Clear
2025-06-12 20:00:00,2025-06-12,20,36.2,39,4.8,10.0,0.0,Clear
2025-06-12 21:00:00,2025-06-12,21,34.1,41,17.7,10.0,0.0,Clear
2025-06-12 22:00:00,2025-06-12,22,35.6,37,7.6,10.0,0.0,Clear
2025-06-12 23:00:00,2025-06-12,23,31.6,40,10.6,10.0,0.0,Clear
2025-06-13 00:00:00,2025-06-13,0,30.2,45,9.2,10.0,0.0,Clear
2025-06-13 01:00:00,2025-06-13,1,30.6,48,8.0,10.0,0.0,Clear
2025-06-13 02:00:00,2025-06-13,2,30.6,54,4.8,10.0,0.0,Clear
2025-06-13 03:00:00,2025-06-13,3,27.9,58,15.2,10.0,0.0,Clear
2025-06-13 04:00:00,2025-06-13,4,29.5,57,10.8,10.0,0.0,Clear
2025-06-13 05:00:00,2025-06-13,5,30.1,67,4.9,10.0,0.0,Clear
2025-06-13 06:00:00,2025-06-13,6,30.2,65,16.2,10.0,0.0,Clear
2025-06-13 07:00:00,2025-06-13,7,31.3,74,3.5,10.0,0.0,Sunny
2025-06-13 08:00:00,2025-06-13,8,32.6,71,8.8,10.0,0.0,Hazy
2025-06-13 09:00:00,2025-06-13,9,36.2,68,8.1,10.0,0.0,Sunny
2025-06-13 10:00:00,2025-06-13,10,37.0,67,18.1,10.0,0.0,Sunny
2025-06-13 11:00:00,2025-06-13,11,38.3,79,3.7,10.0,0.0,Hazy
2025-06-13 12:00:00,2025-06-13,12,38.7,64,2.0,10.0,0.0,Partly Cloudy
2025-06-13 13:00:00,2025-06-13,13,41.9,68,14.2,10.0,0.0,Partly Cloudy
2025-06-13 14:00:00,2025-06-13,14,41.7,62,16.0,10.0,0.0,Sunny
2025-06-13 15:00:00,2025-06-13,15,40.5,59,39.8,10.0,0.0,Sunny
2025-06-13 16:00:00,2025-06-13,16,40.9,46,54.3,10.0,0.0,Sunny
2025-06-13 17:00:00,2025-06-13,17,41.5,44,3.0,10.0,0.0,Sunny
2025-06-13 18:00:00,2025-06-13,18,37.5,38,23.5,10.0,0.0,Hazy
2025-06-13 19:00:00,2025-06-13,19,38.2,43,22.7,10.0,0.0,Clear
2025-06-13 20:00:00,2025-06-13,20,37.7,44,16.4,10.0,0.0,Clear
2025-06-13 21:00:00,2025-06-13,21,35.3,37,19.2,10.0,0.0,Clear
2025-06-13 22:00:00,2025-06-13,22,34.2,46,4.9,10.0,0.0,Clear
2025-06-13 23:00:00,2025-06-13,23,29.2,40,17.8,10.0,0.0,Clear
2025-06-14 00:00:00,2025-06-14,0,28.8,41,9.5,10.0,0.0,Clear
2025-06-14 01:00:00,2025-06-14,1,30.4,46,2.0,10.0,0.0,Clear
2025-06-14 02:00:00,2025-06-14,2,29.2,52,8.5,10.0,0.0,Clear
2025-06-14 03:00:00,2025-06-14,3,28.2,49,11.3,10.0,0.0,Clear
2025-06-14 04:00:00,2025-06-14,4,29.1,61,15.2,10.0,0.0,Clear
2025-06-14 05:00:00,2025-06-14,5,30.1,63,5.2,10.0,0.0,Clear
2025-06-14 06:00:00,2025-06-14,6,29.8,67,12.7,10.0,0.0,Clear
2025-06-14 07:00:00,2025-06-14,7,30.9,70,19.0,10.0,0.0,Sunny
2025-06-14 08:00:00,2025-06-14,8,31.7,76,24.7,10.0,0.0,Partly Cloudy
2025-06-14 09:00:00,2025-06-14,9,36.7,73,14.7,10.0,0.0,Partly Cloudy
2025-06-14 10:00:00,2025-06-14,10,36.8,68,5.9,10.0,0.0,Sunny
2025-06-14 11:00:00,2025-06-14,11,40.1,71,9.3,10.0,0.0,Sunny
2025-06-14 12:00:00,2025-06-14,12,38.0,67,11.9,10.0,0.0,Sunny
2025-06-14 13:00:00,2025-06-14,13,40.8,64,14.7,10.0,0.0,Sunny
2025-06-14 14:00:00,2025-06-14,14,39.9,59,23.5,10.0,0.0,Partly Cloudy
2025-06-14 15:00:00,2025-06-14,15,43.6,56,18.7,10.0,0.0,Partly Cloudy
2025-06-14 16:00:00,2025-06-14,16,44.5,45,15.9,10.0,0.0,Sunny
2025-06-14 17:00:00,2025-06-14,17,42.1,41,2.0,10.0,0.0,Sunny
2025-06-14 18:00:00,2025-06-14,18,38.3,42,11.2,10.0,0.0,Partly Cloudy
2025-06-14 19:00:00,2025-06-14,19,36.9,38,3.7,10.0,0.0,Clear
2025-06-14 20:00:00,2025-06-14,20,36.6,34,18.7,10.0,0.0,Clear
2025-06-14 21:00:00,2025-06-14,21,35.2,29,10.0,10.0,0.0,Clear
2025-06-14 22:00:00,2025-06-14,22,33.9,39,22.3,10.0,0.0,Clear
2025-06-14 23:00:00,2025-06-14,23,32.3,38,5.8,10.0,0.0,Clear
2025-06-15 00:00:00,2025-06-15,0,30.4,44,3.5,10.0,0.0,Clear
2025-06-15 01:00:00,2025-06-15,1,29.1,47,9.9,10.0,0.0,Clear
2025-06-15 02:00:00,2025-06-15,2,27.7,53,5.3,10.0,0.0,Clear
2025-06-15 03:00:00,2025-06-15,3,29.3,51,14.2,10.0,0.0,Clear
2025-06-15 04:00:00,2025-06-15,4,25.9,60,10.0,10.0,0.0,Clear
2025-06-15 05:00:00,2025-06-15,5,29.5,72,6.3,10.0,0.0,Clear
2025-06-15 06:00:00,2025-06-15,6,30.7,69,15.3,10.0,0.0,Clear
2025-06-15 07:00:00,2025-06-15,7,31.5,77,5.8,10.0,0.0,Sunny
2025-06-15 08:00:00,2025-06-15,8,34.3,75,15.6,10.0,0.0,Sunny
2025-06-15 09:00:00,2025-06-15,9,36.2,69,4.9,10.0,0.0,Sunny
2025-06-15 10:00:00,2025-06-15,10,36.9,82,4.5,10.0,0.0,Partly Cloudy
2025-06-15 11:00:00,2025-06-15,11,41.0,76,2.0,10.0,0.0,Sunny
2025-06-15 12:00:00,2025-06-15,12,38.8,63,9.5,10.0,0.0,Sunny
2025-06-15 13:00:00,2025-06-15,13,40.1,63,6.1,10.0,0.0,Sunny
2025-06-15 14:00:00,2025-06-15,14,40.8,67,9.0,10.0,0.0,Sunny
2025-06-15 15:00:00,2025-06-15,15,42.9,58,22.8,10.0,0.0,Sunny
2025-06-15 16:00:00,2025-06-15,16,41.7,43,2.9,10.0,0.0,Sunny
2025-06-15 17:00:00,2025-06-15,17,38.3,43,4.4,10.0,0.0,Sunny
2025-06-15 18:00:00,2025-06-15,18,39.2,39,4.4,10.0,0.0,Sunny
2025-06-15 19:00:00,2025-06-15,19,37.5,45,3.9,10.0,0.0,Clear
2025-06-15 20:00:00,2025-06-15,20,38.7,40,2.4,10.0,0.0,Clear
2025-06-15 21:00:00,2025-06-15,21,34.0,36,7.7,10.0,0.0,Clear
2025-06-15 22:00:00,2025-06-15,22,33.3,34,3.0,10.0,0.0,Clear
2025-06-15 23:00:00,2025-06-15,23,29.9,42,23.1,10.0,0.0,Clear
2025-06-16 00:00:00,2025-06-16,0,30.6,42,14.0,10.0,0.0,Clear
2025-06-16 01:00:00,2025-06-16,1,31.6,47,18.6,10.0,0.0,Clear
2025-06-16 02:00:00,2025-06-16,2,27.7,53,2.2,10.0,0.0,Clear
2025-06-16 03:00:00,2025-06-16,3,29.6,56,5.0,10.0,0.0,Clear
2025-06-16 04:00:00,2025-06-16,4,28.5,54,9.8,10.0,0.0,Clear
2025-06-16 05:00:00,2025-06-16,5,29.3,67,5.5,10.0,0.0,Clear
2025-06-16 06:00:00,2025-06-16,6,31.1,72,3.8,10.0,0.0,Clear
2025-06-16 07:00:00,2025-06-16,7,30.2,79,9.6,10.0,0.0,Partly Cloudy
2025-06-16 08:00:00,2025-06-16,8,32.4,70,4.1,10.0,0.0,Sunny
2025-06-16 09:00:00,2025-06-16,9,33.9,78,2.0,10.0,0.0,Sunny
2025-06-16 10:00:00,2025-06-16,10,38.7,78,9.0,10.0,0.0,Sunny
2025-06-16 11:00:00,2025-06-16,11,39.5,75,3.0,10.0,0.0,Sunny
2025-06-16 12:00:00,2025-06-16,12,40.8,68,40.9,10.0,0.0,Sunny
2025-06-16 13:00:00,2025-06-16,13,41.8,60,20.0,10.0,0.0,Partly Cloudy
2025-06-16 14:00:00,2025-06-16,14,42.2,58,12.2,10.0,0.0,Sunny
2025-06-16 15:00:00,2025-06-16,15,39.6,51,11.8,10.0,0.0,Sunny
2025-06-16 16:00:00,2025-06-16,16,40.6,44,23.6,10.0,0.0,Sunny
2025-06-16 17:00:00,2025-06-16,17,40.4,49,16.1,10.0,0.0,Partly Cloudy
2025-06-16 18:00:00,2025-06-16,18,39.8,39,30.7,10.0,0.0,Sunny
2025-06-16 19:00:00,2025-06-16,19,37.0,31,16.2,10.0,0.0,Clear
2025-06-16 20:00:00,2025-06-16,20,35.0,38,5.1,10.0,0.0,Clear
2025-06-16 21:00:00,2025-06-16,21,33.7,40,2.0,10.0,0.0,Clear
2025-06-16 22:00:00,2025-06-16,22,32.4,40,27.8,10.0,0.0,Clear
2025-06-16 23:00:00,2025-06-16,23,31.3,35,7.6,10.0,0.0,Clear
2025-06-17 00:00:00,2025-06-17,0,30.9,40,20.4,10.0,0.0,Clear
2025-06-17 01:00:00,2025-06-17,1,29.2,48,24.2,10.0,0.0,Clear
2025-06-17 02:00:00,2025-06-17,2,30.2,54,13.4,10.0,0.0,Clear
2025-06-17 03:00:00,2025-06-17,3,29.2,57,8.6,10.0,0.0,Clear
2025-06-17 04:00:00,2025-06-17,4,28.3,63,19.0,10.0,0.0,Clear
2025-06-17 05:00:00,2025-06-17,5,29.9,63,2.0,10.0,0.0,Clear
2025-06-17 06:00:00,2025-06-17,6,30.3,69,4.7,10.0,0.0,Clear
2025-06-17 07:00:00,2025-06-17,7,31.0,71,20.5,10.0,0.0,Partly Cloudy
2025-06-17 08:00:00,2025-06-17,8,33.4,68,18.9,10.0,0.0,Sunny
2025-06-17 09:00:00,2025-06-17,9,35.5,66,9.4,10.0,0.0,Sunny
2025-06-17 10:00:00,2025-06-17,10,37.9,69,20.4,10.0,0.0,Sunny
2025-06-17 11:00:00,2025-06-17,11,40.9,68,4.3,10.0,0.0,Sunny
2025-06-17 12:00:00,2025-06-17,12,41.1,73,15.6,10.0,0.0,Sunny
2025-06-17 13:00:00,2025-06-17,13,39.4,64,2.0,10.0,0.0,Sunny
2025-06-17 14:00:00,2025-06-17,14,39.4,56,17.3,10.0,0.0,Sunny
2025-06-17 15:00:00,2025-06-17,15,43.1,54,24.4,10.0,0.0,Hazy
2025-06-17 16:00:00,2025-06-17,16,41.1,51,23.8,10.0,0.0,Sunny
2025-06-17 17:00:00,2025-06-17,17,39.8,44,4.1,10.0,0.0,Sunny
2025-06-17 18:00:00,2025-06-17,18,41.6,40,26.2,10.0,0.0,Sunny
2025-06-17 19:00:00,2025-06-17,19,38.0,38,8.6,10.0,0.0,Clear
2025-06-17 20:00:00,2025-06-17,20,36.5,38,3.2,10.0,0.0,Clear
2025-06-17 21:00:00,2025-06-17,21,34.2,36,9.3,10.0,0.0,Clear
2025-06-17 22:00:00,2025-06-17,22,30.9,36,19.3,10.0,0.0,Clear
2025-06-17 23:00:00,2025-06-17,23,30.6,36,29.9,10.0,0.0,Clear
2025-06-18 00:00:00,2025-06-18,0,29.6,44,15.2,10.0,0.0,Clear
2025-06-18 01:00:00,2025-06-18,1,27.4,44,29.9,10.0,0.0,Clear
2025-06-18 02:00:00,2025-06-18,2,28.8,53,14.8,10.0,0.0,Clear
2025-06-18 03:00:00,2025-06-18,3,28.8,61,3.1,10.0,0.0,Clear
2025-06-18 04:00:00,2025-06-18,4,29.8,55,12.0,10.0,0.0,Clear
2025-06-18 05:00:00,2025-06-18,5,28.5,63,12.9,10.0,0.0,Clear
2025-06-18 06:00:00,2025-06-18,6,28.2,61,9.9,10.0,0.0,Clear
2025-06-18 07:00:00,2025-06-18,7,31.4,70,6.8,10.0,0.0,Sunny
2025-06-18 08:00:00,2025-06-18,8,31.8,80,37.2,10.0,0.0,Sunny
2025-06-18 09:00:00,2025-06-18,9,35.0,75,4.0,10.0,0.0,Sunny
2025-06-18 10:00:00,2025-06-18,10,37.7,70,2.0,10.0,0.0,Sunny
2025-06-18 11:00:00,2025-06-18,11,37.6,72,12.5,10.0,0.0,Sunny
2025-06-18 12:00:00,2025-06-18,12,39.5,63,15.1,10.0,0.0,Sunny
2025-06-18 13:00:00,2025-06-18,13,38.2,59,7.0,10.0,0.0,Sunny
2025-06-18 14:00:00,2025-06-18,14,40.8,62,4.9,10.0,0.0,Sunny
2025-06-18 15:00:00,2025-06-18,15,43.4,54,27.6,10.0,0.0,Sunny
2025-06-18 16:00:00,2025-06-18,16,41.9,49,8.1,10.0,0.0,Sunny
2025-06-18 17:00:00,2025-06-18,17,39.7,46,6.0,10.0,0.0,Sunny
2025-06-18 18:00:00,2025-06-18,18,38.2,41,3.0,10.0,0.0,Sunny
2025-06-18 19:00:00,2025-06-18,19,38.2,45,7.6,10.0,0.0,Clear
2025-06-18 20:00:00,2025-06-18,20,37.3,32,36.6,10.0,0.0,Clear
2025-06-18 21:00:00,2025-06-18,21,34.1,34,6.5,10.0,0.0,Clear
2025-06-18 22:00:00,2025-06-18,22,33.1,39,2.9,10.0,0.0,Clear
2025-06-18 23:00:00,2025-06-18,23,29.4,35,16.7,10.0,0.0,Clear
2025-06-19 00:00:00,2025-06-19,0,31.4,39,14.9,10.0,0.0,Clear
2025-06-19 01:00:00,2025-06-19,1,28.3,49,12.9,10.0,0.0,Clear
2025-06-19 02:00:00,2025-06-19,2,29.5,47,10.4,10.0,0.0,Clear
2025-06-19 03:00:00,2025-06-19,3,28.9,58,8.8,10.0,0.0,Clear
2025-06-19 04:00:00,2025-06-19,4,29.3,54,12.5,10.0,0.0,Clear
2025-06-19 05:00:00,2025-06-19,5,29.1,72,15.2,10.0,0.0,Clear
2025-06-19 06:00:00,2025-06-19,6,32.4,70,19.6,10.0,0.0,Clear
2025-06-19 07:00:00,2025-06-19,7,31.0,73,27.5,10.0,0.0,Partly Cloudy
2025-06-19 08:00:00,2025-06-19,8,35.3,71,10.2,10.0,0.0,Partly Cloudy
2025-06-19 09:00:00,2025-06-19,9,35.3,73,16.4,10.0,0.0,Partly Cloudy
2025-06-19 10:00:00,2025-06-19,10,36.8,83,13.9,10.0,0.0,Sunny
2025-06-19 11:00:00,2025-06-19,11,38.0,66,8.2,10.0,0.0,Sunny
2025-06-19 12:00:00,2025-06-19,12,39.7,65,6.4,10.0,0.0,Sunny
2025-06-19 13:00:00,2025-06-19,13,40.6,63,6.6,10.0,0.0,Sunny
2025-06-19 14:00:00,2025-06-19,14,43.4,60,3.2,10.0,0.0,Sunny
2025-06-19 15:00:00,2025-06-19,15,40.0,58,2.0,10.0,0.0,Partly Cloudy
2025-06-19 16:00:00,2025-06-19,16,41.0,52,17.9,10.0,0.0,Sunny
2025-06-19 17:00:00,2025-06-19,17,39.5,42,7.3,10.0,0.0,Sunny
2025-06-19 18:00:00,2025-06-19,18,38.9,45,16.4,10.0,0.0,Sunny
2025-06-19 19:00:00,2025-06-19,19,38.3,42,6.6,10.0,0.0,Clear
2025-06-19 20:00:00,2025-06-19,20,38.5,38,12.0,10.0,0.0,Clear
2025-06-19 21:00:00,2025-06-19,21,35.6,34,7.6,10.0,0.0,Clear
2025-06-19 22:00:00,2025-06-19,22,32.2,39,6.6,10.0,0.0,Clear
2025-06-19 23:00:00,2025-06-19,23,31.4,38,10.2,10.0,0.0,Clear
2025-06-20 00:00:00,2025-06-20,0,31.8,42,27.3,10.0,0.0,Clear
2025-06-20 01:00:00,2025-06-20,1,28.7,46,3.2,10.0,0.0,Clear
2025-06-20 02:00:00,2025-06-20,2,28.9,47,17.5,10.0,0.0,Clear
2025-06-20 03:00:00,2025-06-20,3,29.0,55,4.5,10.0,0.0,Clear
2025-06-20 04:00:00,2025-06-20,4,28.5,64,6.6,10.0,0.0,Clear
2025-06-20 05:00:00,2025-06-20,5,28.3,67,16.5,10.0,0.0,Clear
2025-06-20 06:00:00,2025-06-20,6,30.7,67,16.4,10.0,0.0,Clear
2025-06-20 07:00:00,2025-06-20,7,34.5,70,6.9,10.0,0.0,Sunny
2025-06-20 08:00:00,2025-06-20,8,32.8,79,18.1,10.0,0.0,Partly Cloudy
2025-06-20 09:00:00,2025-06-20,9,34.4,70,12.6,10.0,0.0,Sunny
2025-06-20 10:00:00,2025-06-20,10,37.6,75,8.4,10.0,0.0,Sunny
2025-06-20 11:00:00,2025-06-20,11,41.1,75,11.8,10.0,0.0,Sunny
2025-06-20 12:00:00,2025-06-20,12,38.6,63,26.3,10.0,0.0,Sunny
2025-06-20 13:00:00,2025-06-20,13,39.2,63,17.1,10.0,0.0,Sunny
2025-06-20 14:00:00,2025-06-20,14,42.2,64,8.2,10.0,0.0,Sunny
2025-06-20 15:00:00,2025-06-20,15,42.5,52,3.7,10.0,0.0,Sunny
2025-06-20 16:00:00,2025-06-20,16,40.1,51,9.0,10.0,0.0,Sunny
2025-06-20 17:00:00,2025-06-20,17,40.3,40,15.7,10.0,0.0,Partly Cloudy
2025-06-20 18:00:00,2025-06-20,18,38.2,41,16.0,10.0,0.0,Hazy
2025-06-20 19:00:00,2025-06-20,19,37.8,45,3.5,10.0,0.0,Clear
2025-06-20 20:00:00,2025-06-20,20,36.3,33,17.3,10.0,0.0,Clear
2025-06-20 21:00:00,2025-06-20,21,36.1,30,21.7,10.0,0.0,Clear
2025-06-20 22:00:00,2025-06-20,22,34.8,37,2.2,10.0,0.0,Clear
2025-06-20 23:00:00,2025-06-20,23,31.6,42,51.2,10.0,0.0,Clear
2025-06-21 00:00:00,2025-06-21,0,32.2,40,22.5,10.0,0.0,Clear
2025-06-21 01:00:00,2025-06-21,1,30.5,45,5.9,10.0,0.0,Clear
2025-06-21 02:00:00,2025-06-21,2,27.1,53,46.6,10.0,0.0,Clear
2025-06-21 03:00:00,2025-06-21,3,29.9,60,9.3,10.0,0.0,Clear
2025-06-21 04:00:00,2025-06-21,4,29.7,62,19.4,10.0,0.0,Clear
2025-06-21 05:00:00,2025-06-21,5,31.7,68,4.8,10.0,0.0,Clear
2025-06-21 06:00:00,2025-06-21,6,30.7,68,14.3,10.0,0.0,Clear
2025-06-21 07:00:00,2025-06-21,7,33.9,68,32.2,10.0,0.0,Sunny
2025-06-21 08:00:00,2025-06-21,8,31.2,66,8.2,10.0,0.0,Sunny
2025-06-21 09:00:00,2025-06-21,9,34.5,67,8.1,10.0,0.0,Sunny
2025-06-21 10:00:00,2025-06-21,10,34.3,72,10.4,10.0,0.0,Sunny
2025-06-21 11:00:00,2025-06-21,11,37.9,76,25.9,10.0,0.0,Sunny
2025-06-21 12:00:00,2025-06-21,12,39.8,64,22.0,10.0,0.0,Hazy
2025-06-21 13:00:00,2025-06-21,13,40.6,76,4.4,10.0,0.0,Sunny
2025-06-21 14:00:00,2025-06-21,14,42.4,59,14.8,10.0,0.0,Sunny
2025-06-21 15:00:00,2025-06-21,15,44.5,51,12.0,10.0,0.0,Sunny
2025-06-21 16:00:00,2025-06-21,16,40.8,48,5.6,10.0,0.0,Partly Cloudy
2025-06-21 17:00:00,2025-06-21,17,42.2,46,4.6,10.0,0.0,Partly Cloudy
2025-06-21 18:00:00,2025-06-21,18,40.4,48,5.6,10.0,0.0,Sunny
2025-06-21 19:00:00,2025-06-21,19,38.7,40,11.0,10.0,0.0,Clear
2025-06-21 20:00:00,2025-06-21,20,37.7,33,7.6,10.0,0.0,Clear
2025-06-21 21:00:00,2025-06-21,21,34.6,44,2.0,10.0,0.0,Clear
2025-06-21 22:00:00,2025-06-21,22,34.6,35,36.5,10.0,0.0,Clear
2025-06-21 23:00:00,2025-06-21,23,30.0,36,9.5,10.0,0.0,Clear
2025-06-22 00:00:00,2025-06-22,0,30.6,44,30.6,10.0,0.0,Clear
2025-06-22 01:00:00,2025-06-22,1,29.0,50,4.5,10.0,0.0,Clear
2025-06-22 02:00:00,2025-06-22,2,31.7,54,4.4,10.0,0.0,Clear
2025-06-22 03:00:00,2025-06-22,3,27.2,48,3.4,10.0,0.0,Clear
2025-06-22 04:00:00,2025-06-22,4,29.3,66,7.6,10.0,0.0,Clear
2025-06-22 05:00:00,2025-06-22,5,30.9,60,7.3,10.0,0.0,Clear
2025-06-22 06:00:00,2025-06-22,6,29.7,70,4.2,10.0,0.0,Clear
2025-06-22 07:00:00,2025-06-22,7,31.8,72,23.5,10.0,0.0,Sunny
2025-06-22 08:00:00,2025-06-22,8,32.7,75,3.3,10.0,0.0,Partly Cloudy
2025-06-22 09:00:00,2025-06-22,9,34.5,72,8.7,10.0,0.0,Sunny
2025-06-22 10:00:00,2025-06-22,10,38.7,77,10.3,10.0,0.0,Hazy
2025-06-22 11:00:00,2025-06-22,11,36.0,71,28.7,10.0,0.0,Sunny
2025-06-22 12:00:00,2025-06-22,12,39.9,73,2.0,10.0,0.0,Hazy
2025-06-22 13:00:00,2025-06-22,13,38.1,60,19.2,10.0,0.0,Sunny
2025-06-22 14:00:00,2025-06-22,14,42.4,67,15.5,10.0,0.0,Hazy
2025-06-22 15:00:00,2025-06-22,15,41.0,48,9.5,10.0,0.0,Sunny
2025-06-22 16:00:00,2025-06-22,16,39.2,57,13.0,10.0,0.0,Sunny
2025-06-22 17:00:00,2025-06-22,17,40.5,44,31.0,10.0,0.0,Sunny
2025-06-22 18:00:00,2025-06-22,18,38.2,44,8.6,10.0,0.0,Partly Cloudy
2025-06-22 19:00:00,2025-06-22,19,39.4,38,8.6,10.0,0.0,Clear
2025-06-22 20:00:00,2025-06-22,20,37.9,34,10.0,10.0,0.0,Clear
2025-06-22 21:00:00,2025-06-22,21,33.6,35,27.8,10.0,0.0,Clear
2025-06-22 22:00:00,2025-06-22,22,34.0,41,19.9,10.0,0.0,Clear
2025-06-22 23:00:00,2025-06-22,23,31.0,41,7.1,10.0,0.0,Clear
2025-06-23 00:00:00,2025-06-23,0,30.1,47,13.4,10.0,0.0,Clear
2025-06-23 01:00:00,2025-06-23,1,31.8,48,9.0,10.0,0.0,Clear
2025-06-23 02:00:00,2025-06-23,2,28.3,52,15.4,10.0,0.0,Clear
2025-06-23 03:00:00,2025-06-23,3,30.3,62,12.4,10.0,0.0,Clear
2025-06-23 04:00:00,2025-06-23,4,30.8,62,5.5,10.0,0.0,Clear
2025-06-23 05:00:00,2025-06-23,5,29.0,60,3.5,10.0,0.0,Clear
2025-06-23 06:00:00,2025-06-23,6,30.8,63,7.8,10.0,0.0,Clear
2025-06-23 07:00:00,2025-06-23,7,31.2,78,10.9,10.0,0.0,Sunny
2025-06-23 08:00:00,2025-06-23,8,33.4,72,13.4,10.0,0.0,Sunny
2025-06-23 09:00:00,2025-06-23,9,35.8,73,14.4,10.0,0.0,Sunny
2025-06-23 10:00:00,2025-06-23,10,36.6,70,4.9,10.0,0.0,Sunny
2025-06-23 11:00:00,2025-06-23,11,38.7,64,5.9,10.0,0.0,Sunny
2025-06-23 12:00:00,2025-06-23,12,38.8,76,7.9,10.0,0.0,Sunny
2025-06-23 13:00:00,2025-06-23,13,39.6,59,8.1,10.0,0.0,Sunny
2025-06-23 14:00:00,2025-06-23,14,40.9,56,13.6,10.0,0.0,Sunny
2025-06-23 15:00:00,2025-06-23,15,41.7,54,8.9,10.0,0.0,Sunny
2025-06-23 16:00:00,2025-06-23,16,42.8,49,9.8,10.0,0.0,Sunny
2025-06-23 17:00:00,2025-06-23,17,40.4,44,7.1,10.0,0.0,Sunny
2025-06-23 18:00:00,2025-06-23,18,40.1,45,18.5,10.0,0.0,Sunny
2025-06-23 19:00:00,2025-06-23,19,37.1,44,20.7,10.0,0.0,Clear
2025-06-23 20:00:00,2025-06-23,20,37.7,38,6.9,10.0,0.0,Clear
2025-06-23 21:00:00,2025-06-23,21,34.6,38,7.2,10.0,0.0,Clear
2025-06-23 22:00:00,2025-06-23,22,33.1,34,11.8,10.0,0.0,Clear
2025-06-23 23:00:00,2025-06-23,23,31.8,42,34.3,10.0,0.0,Clear
2025-06-24 00:00:00,2025-06-24,0,29.8,41,23.6,10.0,0.0,Clear
2025-06-24 01:00:00,2025-06-24,1,28.1,45,6.2,10.0,0.0,Clear
2025-06-24 02:00:00,2025-06-24,2,29.3,54,5.9,10.0,0.0,Clear
2025-06-24 03:00:00,2025-06-24,3,29.6,49,10.5,10.0,0.0,Clear
2025-06-24 04:00:00,2025-06-24,4,27.1,64,28.8,10.0,0.0,Clear
2025-06-24 05:00:00,2025-06-24,5,29.7,64,10.1,10.0,0.0,Clear
2025-06-24 06:00:00,2025-06-24,6,30.7,66,22.7,10.0,0.0,Clear
2025-06-24 07:00:00,2025-06-24,7,31.3,78,24.2,10.0,0.0,Sunny
2025-06-24 08:00:00,2025-06-24,8,32.9,76,10.3,10.0,0.0,Partly Cloudy
2025-06-24 09:00:00,2025-06-24,9,36.3,66,3.3,10.0,0.0,Sunny
2025-06-24 10:00:00,2025-06-24,10,39.3,76,2.5,10.0,0.0,Sunny
2025-06-24 11:00:00,2025-06-24,11,39.8,73,5.6,10.0,0.0,Hazy
2025-06-24 12:00:00,2025-06-24,12,40.3,63,19.6,10.0,0.0,Sunny
2025-06-24 13:00:00,2025-06-24,13,42.1,64,14.7,10.0,0.0,Partly Cloudy
2025-06-24 14:00:00,2025-06-24,14,41.9,63,2.0,10.0,0.0,Partly Cloudy
2025-06-24 15:00:00,2025-06-24,15,40.7,48,14.6,10.0,0.0,Sunny
2025-06-24 16:00:00,2025-06-24,16,41.7,54,2.6,10.0,0.0,Sunny
2025-06-24 17:00:00,2025-06-24,17,39.0,45,2.0,10.0,0.0,Sunny
2025-06-24 18:00:00,2025-06-24,18,38.7,42,15.4,10.0,0.0,Hazy
2025-06-24 19:00:00,2025-06-24,19,39.4,44,11.5,10.0,0.0,Clear
2025-06-24 20:00:00,2025-06-24,20,36.5,35,29.1,10.0,0.0,Clear
2025-06-24 21:00:00,2025-06-24,21,34.0,33,9.7,10.0,0.0,Clear
2025-06-24 22:00:00,2025-06-24,22,32.6,41,12.4,10.0,0.0,Clear
2025-06-24 23:00:00,2025-06-24,23,30.3,40,8.6,10.0,0.0,Clear
2025-06-25 00:00:00,2025-06-25,0,30.8,41,10.1,10.0,0.0,Clear
2025-06-25 01:00:00,2025-06-25,1,28.9,41,19.2,10.0,0.0,Clear
2025-06-25 02:00:00,2025-06-25,2,28.4,49,4.9,10.0,0.0,Clear
2025-06-25 03:00:00,2025-06-25,3,29.0,53,9.2,10.0,0.0,Clear
2025-06-25 04:00:00,2025-06-25,4,29.1,59,18.6,10.0,0.0,Clear
2025-06-25 05:00:00,2025-06-25,5,27.9,58,26.4,10.0,0.0,Clear
2025-06-25 06:00:00,2025-06-25,6,29.0,65,18.7,10.0,0.0,Clear
2025-06-25 07:00:00,2025-06-25,7,31.7,72,8.7,10.0,0.0,Sunny
2025-06-25 08:00:00,2025-06-25,8,34.1,72,3.0,10.0,0.0,Sunny
2025-06-25 09:00:00,2025-06-25,9,34.2,72,7.3,10.0,0.0,Sunny
2025-06-25 10:00:00,2025-06-25,10,36.0,69,17.7,10.0,0.0,Hazy
2025-06-25 11:00:00,2025-06-25,11,38.4,67,2.9,10.0,0.0,Sunny
2025-06-25 12:00:00,2025-06-25,12,39.7,67,19.9,10.0,0.0,Sunny
2025-06-25 13:00:00,2025-06-25,13,40.6,64,2.8,10.0,0.0,Sunny
2025-06-25 14:00:00,2025-06-25,14,41.7,56,17.1,10.0,0.0,Hazy
2025-06-25 15:00:00,2025-06-25,15,40.4,56,17.9,10.0,0.0,Sunny
2025-06-25 16:00:00,2025-06-25,16,43.1,51,12.1,10.0,0.0,Sunny
2025-06-25 17:00:00,2025-06-25,17,40.3,42,21.0,10.0,0.0,Sunny
2025-06-25 18:00:00,2025-06-25,18,41.6,47,8.1,10.0,0.0,Hazy
2025-06-25 19:00:00,2025-06-25,19,35.6,36,11.8,10.0,0.0,Clear
2025-06-25 20:00:00,2025-06-25,20,34.6,34,14.2,10.0,0.0,Clear
2025-06-25 21:00:00,2025-06-25,21,34.9,34,21.5,10.0,0.0,Clear
2025-06-25 22:00:00,2025-06-25,22,34.5,32,8.1,10.0,0.0,Clear
2025-06-25 23:00:00,2025-06-25,23,32.0,32,10.5,10.0,0.0,Clear
2025-06-26 00:00:00,2025-06-26,0,30.3,47,44.9,10.0,0.0,Clear
2025-06-26 01:00:00,2025-06-26,1,29.7,50,10.3,10.0,0.0,Clear
2025-06-26 02:00:00,2025-06-26,2,28.7,47,7.3,10.0,0.0,Clear
2025-06-26 03:00:00,2025-06-26,3,30.9,58,5.1,10.0,0.0,Clear
2025-06-26 04:00:00,2025-06-26,4,28.1,57,7.2,10.0,0.0,Clear
2025-06-26 05:00:00,2025-06-26,5,30.9,60,20.2,10.0,0.0,Clear
2025-06-26 06:00:00,2025-06-26,6,29.5,67,12.4,10.0,0.0,Clear
2025-06-26 07:00:00,2025-06-26,7,31.4,70,45.7,10.0,0.0,Sunny
2025-06-26 08:00:00,2025-06-26,8,32.2,76,3.5,10.0,0.0,Sunny
2025-06-26 09:00:00,2025-06-26,9,36.0,64,16.9,10.0,0.0,Hazy
2025-06-26 10:00:00,2025-06-26,10,38.1,71,13.9,10.0,0.0,Sunny
2025-06-26 11:00:00,2025-06-26,11,38.0,80,23.8,10.0,0.0,Sunny
2025-06-26 12:00:00,2025-06-26,12,40.3,59,5.8,10.0,0.0,Sunny
2025-06-26 13:00:00,2025-06-26,13,40.8,62,5.7,10.0,0.0,Sunny
2025-06-26 14:00:00,2025-06-26,14,42.0,58,15.0,10.0,0.0,Partly Cloudy
2025-06-26 15:00:00,2025-06-26,15,42.9,56,2.0,10.0,0.0,Partly Cloudy
2025-06-26 16:00:00,2025-06-26,16,39.9,53,14.0,10.0,0.0,Sunny
2025-06-26 17:00:00,2025-06-26,17,39.4,47,7.4,10.0,0.0,Sunny
2025-06-26 18:00:00,2025-06-26,18,38.9,49,7.0,10.0,0.0,Sunny
2025-06-26 19:00:00,2025-06-26,19,37.7,38,25.6,10.0,0.0,Clear
2025-06-26 20:00:00,2025-06-26,20,36.9,42,19.2,10.0,0.0,Clear
2025-06-26 21:00:00,2025-06-26,21,35.0,36,21.3,10.0,0.0,Clear
2025-06-26 22:00:00,2025-06-26,22,33.1,41,15.3,10.0,0.0,Clear
2025-06-26 23:00:00,2025-06-26,23,31.7,37,5.1,10.0,0.0,Clear
2025-06-27 00:00:00,2025-06-27,0,30.7,39,5.9,10.0,0.0,Clear
2025-06-27 01:00:00,2025-06-27,1,28.5,41,28.8,10.0,0.0,Clear
2025-06-27 02:00:00,2025-06-27,2,26.2,49,8.1,10.0,0.0,Clear
2025-06-27 03:00:00,2025-06-27,3,27.4,52,7.3,10.0,0.0,Clear
2025-06-27 04:00:00,2025-06-27,4,30.1,61,9.1,10.0,0.0,Clear
2025-06-27 05:00:00,2025-06-27,5,26.3,67,8.1,10.0,0.0,Clear
2025-06-27 06:00:00,2025-06-27,6,31.8,72,10.6,10.0,0.0,Clear
2025-06-27 07:00:00,2025-06-27,7,31.1,74,8.5,10.0,0.0,Sunny
2025-06-27 08:00:00,2025-06-27,8,34.3,77,3.4,10.0,0.0,Sunny
2025-06-27 09:00:00,2025-06-27,9,33.8,76,16.5,10.0,0.0,Sunny
2025-06-27 10:00:00,2025-06-27,10,33.7,68,12.8,10.0,0.0,Hazy
2025-06-27 11:00:00,2025-06-27,11,37.2,72,9.6,10.0,0.0,Partly Cloudy
2025-06-27 12:00:00,2025-06-27,12,39.4,65,8.6,10.0,0.0,Sunny
2025-06-27 13:00:00,2025-06-27,13,41.1,63,9.5,10.0,0.0,Sunny
2025-06-27 14:00:00,2025-06-27,14,39.6,59,24.2,10.0,0.0,Sunny
2025-06-27 15:00:00,2025-06-27,15,42.0,45,5.1,10.0,0.0,Sunny
2025-06-27 16:00:00,2025-06-27,16,41.3,46,8.7,10.0,0.0,Sunny
2025-06-27 17:00:00,2025-06-27,17,39.9,44,22.4,10.0,0.0,Partly Cloudy
2025-06-27 18:00:00,2025-06-27,18,39.7,31,7.5,10.0,0.0,Sunny
2025-06-27 19:00:00,2025-06-27,19,38.4,45,2.8,10.0,0.0,Clear
2025-06-27 20:00:00,2025-06-27,20,37.3,38,23.6,10.0,0.0,Clear
2025-06-27 21:00:00,2025-06-27,21,35.2,37,4.7,10.0,0.0,Clear
2025-06-27 22:00:00,2025-06-27,22,33.4,42,6.2,10.0,0.0,Clear
2025-06-27 23:00:00,2025-06-27,23,34.1,42,30.1,10.0,0.0,Clear
2025-06-28 00:00:00,2025-06-28,0,28.1,45,3.7,10.0,0.0,Clear
2025-06-28 01:00:00,2025-06-28,1,27.8,50,10.2,10.0,0.0,Clear
2025-06-28 02:00:00,2025-06-28,2,30.0,52,36.2,10.0,0.0,Clear
2025-06-28 03:00:00,2025-06-28,3,26.7,56,12.0,10.0,0.0,Clear
2025-06-28 04:00:00,2025-06-28,4,29.8,61,8.8,10.0,0.0,Clear
2025-06-28 05:00:00,2025-06-28,5,29.8,59,50.1,10.0,0.0,Clear
2025-06-28 06:00:00,2025-06-28,6,28.8,59,2.9,10.0,0.0,Clear
2025-06-28 07:00:00,2025-06-28,7,32.9,62,10.4,10.0,0.0,Sunny
2025-06-28 08:00:00,2025-06-28,8,34.7,75,9.0,10.0,0.0,Sunny
2025-06-28 09:00:00,2025-06-28,9,35.0,71,14.7,10.0,0.0,Partly Cloudy
2025-06-28 10:00:00,2025-06-28,10,36.6,71,8.1,10.0,0.0,Sunny
2025-06-28 11:00:00,2025-06-28,11,39.8,71,12.6,10.0,0.0,Partly Cloudy
2025-06-28 12:00:00,2025-06-28,12,37.6,73,13.3,10.0,0.0,Sunny
2025-06-28 13:00:00,2025-06-28,13,41.5,67,14.9,10.0,0.0,Sunny
2025-06-28 14:00:00,2025-06-28,14,39.5,60,4.8,10.0,0.0,Sunny
2025-06-28 15:00:00,2025-06-28,15,42.2,57,7.5,10.0,0.0,Sunny
2025-06-28 16:00:00,2025-06-28,16,41.1,59,3.5,10.0,0.0,Sunny
2025-06-28 17:00:00,2025-06-28,17,40.6,42,4.5,10.0,0.0,Partly Cloudy
2025-06-28 18:00:00,2025-06-28,18,41.6,48,12.7,10.0,0.0,Partly Cloudy
2025-06-28 19:00:00,2025-06-28,19,36.4,40,13.2,10.0,0.0,Clear
2025-06-28 20:00:00,2025-06-28,20,37.5,37,3.6,10.0,0.0,Clear
2025-06-28 21:00:00,2025-06-28,21,34.9,40,4.2,10.0,0.0,Clear
2025-06-28 22:00:00,2025-06-28,22,33.4,30,21.8,10.0,0.0,Clear
2025-06-28 23:00:00,2025-06-28,23,32.8,35,3.7,10.0,0.0,Clear
2025-06-29 00:00:00,2025-06-29,0,31.4,44,3.4,10.0,0.0,Clear
2025-06-29 01:00:00,2025-06-29,1,30.1,48,4.1,10.0,0.0,Clear
2025-06-29 02:00:00,2025-06-29,2,27.7,53,23.7,10.0,0.0,Clear
2025-06-29 03:00:00,2025-06-29,3,29.2,58,5.9,10.0,0.0,Clear
2025-06-29 04:00:00,2025-06-29,4,29.6,68,10.2,10.0,0.0,Clear
2025-06-29 05:00:00,2025-06-29,5,30.0,61,20.1,10.0,0.0,Clear
2025-06-29 06:00:00,2025-06-29,6,31.2,69,7.8,10.0,0.0,Clear
2025-06-29 07:00:00,2025-06-29,7,31.9,74,16.7,10.0,0.0,Sunny
2025-06-29 08:00:00,2025-06-29,8,31.9,74,9.6,10.0,0.0,Sunny
2025-06-29 09:00:00,2025-06-29,9,34.5,73,4.7,10.0,0.0,Sunny
2025-06-29 10:00:00,2025-06-29,10,36.1,69,6.4,10.0,0.0,Sunny
2025-06-29 11:00:00,2025-06-29,11,38.3,70,2.0,10.0,0.0,Sunny
2025-06-29 12:00:00,2025-06-29,12,39.1,73,3.9,10.0,0.0,Sunny
2025-06-29 13:00:00,2025-06-29,13,42.8,73,19.1,10.0,0.0,Sunny
2025-06-29 14:00:00,2025-06-29,14,41.8,53,33.5,10.0,0.0,Partly Cloudy
2025-06-29 15:00:00,2025-06-29,15,41.4,55,11.6,10.0,0.0,Sunny
2025-06-29 16:00:00,2025-06-29,16,41.6,43,4.7,10.0,0.0,Partly Cloudy
2025-06-29 17:00:00,2025-06-29,17,41.1,43,14.3,10.0,0.0,Partly Cloudy
2025-06-29 18:00:00,2025-06-29,18,42.2,43,8.1,10.0,0.0,Sunny
2025-06-29 19:00:00,2025-06-29,19,38.8,35,29.6,10.0,0.0,Clear
2025-06-29 20:00:00,2025-06-29,20,36.2,36,12.3,10.0,0.0,Clear
2025-06-29 21:00:00,2025-06-29,21,33.8,35,4.8,10.0,0.0,Clear
2025-06-29 22:00:00,2025-06-29,22,33.6,38,19.2,10.0,0.0,Clear
2025-06-29 23:00:00,2025-06-29,23,34.2,38,9.2,10.0,0.0,Clear
2025-06-30 00:00:00,2025-06-30,0,30.2,47,17.0,10.0,0.0,Clear
2025-06-30 01:00:00,2025-06-30,1,28.3,46,3.2,10.0,0.0,Clear
2025-06-30 02:00:00,2025-06-30,2,29.9,47,21.9,10.0,0.0,Clear
2025-06-30 03:00:00,2025-06-30,3,28.6,49,3.1,10.0,0.0,Clear
2025-06-30 04:00:00,2025-06-30,4,26.8,56,20.0,10.0,0.0,Clear
2025-06-30 05:00:00,2025-06-30,5,29.6,63,4.2,10.0,0.0,Clear
2025-06-30 06:00:00,2025-06-30,6,31.8,70,21.2,10.0,0.0,Clear
2025-06-30 07:00:00,2025-06-30,7,29.2,73,9.5,10.0,0.0,Sunny
2025-06-30 08:00:00,2025-06-30,8,34.2,76,18.2,10.0,0.0,Partly Cloudy
2025-06-30 09:00:00,2025-06-30,9,33.5,75,4.8,10.0,0.0,Sunny
2025-06-30 10:00:00,2025-06-30,10,36.4,76,5.1,10.0,0.0,Partly Cloudy
2025-06-30 11:00:00,2025-06-30,11,37.7,69,12.1,10.0,0.0,Sunny
2025-06-30 12:00:00,2025-06-30,12,40.9,67,5.1,10.0,0.0,Sunny
2025-06-30 13:00:00,2025-06-30,13,41.8,62,5.7,10.0,0.0,Sunny
2025-06-30 14:00:00,2025-06-30,14,39.7,56,6.5,10.0,0.0,Sunny
2025-06-30 15:00:00,2025-06-30,15,39.1,60,10.6,10.0,0.0,Sunny
2025-06-30 16:00:00,2025-06-30,16,39.5,50,3.8,10.0,0.0,Hazy
2025-06-30 17:00:00,2025-06-30,17,41.1,41,11.5,10.0,0.0,Sunny
2025-06-30 18:00:00,2025-06-30,18,36.9,39,8.7,10.0,0.0,Sunny
2025-06-30 19:00:00,2025-06-30,19,37.5,48,4.2,10.0,0.0,Clear
2025-06-30 20:00:00,2025-06-30,20,37.8,39,16.6,10.0,0.0,Clear
2025-06-30 21:00:00,2025-06-30,21,35.7,39,32.1,10.0,0.0,Clear
2025-06-30 22:00:00,2025-06-30,22,31.3,35,5.4,10.0,0.0,Clear
2025-06-30 23:00:00,2025-06-30,23,32.0,30,12.9,10.0,0.0,Clear
2025-07-01 00:00:00,2025-07-01,0,31.3,40,9.6,10.0,0.0,Clear
2025-07-01 01:00:00,2025-07-01,1,30.6,46,24.3,10.0,0.0,Clear
2025-07-01 02:00:00,2025-07-01,2,30.0,51,4.9,10.0,0.0,Clear
2025-07-01 03:00:00,2025-07-01,3,30.0,58,18.1,10.0,0.0,Clear
2025-07-01 04:00:00,2025-07-01,4,30.6,66,11.1,10.0,0.0,Clear
2025-07-01 05:00:00,2025-07-01,5,30.5,67,12.1,10.0,0.0,Clear
2025-07-01 06:00:00,2025-07-01,6,31.6,72,10.8,10.0,0.0,Clear
2025-07-01 07:00:00,2025-07-01,7,34.8,77,16.3,10.0,0.0,Hazy
2025-07-01 08:00:00,2025-07-01,8,35.3,81,2.8,10.0,0.0,Sunny
2025-07-01 09:00:00,2025-07-01,9,35.7,72,10.3,10.0,0.0,Sunny
2025-07-01 10:00:00,2025-07-01,10,38.8,77,2.6,10.0,0.0,Sunny
2025-07-01 11:00:00,2025-07-01,11,38.5,75,4.2,10.0,0.0,Sunny
2025-07-01 12:00:00,2025-07-01,12,41.7,72,16.1,10.0,0.0,Sunny
2025-07-01 13:00:00,2025-07-01,13,43.3,65,10.8,10.0,0.0,Partly Cloudy
2025-07-01 14:00:00,2025-07-01,14,44.2,59,10.3,10.0,0.0,Sunny
2025-07-01 15:00:00,2025-07-01,15,44.0,57,3.8,10.0,0.0,Sunny
2025-07-01 16:00:00,2025-07-01,16,42.0,54,9.7,10.0,0.0,Sunny
2025-07-01 17:00:00,2025-07-01,17,42.0,53,9.2,10.0,0.0,Sunny
2025-07-01 18:00:00,2025-07-01,18,43.0,45,19.6,10.0,0.0,Partly Cloudy
2025-07-01 19:00:00,2025-07-01,19,39.9,38,12.3,10.0,0.0,Clear
2025-07-01 20:00:00,2025-07-01,20,38.6,36,3.9,10.0,0.0,Clear
2025-07-01 21:00:00,2025-07-01,21,37.8,35,10.5,10.0,0.0,Clear
2025-07-01 22:00:00,2025-07-01,22,37.1,40,6.1,10.0,0.0,Clear
2025-07-01 23:00:00,2025-07-01,23,33.7,37,8.6,10.0,0.0,Clear
2025-07-02 00:00:00,2025-07-02,0,31.9,42,5.7,10.0,0.0,Clear
2025-07-02 01:00:00,2025-07-02,1,33.6,55,9.0,10.0,0.0,Clear
2025-07-02 02:00:00,2025-07-02,2,33.1,53,5.1,10.0,0.0,Clear
2025-07-02 03:00:00,2025-07-02,3,30.5,58,5.7,10.0,0.0,Clear
2025-07-02 04:00:00,2025-07-02,4,30.7,57,5.3,10.0,0.0,Clear
2025-07-02 05:00:00,2025-07-02,5,32.5,67,11.8,10.0,0.0,Clear
2025-07-02 06:00:00,2025-07-02,6,32.9,64,17.4,10.0,0.0,Clear
2025-07-02 07:00:00,2025-07-02,7,33.8,74,15.3,10.0,0.0,Sunny
2025-07-02 08:00:00,2025-07-02,8,36.2,70,10.2,10.0,0.0,Sunny
2025-07-02 09:00:00,2025-07-02,9,36.2,81,2.0,10.0,0.0,Sunny
2025-07-02 10:00:00,2025-07-02,10,40.0,83,2.0,10.0,0.0,Partly Cloudy
2025-07-02 11:00:00,2025-07-02,11,41.0,71,2.0,10.0,0.0,Sunny
2025-07-02 12:00:00,2025-07-02,12,42.1,64,21.3,10.0,0.0,Sunny
2025-07-02 13:00:00,2025-07-02,13,42.5,65,37.1,10.0,0.0,Sunny
2025-07-02 14:00:00,2025-07-02,14,42.5,56,12.9,10.0,0.0,Sunny
2025-07-02 15:00:00,2025-07-02,15,41.4,56,22.9,10.0,0.0,Partly Cloudy
2025-07-02 16:00:00,2025-07-02,16,41.2,50,7.2,10.0,0.0,Partly Cloudy
2025-07-02 17:00:00,2025-07-02,17,40.6,53,12.2,10.0,0.0,Partly Cloudy
2025-07-02 18:00:00,2025-07-02,18,43.1,37,3.7,10.0,0.0,Sunny
2025-07-02 19:00:00,2025-07-02,19,39.5,37,18.8,10.0,0.0,Clear
2025-07-02 20:00:00,2025-07-02,20,37.2,44,16.2,10.0,0.0,Clear
2025-07-02 21:00:00,2025-07-02,21,36.9,37,27.8,10.0,0.0,Clear
2025-07-02 22:00:00,2025-07-02,22,34.2,47,2.0,10.0,0.0,Clear
2025-07-02 23:00:00,2025-07-02,23,33.3,42,14.1,10.0,0.0,Clear
2025-07-03 00:00:00,2025-07-03,0,33.1,46,10.1,10.0,0.0,Clear
2025-07-03 01:00:00,2025-07-03,1,31.0,50,3.3,10.0,0.0,Clear
2025-07-03 02:00:00,2025-07-03,2,30.3,55,7.0,10.0,0.0,Clear
2025-07-03 03:00:00,2025-07-03,3,30.5,57,4.7,10.0,0.0,Clear
2025-07-03 04:00:00,2025-07-03,4,29.0,62,6.4,10.0,0.0,Clear
2025-07-03 05:00:00,2025-07-03,5,31.7,72,6.5,10.0,0.0,Clear
2025-07-03 06:00:00,2025-07-03,6,34.1,68,3.4,10.0,0.0,Clear
2025-07-03 07:00:00,2025-07-03,7,33.3,74,7.4,10.0,0.0,Sunny
2025-07-03 08:00:00,2025-07-03,8,35.4,74,2.0,10.0,0.0,Sunny
2025-07-03 09:00:00,2025-07-03,9,36.0,79,19.2,10.0,0.0,Partly Cloudy
2025-07-03 10:00:00,2025-07-03,10,37.8,80,18.1,10.0,0.0,Sunny
2025-07-03 11:00:00,2025-07-03,11,41.4,71,28.7,10.0,0.0,Sunny
2025-07-03 12:00:00,2025-07-03,12,41.8,67,5.7,10.0,0.0,Sunny
2025-07-03 13:00:00,2025-07-03,13,43.4,64,2.0,10.0,0.0,Sunny
2025-07-03 14:00:00,2025-07-03,14,43.6,66,31.6,10.0,0.0,Partly Cloudy
2025-07-03 15:00:00,2025-07-03,15,43.3,59,8.1,10.0,0.0,Partly Cloudy
2025-07-03 16:00:00,2025-07-03,16,44.7,53,7.3,10.0,0.0,Sunny
2025-07-03 17:00:00,2025-07-03,17,40.5,48,4.9,10.0,0.0,Sunny
2025-07-03 18:00:00,2025-07-03,18,40.6,42,53.6,10.0,0.0,Sunny
2025-07-03 19:00:00,2025-07-03,19,39.8,46,6.9,10.0,0.0,Clear
2025-07-03 20:00:00,2025-07-03,20,38.7,41,26.1,10.0,0.0,Clear
2025-07-03 21:00:00,2025-07-03,21,36.6,47,3.5,10.0,0.0,Clear
2025-07-03 22:00:00,2025-07-03,22,35.6,40,4.6,10.0,0.0,Clear
2025-07-03 23:00:00,2025-07-03,23,35.4,43,19.7,10.0,0.0,Clear
2025-07-04 00:00:00,2025-07-04,0,31.0,43,11.5,10.0,0.0,Clear
2025-07-04 01:00:00,2025-07-04,1,33.2,46,14.4,10.0,0.0,Clear
2025-07-04 02:00:00,2025-07-04,2,30.5,53,9.5,10.0,0.0,Clear
2025-07-04 03:00:00,2025-07-04,3,30.7,63,12.5,10.0,0.0,Clear
2025-07-04 04:00:00,2025-07-04,4,30.8,61,13.8,10.0,0.0,Clear
2025-07-04 05:00:00,2025-07-04,5,31.7,65,12.5,10.0,0.0,Clear
2025-07-04 06:00:00,2025-07-04,6,33.8,65,4.5,10.0,0.0,Clear
2025-07-04 07:00:00,2025-07-04,7,32.4,83,11.0,10.0,0.0,Sunny
2025-07-04 08:00:00,2025-07-04,8,34.5,73,14.6,10.0,0.0,Sunny
2025-07-04 09:00:00,2025-07-04,9,37.8,70,7.8,10.0,0.0,Partly Cloudy
2025-07-04 10:00:00,2025-07-04,10,37.7,76,9.4,10.0,0.0,Sunny
2025-07-04 11:00:00,2025-07-04,11,38.0,75,12.5,10.0,0.0,Partly Cloudy
2025-07-04 12:00:00,2025-07-04,12,42.4,74,18.4,10.0,0.0,Sunny
2025-07-04 13:00:00,2025-07-04,13,41.7,68,6.7,10.0,0.0,Hazy
2025-07-04 14:00:00,2025-07-04,14,44.3,56,13.4,10.0,0.0,Sunny
2025-07-04 15:00:00,2025-07-04,15,43.0,55,13.3,10.0,0.0,Sunny
2025-07-04 16:00:00,2025-07-04,16,44.6,58,14.9,10.0,0.0,Sunny
2025-07-04 17:00:00,2025-07-04,17,42.9,53,22.7,10.0,0.0,Sunny
2025-07-04 18:00:00,2025-07-04,18,40.8,47,16.3,10.0,0.0,Sunny
2025-07-04 19:00:00,2025-07-04,19,38.8,48,5.8,10.0,0.0,Clear
2025-07-04 20:00:00,2025-07-04,20,38.4,40,7.2,10.0,0.0,Clear
2025-07-04 21:00:00,2025-07-04,21,37.1,45,8.3,10.0,0.0,Clear
2025-07-04 22:00:00,2025-07-04,22,34.5,39,16.4,10.0,0.0,Clear
2025-07-04 23:00:00,2025-07-04,23,32.2,49,9.4,10.0,0.0,Clear
2025-07-05 00:00:00,2025-07-05,0,32.1,43,8.9,10.0,0.0,Clear
2025-07-05 01:00:00,2025-07-05,1,33.2,44,11.4,10.0,0.0,Clear
2025-07-05 02:00:00,2025-07-05,2,31.0,49,30.2,10.0,0.0,Clear
2025-07-05 03:00:00,2025-07-05,3,29.7,64,4.4,10.0,0.0,Clear
2025-07-05 04:00:00,2025-07-05,4,30.9,69,6.3,10.0,0.0,Clear
2025-07-05 05:00:00,2025-07-05,5,32.1,63,13.7,10.0,0.0,Clear
2025-07-05 06:00:00,2025-07-05,6,31.3,68,2.0,10.0,0.0,Clear
2025-07-05 07:00:00,2025-07-05,7,33.4,64,7.9,10.0,0.0,Sunny
2025-07-05 08:00:00,2025-07-05,8,35.1,70,17.3,10.0,0.0,Sunny
2025-07-05 09:00:00,2025-07-05,9,36.5,75,11.6,10.0,0.0,Sunny
2025-07-05 10:00:00,2025-07-05,10,37.2,74,11.9,10.0,0.0,Sunny
2025-07-05 11:00:00,2025-07-05,11,41.0,65,12.3,10.0,0.0,Sunny
2025-07-05 12:00:00,2025-07-05,12,39.1,65,5.6,10.0,0.0,Sunny
2025-07-05 13:00:00,2025-07-05,13,41.8,74,11.4,10.0,0.0,Sunny
2025-07-05 14:00:00,2025-07-05,14,42.4,67,30.2,10.0,0.0,Partly Cloudy
2025-07-05 15:00:00,2025-07-05,15,42.8,59,12.7,10.0,0.0,Sunny
2025-07-05 16:00:00,2025-07-05,16,45.0,54,16.8,10.0,0.0,Partly Cloudy
2025-07-05 17:00:00,2025-07-05,17,42.3,49,20.9,10.0,0.0,Sunny
2025-07-05 18:00:00,2025-07-05,18,42.9,45,11.2,10.0,0.0,Sunny
2025-07-05 19:00:00,2025-07-05,19,40.4,42,11.2,10.0,0.0,Clear
2025-07-05 20:00:00,2025-07-05,20,39.2,34,12.4,10.0,0.0,Clear
2025-07-05 21:00:00,2025-07-05,21,36.6,39,12.1,10.0,0.0,Clear
2025-07-05 22:00:00,2025-07-05,22,36.2,33,5.7,10.0,0.0,Clear
2025-07-05 23:00:00,2025-07-05,23,33.0,42,8.7,10.0,0.0,Clear
2025-07-06 00:00:00,2025-07-06,0,31.9,47,2.0,10.0,0.0,Clear
2025-07-06 01:00:00,2025-07-06,1,30.7,47,17.1,10.0,0.0,Clear
2025-07-06 02:00:00,2025-07-06,2,29.5,54,3.5,10.0,0.0,Clear
2025-07-06 03:00:00,2025-07-06,3,30.5,58,7.4,10.0,0.0,Clear
2025-07-06 04:00:00,2025-07-06,4,31.8,64,10.6,10.0,0.0,Clear
2025-07-06 05:00:00,2025-07-06,5,31.0,68,4.3,10.0,0.0,Clear
2025-07-06 06:00:00,2025-07-06,6,31.4,67,10.7,10.0,0.0,Clear
2025-07-06 07:00:00,2025-07-06,7,36.1,68,15.8,10.0,0.0,Partly Cloudy
2025-07-06 08:00:00,2025-07-06,8,34.8,70,12.4,10.0,0.0,Partly Cloudy
2025-07-06 09:00:00,2025-07-06,9,37.9,72,31.8,10.0,0.0,Hazy
2025-07-06 10:00:00,2025-07-06,10,38.7,79,11.4,10.0,0.0,Sunny
2025-07-06 11:00:00,2025-07-06,11,41.5,76,8.7,10.0,0.0,Sunny
2025-07-06 12:00:00,2025-07-06,12,41.5,69,6.6,10.0,0.0,Sunny
2025-07-06 13:00:00,2025-07-06,13,42.6,66,7.3,10.0,0.0,Sunny
2025-07-06 14:00:00,2025-07-06,14,43.2,57,25.0,10.0,0.0,Partly Cloudy
2025-07-06 15:00:00,2025-07-06,15,43.2,53,23.9,10.0,0.0,Sunny
2025-07-06 16:00:00,2025-07-06,16,43.4,55,17.3,10.0,0.0,Sunny
2025-07-06 17:00:00,2025-07-06,17,41.7,47,2.4,10.0,0.0,Sunny
2025-07-06 18:00:00,2025-07-06,18,42.2,44,6.1,10.0,0.0,Sunny
2025-07-06 19:00:00,2025-07-06,19,43.5,45,8.9,10.0,0.0,Clear
2025-07-06 20:00:00,2025-07-06,20,37.6,42,7.0,10.0,0.0,Clear
2025-07-06 21:00:00,2025-07-06,21,37.4,39,12.7,10.0,0.0,Clear
2025-07-06 22:00:00,2025-07-06,22,35.3,45,14.1,10.0,0.0,Clear
2025-07-06 23:00:00,2025-07-06,23,32.4,40,13.8,10.0,0.0,Clear
2025-07-07 00:00:00,2025-07-07,0,33.3,41,2.0,10.0,0.0,Clear
2025-07-07 01:00:00,2025-07-07,1,30.8,44,2.0,10.0,0.0,Clear
2025-07-07 02:00:00,2025-07-07,2,29.9,58,10.8,10.0,0.0,Clear
2025-07-07 03:00:00,2025-07-07,3,32.1,55,12.5,10.0,0.0,Clear
2025-07-07 04:00:00,2025-07-07,4,30.3,63,4.2,10.0,0.0,Clear
2025-07-07 05:00:00,2025-07-07,5,32.8,74,15.4,10.0,0.0,Clear
2025-07-07 06:00:00,2025-07-07,6,33.1,68,6.6,10.0,0.0,Clear
2025-07-07 07:00:00,2025-07-07,7,33.9,74,9.3,10.0,0.0,Partly Cloudy
2025-07-07 08:00:00,2025-07-07,8,36.1,76,3.0,10.0,0.0,Hazy
2025-07-07 09:00:00,2025-07-07,9,37.9,76,4.6,10.0,0.0,Sunny
2025-07-07 10:00:00,2025-07-07,10,38.5,79,4.4,10.0,0.0,Sunny
2025-07-07 11:00:00,2025-07-07,11,39.8,75,14.5,10.0,0.0,Sunny
2025-07-07 12:00:00,2025-07-07,12,42.6,71,22.1,10.0,0.0,Hazy
2025-07-07 13:00:00,2025-07-07,13,46.0,74,34.2,10.0,0.0,Sunny
2025-07-07 14:00:00,2025-07-07,14,41.3,57,6.0,10.0,0.0,Partly Cloudy
2025-07-07 15:00:00,2025-07-07,15,42.2,53,19.1,10.0,0.0,Sunny
2025-07-07 16:00:00,2025-07-07,16,42.1,53,2.0,10.0,0.0,Hazy
2025-07-07 17:00:00,2025-07-07,17,42.2,51,18.8,10.0,0.0,Sunny
2025-07-07 18:00:00,2025-07-07,18,40.4,45,7.2,10.0,0.0,Partly Cloudy
2025-07-07 19:00:00,2025-07-07,19,41.0,40,17.1,10.0,0.0,Clear
2025-07-07 20:00:00,2025-07-07,20,36.9,46,7.4,10.0,0.0,Clear
2025-07-07 21:00:00,2025-07-07,21,36.5,43,12.1,10.0,0.0,Clear
2025-07-07 22:00:00,2025-07-07,22,34.7,38,8.9,10.0,0.0,Clear
2025-07-07 23:00:00,2025-07-07,23,34.9,49,8.5,10.0,0.0,Clear
2025-07-08 00:00:00,2025-07-08,0,32.3,44,12.2,10.0,0.0,Clear
2025-07-08 01:00:00,2025-07-08,1,29.8,48,5.2,10.0,0.0,Clear
2025-07-08 02:00:00,2025-07-08,2,31.1,47,3.7,10.0,0.0,Clear
2025-07-08 03:00:00,2025-07-08,3,29.4,59,14.3,10.0,0.0,Clear
2025-07-08 04:00:00,2025-07-08,4,29.3,70,8.8,10.0,0.0,Clear
2025-07-08 05:00:00,2025-07-08,5,32.7,75,6.7,10.0,0.0,Clear
2025-07-08 06:00:00,2025-07-08,6,31.9,69,9.1,10.0,0.0,Clear
2025-07-08 07:00:00,2025-07-08,7,34.3,71,12.4,10.0,0.0,Sunny
2025-07-08 08:00:00,2025-07-08,8,34.7,75,8.7,10.0,0.0,Sunny
2025-07-08 09:00:00,2025-07-08,9,37.3,82,16.7,10.0,0.0,Sunny
2025-07-08 10:00:00,2025-07-08,10,40.4,76,15.3,10.0,0.0,Sunny
2025-07-08 11:00:00,2025-07-08,11,40.5,77,16.6,10.0,0.0,Partly Cloudy
2025-07-08 12:00:00,2025-07-08,12,41.2,74,9.5,10.0,0.0,Hazy
2025-07-08 13:00:00,2025-07-08,13,41.0,72,10.4,10.0,0.0,Partly Cloudy
2025-07-08 14:00:00,2025-07-08,14,44.3,66,5.5,10.0,0.0,Sunny
2025-07-08 15:00:00,2025-07-08,15,44.1,55,4.5,10.0,0.0,Sunny
2025-07-08 16:00:00,2025-07-08,16,43.7,54,11.8,10.0,0.0,Sunny
2025-07-08 17:00:00,2025-07-08,17,42.5,47,5.6,10.0,0.0,Sunny
2025-07-08 18:00:00,2025-07-08,18,42.9,49,5.7,10.0,0.0,Sunny
2025-07-08 19:00:00,2025-07-08,19,39.7,44,16.7,10.0,0.0,Clear
2025-07-08 20:00:00,2025-07-08,20,39.3,43,12.1,10.0,0.0,Clear
2025-07-08 21:00:00,2025-07-08,21,39.2,41,8.2,10.0,0.0,Clear
2025-07-08 22:00:00,2025-07-08,22,35.4,35,20.3,10.0,0.0,Clear
2025-07-08 23:00:00,2025-07-08,23,33.3,45,14.2,10.0,0.0,Clear
2025-07-09 00:00:00,2025-07-09,0,31.7,40,20.1,10.0,0.0,Clear
2025-07-09 01:00:00,2025-07-09,1,30.7,45,14.7,10.0,0.0,Clear
2025-07-09 02:00:00,2025-07-09,2,30.8,58,12.4,10.0,0.0,Clear
2025-07-09 03:00:00,2025-07-09,3,32.5,56,3.0,10.0,0.0,Clear
2025-07-09 04:00:00,2025-07-09,4,31.2,57,16.5,10.0,0.0,Clear
2025-07-09 05:00:00,2025-07-09,5,31.6,65,7.9,10.0,0.0,Clear
2025-07-09 06:00:00,2025-07-09,6,32.6,74,20.1,10.0,0.0,Clear
2025-07-09 07:00:00,2025-07-09,7,31.9,72,38.6,10.0,0.0,Sunny
2025-07-09 08:00:00,2025-07-09,8,35.2,80,14.8,10.0,0.0,Sunny
2025-07-09 09:00:00,2025-07-09,9,35.9,80,5.6,10.0,0.0,Hazy
2025-07-09 10:00:00,2025-07-09,10,40.5,79,2.4,10.0,0.0,Sunny
2025-07-09 11:00:00,2025-07-09,11,39.2,76,2.1,10.0,0.0,Hazy
2025-07-09 12:00:00,2025-07-09,12,40.0,66,6.9,10.0,0.0,Sunny
2025-07-09 13:00:00,2025-07-09,13,40.6,66,11.8,10.0,0.0,Sunny
2025-07-09 14:00:00,2025-07-09,14,42.3,64,2.3,10.0,0.0,Sunny
2025-07-09 15:00:00,2025-07-09,15,40.0,55,10.9,10.0,0.0,Sunny
2025-07-09 16:00:00,2025-07-09,16,43.5,55,12.1,10.0,0.0,Sunny
2025-07-09 17:00:00,2025-07-09,17,42.9,53,22.0,10.0,0.0,Sunny
2025-07-09 18:00:00,2025-07-09,18,40.3,41,3.0,10.0,0.0,Hazy
2025-07-09 19:00:00,2025-07-09,19,41.3,35,16.6,10.0,0.0,Clear
2025-07-09 20:00:00,2025-07-09,20,38.5,41,31.6,10.0,0.0,Clear
2025-07-09 21:00:00,2025-07-09,21,36.8,50,14.0,10.0,0.0,Clear
2025-07-09 22:00:00,2025-07-09,22,36.4,40,12.6,10.0,0.0,Clear
2025-07-09 23:00:00,2025-07-09,23,35.1,37,7.8,10.0,0.0,Clear
2025-07-10 00:00:00,2025-07-10,0,31.2,48,12.1,10.0,0.0,Clear
2025-07-10 01:00:00,2025-07-10,1,29.6,50,3.1,10.0,0.0,Clear
2025-07-10 02:00:00,2025-07-10,2,30.3,56,26.8,10.0,0.0,Clear
2025-07-10 03:00:00,2025-07-10,3,32.4,67,13.9,10.0,0.0,Clear
2025-07-10 04:00:00,2025-07-10,4,29.8,58,6.7,10.0,0.0,Clear
2025-07-10 05:00:00,2025-07-10,5,32.5,70,21.5,10.0,0.0,Clear
2025-07-10 06:00:00,2025-07-10,6,31.2,71,3.6,10.0,0.0,Clear
2025-07-10 07:00:00,2025-07-10,7,33.6,75,6.4,10.0,0.0,Sunny
2025-07-10 08:00:00,2025-07-10,8,34.6,73,6.1,10.0,0.0,Sunny
2025-07-10 09:00:00,2025-07-10,9,37.5,70,3.7,10.0,0.0,Sunny
2025-07-10 10:00:00,2025-07-10,10,38.9,82,5.2,10.0,0.0,Sunny
2025-07-10 11:00:00,2025-07-10,11,39.2,81,8.8,10.0,0.0,Sunny
2025-07-10 12:00:00,2025-07-10,12,41.0,79,4.3,10.0,0.0,Partly Cloudy
2025-07-10 13:00:00,2025-07-10,13,41.3,64,6.7,10.0,0.0,Partly Cloudy
2025-07-10 14:00:00,2025-07-10,14,43.6,62,15.4,10.0,0.0,Sunny
2025-07-10 15:00:00,2025-07-10,15,42.3,63,3.4,10.0,0.0,Sunny
2025-07-10 16:00:00,2025-07-10,16,43.4,53,16.5,10.0,0.0,Sunny
2025-07-10 17:00:00,2025-07-10,17,43.1,46,4.4,10.0,0.0,Sunny
2025-07-10 18:00:00,2025-07-10,18,42.4,47,6.0,10.0,0.0,Partly Cloudy
2025-07-10 19:00:00,2025-07-10,19,41.1,37,8.0,10.0,0.0,Clear
2025-07-10 20:00:00,2025-07-10,20,39.1,33,11.7,10.0,0.0,Clear
2025-07-10 21:00:00,2025-07-10,21,35.7,49,30.1,10.0,0.0,Clear
2025-07-10 22:00:00,2025-07-10,22,34.3,39,9.4,10.0,0.0,Clear
2025-07-10 23:00:00,2025-07-10,23,32.7,46,4.6,10.0,0.0,Clear
2025-07-11 00:00:00,2025-07-11,0,32.3,44,45.7,10.0,0.0,Clear
2025-07-11 01:00:00,2025-07-11,1,32.7,50,8.8,10.0,0.0,Clear
2025-07-11 02:00:00,2025-07-11,2,29.9,54,22.8,10.0,0.0,Clear
2025-07-11 03:00:00,2025-07-11,3,30.1,52,17.5,10.0,0.0,Clear
2025-07-11 04:00:00,2025-07-11,4,32.2,60,4.9,10.0,0.0,Clear
2025-07-11 05:00:00,2025-07-11,5,29.7,70,10.7,10.0,0.0,Clear
2025-07-11 06:00:00,2025-07-11,6,34.2,72,25.3,10.0,0.0,Clear
2025-07-11 07:00:00,2025-07-11,7,34.5,74,18.0,10.0,0.0,Sunny
2025-07-11 08:00:00,2025-07-11,8,34.5,67,5.5,10.0,0.0,Sunny
2025-07-11 09:00:00,2025-07-11,9,36.6,78,36.8,10.0,0.0,Sunny
2025-07-11 10:00:00,2025-07-11,10,40.7,74,10.4,10.0,0.0,Sunny
2025-07-11 11:00:00,2025-07-11,11,39.6,71,5.9,10.0,0.0,Partly Cloudy
2025-07-11 12:00:00,2025-07-11,12,42.5,67,42.9,10.0,0.0,Hazy
2025-07-11 13:00:00,2025-07-11,13,45.1,67,34.2,10.0,0.0,Sunny
2025-07-11 14:00:00,2025-07-11,14,43.2,62,14.2,10.0,0.0,Sunny
2025-07-11 15:00:00,2025-07-11,15,43.5,56,19.3,10.0,0.0,Partly Cloudy
2025-07-11 16:00:00,2025-07-11,16,45.9,59,20.7,10.0,0.0,Sunny
2025-07-11 17:00:00,2025-07-11,17,41.3,49,8.9,10.0,0.0,Sunny
2025-07-11 18:00:00,2025-07-11,18,41.6,39,17.3,10.0,0.0,Sunny
2025-07-11 19:00:00,2025-07-11,19,40.8,40,2.5,10.0,0.0,Clear
2025-07-11 20:00:00,2025-07-11,20,36.8,41,8.4,10.0,0.0,Clear
2025-07-11 21:00:00,2025-07-11,21,35.6,43,19.0,10.0,0.0,Clear
2025-07-11 22:00:00,2025-07-11,22,34.6,37,9.7,10.0,0.0,Clear
2025-07-11 23:00:00,2025-07-11,23,34.2,38,2.2,10.0,0.0,Clear
2025-07-12 00:00:00,2025-07-12,0,31.8,47,2.0,10.0,0.0,Clear
2025-07-12 01:00:00,2025-07-12,1,31.3,49,15.8,10.0,0.0,Clear
2025-07-12 02:00:00,2025-07-12,2,31.7,55,16.8,10.0,0.0,Clear
2025-07-12 03:00:00,2025-07-12,3,31.2,55,19.3,10.0,0.0,Clear
2025-07-12 04:00:00,2025-07-12,4,28.3,66,15.6,10.0,0.0,Clear
2025-07-12 05:00:00,2025-07-12,5,31.6,70,38.0,10.0,0.0,Clear
2025-07-12 06:00:00,2025-07-12,6,33.1,73,17.1,10.0,0.0,Clear
2025-07-12 07:00:00,2025-07-12,7,33.7,72,11.5,10.0,0.0,Sunny
2025-07-12 08:00:00,2025-07-12,8,35.9,73,6.3,10.0,0.0,Partly Cloudy
2025-07-12 09:00:00,2025-07-12,9,37.9,75,17.8,10.0,0.0,Partly Cloudy
2025-07-12 10:00:00,2025-07-12,10,39.1,68,3.8,10.0,0.0,Sunny
2025-07-12 11:00:00,2025-07-12,11,40.1,72,19.9,10.0,0.0,Sunny
2025-07-12 12:00:00,2025-07-12,12,41.9,74,9.1,10.0,0.0,Sunny
2025-07-12 13:00:00,2025-07-12,13,39.8,64,7.4,10.0,0.0,Partly Cloudy
2025-07-12 14:00:00,2025-07-12,14,45.0,70,2.0,10.0,0.0,Sunny
2025-07-12 15:00:00,2025-07-12,15,45.1,53,6.3,10.0,0.0,Partly Cloudy
2025-07-12 16:00:00,2025-07-12,16,44.8,49,26.4,10.0,0.0,Sunny
2025-07-12 17:00:00,2025-07-12,17,42.8,46,3.4,10.0,0.0,Hazy
2025-07-12 18:00:00,2025-07-12,18,42.3,47,4.4,10.0,0.0,Partly Cloudy
2025-07-12 19:00:00,2025-07-12,19,40.4,41,4.5,10.0,0.0,Clear
2025-07-12 20:00:00,2025-07-12,20,39.1,36,4.9,10.0,0.0,Clear
2025-07-12 21:00:00,2025-07-12,21,38.6,42,13.6,10.0,0.0,Clear
2025-07-12 22:00:00,2025-07-12,22,33.2,42,9.8,10.0,0.0,Clear
2025-07-12 23:00:00,2025-07-12,23,34.3,39,18.4,10.0,0.0,Clear
2025-07-13 00:00:00,2025-07-13,0,31.4,52,6.3,10.0,0.0,Clear
2025-07-13 01:00:00,2025-07-13,1,30.0,52,6.5,10.0,0.0,Clear
2025-07-13 02:00:00,2025-07-13,2,30.6,56,45.8,10.0,0.0,Clear
2025-07-13 03:00:00,2025-07-13,3,29.0,56,10.9,10.0,0.0,Clear
2025-07-13 04:00:00,2025-07-13,4,29.2,58,27.8,10.0,0.0,Clear
2025-07-13 05:00:00,2025-07-13,5,29.4,73,2.0,10.0,0.0,Clear
2025-07-13 06:00:00,2025-07-13,6,31.8,67,10.1,10.0,0.0,Clear
2025-07-13 07:00:00,2025-07-13,7,34.4,76,7.3,10.0,0.0,Sunny
2025-07-13 08:00:00,2025-07-13,8,36.3,79,3.9,10.0,0.0,Sunny
2025-07-13 09:00:00,2025-07-13,9,39.4,70,18.0,10.0,0.0,Sunny
2025-07-13 10:00:00,2025-07-13,10,38.2,74,5.6,10.0,0.0,Partly Cloudy
2025-07-13 11:00:00,2025-07-13,11,41.2,70,22.0,10.0,0.0,Sunny
2025-07-13 12:00:00,2025-07-13,12,41.8,72,7.3,10.0,0.0,Sunny
2025-07-13 13:00:00,2025-07-13,13,42.8,64,12.7,10.0,0.0,Sunny
2025-07-13 14:00:00,2025-07-13,14,43.7,59,8.1,10.0,0.0,Sunny
2025-07-13 15:00:00,2025-07-13,15,44.5,53,12.5,10.0,0.0,Partly Cloudy
2025-07-13 16:00:00,2025-07-13,16,43.9,53,15.6,10.0,0.0,Sunny
2025-07-13 17:00:00,2025-07-13,17,42.2,42,31.8,10.0,0.0,Sunny
2025-07-13 18:00:00,2025-07-13,18,42.3,51,16.7,10.0,0.0,Partly Cloudy
2025-07-13 19:00:00,2025-07-13,19,39.5,41,5.0,10.0,0.0,Clear
2025-07-13 20:00:00,2025-07-13,20,39.4,44,13.9,10.0,0.0,Clear
2025-07-13 21:00:00,2025-07-13,21,37.1,40,11.5,10.0,0.0,Clear
2025-07-13 22:00:00,2025-07-13,22,33.1,42,8.0,10.0,0.0,Clear
2025-07-13 23:00:00,2025-07-13,23,33.6,37,6.1,10.0,0.0,Clear
2025-07-14 00:00:00,2025-07-14,0,33.5,47,15.8,10.0,0.0,Clear
2025-07-14 01:00:00,2025-07-14,1,31.2,44,2.9,10.0,0.0,Clear
2025-07-14 02:00:00,2025-07-14,2,31.0,59,4.5,10.0,0.0,Clear
2025-07-14 03:00:00,2025-07-14,3,29.9,56,26.1,10.0,0.0,Clear
2025-07-14 04:00:00,2025-07-14,4,30.4,65,17.7,10.0,0.0,Clear
2025-07-14 05:00:00,2025-07-14,5,32.5,62,6.8,10.0,0.0,Clear
2025-07-14 06:00:00,2025-07-14,6,31.9,74,9.5,10.0,0.0,Clear
2025-07-14 07:00:00,2025-07-14,7,32.4,67,8.2,10.0,0.0,Partly Cloudy
2025-07-14 08:00:00,2025-07-14,8,32.7,69,15.4,10.0,0.0,Sunny
2025-07-14 09:00:00,2025-07-14,9,36.1,80,21.5,10.0,0.0,Sunny
2025-07-14 10:00:00,2025-07-14,10,37.4,79,2.1,10.0,0.0,Sunny
2025-07-14 11:00:00,2025-07-14,11,38.5,72,8.4,10.0,0.0,Sunny
2025-07-14 12:00:00,2025-07-14,12,40.3,69,13.5,10.0,0.0,Sunny
2025-07-14 13:00:00,2025-07-14,13,41.4,66,16.6,10.0,0.0,Sunny
2025-07-14 14:00:00,2025-07-14,14,42.0,64,13.9,10.0,0.0,Partly Cloudy
2025-07-14 15:00:00,2025-07-14,15,45.2,62,2.2,10.0,0.0,Partly Cloudy
2025-07-14 16:00:00,2025-07-14,16,41.3,52,5.3,10.0,0.0,Sunny
2025-07-14 17:00:00,2025-07-14,17,43.3,43,7.2,10.0,0.0,Sunny
2025-07-14 18:00:00,2025-07-14,18,42.2,45,18.7,10.0,0.0,Sunny
2025-07-14 19:00:00,2025-07-14,19,41.0,39,9.1,10.0,0.0,Clear
2025-07-14 20:00:00,2025-07-14,20,38.6,46,10.4,10.0,0.0,Clear
2025-07-14 21:00:00,2025-07-14,21,38.5,38,20.6,10.0,0.0,Clear
2025-07-14 22:00:00,2025-07-14,22,35.3,45,13.1,10.0,0.0,Clear
2025-07-14 23:00:00,2025-07-14,23,33.5,42,4.7,10.0,0.0,Clear
2025-07-15 00:00:00,2025-07-15,0,33.8,43,16.3,10.0,0.0,Clear
2025-07-15 01:00:00,2025-07-15,1,31.2,54,34.6,10.0,0.0,Clear
2025-07-15 02:00:00,2025-07-15,2,28.8,50,4.5,10.0,0.0,Clear
2025-07-15 03:00:00,2025-07-15,3,31.1,58,25.7,10.0,0.0,Clear
2025-07-15 04:00:00,2025-07-15,4,32.0,61,7.5,10.0,0.0,Clear
2025-07-15 05:00:00,2025-07-15,5,31.7,64,8.6,10.0,0.0,Clear
2025-07-15 06:00:00,2025-07-15,6,32.0,72,8.3,10.0,0.0,Clear
2025-07-15 07:00:00,2025-07-15,7,34.1,71,16.7,10.0,0.0,Sunny
2025-07-15 08:00:00,2025-07-15,8,36.1,72,11.1,10.0,0.0,Sunny
2025-07-15 09:00:00,2025-07-15,9,35.8,75,4.5,10.0,0.0,Partly Cloudy
2025-07-15 10:00:00,2025-07-15,10,36.2,73,40.9,10.0,0.0,Partly Cloudy
2025-07-15 11:00:00,2025-07-15,11,40.1,72,14.1,10.0,0.0,Sunny
2025-07-15 12:00:00,2025-07-15,12,42.8,70,10.8,10.0,0.0,Partly Cloudy
2025-07-15 13:00:00,2025-07-15,13,41.3,69,15.0,10.0,0.0,Sunny
2025-07-15 14:00:00,2025-07-15,14,41.7,61,3.3,10.0,0.0,Hazy
2025-07-15 15:00:00,2025-07-15,15,43.7,53,13.4,10.0,0.0,Sunny
2025-07-15 16:00:00,2025-07-15,16,43.0,55,10.4,10.0,0.0,Sunny
2025-07-15 17:00:00,2025-07-15,17,41.8,46,3.7,10.0,0.0,Partly Cloudy
2025-07-15 18:00:00,2025-07-15,18,43.0,46,4.6,10.0,0.0,Sunny
2025-07-15 19:00:00,2025-07-15,19,39.4,47,9.9,10.0,0.0,Clear
2025-07-15 20:00:00,2025-07-15,20,39.1,40,11.8,10.0,0.0,Clear
2025-07-15 21:00:00,2025-07-15,21,38.0,36,16.7,10.0,0.0,Clear
2025-07-15 22:00:00,2025-07-15,22,35.1,39,2.2,10.0,0.0,Clear
2025-07-15 23:00:00,2025-07-15,23,34.8,39,9.1,10.0,0.0,Clear
2025-07-16 00:00:00,2025-07-16,0,33.2,42,9.0,10.0,0.0,Clear
2025-07-16 01:00:00,2025-07-16,1,31.6,47,6.9,10.0,0.0,Clear
2025-07-16 02:00:00,2025-07-16,2,30.3,48,6.4,10.0,0.0,Clear
2025-07-16 03:00:00,2025-07-16,3,32.2,53,20.1,10.0,0.0,Clear
2025-07-16 04:00:00,2025-07-16,4,31.8,65,4.0,10.0,0.0,Clear
2025-07-16 05:00:00,2025-07-16,5,32.3,67,9.4,10.0,0.0,Clear
2025-07-16 06:00:00,2025-07-16,6,32.5,72,25.8,10.0,0.0,Clear
2025-07-16 07:00:00,2025-07-16,7,33.1,76,5.0,10.0,0.0,Partly Cloudy
2025-07-16 08:00:00,2025-07-16,8,33.0,68,11.8,10.0,0.0,Partly Cloudy
2025-07-16 09:00:00,2025-07-16,9,37.6,74,14.6,10.0,0.0,Partly Cloudy
2025-07-16 10:00:00,2025-07-16,10,38.3,81,16.0,10.0,0.0,Sunny
2025-07-16 11:00:00,2025-07-16,11,40.5,80,5.0,10.0,0.0,Sunny
2025-07-16 12:00:00,2025-07-16,12,44.6,68,3.7,10.0,0.0,Hazy
2025-07-16 13:00:00,2025-07-16,13,44.1,63,19.2,10.0,0.0,Sunny
2025-07-16 14:00:00,2025-07-16,14,43.8,54,8.9,10.0,0.0,Sunny
2025-07-16 15:00:00,2025-07-16,15,43.4,56,18.5,10.0,0.0,Partly Cloudy
2025-07-16 16:00:00,2025-07-16,16,44.2,55,37.6,10.0,0.0,Sunny
2025-07-16 17:00:00,2025-07-16,17,43.7,52,6.7,10.0,0.0,Sunny
2025-07-16 18:00:00,2025-07-16,18,41.1,40,24.9,10.0,0.0,Sunny
2025-07-16 19:00:00,2025-07-16,19,39.9,41,8.4,10.0,0.0,Clear
2025-07-16 20:00:00,2025-07-16,20,39.0,38,3.6,10.0,0.0,Clear
2025-07-16 21:00:00,2025-07-16,21,36.1,35,7.0,10.0,0.0,Clear
2025-07-16 22:00:00,2025-07-16,22,34.5,38,24.1,10.0,0.0,Clear
2025-07-16 23:00:00,2025-07-16,23,32.4,45,23.2,10.0,0.0,Clear
2025-07-17 00:00:00,2025-07-17,0,34.5,47,11.9,10.0,0.0,Clear
2025-07-17 01:00:00,2025-07-17,1,29.8,50,14.2,10.0,0.0,Clear
2025-07-17 02:00:00,2025-07-17,2,29.1,58,8.8,10.0,0.0,Clear
2025-07-17 03:00:00,2025-07-17,3,27.8,57,31.5,10.0,0.0,Clear
2025-07-17 04:00:00,2025-07-17,4,31.5,62,9.1,10.0,0.0,Clear
2025-07-17 05:00:00,2025-07-17,5,30.2,68,17.6,10.0,0.0,Clear
2025-07-17 06:00:00,2025-07-17,6,33.3,66,6.3,10.0,0.0,Clear
2025-07-17 07:00:00,2025-07-17,7,33.7,77,10.8,10.0,0.0,Sunny
2025-07-17 08:00:00,2025-07-17,8,36.8,77,2.0,10.0,0.0,Partly Cloudy
2025-07-17 09:00:00,2025-07-17,9,36.0,77,8.5,10.0,0.0,Sunny
2025-07-17 10:00:00,2025-07-17,10,38.8,72,13.5,10.0,0.0,Sunny
2025-07-17 11:00:00,2025-07-17,11,41.6,76,15.7,10.0,0.0,Sunny
2025-07-17 12:00:00,2025-07-17,12,43.1,77,17.6,10.0,0.0,Sunny
2025-07-17 13:00:00,2025-07-17,13,43.9,69,12.6,10.0,0.0,Hazy
2025-07-17 14:00:00,2025-07-17,14,43.9,60,13.7,10.0,0.0,Sunny
2025-07-17 15:00:00,2025-07-17,15,43.5,65,11.2,10.0,0.0,Sunny
2025-07-17 16:00:00,2025-07-17,16,44.0,55,20.7,10.0,0.0,Sunny
2025-07-17 17:00:00,2025-07-17,17,41.1,56,12.7,10.0,0.0,Hazy
2025-07-17 18:00:00,2025-07-17,18,41.1,41,19.0,10.0,0.0,Sunny
2025-07-17 19:00:00,2025-07-17,19,41.9,39,4.2,10.0,0.0,Clear
2025-07-17 20:00:00,2025-07-17,20,39.8,43,14.3,10.0,0.0,Clear
2025-07-17 21:00:00,2025-07-17,21,35.5,29,9.1,10.0,0.0,Clear
2025-07-17 22:00:00,2025-07-17,22,35.7,48,2.0,10.0,0.0,Clear
2025-07-17 23:00:00,2025-07-17,23,32.7,47,2.5,10.0,0.0,Clear
2025-07-18 00:00:00,2025-07-18,0,32.1,42,3.4,10.0,0.0,Clear
2025-07-18 01:00:00,2025-07-18,1,33.1,54,9.2,10.0,0.0,Clear
2025-07-18 02:00:00,2025-07-18,2,28.5,53,6.8,10.0,0.0,Clear
2025-07-18 03:00:00,2025-07-18,3,29.0,57,17.1,10.0,0.0,Clear
2025-07-18 04:00:00,2025-07-18,4,30.9,59,20.3,10.0,0.0,Clear
2025-07-18 05:00:00,2025-07-18,5,31.9,71,11.8,10.0,0.0,Clear
2025-07-18 06:00:00,2025-07-18,6,32.0,73,23.9,10.0,0.0,Clear
2025-07-18 07:00:00,2025-07-18,7,35.1,74,7.0,10.0,0.0,Sunny
2025-07-18 08:00:00,2025-07-18,8,35.0,71,13.3,10.0,0.0,Hazy
2025-07-18 09:00:00,2025-07-18,9,37.3,78,6.4,10.0,0.0,Sunny
2025-07-18 10:00:00,2025-07-18,10,38.8,79,14.2,10.0,0.0,Partly Cloudy
2025-07-18 11:00:00,2025-07-18,11,39.9,80,17.6,10.0,0.0,Hazy
2025-07-18 12:00:00,2025-07-18,12,42.5,70,19.7,10.0,0.0,Sunny
2025-07-18 13:00:00,2025-07-18,13,41.7,65,10.8,10.0,0.0,Partly Cloudy
2025-07-18 14:00:00,2025-07-18,14,44.8,58,5.8,10.0,0.0,Partly Cloudy
2025-07-18 15:00:00,2025-07-18,15,44.7,58,10.0,10.0,0.0,Sunny
2025-07-18 16:00:00,2025-07-18,16,44.5,57,12.8,10.0,0.0,Sunny
2025-07-18 17:00:00,2025-07-18,17,45.4,57,6.8,10.0,0.0,Sunny
2025-07-18 18:00:00,2025-07-18,18,42.1,47,19.1,10.0,0.0,Sunny
2025-07-18 19:00:00,2025-07-18,19,40.4,48,5.0,10.0,0.0,Clear
2025-07-18 20:00:00,2025-07-18,20,39.2,41,19.2,10.0,0.0,Clear
2025-07-18 21:00:00,2025-07-18,21,36.5,43,7.6,10.0,0.0,Clear
2025-07-18 22:00:00,2025-07-18,22,35.2,38,4.5,10.0,0.0,Clear
2025-07-18 23:00:00,2025-07-18,23,32.8,43,3.2,10.0,0.0,Clear
2025-07-19 00:00:00,2025-07-19,0,34.0,41,13.3,10.0,0.0,Clear
2025-07-19 01:00:00,2025-07-19,1,30.2,53,5.1,10.0,0.0,Clear
2025-07-19 02:00:00,2025-07-19,2,29.7,62,10.0,10.0,0.0,Clear
2025-07-19 03:00:00,2025-07-19,3,30.2,59,7.4,10.0,0.0,Clear
2025-07-19 04:00:00,2025-07-19,4,29.4,61,8.9,10.0,0.0,Clear
2025-07-19 05:00:00,2025-07-19,5,30.6,82,3.9,10.0,0.0,Clear
2025-07-19 06:00:00,2025-07-19,6,32.0,75,29.9,10.0,0.0,Clear
2025-07-19 07:00:00,2025-07-19,7,34.7,80,13.1,10.0,0.0,Sunny
2025-07-19 08:00:00,2025-07-19,8,33.6,77,6.6,10.0,0.0,Sunny
2025-07-19 09:00:00,2025-07-19,9,36.4,72,5.6,10.0,0.0,Partly Cloudy
2025-07-19 10:00:00,2025-07-19,10,39.0,75,16.6,10.0,0.0,Sunny
2025-07-19 11:00:00,2025-07-19,11,40.9,74,17.6,10.0,0.0,Partly Cloudy
2025-07-19 12:00:00,2025-07-19,12,44.7,71,3.8,10.0,0.0,Sunny
2025-07-19 13:00:00,2025-07-19,13,44.4,63,4.9,10.0,0.0,Partly Cloudy
2025-07-19 14:00:00,2025-07-19,14,45.3,63,33.6,10.0,0.0,Partly Cloudy
2025-07-19 15:00:00,2025-07-19,15,41.7,53,6.4,10.0,0.0,Partly Cloudy
2025-07-19 16:00:00,2025-07-19,16,43.7,48,9.1,10.0,0.0,Sunny
2025-07-19 17:00:00,2025-07-19,17,43.4,46,7.0,10.0,0.0,Sunny
2025-07-19 18:00:00,2025-07-19,18,40.1,44,10.7,10.0,0.0,Partly Cloudy
2025-07-19 19:00:00,2025-07-19,19,40.0,41,3.7,10.0,0.0,Clear
2025-07-19 20:00:00,2025-07-19,20,39.7,40,22.9,10.0,0.0,Clear
2025-07-19 21:00:00,2025-07-19,21,38.0,47,9.1,10.0,0.0,Clear
2025-07-19 22:00:00,2025-07-19,22,36.8,40,2.7,10.0,0.0,Clear
2025-07-19 23:00:00,2025-07-19,23,33.9,35,9.5,10.0,0.0,Clear
2025-07-20 00:00:00,2025-07-20,0,31.8,44,16.5,10.0,0.0,Clear
2025-07-20 01:00:00,2025-07-20,1,32.1,48,4.8,10.0,0.0,Clear
2025-07-20 02:00:00,2025-07-20,2,31.0,44,14.9,10.0,0.0,Clear
2025-07-20 03:00:00,2025-07-20,3,31.1,58,21.6,10.0,0.0,Clear
2025-07-20 04:00:00,2025-07-20,4,28.5,60,4.5,10.0,0.0,Clear
2025-07-20 05:00:00,2025-07-20,5,31.4,66,5.9,10.0,0.0,Clear
2025-07-20 06:00:00,2025-07-20,6,32.9,71,7.2,10.0,0.0,Clear
2025-07-20 07:00:00,2025-07-20,7,33.8,73,30.1,10.0,0.0,Sunny
2025-07-20 08:00:00,2025-07-20,8,35.2,75,15.1,10.0,0.0,Partly Cloudy
2025-07-20 09:00:00,2025-07-20,9,36.8,74,7.7,10.0,0.0,Sunny
2025-07-20 10:00:00,2025-07-20,10,37.6,77,15.5,10.0,0.0,Sunny
2025-07-20 11:00:00,2025-07-20,11,41.3,72,12.2,10.0,0.0,Sunny
2025-07-20 12:00:00,2025-07-20,12,41.2,73,4.1,10.0,0.0,Sunny
2025-07-20 13:00:00,2025-07-20,13,39.6,62,22.3,10.0,0.0,Sunny
2025-07-20 14:00:00,2025-07-20,14,42.5,61,18.8,10.0,0.0,Partly Cloudy
2025-07-20 15:00:00,2025-07-20,15,42.6,60,14.1,10.0,0.0,Sunny
2025-07-20 16:00:00,2025-07-20,16,42.9,48,5.8,10.0,0.0,Hazy
2025-07-20 17:00:00,2025-07-20,17,41.9,46,26.2,10.0,0.0,Sunny
2025-07-20 18:00:00,2025-07-20,18,41.5,47,16.7,10.0,0.0,Sunny
2025-07-20 19:00:00,2025-07-20,19,40.5,39,25.9,10.0,0.0,Clear
2025-07-20 20:00:00,2025-07-20,20,37.7,45,8.9,10.0,0.0,Clear
2025-07-20 21:00:00,2025-07-20,21,37.1,40,51.4,10.0,0.0,Clear
2025-07-20 22:00:00,2025-07-20,22,36.1,39,10.5,10.0,0.0,Clear
2025-07-20 23:00:00,2025-07-20,23,33.3,44,11.2,10.0,0.0,Clear
2025-07-21 00:00:00,2025-07-21,0,33.2,45,37.8,10.0,0.0,Clear
2025-07-21 01:00:00,2025-07-21,1,33.0,49,39.5,10.0,0.0,Clear
2025-07-21 02:00:00,2025-07-21,2,29.6,52,19.2,10.0,0.0,Clear
2025-07-21 03:00:00,2025-07-21,3,30.9,57,9.7,10.0,0.0,Clear
2025-07-21 04:00:00,2025-07-21,4,33.2,58,17.6,10.0,0.0,Clear
2025-07-21 05:00:00,2025-07-21,5,31.7,69,9.0,10.0,0.0,Clear
2025-07-21 06:00:00,2025-07-21,6,31.4,68,5.2,10.0,0.0,Clear
2025-07-21 07:00:00,2025-07-21,7,34.3,77,10.6,10.0,0.0,Hazy
2025-07-21 08:00:00,2025-07-21,8,35.1,71,22.3,10.0,0.0,Sunny
2025-07-21 09:00:00,2025-07-21,9,35.5,80,12.6,10.0,0.0,Hazy
2025-07-21 10:00:00,2025-07-21,10,38.5,72,2.8,10.0,0.0,Sunny
2025-07-21 11:00:00,2025-07-21,11,38.9,76,14.5,10.0,0.0,Sunny
2025-07-21 12:00:00,2025-07-21,12,39.6,69,2.0,10.0,0.0,Sunny
2025-07-21 13:00:00,2025-07-21,13,43.7,67,16.8,10.0,0.0,Sunny
2025-07-21 14:00:00,2025-07-21,14,40.5,60,6.1,10.0,0.0,Sunny
2025-07-21 15:00:00,2025-07-21,15,45.2,55,20.9,10.0,0.0,Sunny
2025-07-21 16:00:00,2025-07-21,16,44.0,52,14.0,10.0,0.0,Sunny
2025-07-21 17:00:00,2025-07-21,17,44.4,51,27.4,10.0,0.0,Sunny
2025-07-21 18:00:00,2025-07-21,18,43.6,47,6.5,10.0,0.0,Sunny
2025-07-21 19:00:00,2025-07-21,19,41.6,44,9.2,10.0,0.0,Clear
2025-07-21 20:00:00,2025-07-21,20,38.2,41,2.0,10.0,0.0,Clear
2025-07-21 21:00:00,2025-07-21,21,36.3,48,14.3,10.0,0.0,Clear
2025-07-21 22:00:00,2025-07-21,22,35.5,37,11.1,10.0,0.0,Clear
2025-07-21 23:00:00,2025-07-21,23,34.9,42,2.0,10.0,0.0,Clear
2025-07-22 00:00:00,2025-07-22,0,34.7,35,11.7,10.0,0.0,Clear
2025-07-22 01:00:00,2025-07-22,1,30.2,50,4.1,10.0,0.0,Clear
2025-07-22 02:00:00,2025-07-22,2,31.7,49,9.8,10.0,0.0,Clear
2025-07-22 03:00:00,2025-07-22,3,30.5,58,33.2,10.0,0.0,Clear
2025-07-22 04:00:00,2025-07-22,4,30.8,59,14.2,10.0,0.0,Clear
2025-07-22 05:00:00,2025-07-22,5,32.2,66,9.8,10.0,0.0,Clear
2025-07-22 06:00:00,2025-07-22,6,29.3,71,4.1,10.0,0.0,Clear
2025-07-22 07:00:00,2025-07-22,7,33.8,70,7.8,10.0,0.0,Sunny
2025-07-22 08:00:00,2025-07-22,8,33.8,76,11.0,10.0,0.0,Sunny
2025-07-22 09:00:00,2025-07-22,9,37.9,74,8.2,10.0,0.0,Partly Cloudy
2025-07-22 10:00:00,2025-07-22,10,39.1,72,6.8,10.0,0.0,Partly Cloudy
2025-07-22 11:00:00,2025-07-22,11,42.3,76,23.1,10.0,0.0,Hazy
2025-07-22 12:00:00,2025-07-22,12,43.4,71,10.0,10.0,0.0,Sunny
2025-07-22 13:00:00,2025-07-22,13,41.9,60,10.3,10.0,0.0,Partly Cloudy
2025-07-22 14:00:00,2025-07-22,14,43.6,61,21.9,10.0,0.0,Sunny
2025-07-22 15:00:00,2025-07-22,15,45.4,54,6.8,10.0,0.0,Sunny
2025-07-22 16:00:00,2025-07-22,16,43.9,58,13.3,10.0,0.0,Sunny
2025-07-22 17:00:00,2025-07-22,17,43.5,46,13.8,10.0,0.0,Sunny
2025-07-22 18:00:00,2025-07-22,18,43.6,42,13.7,10.0,0.0,Sunny
2025-07-22 19:00:00,2025-07-22,19,42.0,42,13.3,10.0,0.0,Clear
2025-07-22 20:00:00,2025-07-22,20,38.9,42,12.8,10.0,0.0,Clear
2025-07-22 21:00:00,2025-07-22,21,38.3,37,41.9,10.0,0.0,Clear
2025-07-22 22:00:00,2025-07-22,22,36.4,41,18.7,10.0,0.0,Clear
2025-07-22 23:00:00,2025-07-22,23,35.8,43,2.0,10.0,0.0,Clear
2025-07-23 00:00:00,2025-07-23,0,32.6,38,8.7,10.0,0.0,Clear
2025-07-23 01:00:00,2025-07-23,1,32.9,51,6.1,10.0,0.0,Clear
2025-07-23 02:00:00,2025-07-23,2,30.3,51,11.8,10.0,0.0,Clear
2025-07-23 03:00:00,2025-07-23,3,31.1,53,19.5,10.0,0.0,Clear
2025-07-23 04:00:00,2025-07-23,4,31.9,69,12.2,10.0,0.0,Clear
2025-07-23 05:00:00,2025-07-23,5,32.3,63,3.3,10.0,0.0,Clear
2025-07-23 06:00:00,2025-07-23,6,32.9,73,19.6,10.0,0.0,Clear
2025-07-23 07:00:00,2025-07-23,7,33.8,75,4.8,10.0,0.0,Hazy
2025-07-23 08:00:00,2025-07-23,8,36.3,69,16.9,10.0,0.0,Sunny
2025-07-23 09:00:00,2025-07-23,9,37.7,73,2.4,10.0,0.0,Sunny
2025-07-23 10:00:00,2025-07-23,10,38.9,71,32.8,10.0,0.0,Sunny
2025-07-23 11:00:00,2025-07-23,11,41.1,77,10.5,10.0,0.0,Sunny
2025-07-23 12:00:00,2025-07-23,12,39.9,74,6.9,10.0,0.0,Sunny
2025-07-23 13:00:00,2025-07-23,13,43.2,73,3.5,10.0,0.0,Sunny
2025-07-23 14:00:00,2025-07-23,14,41.3,58,14.3,10.0,0.0,Sunny
2025-07-23 15:00:00,2025-07-23,15,42.5,67,13.0,10.0,0.0,Sunny
2025-07-23 16:00:00,2025-07-23,16,43.8,57,2.0,10.0,0.0,Sunny
2025-07-23 17:00:00,2025-07-23,17,42.6,55,12.9,10.0,0.0,Sunny
2025-07-23 18:00:00,2025-07-23,18,39.6,46,9.5,10.0,0.0,Sunny
2025-07-23 19:00:00,2025-07-23,19,38.1,41,13.7,10.0,0.0,Clear
2025-07-23 20:00:00,2025-07-23,20,38.3,37,32.0,10.0,0.0,Clear
2025-07-23 21:00:00,2025-07-23,21,34.9,45,27.0,10.0,0.0,Clear
2025-07-23 22:00:00,2025-07-23,22,33.7,40,10.3,10.0,0.0,Clear
2025-07-23 23:00:00,2025-07-23,23,33.1,42,4.2,10.0,0.0,Clear
2025-07-24 00:00:00,2025-07-24,0,33.5,49,5.2,10.0,0.0,Clear
2025-07-24 01:00:00,2025-07-24,1,30.0,52,14.8,10.0,0.0,Clear
2025-07-24 02:00:00,2025-07-24,2,28.1,52,2.2,10.0,0.0,Clear
2025-07-24 03:00:00,2025-07-24,3,32.1,58,8.5,10.0,0.0,Clear
2025-07-24 04:00:00,2025-07-24,4,31.8,64,8.0,10.0,0.0,Clear
2025-07-24 05:00:00,2025-07-24,5,31.8,67,5.8,10.0,0.0,Clear
2025-07-24 06:00:00,2025-07-24,6,32.4,75,7.6,10.0,0.0,Clear
2025-07-24 07:00:00,2025-07-24,7,36.3,75,4.0,10.0,0.0,Partly Cloudy
2025-07-24 08:00:00,2025-07-24,8,35.7,74,17.9,10.0,0.0,Sunny
2025-07-24 09:00:00,2025-07-24,9,37.1,81,17.7,10.0,0.0,Sunny
2025-07-24 10:00:00,2025-07-24,10,38.5,73,33.4,10.0,0.0,Sunny
2025-07-24 11:00:00,2025-07-24,11,40.8,73,15.2,10.0,0.0,Hazy
2025-07-24 12:00:00,2025-07-24,12,40.7,70,2.7,10.0,0.0,Sunny
2025-07-24 13:00:00,2025-07-24,13,44.0,65,18.9,10.0,0.0,Partly Cloudy
2025-07-24 14:00:00,2025-07-24,14,44.8,61,15.9,10.0,0.0,Hazy
2025-07-24 15:00:00,2025-07-24,15,45.0,62,28.4,10.0,0.0,Sunny
2025-07-24 16:00:00,2025-07-24,16,43.2,53,8.9,10.0,0.0,Sunny
2025-07-24 17:00:00,2025-07-24,17,43.1,56,11.8,10.0,0.0,Partly Cloudy
2025-07-24 18:00:00,2025-07-24,18,40.0,43,16.6,10.0,0.0,Partly Cloudy
2025-07-24 19:00:00,2025-07-24,19,38.7,40,11.4,10.0,0.0,Clear
2025-07-24 20:00:00,2025-07-24,20,39.6,35,22.1,10.0,0.0,Clear
2025-07-24 21:00:00,2025-07-24,21,38.1,35,8.8,10.0,0.0,Clear
2025-07-24 22:00:00,2025-07-24,22,33.2,37,11.7,10.0,0.0,Clear
2025-07-24 23:00:00,2025-07-24,23,32.2,39,6.0,10.0,0.0,Clear
2025-07-25 00:00:00,2025-07-25,0,31.3,43,4.2,10.0,0.0,Clear
2025-07-25 01:00:00,2025-07-25,1,31.8,50,10.7,10.0,0.0,Clear
2025-07-25 02:00:00,2025-07-25,2,30.2,50,2.8,10.0,0.0,Clear
2025-07-25 03:00:00,2025-07-25,3,29.1,65,11.9,10.0,0.0,Clear
2025-07-25 04:00:00,2025-07-25,4,30.3,62,2.0,10.0,0.0,Clear
2025-07-25 05:00:00,2025-07-25,5,31.0,70,17.8,10.0,0.0,Clear
2025-07-25 06:00:00,2025-07-25,6,33.5,67,10.3,10.0,0.0,Clear
2025-07-25 07:00:00,2025-07-25,7,33.4,72,8.6,10.0,0.0,Sunny
2025-07-25 08:00:00,2025-07-25,8,37.1,77,7.4,10.0,0.0,Sunny
2025-07-25 09:00:00,2025-07-25,9,34.5,78,19.3,10.0,0.0,Sunny
2025-07-25 10:00:00,2025-07-25,10,39.2,79,15.0,10.0,0.0,Partly Cloudy
2025-07-25 11:00:00,2025-07-25,11,42.8,68,7.5,10.0,0.0,Hazy
2025-07-25 12:00:00,2025-07-25,12,41.4,81,33.8,10.0,0.0,Sunny
2025-07-25 13:00:00,2025-07-25,13,42.3,73,42.1,10.0,0.0,Sunny
2025-07-25 14:00:00,2025-07-25,14,42.5,63,23.2,10.0,0.0,Sunny
2025-07-25 15:00:00,2025-07-25,15,41.8,59,14.6,10.0,0.0,Partly Cloudy
2025-07-25 16:00:00,2025-07-25,16,44.5,54,8.9,10.0,0.0,Hazy
2025-07-25 17:00:00,2025-07-25,17,41.7,45,2.7,10.0,0.0,Sunny
2025-07-25 18:00:00,2025-07-25,18,42.7,40,7.2,10.0,0.0,Partly Cloudy
2025-07-25 19:00:00,2025-07-25,19,40.7,38,3.2,10.0,0.0,Clear
2025-07-25 20:00:00,2025-07-25,20,39.5,35,12.4,10.0,0.0,Clear
2025-07-25 21:00:00,2025-07-25,21,35.9,47,12.7,10.0,0.0,Clear
2025-07-25 22:00:00,2025-07-25,22,35.7,39,7.6,10.0,0.0,Clear
2025-07-25 23:00:00,2025-07-25,23,33.8,47,19.6,10.0,0.0,Clear
2025-07-26 00:00:00,2025-07-26,0,32.6,44,5.5,10.0,0.0,Clear
2025-07-26 01:00:00,2025-07-26,1,28.4,48,5.7,10.0,0.0,Clear
2025-07-26 02:00:00,2025-07-26,2,31.4,52,6.4,10.0,0.0,Clear
2025-07-26 03:00:00,2025-07-26,3,33.2,56,2.9,10.0,0.0,Clear
2025-07-26 04:00:00,2025-07-26,4,29.2,70,10.1,10.0,0.0,Clear
2025-07-26 05:00:00,2025-07-26,5,32.5,67,2.0,10.0,0.0,Clear
2025-07-26 06:00:00,2025-07-26,6,32.1,76,22.8,10.0,0.0,Clear
2025-07-26 07:00:00,2025-07-26,7,32.5,74,3.5,10.0,0.0,Sunny
2025-07-26 08:00:00,2025-07-26,8,34.5,81,6.6,10.0,0.0,Sunny
2025-07-26 09:00:00,2025-07-26,9,38.8,76,29.1,10.0,0.0,Sunny
2025-07-26 10:00:00,2025-07-26,10,39.0,74,2.0,10.0,0.0,Sunny
2025-07-26 11:00:00,2025-07-26,11,40.1,68,5.0,10.0,0.0,Sunny
2025-07-26 12:00:00,2025-07-26,12,39.7,74,16.0,10.0,0.0,Sunny
2025-07-26 13:00:00,2025-07-26,13,43.3,73,12.9,10.0,0.0,Sunny
2025-07-26 14:00:00,2025-07-26,14,44.6,67,6.8,10.0,0.0,Partly Cloudy
2025-07-26 15:00:00,2025-07-26,15,43.9,56,18.0,10.0,0.0,Partly Cloudy
2025-07-26 16:00:00,2025-07-26,16,41.9,56,9.6,10.0,0.0,Sunny
2025-07-26 17:00:00,2025-07-26,17,43.3,45,2.8,10.0,0.0,Sunny
2025-07-26 18:00:00,2025-07-26,18,43.8,41,28.1,10.0,0.0,Sunny
2025-07-26 19:00:00,2025-07-26,19,40.1,40,2.7,10.0,0.0,Clear
2025-07-26 20:00:00,2025-07-26,20,39.9,38,12.8,10.0,0.0,Clear
2025-07-26 21:00:00,2025-07-26,21,36.7,42,5.0,10.0,0.0,Clear
2025-07-26 22:00:00,2025-07-26,22,35.1,44,9.1,10.0,0.0,Clear
2025-07-26 23:00:00,2025-07-26,23,34.0,41,9.8,10.0,0.0,Clear
2025-07-27 00:00:00,2025-07-27,0,32.0,52,3.2,10.0,0.0,Clear
2025-07-27 01:00:00,2025-07-27,1,30.8,47,23.6,10.0,0.0,Clear
2025-07-27 02:00:00,2025-07-27,2,30.7,58,22.6,10.0,0.0,Clear
2025-07-27 03:00:00,2025-07-27,3,31.7,57,12.1,10.0,0.0,Clear
2025-07-27 04:00:00,2025-07-27,4,30.8,63,12.9,10.0,0.0,Clear
2025-07-27 05:00:00,2025-07-27,5,31.3,67,17.6,10.0,0.0,Clear
2025-07-27 06:00:00,2025-07-27,6,32.6,74,5.1,10.0,0.0,Clear
2025-07-27 07:00:00,2025-07-27,7,35.7,73,16.7,10.0,0.0,Sunny
2025-07-27 08:00:00,2025-07-27,8,34.1,69,12.6,10.0,0.0,Sunny
2025-07-27 09:00:00,2025-07-27,9,37.8,79,5.3,10.0,0.0,Partly Cloudy
2025-07-27 10:00:00,2025-07-27,10,39.7,75,46.1,10.0,0.0,Hazy
2025-07-27 11:00:00,2025-07-27,11,40.1,81,2.0,10.0,0.0,Sunny
2025-07-27 12:00:00,2025-07-27,12,43.1,66,7.6,10.0,0.0,Partly Cloudy
2025-07-27 13:00:00,2025-07-27,13,43.8,66,5.6,10.0,0.0,Sunny
2025-07-27 14:00:00,2025-07-27,14,44.3,56,6.6,10.0,0.0,Hazy
2025-07-27 15:00:00,2025-07-27,15,42.0,58,21.0,10.0,0.0,Partly Cloudy
2025-07-27 16:00:00,2025-07-27,16,42.6,54,17.9,10.0,0.0,Partly Cloudy
2025-07-27 17:00:00,2025-07-27,17,41.8,55,10.4,10.0,0.0,Sunny
2025-07-27 18:00:00,2025-07-27,18,42.5,47,10.9,10.0,0.0,Sunny
2025-07-27 19:00:00,2025-07-27,19,41.3,40,11.5,10.0,0.0,Clear
2025-07-27 20:00:00,2025-07-27,20,38.4,41,12.5,10.0,0.0,Clear
2025-07-27 21:00:00,2025-07-27,21,36.7,44,2.0,10.0,0.0,Clear
2025-07-27 22:00:00,2025-07-27,22,38.0,34,17.3,10.0,0.0,Clear
2025-07-27 23:00:00,2025-07-27,23,34.0,45,25.8,10.0,0.0,Clear
2025-07-28 00:00:00,2025-07-28,0,33.0,42,4.9,10.0,0.0,Clear
2025-07-28 01:00:00,2025-07-28,1,31.1,48,21.9,10.0,0.0,Clear
2025-07-28 02:00:00,2025-07-28,2,32.3,53,3.3,10.0,0.0,Clear
2025-07-28 03:00:00,2025-07-28,3,31.0,52,21.9,10.0,0.0,Clear
2025-07-28 04:00:00,2025-07-28,4,30.9,57,7.5,10.0,0.0,Clear
2025-07-28 05:00:00,2025-07-28,5,31.6,70,12.9,10.0,0.0,Clear
2025-07-28 06:00:00,2025-07-28,6,31.9,69,2.4,10.0,0.0,Clear
2025-07-28 07:00:00,2025-07-28,7,32.6,73,4.9,10.0,0.0,Hazy
2025-07-28 08:00:00,2025-07-28,8,35.3,76,18.9,10.0,0.0,Partly Cloudy
2025-07-28 09:00:00,2025-07-28,9,38.9,71,4.2,10.0,0.0,Hazy
2025-07-28 10:00:00,2025-07-28,10,38.3,72,4.9,10.0,0.0,Hazy
2025-07-28 11:00:00,2025-07-28,11,41.5,70,14.3,10.0,0.0,Sunny
2025-07-28 12:00:00,2025-07-28,12,41.1,61,22.5,10.0,0.0,Sunny
2025-07-28 13:00:00,2025-07-28,13,40.4,66,2.0,10.0,0.0,Sunny
2025-07-28 14:00:00,2025-07-28,14,42.7,62,2.0,10.0,0.0,Sunny
2025-07-28 15:00:00,2025-07-28,15,41.6,60,5.6,10.0,0.0,Partly Cloudy
2025-07-28 16:00:00,2025-07-28,16,44.2,55,26.3,10.0,0.0,Sunny
2025-07-28 17:00:00,2025-07-28,17,40.4,42,7.6,10.0,0.0,Sunny
2025-07-28 18:00:00,2025-07-28,18,41.7,38,2.3,10.0,0.0,Sunny
2025-07-28 19:00:00,2025-07-28,19,39.4,40,22.0,10.0,0.0,Clear
2025-07-28 20:00:00,2025-07-28,20,37.9,41,16.0,10.0,0.0,Clear
2025-07-28 21:00:00,2025-07-28,21,38.0,38,7.7,10.0,0.0,Clear
2025-07-28 22:00:00,2025-07-28,22,35.2,37,12.7,10.0,0.0,Clear
2025-07-28 23:00:00,2025-07-28,23,33.7,48,20.7,10.0,0.0,Clear
2025-07-29 00:00:00,2025-07-29,0,32.3,48,4.6,10.0,0.0,Clear
2025-07-29 01:00:00,2025-07-29,1,30.9,52,24.1,10.0,0.0,Clear
2025-07-29 02:00:00,2025-07-29,2,29.8,55,6.0,10.0,0.0,Clear
2025-07-29 03:00:00,2025-07-29,3,28.5,54,2.0,10.0,0.0,Clear
2025-07-29 04:00:00,2025-07-29,4,31.2,66,13.3,10.0,0.0,Clear
2025-07-29 05:00:00,2025-07-29,5,31.7,77,34.1,10.0,0.0,Clear
2025-07-29 06:00:00,2025-07-29,6,33.8,73,19.0,10.0,0.0,Clear
2025-07-29 07:00:00,2025-07-29,7,34.2,73,9.1,10.0,0.0,Sunny
2025-07-29 08:00:00,2025-07-29,8,34.8,69,9.6,10.0,0.0,Sunny
2025-07-29 09:00:00,2025-07-29,9,36.8,73,4.2,10.0,0.0,Hazy
2025-07-29 10:00:00,2025-07-29,10,39.4,78,7.6,10.0,0.0,Partly Cloudy
2025-07-29 11:00:00,2025-07-29,11,41.6,76,10.9,10.0,0.0,Sunny
2025-07-29 12:00:00,2025-07-29,12,41.1,67,12.3,10.0,0.0,Sunny
2025-07-29 13:00:00,2025-07-29,13,44.0,69,14.7,10.0,0.0,Sunny
2025-07-29 14:00:00,2025-07-29,14,43.2,59,11.5,10.0,0.0,Sunny
2025-07-29 15:00:00,2025-07-29,15,42.7,61,16.5,10.0,0.0,Sunny
2025-07-29 16:00:00,2025-07-29,16,42.5,56,15.4,10.0,0.0,Sunny
2025-07-29 17:00:00,2025-07-29,17,42.3,53,40.5,10.0,0.0,Sunny
2025-07-29 18:00:00,2025-07-29,18,41.6,43,6.4,10.0,0.0,Partly Cloudy
2025-07-29 19:00:00,2025-07-29,19,41.6,45,7.0,10.0,0.0,Clear
2025-07-29 20:00:00,2025-07-29,20,40.9,41,3.2,10.0,0.0,Clear
2025-07-29 21:00:00,2025-07-29,21,36.7,42,14.2,10.0,0.0,Clear
2025-07-29 22:00:00,2025-07-29,22,33.7,41,13.5,10.0,0.0,Clear
2025-07-29 23:00:00,2025-07-29,23,33.0,39,7.8,10.0,0.0,Clear
2025-07-30 00:00:00,2025-07-30,0,32.0,47,22.5,10.0,0.0,Clear
2025-07-30 01:00:00,2025-07-30,1,31.7,51,9.6,10.0,0.0,Clear
2025-07-30 02:00:00,2025-07-30,2,28.6,49,16.5,10.0,0.0,Clear
2025-07-30 03:00:00,2025-07-30,3,31.8,60,14.9,10.0,0.0,Clear
2025-07-30 04:00:00,2025-07-30,4,29.6,65,5.7,10.0,0.0,Clear
2025-07-30 05:00:00,2025-07-30,5,31.7,64,3.5,10.0,0.0,Clear
2025-07-30 06:00:00,2025-07-30,6,32.3,72,8.7,10.0,0.0,Clear
2025-07-30 07:00:00,2025-07-30,7,33.0,71,4.8,10.0,0.0,Sunny
2025-07-30 08:00:00,2025-07-30,8,36.9,78,4.7,10.0,0.0,Partly Cloudy
2025-07-30 09:00:00,2025-07-30,9,36.5,72,25.0,10.0,0.0,Hazy
2025-07-30 10:00:00,2025-07-30,10,37.5,81,5.1,10.0,0.0,Sunny
2025-07-30 11:00:00,2025-07-30,11,40.9,79,11.5,10.0,0.0,Sunny
2025-07-30 12:00:00,2025-07-30,12,42.7,74,14.5,10.0,0.0,Sunny
2025-07-30 13:00:00,2025-07-30,13,42.4,75,6.5,10.0,0.0,Sunny
2025-07-30 14:00:00,2025-07-30,14,43.5,68,14.0,10.0,0.0,Sunny
2025-07-30 15:00:00,2025-07-30,15,44.7,62,3.9,10.0,0.0,Partly Cloudy
2025-07-30 16:00:00,2025-07-30,16,43.0,60,15.0,10.0,0.0,Sunny
2025-07-30 17:00:00,2025-07-30,17,42.3,49,8.4,10.0,0.0,Sunny
2025-07-30 18:00:00,2025-07-30,18,42.5,43,10.2,10.0,0.0,Hazy
2025-07-30 19:00:00,2025-07-30,19,40.1,46,4.9,10.0,0.0,Clear
2025-07-30 20:00:00,2025-07-30,20,37.8,40,12.2,10.0,0.0,Clear
2025-07-30 21:00:00,2025-07-30,21,37.0,44,10.2,10.0,0.0,Clear
2025-07-30 22:00:00,2025-07-30,22,34.2,38,8.7,10.0,0.0,Clear
2025-07-30 23:00:00,2025-07-30,23,33.7,40,24.1,10.0,0.0,Clear
2025-07-31 00:00:00,2025-07-31,0,33.6,39,5.1,10.0,0.0,Clear
2025-07-31 01:00:00,2025-07-31,1,29.9,45,26.3,10.0,0.0,Clear
2025-07-31 02:00:00,2025-07-31,2,30.7,55,9.6,10.0,0.0,Clear
2025-07-31 03:00:00,2025-07-31,3,31.2,52,4.7,10.0,0.0,Clear
2025-07-31 04:00:00,2025-07-31,4,30.7,59,11.4,10.0,0.0,Clear
2025-07-31 05:00:00,2025-07-31,5,33.0,64,15.1,10.0,0.0,Clear
2025-07-31 06:00:00,2025-07-31,6,32.5,69,8.7,10.0,0.0,Clear
2025-07-31 07:00:00,2025-07-31,7,34.2,74,25.0,10.0,0.0,Sunny
2025-07-31 08:00:00,2025-07-31,8,37.0,83,17.8,10.0,0.0,Partly Cloudy
2025-07-31 09:00:00,2025-07-31,9,37.6,79,7.8,10.0,0.0,Sunny
2025-07-31 10:00:00,2025-07-31,10,38.7,73,9.2,10.0,0.0,Sunny
2025-07-31 11:00:00,2025-07-31,11,39.7,74,7.5,10.0,0.0,Sunny
2025-07-31 12:00:00,2025-07-31,12,41.4,69,8.0,10.0,0.0,Sunny
2025-07-31 13:00:00,2025-07-31,13,43.0,71,2.0,10.0,0.0,Sunny
2025-07-31 14:00:00,2025-07-31,14,42.4,65,27.5,10.0,0.0,Partly Cloudy
2025-07-31 15:00:00,2025-07-31,15,45.1,56,8.9,10.0,0.0,Sunny
2025-07-31 16:00:00,2025-07-31,16,46.0,55,4.7,10.0,0.0,Partly Cloudy
2025-07-31 17:00:00,2025-07-31,17,42.6,51,13.4,10.0,0.0,Hazy
2025-07-31 18:00:00,2025-07-31,18,39.5,45,21.4,10.0,0.0,Sunny
2025-07-31 19:00:00,2025-07-31,19,41.2,44,6.4,10.0,0.0,Clear
2025-07-31 20:00:00,2025-07-31,20,38.8,43,2.9,10.0,0.0,Clear
2025-07-31 21:00:00,2025-07-31,21,37.8,49,6.0,10.0,0.0,Clear
2025-07-31 22:00:00,2025-07-31,22,35.3,45,6.9,10.0,0.0,Clear
2025-07-31 23:00:00,2025-07-31,23,34.9,39,21.7,10.0,0.0,Clear
2025-08-01 00:00:00,2025-08-01,0,31.5,48,6.0,10.0,0.0,Clear
2025-08-01 01:00:00,2025-08-01,1,31.9,60,4.3,10.0,0.0,Clear
2025-08-01 02:00:00,2025-08-01,2,31.1,57,16.7,10.0,0.0,Clear
2025-08-01 03:00:00,2025-08-01,3,31.0,67,13.4,10.0,0.0,Clear
2025-08-01 04:00:00,2025-08-01,4,31.7,75,8.9,10.0,0.0,Clear
2025-08-01 05:00:00,2025-08-01,5,32.5,65,12.5,10.0,0.0,Clear
2025-08-01 06:00:00,2025-08-01,6,31.0,72,7.6,10.0,0.0,Clear
2025-08-01 07:00:00,2025-08-01,7,34.7,76,2.0,10.0,0.0,Hazy
2025-08-01 08:00:00,2025-08-01,8,35.5,72,21.0,10.0,0.0,Sunny
2025-08-01 09:00:00,2025-08-01,9,36.8,84,20.2,10.0,0.0,Sunny
2025-08-01 10:00:00,2025-08-01,10,39.0,79,11.8,10.0,0.0,Sunny
2025-08-01 11:00:00,2025-08-01,11,40.5,69,15.6,10.0,0.0,Partly Cloudy
2025-08-01 12:00:00,2025-08-01,12,41.7,74,2.6,10.0,0.0,Sunny
2025-08-01 13:00:00,2025-08-01,13,40.5,66,14.2,10.0,0.0,Hazy
2025-08-01 14:00:00,2025-08-01,14,43.4,65,9.8,10.0,0.0,Sunny
2025-08-01 15:00:00,2025-08-01,15,43.3,50,10.7,10.0,0.0,Sunny
2025-08-01 16:00:00,2025-08-01,16,43.7,55,2.8,10.0,0.0,Sunny
2025-08-01 17:00:00,2025-08-01,17,42.6,54,10.7,10.0,0.0,Sunny
2025-08-01 18:00:00,2025-08-01,18,44.2,46,33.1,10.0,0.0,Sunny
2025-08-01 19:00:00,2025-08-01,19,40.0,37,21.4,10.0,0.0,Clear
2025-08-01 20:00:00,2025-08-01,20,36.9,42,8.6,10.0,0.0,Clear
2025-08-01 21:00:00,2025-08-01,21,36.9,41,5.8,10.0,0.0,Clear
2025-08-01 22:00:00,2025-08-01,22,34.8,49,7.3,10.0,0.0,Clear
2025-08-01 23:00:00,2025-08-01,23,34.0,46,11.1,10.0,0.0,Clear
2025-08-02 00:00:00,2025-08-02,0,31.9,46,4.4,10.0,0.0,Clear
2025-08-02 01:00:00,2025-08-02,1,32.1,46,19.6,10.0,0.0,Clear
2025-08-02 02:00:00,2025-08-02,2,30.7,55,2.7,10.0,0.0,Clear
2025-08-02 03:00:00,2025-08-02,3,30.9,68,14.4,10.0,0.0,Clear
2025-08-02 04:00:00,2025-08-02,4,32.5,66,5.0,10.0,0.0,Clear
2025-08-02 05:00:00,2025-08-02,5,31.5,72,3.1,10.0,0.0,Clear
2025-08-02 06:00:00,2025-08-02,6,30.8,63,13.8,10.0,0.0,Clear
2025-08-02 07:00:00,2025-08-02,7,33.2,79,21.5,10.0,0.0,Sunny
2025-08-02 08:00:00,2025-08-02,8,33.7,78,3.2,10.0,0.0,Sunny
2025-08-02 09:00:00,2025-08-02,9,36.3,78,10.6,10.0,0.0,Partly Cloudy
2025-08-02 10:00:00,2025-08-02,10,34.5,78,12.9,10.0,0.0,Sunny
2025-08-02 11:00:00,2025-08-02,11,41.3,76,7.0,10.0,0.0,Partly Cloudy
2025-08-02 12:00:00,2025-08-02,12,39.8,72,15.2,10.0,0.0,Sunny
2025-08-02 13:00:00,2025-08-02,13,43.5,67,47.0,10.0,0.0,Sunny
2025-08-02 14:00:00,2025-08-02,14,42.5,59,14.5,10.0,0.0,Sunny
2025-08-02 15:00:00,2025-08-02,15,43.2,59,16.6,10.0,0.0,Partly Cloudy
2025-08-02 16:00:00,2025-08-02,16,45.2,60,7.4,10.0,0.0,Sunny
2025-08-02 17:00:00,2025-08-02,17,42.3,49,14.6,10.0,0.0,Sunny
2025-08-02 18:00:00,2025-08-02,18,40.4,50,3.9,10.0,0.0,Sunny
2025-08-02 19:00:00,2025-08-02,19,39.6,40,16.3,10.0,0.0,Clear
2025-08-02 20:00:00,2025-08-02,20,37.2,37,46.3,10.0,0.0,Clear
2025-08-02 21:00:00,2025-08-02,21,38.0,40,9.0,10.0,0.0,Clear
2025-08-02 22:00:00,2025-08-02,22,36.0,46,4.7,10.0,0.0,Clear
2025-08-02 23:00:00,2025-08-02,23,33.4,39,18.8,10.0,0.0,Clear
2025-08-03 00:00:00,2025-08-03,0,33.3,54,4.1,10.0,0.0,Clear
2025-08-03 01:00:00,2025-08-03,1,32.1,60,5.4,10.0,0.0,Clear
2025-08-03 02:00:00,2025-08-03,2,30.4,58,8.1,10.0,0.0,Clear
2025-08-03 03:00:00,2025-08-03,3,30.8,58,17.1,10.0,0.0,Clear
2025-08-03 04:00:00,2025-08-03,4,30.4,63,5.0,10.0,0.0,Clear
2025-08-03 05:00:00,2025-08-03,5,30.6,66,7.4,10.0,0.0,Clear
2025-08-03 06:00:00,2025-08-03,6,29.3,70,3.7,10.0,0.0,Clear
2025-08-03 07:00:00,2025-08-03,7,33.4,75,12.1,10.0,0.0,Sunny
2025-08-03 08:00:00,2025-08-03,8,35.3,70,2.0,10.0,0.0,Sunny
2025-08-03 09:00:00,2025-08-03,9,35.3,79,14.0,10.0,0.0,Sunny
2025-08-03 10:00:00,2025-08-03,10,39.7,73,16.9,10.0,0.0,Sunny
2025-08-03 11:00:00,2025-08-03,11,40.0,72,8.3,10.0,0.0,Partly Cloudy
2025-08-03 12:00:00,2025-08-03,12,42.1,70,4.4,10.0,0.0,Sunny
2025-08-03 13:00:00,2025-08-03,13,42.9,70,17.3,10.0,0.0,Sunny
2025-08-03 14:00:00,2025-08-03,14,43.1,69,10.4,10.0,0.0,Sunny
2025-08-03 15:00:00,2025-08-03,15,42.8,56,5.5,10.0,0.0,Partly Cloudy
2025-08-03 16:00:00,2025-08-03,16,42.4,60,8.6,10.0,0.0,Sunny
2025-08-03 17:00:00,2025-08-03,17,40.6,47,7.8,10.0,0.0,Sunny
2025-08-03 18:00:00,2025-08-03,18,43.3,44,4.1,10.0,0.0,Sunny
2025-08-03 19:00:00,2025-08-03,19,40.6,48,3.2,10.0,0.0,Clear
2025-08-03 20:00:00,2025-08-03,20,37.5,36,15.9,10.0,0.0,Clear
2025-08-03 21:00:00,2025-08-03,21,37.6,40,15.7,10.0,0.0,Clear
2025-08-03 22:00:00,2025-08-03,22,33.9,39,8.0,10.0,0.0,Clear
2025-08-03 23:00:00,2025-08-03,23,34.4,43,15.7,10.0,0.0,Clear
2025-08-04 00:00:00,2025-08-04,0,32.9,45,6.2,10.0,0.0,Clear
2025-08-04 01:00:00,2025-08-04,1,30.6,44,10.1,10.0,0.0,Clear
2025-08-04 02:00:00,2025-08-04,2,28.8,58,16.2,10.0,0.0,Clear
2025-08-04 03:00:00,2025-08-04,3,29.9,61,3.8,10.0,0.0,Clear
2025-08-04 04:00:00,2025-08-04,4,30.8,68,10.0,10.0,0.0,Clear
2025-08-04 05:00:00,2025-08-04,5,29.5,67,8.5,10.0,0.0,Clear
2025-08-04 06:00:00,2025-08-04,6,31.5,72,12.1,10.0,0.0,Clear
2025-08-04 07:00:00,2025-08-04,7,35.3,79,3.2,10.0,0.0,Partly Cloudy
2025-08-04 08:00:00,2025-08-04,8,35.2,78,8.2,10.0,0.0,Sunny
2025-08-04 09:00:00,2025-08-04,9,40.1,82,22.5,10.0,0.0,Partly Cloudy
2025-08-04 10:00:00,2025-08-04,10,39.2,81,24.4,10.0,0.0,Partly Cloudy
2025-08-04 11:00:00,2025-08-04,11,40.0,76,13.9,10.0,0.0,Sunny
2025-08-04 12:00:00,2025-08-04,12,40.5,73,27.0,10.0,0.0,Partly Cloudy
2025-08-04 13:00:00,2025-08-04,13,41.2,69,10.5,10.0,0.0,Sunny
2025-08-04 14:00:00,2025-08-04,14,43.4,65,3.6,10.0,0.0,Sunny
2025-08-04 15:00:00,2025-08-04,15,42.9,58,13.5,10.0,0.0,Sunny
2025-08-04 16:00:00,2025-08-04,16,42.9,57,2.0,10.0,0.0,Hazy
2025-08-04 17:00:00,2025-08-04,17,42.8,52,2.7,10.0,0.0,Partly Cloudy
2025-08-04 18:00:00,2025-08-04,18,40.7,45,31.5,10.0,0.0,Partly Cloudy
2025-08-04 19:00:00,2025-08-04,19,41.3,46,10.3,10.0,0.0,Clear
2025-08-04 20:00:00,2025-08-04,20,39.0,48,11.4,10.0,0.0,Clear
2025-08-04 21:00:00,2025-08-04,21,36.3,42,10.3,10.0,0.0,Clear
2025-08-04 22:00:00,2025-08-04,22,35.6,43,3.0,10.0,0.0,Clear
2025-08-04 23:00:00,2025-08-04,23,31.0,45,5.0,10.0,0.0,Clear
2025-08-05 00:00:00,2025-08-05,0,32.8,40,14.0,10.0,0.0,Clear
2025-08-05 01:00:00,2025-08-05,1,31.8,50,3.6,10.0,0.0,Clear
2025-08-05 02:00:00,2025-08-05,2,28.2,65,3.3,10.0,0.0,Clear
2025-08-05 03:00:00,2025-08-05,3,28.3,60,18.2,10.0,0.0,Clear
2025-08-05 04:00:00,2025-08-05,4,30.3,61,5.2,10.0,0.0,Clear
2025-08-05 05:00:00,2025-08-05,5,30.6,69,2.0,10.0,0.0,Clear
2025-08-05 06:00:00,2025-08-05,6,32.3,70,2.7,10.0,0.0,Clear
2025-08-05 07:00:00,2025-08-05,7,33.8,76,2.1,10.0,0.0,Sunny
2025-08-05 08:00:00,2025-08-05,8,37.1,78,7.1,10.0,0.0,Sunny
2025-08-05 09:00:00,2025-08-05,9,36.6,78,6.2,10.0,0.0,Partly Cloudy
2025-08-05 10:00:00,2025-08-05,10,39.4,81,4.1,10.0,0.0,Sunny
2025-08-05 11:00:00,2025-08-05,11,39.7,71,2.9,10.0,0.0,Hazy
2025-08-05 12:00:00,2025-08-05,12,42.1,74,42.2,10.0,0.0,Sunny
2025-08-05 13:00:00,2025-08-05,13,42.1,73,3.1,10.0,0.0,Sunny
2025-08-05 14:00:00,2025-08-05,14,41.7,64,12.6,10.0,0.0,Partly Cloudy
2025-08-05 15:00:00,2025-08-05,15,42.8,63,17.5,10.0,0.0,Sunny
2025-08-05 16:00:00,2025-08-05,16,43.7,54,5.3,10.0,0.0,Sunny
2025-08-05 17:00:00,2025-08-05,17,41.2,47,6.6,10.0,0.0,Sunny
2025-08-05 18:00:00,2025-08-05,18,41.7,40,18.5,10.0,0.0,Sunny
2025-08-05 19:00:00,2025-08-05,19,40.6,42,4.2,10.0,0.0,Clear
2025-08-05 20:00:00,2025-08-05,20,39.1,41,4.9,10.0,0.0,Clear
2025-08-05 21:00:00,2025-08-05,21,37.9,51,8.7,10.0,0.0,Clear
2025-08-05 22:00:00,2025-08-05,22,37.7,43,12.0,10.0,0.0,Clear
2025-08-05 23:00:00,2025-08-05,23,32.2,42,16.5,10.0,0.0,Clear
2025-08-06 00:00:00,2025-08-06,0,31.9,49,11.9,10.0,0.0,Clear
2025-08-06 01:00:00,2025-08-06,1,31.3,49,8.6,10.0,0.0,Clear
2025-08-06 02:00:00,2025-08-06,2,30.1,59,19.1,10.0,0.0,Clear
2025-08-06 03:00:00,2025-08-06,3,31.9,66,2.6,10.0,0.0,Clear
2025-08-06 04:00:00,2025-08-06,4,32.2,65,6.6,10.0,0.0,Clear
2025-08-06 05:00:00,2025-08-06,5,34.0,62,7.5,10.0,0.0,Clear
2025-08-06 06:00:00,2025-08-06,6,32.2,72,9.3,10.0,0.0,Clear
2025-08-06 07:00:00,2025-08-06,7,32.4,75,36.6,10.0,0.0,Sunny
2025-08-06 08:00:00,2025-08-06,8,35.0,84,10.9,10.0,0.0,Sunny
2025-08-06 09:00:00,2025-08-06,9,35.8,80,22.9,10.0,0.0,Partly Cloudy
2025-08-06 10:00:00,2025-08-06,10,39.7,76,10.0,10.0,0.0,Sunny
2025-08-06 11:00:00,2025-08-06,11,41.1,81,4.8,10.0,0.0,Sunny
2025-08-06 12:00:00,2025-08-06,12,42.5,72,19.1,10.0,0.0,Partly Cloudy
2025-08-06 13:00:00,2025-08-06,13,45.1,68,15.5,10.0,0.0,Sunny
2025-08-06 14:00:00,2025-08-06,14,43.3,63,11.8,10.0,0.0,Sunny
2025-08-06 15:00:00,2025-08-06,15,42.7,65,16.0,10.0,0.0,Sunny
2025-08-06 16:00:00,2025-08-06,16,43.2,53,6.7,10.0,0.0,Sunny
2025-08-06 17:00:00,2025-08-06,17,41.5,54,17.4,10.0,0.0,Partly Cloudy
2025-08-06 18:00:00,2025-08-06,18,40.8,49,4.6,10.0,0.0,Partly Cloudy
2025-08-06 19:00:00,2025-08-06,19,40.3,45,8.5,10.0,0.0,Clear
2025-08-06 20:00:00,2025-08-06,20,39.3,46,2.0,10.0,0.0,Clear
2025-08-06 21:00:00,2025-08-06,21,36.0,48,14.9,10.0,0.0,Clear
2025-08-06 22:00:00,2025-08-06,22,33.7,38,15.8,10.0,0.0,Clear
2025-08-06 23:00:00,2025-08-06,23,34.6,44,18.6,10.0,0.0,Clear
2025-08-07 00:00:00,2025-08-07,0,31.3,46,4.3,10.0,0.0,Clear
2025-08-07 01:00:00,2025-08-07,1,31.5,51,13.0,10.0,0.0,Clear
2025-08-07 02:00:00,2025-08-07,2,32.1,53,31.5,10.0,0.0,Clear
2025-08-07 03:00:00,2025-08-07,3,31.5,56,20.9,10.0,0.0,Clear
2025-08-07 04:00:00,2025-08-07,4,31.4,64,11.3,10.0,0.0,Clear
2025-08-07 05:00:00,2025-08-07,5,32.7,73,2.0,10.0,0.0,Clear
2025-08-07 06:00:00,2025-08-07,6,32.7,72,23.4,10.0,0.0,Clear
2025-08-07 07:00:00,2025-08-07,7,32.4,77,12.5,10.0,0.0,Sunny
2025-08-07 08:00:00,2025-08-07,8,38.3,84,18.8,10.0,0.0,Partly Cloudy
2025-08-07 09:00:00,2025-08-07,9,37.5,79,6.1,10.0,0.0,Sunny
2025-08-07 10:00:00,2025-08-07,10,39.2,81,4.4,10.0,0.0,Sunny
2025-08-07 11:00:00,2025-08-07,11,40.5,80,27.1,10.0,0.0,Sunny
2025-08-07 12:00:00,2025-08-07,12,39.5,78,15.2,10.0,0.0,Sunny
2025-08-07 13:00:00,2025-08-07,13,41.6,77,8.9,10.0,0.0,Sunny
2025-08-07 14:00:00,2025-08-07,14,45.2,64,10.9,10.0,0.0,Sunny
2025-08-07 15:00:00,2025-08-07,15,41.2,64,18.6,10.0,0.0,Sunny
2025-08-07 16:00:00,2025-08-07,16,43.1,56,2.0,10.0,0.0,Sunny
2025-08-07 17:00:00,2025-08-07,17,42.9,53,10.6,10.0,0.0,Sunny
2025-08-07 18:00:00,2025-08-07,18,41.2,49,12.1,10.0,0.0,Sunny
2025-08-07 19:00:00,2025-08-07,19,42.7,49,4.9,10.0,0.0,Clear
2025-08-07 20:00:00,2025-08-07,20,36.8,41,4.1,10.0,0.0,Clear
2025-08-07 21:00:00,2025-08-07,21,36.1,44,3.0,10.0,0.0,Clear
2025-08-07 22:00:00,2025-08-07,22,35.7,38,24.8,10.0,0.0,Clear
2025-08-07 23:00:00,2025-08-07,23,34.2,41,10.1,10.0,0.0,Clear
2025-08-08 00:00:00,2025-08-08,0,32.5,45,2.2,10.0,0.0,Clear
2025-08-08 01:00:00,2025-08-08,1,31.7,53,9.6,10.0,0.0,Clear
2025-08-08 02:00:00,2025-08-08,2,30.0,57,12.5,10.0,0.0,Clear
2025-08-08 03:00:00,2025-08-08,3,30.1,66,3.3,10.0,0.0,Clear
2025-08-08 04:00:00,2025-08-08,4,29.5,69,26.4,10.0,0.0,Clear
2025-08-08 05:00:00,2025-08-08,5,31.8,69,2.6,10.0,0.0,Clear
2025-08-08 06:00:00,2025-08-08,6,30.4,85,3.2,10.0,0.0,Clear
2025-08-08 07:00:00,2025-08-08,7,32.1,76,6.6,10.0,0.0,Sunny
2025-08-08 08:00:00,2025-08-08,8,36.4,72,29.3,10.0,0.0,Sunny
2025-08-08 09:00:00,2025-08-08,9,36.3,73,16.9,10.0,0.0,Partly Cloudy
2025-08-08 10:00:00,2025-08-08,10,41.6,80,3.4,10.0,0.0,Sunny
2025-08-08 11:00:00,2025-08-08,11,39.7,69,7.3,10.0,0.0,Sunny
2025-08-08 12:00:00,2025-08-08,12,41.0,73,19.1,10.0,0.0,Sunny
2025-08-08 13:00:00,2025-08-08,13,44.2,68,15.8,10.0,0.0,Partly Cloudy
2025-08-08 14:00:00,2025-08-08,14,44.5,72,8.0,10.0,0.0,Hazy
2025-08-08 15:00:00,2025-08-08,15,43.3,55,15.0,10.0,0.0,Sunny
2025-08-08 16:00:00,2025-08-08,16,43.2,59,2.0,10.0,0.0,Sunny
2025-08-08 17:00:00,2025-08-08,17,43.8,50,8.6,10.0,0.0,Sunny
2025-08-08 18:00:00,2025-08-08,18,41.8,46,26.5,10.0,0.0,Sunny
2025-08-08 19:00:00,2025-08-08,19,39.8,51,7.9,10.0,0.0,Clear
2025-08-08 20:00:00,2025-08-08,20,38.5,41,9.1,10.0,0.0,Clear
2025-08-08 21:00:00,2025-08-08,21,39.4,38,20.3,10.0,0.0,Clear
2025-08-08 22:00:00,2025-08-08,22,34.9,41,8.1,10.0,0.0,Clear
2025-08-08 23:00:00,2025-08-08,23,33.4,40,4.6,10.0,0.0,Clear
2025-08-09 00:00:00,2025-08-09,0,32.4,41,2.0,10.0,0.0,Clear
2025-08-09 01:00:00,2025-08-09,1,31.4,48,45.7,10.0,0.0,Clear
2025-08-09 02:00:00,2025-08-09,2,29.8,49,28.5,10.0,0.0,Clear
2025-08-09 03:00:00,2025-08-09,3,32.4,57,24.3,10.0,0.0,Clear
2025-08-09 04:00:00,2025-08-09,4,30.3,61,6.2,10.0,0.0,Clear
2025-08-09 05:00:00,2025-08-09,5,32.0,70,31.7,10.0,0.0,Clear
2025-08-09 06:00:00,2025-08-09,6,34.4,68,26.3,10.0,0.0,Clear
2025-08-09 07:00:00,2025-08-09,7,33.4,78,3.7,10.0,0.0,Partly Cloudy
2025-08-09 08:00:00,2025-08-09,8,35.8,69,26.5,10.0,0.0,Sunny
2025-08-09 09:00:00,2025-08-09,9,35.5,74,2.0,10.0,0.0,Partly Cloudy
2025-08-09 10:00:00,2025-08-09,10,37.8,77,5.7,10.0,0.0,Sunny
2025-08-09 11:00:00,2025-08-09,11,40.4,74,40.0,10.0,0.0,Sunny
2025-08-09 12:00:00,2025-08-09,12,41.1,73,7.2,10.0,0.0,Partly Cloudy
2025-08-09 13:00:00,2025-08-09,13,43.6,64,18.0,10.0,0.0,Sunny
2025-08-09 14:00:00,2025-08-09,14,42.7,72,4.7,10.0,0.0,Hazy
2025-08-09 15:00:00,2025-08-09,15,43.2,66,7.4,10.0,0.0,Sunny
2025-08-09 16:00:00,2025-08-09,16,42.6,45,4.0,10.0,0.0,Sunny
2025-08-09 17:00:00,2025-08-09,17,44.0,53,17.7,10.0,0.0,Partly Cloudy
2025-08-09 18:00:00,2025-08-09,18,41.4,46,12.5,10.0,0.0,Partly Cloudy
2025-08-09 19:00:00,2025-08-09,19,39.5,44,6.2,10.0,0.0,Clear
2025-08-09 20:00:00,2025-08-09,20,37.7,42,16.2,10.0,0.0,Clear
2025-08-09 21:00:00,2025-08-09,21,35.7,39,5.4,10.0,0.0,Clear
2025-08-09 22:00:00,2025-08-09,22,36.2,42,10.4,10.0,0.0,Clear
2025-08-09 23:00:00,2025-08-09,23,33.7,51,6.3,10.0,0.0,Clear
2025-08-10 00:00:00,2025-08-10,0,36.0,55,11.7,10.0,0.0,Clear
2025-08-10 01:00:00,2025-08-10,1,30.7,51,7.1,10.0,0.0,Clear
2025-08-10 02:00:00,2025-08-10,2,28.9,49,8.5,10.0,0.0,Clear
2025-08-10 03:00:00,2025-08-10,3,30.3,59,2.6,10.0,0.0,Clear
2025-08-10 04:00:00,2025-08-10,4,33.5,63,9.7,10.0,0.0,Clear
2025-08-10 05:00:00,2025-08-10,5,31.8,75,10.2,10.0,0.0,Clear
2025-08-10 06:00:00,2025-08-10,6,32.3,68,31.9,10.0,0.0,Clear
2025-08-10 07:00:00,2025-08-10,7,33.1,68,4.5,10.0,0.0,Sunny
2025-08-10 08:00:00,2025-08-10,8,34.9,75,13.9,10.0,0.0,Sunny
2025-08-10 09:00:00,2025-08-10,9,38.4,81,28.8,10.0,0.0,Sunny
2025-08-10 10:00:00,2025-08-10,10,37.7,74,4.1,10.0,0.0,Partly Cloudy
2025-08-10 11:00:00,2025-08-10,11,40.3,75,41.4,10.0,0.0,Partly Cloudy
2025-08-10 12:00:00,2025-08-10,12,41.8,76,4.0,10.0,0.0,Sunny
2025-08-10 13:00:00,2025-08-10,13,42.6,63,7.3,10.0,0.0,Sunny
2025-08-10 14:00:00,2025-08-10,14,42.9,64,9.1,10.0,0.0,Partly Cloudy
2025-08-10 15:00:00,2025-08-10,15,41.8,61,10.6,10.0,0.0,Partly Cloudy
2025-08-10 16:00:00,2025-08-10,16,43.5,58,7.3,10.0,0.0,Sunny
2025-08-10 17:00:00,2025-08-10,17,42.3,49,11.6,10.0,0.0,Sunny
2025-08-10 18:00:00,2025-08-10,18,43.1,53,7.4,10.0,0.0,Sunny
2025-08-10 19:00:00,2025-08-10,19,40.0,42,4.5,10.0,0.0,Clear
2025-08-10 20:00:00,2025-08-10,20,38.6,46,32.4,10.0,0.0,Clear
2025-08-10 21:00:00,2025-08-10,21,37.2,46,11.0,10.0,0.0,Clear
2025-08-10 22:00:00,2025-08-10,22,35.9,32,3.6,10.0,0.0,Clear
2025-08-10 23:00:00,2025-08-10,23,31.6,50,2.4,10.0,0.0,Clear
2025-08-11 00:00:00,2025-08-11,0,32.8,43,6.6,10.0,0.0,Clear
2025-08-11 01:00:00,2025-08-11,1,29.3,49,10.5,10.0,0.0,Clear
2025-08-11 02:00:00,2025-08-11,2,30.3,60,21.1,10.0,0.0,Clear
2025-08-11 03:00:00,2025-08-11,3,31.3,58,4.1,10.0,0.0,Clear
2025-08-11 04:00:00,2025-08-11,4,33.2,64,11.3,10.0,0.0,Clear
2025-08-11 05:00:00,2025-08-11,5,30.2,73,11.3,10.0,0.0,Clear
2025-08-11 06:00:00,2025-08-11,6,31.4,73,4.9,10.0,0.0,Clear
2025-08-11 07:00:00,2025-08-11,7,31.7,71,2.0,10.0,0.0,Partly Cloudy
2025-08-11 08:00:00,2025-08-11,8,34.4,82,12.2,10.0,0.0,Sunny
2025-08-11 09:00:00,2025-08-11,9,39.7,79,7.9,10.0,0.0,Sunny
2025-08-11 10:00:00,2025-08-11,10,36.8,71,14.1,10.0,0.0,Partly Cloudy
2025-08-11 11:00:00,2025-08-11,11,36.5,75,5.9,10.0,0.0,Sunny
2025-08-11 12:00:00,2025-08-11,12,42.7,74,2.2,10.0,0.0,Sunny
2025-08-11 13:00:00,2025-08-11,13,43.7,67,24.0,10.0,0.0,Partly Cloudy
2025-08-11 14:00:00,2025-08-11,14,43.3,58,22.1,10.0,0.0,Partly Cloudy
2025-08-11 15:00:00,2025-08-11,15,43.7,54,16.5,10.0,0.0,Sunny
2025-08-11 16:00:00,2025-08-11,16,44.2,53,5.0,10.0,0.0,Partly Cloudy
2025-08-11 17:00:00,2025-08-11,17,43.6,52,10.8,10.0,0.0,Sunny
2025-08-11 18:00:00,2025-08-11,18,40.4,52,4.8,10.0,0.0,Sunny
2025-08-11 19:00:00,2025-08-11,19,38.7,39,22.5,10.0,0.0,Clear
2025-08-11 20:00:00,2025-08-11,20,37.5,40,60.0,10.0,0.0,Clear
2025-08-11 21:00:00,2025-08-11,21,36.1,34,17.3,10.0,0.0,Clear
2025-08-11 22:00:00,2025-08-11,22,36.2,42,14.3,10.0,0.0,Clear
2025-08-11 23:00:00,2025-08-11,23,35.0,50,24.1,10.0,0.0,Clear
2025-08-12 00:00:00,2025-08-12,0,32.0,51,6.2,10.0,0.0,Clear
2025-08-12 01:00:00,2025-08-12,1,31.7,50,28.6,10.0,0.0,Clear
2025-08-12 02:00:00,2025-08-12,2,30.6,54,10.4,10.0,0.0,Clear
2025-08-12 03:00:00,2025-08-12,3,29.5,58,3.8,10.0,0.0,Clear
2025-08-12 04:00:00,2025-08-12,4,29.7,63,2.0,10.0,0.0,Clear
2025-08-12 05:00:00,2025-08-12,5,31.4,69,14.4,10.0,0.0,Clear
2025-08-12 06:00:00,2025-08-12,6,33.3,71,32.6,10.0,0.0,Clear
2025-08-12 07:00:00,2025-08-12,7,34.2,75,10.0,10.0,0.0,Sunny
2025-08-12 08:00:00,2025-08-12,8,35.1,73,7.0,10.0,0.0,Sunny
2025-08-12 09:00:00,2025-08-12,9,38.7,80,7.1,10.0,0.0,Partly Cloudy
2025-08-12 10:00:00,2025-08-12,10,40.6,80,3.0,10.0,0.0,Sunny
2025-08-12 11:00:00,2025-08-12,11,38.4,85,22.7,10.0,0.0,Sunny
2025-08-12 12:00:00,2025-08-12,12,40.2,75,8.6,10.0,0.0,Partly Cloudy
2025-08-12 13:00:00,2025-08-12,13,40.9,68,19.3,10.0,0.0,Hazy
2025-08-12 14:00:00,2025-08-12,14,44.4,71,14.9,10.0,0.0,Sunny
2025-08-12 15:00:00,2025-08-12,15,43.2,66,6.9,10.0,0.0,Hazy
2025-08-12 16:00:00,2025-08-12,16,43.3,52,11.2,10.0,0.0,Partly Cloudy
2025-08-12 17:00:00,2025-08-12,17,43.4,58,4.3,10.0,0.0,Hazy
2025-08-12 18:00:00,2025-08-12,18,41.6,49,12.2,10.0,0.0,Sunny
2025-08-12 19:00:00,2025-08-12,19,39.5,39,18.9,10.0,0.0,Clear
2025-08-12 20:00:00,2025-08-12,20,37.4,40,4.9,10.0,0.0,Clear
2025-08-12 21:00:00,2025-08-12,21,36.7,39,19.8,10.0,0.0,Clear
2025-08-12 22:00:00,2025-08-12,22,36.3,49,7.9,10.0,0.0,Clear
2025-08-12 23:00:00,2025-08-12,23,31.7,45,23.0,10.0,0.0,Clear
2025-08-13 00:00:00,2025-08-13,0,31.8,48,6.0,10.0,0.0,Clear
2025-08-13 01:00:00,2025-08-13,1,29.1,51,5.8,10.0,0.0,Clear
2025-08-13 02:00:00,2025-08-13,2,31.8,63,6.0,10.0,0.0,Clear
2025-08-13 03:00:00,2025-08-13,3,28.5,59,2.9,10.0,0.0,Clear
2025-08-13 04:00:00,2025-08-13,4,28.8,63,2.9,10.0,0.0,Clear
2025-08-13 05:00:00,2025-08-13,5,32.4,74,2.0,10.0,0.0,Clear
2025-08-13 06:00:00,2025-08-13,6,31.6,73,10.4,10.0,0.0,Clear
2025-08-13 07:00:00,2025-08-13,7,31.6,81,5.0,10.0,0.0,Hazy
2025-08-13 08:00:00,2025-08-13,8,36.0,76,3.4,10.0,0.0,Sunny
2025-08-13 09:00:00,2025-08-13,9,37.1,79,9.5,10.0,0.0,Sunny
2025-08-13 10:00:00,2025-08-13,10,41.0,85,5.0,10.0,0.0,Partly Cloudy
2025-08-13 11:00:00,2025-08-13,11,38.8,74,13.5,10.0,0.0,Partly Cloudy
2025-08-13 12:00:00,2025-08-13,12,40.4,77,25.9,10.0,0.0,Sunny
2025-08-13 13:00:00,2025-08-13,13,41.7,63,2.8,10.0,0.0,Partly Cloudy
2025-08-13 14:00:00,2025-08-13,14,44.5,68,9.6,10.0,0.0,Partly Cloudy
2025-08-13 15:00:00,2025-08-13,15,41.1,57,27.0,10.0,0.0,Sunny
2025-08-13 16:00:00,2025-08-13,16,42.8,59,10.9,10.0,0.0,Sunny
2025-08-13 17:00:00,2025-08-13,17,42.9,46,10.1,10.0,0.0,Sunny
2025-08-13 18:00:00,2025-08-13,18,43.0,51,18.4,10.0,0.0,Sunny
2025-08-13 19:00:00,2025-08-13,19,39.2,44,4.3,10.0,0.0,Clear
2025-08-13 20:00:00,2025-08-13,20,39.0,44,22.1,10.0,0.0,Clear
2025-08-13 21:00:00,2025-08-13,21,36.2,42,2.4,10.0,0.0,Clear
2025-08-13 22:00:00,2025-08-13,22,33.8,42,6.8,10.0,0.0,Clear
2025-08-13 23:00:00,2025-08-13,23,33.6,42,6.3,10.0,0.0,Clear
2025-08-14 00:00:00,2025-08-14,0,32.0,43,8.1,10.0,0.0,Clear
2025-08-14 01:00:00,2025-08-14,1,31.9,54,14.3,10.0,0.0,Clear
2025-08-14 02:00:00,2025-08-14,2,33.0,51,2.0,10.0,0.0,Clear
2025-08-14 03:00:00,2025-08-14,3,31.0,59,6.1,10.0,0.0,Clear
2025-08-14 04:00:00,2025-08-14,4,30.7,61,12.0,10.0,0.0,Clear
2025-08-14 05:00:00,2025-08-14,5,32.0,68,18.7,10.0,0.0,Clear
2025-08-14 06:00:00,2025-08-14,6,31.5,65,15.6,10.0,0.0,Clear
2025-08-14 07:00:00,2025-08-14,7,34.6,80,6.4,10.0,0.0,Sunny
2025-08-14 08:00:00,2025-08-14,8,34.5,80,15.4,10.0,0.0,Sunny
2025-08-14 09:00:00,2025-08-14,9,37.3,78,3.0,10.0,0.0,Sunny
2025-08-14 10:00:00,2025-08-14,10,38.4,78,21.3,10.0,0.0,Partly Cloudy
2025-08-14 11:00:00,2025-08-14,11,39.9,80,17.8,10.0,0.0,Partly Cloudy
2025-08-14 12:00:00,2025-08-14,12,43.4,71,6.9,10.0,0.0,Sunny
2025-08-14 13:00:00,2025-08-14,13,41.5,74,13.2,10.0,0.0,Partly Cloudy
2025-08-14 14:00:00,2025-08-14,14,43.8,62,3.6,10.0,0.0,Sunny
2025-08-14 15:00:00,2025-08-14,15,42.9,60,20.9,10.0,0.0,Sunny
2025-08-14 16:00:00,2025-08-14,16,44.3,50,2.3,10.0,0.0,Hazy
2025-08-14 17:00:00,2025-08-14,17,41.0,56,9.4,10.0,0.0,Sunny
2025-08-14 18:00:00,2025-08-14,18,41.1,46,9.0,10.0,0.0,Sunny
2025-08-14 19:00:00,2025-08-14,19,39.1,46,26.2,10.0,0.0,Clear
2025-08-14 20:00:00,2025-08-14,20,40.5,39,6.3,10.0,0.0,Clear
2025-08-14 21:00:00,2025-08-14,21,38.5,41,5.0,10.0,0.0,Clear
2025-08-14 22:00:00,2025-08-14,22,34.4,39,22.0,10.0,0.0,Clear
2025-08-14 23:00:00,2025-08-14,23,32.3,41,9.0,10.0,0.0,Clear
2025-08-15 00:00:00,2025-08-15,0,31.8,41,25.3,10.0,0.0,Clear
2025-08-15 01:00:00,2025-08-15,1,32.3,50,10.9,10.0,0.0,Clear
2025-08-15 02:00:00,2025-08-15,2,31.0,52,8.3,10.0,0.0,Clear
2025-08-15 03:00:00,2025-08-15,3,30.0,69,16.3,10.0,0.0,Clear
2025-08-15 04:00:00,2025-08-15,4,32.0,60,21.5,10.0,0.0,Clear
2025-08-15 05:00:00,2025-08-15,5,31.8,66,13.8,10.0,0.0,Clear
2025-08-15 06:00:00,2025-08-15,6,31.3,76,17.1,10.0,0.0,Clear
2025-08-15 07:00:00,2025-08-15,7,31.2,71,13.9,10.0,0.0,Hazy
2025-08-15 08:00:00,2025-08-15,8,37.8,77,9.0,10.0,0.0,Hazy
2025-08-15 09:00:00,2025-08-15,9,36.6,81,4.1,10.0,0.0,Sunny
2025-08-15 10:00:00,2025-08-15,10,35.8,80,3.3,10.0,0.0,Partly Cloudy
2025-08-15 11:00:00,2025-08-15,11,40.6,76,12.0,10.0,0.0,Sunny
2025-08-15 12:00:00,2025-08-15,12,39.6,72,31.5,10.0,0.0,Partly Cloudy
2025-08-15 13:00:00,2025-08-15,13,44.2,73,11.6,10.0,0.0,Sunny
2025-08-15 14:00:00,2025-08-15,14,44.7,69,3.3,10.0,0.0,Sunny
2025-08-15 15:00:00,2025-08-15,15,43.2,60,11.0,10.0,0.0,Sunny
2025-08-15 16:00:00,2025-08-15,16,41.9,57,13.7,10.0,0.0,Sunny
2025-08-15 17:00:00,2025-08-15,17,43.2,49,10.9,10.0,0.0,Hazy
2025-08-15 18:00:00,2025-08-15,18,43.0,52,4.7,10.0,0.0,Partly Cloudy
2025-08-15 19:00:00,2025-08-15,19,40.1,47,8.4,10.0,0.0,Clear
2025-08-15 20:00:00,2025-08-15,20,38.2,41,17.7,10.0,0.0,Clear
2025-08-15 21:00:00,2025-08-15,21,36.1,40,2.7,10.0,0.0,Clear
2025-08-15 22:00:00,2025-08-15,22,34.9,50,2.6,10.0,0.0,Clear
2025-08-15 23:00:00,2025-08-15,23,33.6,42,2.4,10.0,0.0,Clear
2025-08-16 00:00:00,2025-08-16,0,31.8,46,18.9,10.0,0.0,Clear
2025-08-16 01:00:00,2025-08-16,1,30.2,46,10.3,10.0,0.0,Clear
2025-08-16 02:00:00,2025-08-16,2,32.7,59,4.9,10.0,0.0,Clear
2025-08-16 03:00:00,2025-08-16,3,30.2,58,8.2,10.0,0.0,Clear
2025-08-16 04:00:00,2025-08-16,4,30.1,64,2.5,10.0,0.0,Clear
2025-08-16 05:00:00,2025-08-16,5,31.6,68,11.4,10.0,0.0,Clear
2025-08-16 06:00:00,2025-08-16,6,32.7,82,44.6,10.0,0.0,Clear
2025-08-16 07:00:00,2025-08-16,7,33.7,82,4.4,10.0,0.0,Sunny
2025-08-16 08:00:00,2025-08-16,8,33.9,78,13.1,10.0,0.0,Sunny
2025-08-16 09:00:00,2025-08-16,9,37.0,75,30.5,10.0,0.0,Partly Cloudy
2025-08-16 10:00:00,2025-08-16,10,38.9,78,19.8,10.0,0.0,Partly Cloudy
2025-08-16 11:00:00,2025-08-16,11,40.6,75,8.0,10.0,0.0,Sunny
2025-08-16 12:00:00,2025-08-16,12,41.9,79,4.8,10.0,0.0,Sunny
2025-08-16 13:00:00,2025-08-16,13,42.9,79,14.0,10.0,0.0,Sunny
2025-08-16 14:00:00,2025-08-16,14,42.0,66,2.0,10.0,0.0,Sunny
2025-08-16 15:00:00,2025-08-16,15,46.5,63,14.1,10.0,0.0,Partly Cloudy
2025-08-16 16:00:00,2025-08-16,16,43.8,63,3.9,10.0,0.0,Sunny
2025-08-16 17:00:00,2025-08-16,17,43.5,53,20.3,10.0,0.0,Sunny
2025-08-16 18:00:00,2025-08-16,18,42.3,44,4.5,10.0,0.0,Partly Cloudy
2025-08-16 19:00:00,2025-08-16,19,40.1,44,14.2,10.0,0.0,Clear
2025-08-16 20:00:00,2025-08-16,20,37.5,42,12.6,10.0,0.0,Clear
2025-08-16 21:00:00,2025-08-16,21,36.7,39,2.5,10.0,0.0,Clear
2025-08-16 22:00:00,2025-08-16,22,34.2,43,20.0,10.0,0.0,Clear
2025-08-16 23:00:00,2025-08-16,23,31.9,38,35.3,10.0,0.0,Clear
2025-08-17 00:00:00,2025-08-17,0,34.9,39,13.6,10.0,0.0,Clear
2025-08-17 01:00:00,2025-08-17,1,32.3,51,3.6,10.0,0.0,Clear
2025-08-17 02:00:00,2025-08-17,2,30.8,54,2.0,10.0,0.0,Clear
2025-08-17 03:00:00,2025-08-17,3,30.6,67,6.9,10.0,0.0,Clear
2025-08-17 04:00:00,2025-08-17,4,31.5,63,15.2,10.0,0.0,Clear
2025-08-17 05:00:00,2025-08-17,5,31.2,70,3.4,10.0,0.0,Clear
2025-08-17 06:00:00,2025-08-17,6,31.7,71,3.5,10.0,0.0,Clear
2025-08-17 07:00:00,2025-08-17,7,35.4,68,12.3,10.0,0.0,Sunny
2025-08-17 08:00:00,2025-08-17,8,34.2,77,31.7,10.0,0.0,Sunny
2025-08-17 09:00:00,2025-08-17,9,38.4,79,6.6,10.0,0.0,Sunny
2025-08-17 10:00:00,2025-08-17,10,38.7,75,6.9,10.0,0.0,Sunny
2025-08-17 11:00:00,2025-08-17,11,40.5,75,17.6,10.0,0.0,Sunny
2025-08-17 12:00:00,2025-08-17,12,41.2,76,20.0,10.0,0.0,Sunny
2025-08-17 13:00:00,2025-08-17,13,41.2,68,8.5,10.0,0.0,Sunny
2025-08-17 14:00:00,2025-08-17,14,42.4,70,23.5,10.0,0.0,Sunny
2025-08-17 15:00:00,2025-08-17,15,43.8,61,14.9,10.0,0.0,Sunny
2025-08-17 16:00:00,2025-08-17,16,42.2,60,4.7,10.0,0.0,Sunny
2025-08-17 17:00:00,2025-08-17,17,41.6,57,12.2,10.0,0.0,Partly Cloudy
2025-08-17 18:00:00,2025-08-17,18,42.4,44,7.3,10.0,0.0,Sunny
2025-08-17 19:00:00,2025-08-17,19,40.7,49,16.9,10.0,0.0,Clear
2025-08-17 20:00:00,2025-08-17,20,37.1,48,3.9,10.0,0.0,Clear
2025-08-17 21:00:00,2025-08-17,21,38.4,46,3.7,10.0,0.0,Clear
2025-08-17 22:00:00,2025-08-17,22,36.8,42,14.0,10.0,0.0,Clear
2025-08-17 23:00:00,2025-08-17,23,33.4,33,14.2,10.0,0.0,Clear
2025-08-18 00:00:00,2025-08-18,0,30.3,57,11.1,10.0,0.0,Clear
2025-08-18 01:00:00,2025-08-18,1,29.7,45,7.0,10.0,0.0,Clear
2025-08-18 02:00:00,2025-08-18,2,30.0,63,8.3,10.0,0.0,Clear
2025-08-18 03:00:00,2025-08-18,3,31.9,55,6.7,10.0,0.0,Clear
2025-08-18 04:00:00,2025-08-18,4,30.9,60,20.2,10.0,0.0,Clear
2025-08-18 05:00:00,2025-08-18,5,29.9,69,10.5,10.0,0.0,Clear
2025-08-18 06:00:00,2025-08-18,6,34.1,72,7.2,10.0,0.0,Clear
2025-08-18 07:00:00,2025-08-18,7,33.7,84,7.8,10.0,0.0,Partly Cloudy
2025-08-18 08:00:00,2025-08-18,8,36.3,75,14.8,10.0,0.0,Sunny
2025-08-18 09:00:00,2025-08-18,9,36.6,82,18.3,10.0,0.0,Sunny
2025-08-18 10:00:00,2025-08-18,10,36.4,79,27.9,10.0,0.0,Sunny
2025-08-18 11:00:00,2025-08-18,11,38.1,72,21.3,10.0,0.0,Sunny
2025-08-18 12:00:00,2025-08-18,12,40.6,75,2.9,10.0,0.0,Partly Cloudy
2025-08-18 13:00:00,2025-08-18,13,43.0,69,17.0,10.0,0.0,Sunny
2025-08-18 14:00:00,2025-08-18,14,43.8,69,6.8,10.0,0.0,Sunny
2025-08-18 15:00:00,2025-08-18,15,45.7,59,10.5,10.0,0.0,Sunny
2025-08-18 16:00:00,2025-08-18,16,43.2,61,2.0,10.0,0.0,Sunny
2025-08-18 17:00:00,2025-08-18,17,42.5,53,5.1,10.0,0.0,Sunny
2025-08-18 18:00:00,2025-08-18,18,40.4,42,13.1,10.0,0.0,Sunny
2025-08-18 19:00:00,2025-08-18,19,41.3,37,22.5,10.0,0.0,Clear
2025-08-18 20:00:00,2025-08-18,20,40.4,50,11.4,10.0,0.0,Clear
2025-08-18 21:00:00,2025-08-18,21,36.2,42,4.4,10.0,0.0,Clear
2025-08-18 22:00:00,2025-08-18,22,35.2,42,9.0,10.0,0.0,Clear
2025-08-18 23:00:00,2025-08-18,23,34.2,45,14.2,10.0,0.0,Clear
2025-08-19 00:00:00,2025-08-19,0,31.4,47,24.3,10.0,0.0,Clear
2025-08-19 01:00:00,2025-08-19,1,29.2,51,7.2,10.0,0.0,Clear
2025-08-19 02:00:00,2025-08-19,2,30.9,49,16.2,10.0,0.0,Clear
2025-08-19 03:00:00,2025-08-19,3,31.2,64,32.6,10.0,0.0,Clear
2025-08-19 04:00:00,2025-08-19,4,29.6,65,2.0,10.0,0.0,Clear
2025-08-19 05:00:00,2025-08-19,5,31.3,72,11.1,10.0,0.0,Clear
2025-08-19 06:00:00,2025-08-19,6,34.9,71,9.0,10.0,0.0,Clear
2025-08-19 07:00:00,2025-08-19,7,35.1,76,12.7,10.0,0.0,Sunny
2025-08-19 08:00:00,2025-08-19,8,35.9,72,4.4,10.0,0.0,Hazy
2025-08-19 09:00:00,2025-08-19,9,36.4,82,23.0,10.0,0.0,Sunny
2025-08-19 10:00:00,2025-08-19,10,39.4,77,8.1,10.0,0.0,Hazy
2025-08-19 11:00:00,2025-08-19,11,38.3,66,15.7,10.0,0.0,Hazy
2025-08-19 12:00:00,2025-08-19,12,41.5,71,17.1,10.0,0.0,Hazy
2025-08-19 13:00:00,2025-08-19,13,42.0,71,20.9,10.0,0.0,Partly Cloudy
2025-08-19 14:00:00,2025-08-19,14,44.2,71,5.5,10.0,0.0,Sunny
2025-08-19 15:00:00,2025-08-19,15,40.9,54,11.2,10.0,0.0,Sunny
2025-08-19 16:00:00,2025-08-19,16,46.3,61,10.7,10.0,0.0,Sunny
2025-08-19 17:00:00,2025-08-19,17,42.1,54,13.2,10.0,0.0,Partly Cloudy
2025-08-19 18:00:00,2025-08-19,18,43.5,45,2.6,10.0,0.0,Sunny
2025-08-19 19:00:00,2025-08-19,19,41.1,48,10.7,10.0,0.0,Clear
2025-08-19 20:00:00,2025-08-19,20,39.1,44,8.4,10.0,0.0,Clear
2025-08-19 21:00:00,2025-08-19,21,37.3,40,2.2,10.0,0.0,Clear
2025-08-19 22:00:00,2025-08-19,22,35.4,47,60.0,10.0,0.0,Clear
2025-08-19 23:00:00,2025-08-19,23,33.2,50,11.3,10.0,0.0,Clear
2025-08-20 00:00:00,2025-08-20,0,32.9,42,27.0,10.0,0.0,Clear
2025-08-20 01:00:00,2025-08-20,1,31.1,52,2.0,10.0,0.0,Clear
2025-08-20 02:00:00,2025-08-20,2,31.4,55,10.5,10.0,0.0,Clear
2025-08-20 03:00:00,2025-08-20,3,31.0,62,9.8,10.0,0.0,Clear
2025-08-20 04:00:00,2025-08-20,4,30.2,63,17.7,10.0,0.0,Clear
2025-08-20 05:00:00,2025-08-20,5,30.8,75,12.0,10.0,0.0,Clear
2025-08-20 06:00:00,2025-08-20,6,32.7,65,41.2,10.0,0.0,Clear
2025-08-20 07:00:00,2025-08-20,7,34.3,76,20.3,10.0,0.0,Sunny
2025-08-20 08:00:00,2025-08-20,8,34.7,75,11.3,10.0,0.0,Sunny
2025-08-20 09:00:00,2025-08-20,9,35.8,77,18.3,10.0,0.0,Partly Cloudy
2025-08-20 10:00:00,2025-08-20,10,39.0,70,9.6,10.0,0.0,Sunny
2025-08-20 11:00:00,2025-08-20,11,40.7,81,11.8,10.0,0.0,Hazy
2025-08-20 12:00:00,2025-08-20,12,41.7,67,16.1,10.0,0.0,Sunny
2025-08-20 13:00:00,2025-08-20,13,42.5,71,6.4,10.0,0.0,Sunny
2025-08-20 14:00:00,2025-08-20,14,44.2,62,5.8,10.0,0.0,Sunny
2025-08-20 15:00:00,2025-08-20,15,42.3,59,3.6,10.0,0.0,Sunny
2025-08-20 16:00:00,2025-08-20,16,42.3,58,20.5,10.0,0.0,Sunny
2025-08-20 17:00:00,2025-08-20,17,41.9,56,8.7,10.0,0.0,Sunny
2025-08-20 18:00:00,2025-08-20,18,41.5,42,13.4,10.0,0.0,Sunny
2025-08-20 19:00:00,2025-08-20,19,39.5,43,14.9,10.0,0.0,Clear
2025-08-20 20:00:00,2025-08-20,20,37.9,44,3.6,10.0,0.0,Clear
2025-08-20 21:00:00,2025-08-20,21,38.1,42,6.0,10.0,0.0,Clear
2025-08-20 22:00:00,2025-08-20,22,35.2,46,5.9,10.0,0.0,Clear
2025-08-20 23:00:00,2025-08-20,23,34.7,50,11.0,10.0,0.0,Clear
2025-08-21 00:00:00,2025-08-21,0,32.4,45,16.1,10.0,0.0,Clear
2025-08-21 01:00:00,2025-08-21,1,30.5,48,19.0,10.0,0.0,Clear
2025-08-21 02:00:00,2025-08-21,2,32.1,58,17.1,10.0,0.0,Clear
2025-08-21 03:00:00,2025-08-21,3,30.0,55,19.7,10.0,0.0,Clear
2025-08-21 04:00:00,2025-08-21,4,31.1,67,28.2,10.0,0.0,Clear
2025-08-21 05:00:00,2025-08-21,5,32.3,69,2.5,10.0,0.0,Clear
2025-08-21 06:00:00,2025-08-21,6,32.2,72,5.4,10.0,0.0,Clear
2025-08-21 07:00:00,2025-08-21,7,33.4,78,10.1,10.0,0.0,Sunny
2025-08-21 08:00:00,2025-08-21,8,34.4,75,8.0,10.0,0.0,Sunny
2025-08-21 09:00:00,2025-08-21,9,37.1,91,11.5,10.0,0.0,Sunny
2025-08-21 10:00:00,2025-08-21,10,37.8,76,21.2,10.0,0.0,Sunny
2025-08-21 11:00:00,2025-08-21,11,39.9,73,2.8,10.0,0.0,Sunny
2025-08-21 12:00:00,2025-08-21,12,41.2,82,31.9,10.0,0.0,Sunny
2025-08-21 13:00:00,2025-08-21,13,41.9,69,10.4,10.0,0.0,Sunny
2025-08-21 14:00:00,2025-08-21,14,43.6,60,10.7,10.0,0.0,Sunny
2025-08-21 15:00:00,2025-08-21,15,44.9,59,10.9,10.0,0.0,Partly Cloudy
2025-08-21 16:00:00,2025-08-21,16,44.2,63,10.1,10.0,0.0,Sunny
2025-08-21 17:00:00,2025-08-21,17,40.3,52,14.6,10.0,0.0,Sunny
2025-08-21 18:00:00,2025-08-21,18,41.6,44,10.4,10.0,0.0,Hazy
2025-08-21 19:00:00,2025-08-21,19,42.9,48,44.1,10.0,0.0,Clear
2025-08-21 20:00:00,2025-08-21,20,38.8,45,2.0,10.0,0.0,Clear
2025-08-21 21:00:00,2025-08-21,21,36.6,44,3.3,10.0,0.0,Clear
2025-08-21 22:00:00,2025-08-21,22,36.8,36,8.3,10.0,0.0,Clear
2025-08-21 23:00:00,2025-08-21,23,33.7,40,32.6,10.0,0.0,Clear
2025-08-22 00:00:00,2025-08-22,0,33.8,41,20.8,10.0,0.0,Clear
2025-08-22 01:00:00,2025-08-22,1,31.2,50,10.0,10.0,0.0,Clear
2025-08-22 02:00:00,2025-08-22,2,31.2,61,3.3,10.0,0.0,Clear
2025-08-22 03:00:00,2025-08-22,3,29.7,53,23.3,10.0,0.0,Clear
2025-08-22 04:00:00,2025-08-22,4,31.9,60,6.3,10.0,0.0,Clear
2025-08-22 05:00:00,2025-08-22,5,31.3,62,2.0,10.0,0.0,Clear
2025-08-22 06:00:00,2025-08-22,6,32.6,76,27.0,10.0,0.0,Clear
2025-08-22 07:00:00,2025-08-22,7,34.9,83,6.4,10.0,0.0,Sunny
2025-08-22 08:00:00,2025-08-22,8,35.9,78,22.2,10.0,0.0,Sunny
2025-08-22 09:00:00,2025-08-22,9,36.8,80,6.3,10.0,0.0,Sunny
2025-08-22 10:00:00,2025-08-22,10,37.0,77,11.6,10.0,0.0,Sunny
2025-08-22 11:00:00,2025-08-22,11,40.1,75,3.9,10.0,0.0,Sunny
2025-08-22 12:00:00,2025-08-22,12,41.2,76,5.4,10.0,0.0,Sunny
2025-08-22 13:00:00,2025-08-22,13,42.6,65,9.2,10.0,0.0,Hazy
2025-08-22 14:00:00,2025-08-22,14,43.0,67,11.4,10.0,0.0,Sunny
2025-08-22 15:00:00,2025-08-22,15,45.0,59,15.9,10.0,0.0,Partly Cloudy
2025-08-22 16:00:00,2025-08-22,16,43.9,55,2.0,10.0,0.0,Sunny
2025-08-22 17:00:00,2025-08-22,17,42.2,49,14.5,10.0,0.0,Sunny
2025-08-22 18:00:00,2025-08-22,18,42.4,39,11.1,10.0,0.0,Sunny
2025-08-22 19:00:00,2025-08-22,19,42.0,47,33.1,10.0,0.0,Clear
2025-08-22 20:00:00,2025-08-22,20,37.9,42,12.9,10.0,0.0,Clear
2025-08-22 21:00:00,2025-08-22,21,36.7,42,2.0,10.0,0.0,Clear
2025-08-22 22:00:00,2025-08-22,22,34.5,50,4.8,10.0,0.0,Clear
2025-08-22 23:00:00,2025-08-22,23,34.2,45,14.0,10.0,0.0,Clear
2025-08-23 00:00:00,2025-08-23,0,34.9,44,8.8,10.0,0.0,Clear
2025-08-23 01:00:00,2025-08-23,1,32.8,45,2.4,10.0,0.0,Clear
2025-08-23 02:00:00,2025-08-23,2,30.3,54,10.5,10.0,0.0,Clear
2025-08-23 03:00:00,2025-08-23,3,31.3,62,5.1,10.0,0.0,Clear
2025-08-23 04:00:00,2025-08-23,4,32.2,59,10.2,10.0,0.0,Clear
2025-08-23 05:00:00,2025-08-23,5,29.4,73,7.2,10.0,0.0,Clear
2025-08-23 06:00:00,2025-08-23,6,31.2,71,10.6,10.0,0.0,Clear
2025-08-23 07:00:00,2025-08-23,7,34.9,75,8.7,10.0,0.0,Sunny
2025-08-23 08:00:00,2025-08-23,8,33.6,77,7.1,10.0,0.0,Sunny
2025-08-23 09:00:00,2025-08-23,9,37.1,72,17.9,10.0,0.0,Sunny
2025-08-23 10:00:00,2025-08-23,10,39.6,75,19.9,10.0,0.0,Partly Cloudy
2025-08-23 11:00:00,2025-08-23,11,40.6,77,13.7,10.0,0.0,Sunny
2025-08-23 12:00:00,2025-08-23,12,41.5,72,7.6,10.0,0.0,Partly Cloudy
2025-08-23 13:00:00,2025-08-23,13,44.3,67,7.2,10.0,0.0,Sunny
2025-08-23 14:00:00,2025-08-23,14,44.3,63,12.9,10.0,0.0,Sunny
2025-08-23 15:00:00,2025-08-23,15,46.1,62,4.6,10.0,0.0,Sunny
2025-08-23 16:00:00,2025-08-23,16,41.9,61,28.9,10.0,0.0,Sunny
2025-08-23 17:00:00,2025-08-23,17,42.0,50,3.3,10.0,0.0,Sunny
2025-08-23 18:00:00,2025-08-23,18,41.5,44,3.5,10.0,0.0,Sunny
2025-08-23 19:00:00,2025-08-23,19,41.8,54,12.2,10.0,0.0,Clear
2025-08-23 20:00:00,2025-08-23,20,39.6,47,13.2,10.0,0.0,Clear
2025-08-23 21:00:00,2025-08-23,21,36.5,41,5.3,10.0,0.0,Clear
2025-08-23 22:00:00,2025-08-23,22,34.1,40,3.4,10.0,0.0,Clear
2025-08-23 23:00:00,2025-08-23,23,32.4,51,6.7,10.0,0.0,Clear
2025-08-24 00:00:00,2025-08-24,0,34.5,44,10.8,10.0,0.0,Clear
2025-08-24 01:00:00,2025-08-24,1,31.3,51,3.2,10.0,0.0,Clear
2025-08-24 02:00:00,2025-08-24,2,31.0,58,24.6,10.0,0.0,Clear
2025-08-24 03:00:00,2025-08-24,3,29.3,61,8.0,10.0,0.0,Clear
2025-08-24 04:00:00,2025-08-24,4,30.8,61,21.3,10.0,0.0,Clear
2025-08-24 05:00:00,2025-08-24,5,30.3,67,8.4,10.0,0.0,Clear
2025-08-24 06:00:00,2025-08-24,6,32.6,73,8.0,10.0,0.0,Clear
2025-08-24 07:00:00,2025-08-24,7,33.4,71,10.8,10.0,0.0,Partly Cloudy
2025-08-24 08:00:00,2025-08-24,8,34.5,77,7.2,10.0,0.0,Partly Cloudy
2025-08-24 09:00:00,2025-08-24,9,38.4,84,20.5,10.0,0.0,Sunny
2025-08-24 10:00:00,2025-08-24,10,40.2,85,17.1,10.0,0.0,Sunny
2025-08-24 11:00:00,2025-08-24,11,40.8,75,18.8,10.0,0.0,Sunny
2025-08-24 12:00:00,2025-08-24,12,39.4,72,8.2,10.0,0.0,Sunny
2025-08-24 13:00:00,2025-08-24,13,41.4,68,10.1,10.0,0.0,Sunny
2025-08-24 14:00:00,2025-08-24,14,42.1,56,12.8,10.0,0.0,Sunny
2025-08-24 15:00:00,2025-08-24,15,45.8,62,27.3,10.0,0.0,Partly Cloudy
2025-08-24 16:00:00,2025-08-24,16,44.6,56,18.7,10.0,0.0,Partly Cloudy
2025-08-24 17:00:00,2025-08-24,17,44.3,55,15.5,10.0,0.0,Sunny
2025-08-24 18:00:00,2025-08-24,18,40.7,51,2.0,10.0,0.0,Sunny
2025-08-24 19:00:00,2025-08-24,19,38.4,47,19.8,10.0,0.0,Clear
2025-08-24 20:00:00,2025-08-24,20,39.9,45,17.4,10.0,0.0,Clear
2025-08-24 21:00:00,2025-08-24,21,34.3,38,13.7,10.0,0.0,Clear
2025-08-24 22:00:00,2025-08-24,22,35.4,43,5.8,10.0,0.0,Clear
2025-08-24 23:00:00,2025-08-24,23,34.5,39,10.2,10.0,0.0,Clear
2025-08-25 00:00:00,2025-08-25,0,31.1,46,8.4,10.0,0.0,Clear
2025-08-25 01:00:00,2025-08-25,1,33.2,57,7.6,10.0,0.0,Clear
2025-08-25 02:00:00,2025-08-25,2,30.4,57,8.4,10.0,0.0,Clear
2025-08-25 03:00:00,2025-08-25,3,30.9,61,2.0,10.0,0.0,Clear
2025-08-25 04:00:00,2025-08-25,4,31.4,64,7.6,10.0,0.0,Clear
2025-08-25 05:00:00,2025-08-25,5,31.6,69,19.1,10.0,0.0,Clear
2025-08-25 06:00:00,2025-08-25,6,31.7,73,32.0,10.0,0.0,Clear
2025-08-25 07:00:00,2025-08-25,7,32.8,76,3.0,10.0,0.0,Sunny
2025-08-25 08:00:00,2025-08-25,8,35.8,80,19.9,10.0,0.0,Sunny
2025-08-25 09:00:00,2025-08-25,9,37.8,86,2.5,10.0,0.0,Sunny
2025-08-25 10:00:00,2025-08-25,10,39.9,83,5.9,10.0,0.0,Hazy
2025-08-25 11:00:00,2025-08-25,11,40.1,74,7.0,10.0,0.0,Sunny
2025-08-25 12:00:00,2025-08-25,12,41.7,70,9.1,10.0,0.0,Hazy
2025-08-25 13:00:00,2025-08-25,13,41.6,67,12.7,10.0,0.0,Partly Cloudy
2025-08-25 14:00:00,2025-08-25,14,44.5,62,2.0,10.0,0.0,Sunny
2025-08-25 15:00:00,2025-08-25,15,42.5,53,17.6,10.0,0.0,Partly Cloudy
2025-08-25 16:00:00,2025-08-25,16,44.0,56,4.2,10.0,0.0,Sunny
2025-08-25 17:00:00,2025-08-25,17,43.8,49,2.0,10.0,0.0,Partly Cloudy
2025-08-25 18:00:00,2025-08-25,18,42.8,47,36.3,10.0,0.0,Sunny
2025-08-25 19:00:00,2025-08-25,19,38.6,42,14.2,10.0,0.0,Clear
2025-08-25 20:00:00,2025-08-25,20,36.8,43,9.4,10.0,0.0,Clear
2025-08-25 21:00:00,2025-08-25,21,35.9,39,2.4,10.0,0.0,Clear
2025-08-25 22:00:00,2025-08-25,22,34.0,40,31.9,10.0,0.0,Clear
2025-08-25 23:00:00,2025-08-25,23,36.3,52,11.6,10.0,0.0,Clear
2025-08-26 00:00:00,2025-08-26,0,32.8,42,9.3,10.0,0.0,Clear
2025-08-26 01:00:00,2025-08-26,1,29.9,63,23.3,10.0,0.0,Clear
2025-08-26 02:00:00,2025-08-26,2,29.5,50,2.7,10.0,0.0,Clear
2025-08-26 03:00:00,2025-08-26,3,32.4,57,9.7,10.0,0.0,Clear
2025-08-26 04:00:00,2025-08-26,4,32.3,60,20.3,10.0,0.0,Clear
2025-08-26 05:00:00,2025-08-26,5,29.8,67,22.4,10.0,0.0,Clear
2025-08-26 06:00:00,2025-08-26,6,33.3,59,22.4,10.0,0.0,Clear
2025-08-26 07:00:00,2025-08-26,7,33.4,80,10.8,10.0,0.0,Partly Cloudy
2025-08-26 08:00:00,2025-08-26,8,35.1,74,4.3,10.0,0.0,Partly Cloudy
2025-08-26 09:00:00,2025-08-26,9,35.4,79,11.1,10.0,0.0,Sunny
2025-08-26 10:00:00,2025-08-26,10,38.2,84,16.0,10.0,0.0,Sunny
2025-08-26 11:00:00,2025-08-26,11,39.0,73,23.6,10.0,0.0,Partly Cloudy
2025-08-26 12:00:00,2025-08-26,12,43.1,74,21.1,10.0,0.0,Hazy
2025-08-26 13:00:00,2025-08-26,13,41.5,65,11.4,10.0,0.0,Sunny
2025-08-26 14:00:00,2025-08-26,14,44.7,68,20.0,10.0,0.0,Partly Cloudy
2025-08-26 15:00:00,2025-08-26,15,43.0,61,12.7,10.0,0.0,Sunny
2025-08-26 16:00:00,2025-08-26,16,41.0,50,12.6,10.0,0.0,Partly Cloudy
2025-08-26 17:00:00,2025-08-26,17,41.8,56,7.1,10.0,0.0,Hazy
2025-08-26 18:00:00,2025-08-26,18,40.1,47,9.9,10.0,0.0,Partly Cloudy
2025-08-26 19:00:00,2025-08-26,19,40.8,44,8.0,10.0,0.0,Clear
2025-08-26 20:00:00,2025-08-26,20,37.2,45,13.5,10.0,0.0,Clear
2025-08-26 21:00:00,2025-08-26,21,36.4,46,2.0,10.0,0.0,Clear
2025-08-26 22:00:00,2025-08-26,22,35.6,38,18.0,10.0,0.0,Clear
2025-08-26 23:00:00,2025-08-26,23,32.2,48,4.8,10.0,0.0,Clear
2025-08-27 00:00:00,2025-08-27,0,34.0,47,2.0,10.0,0.0,Clear
2025-08-27 01:00:00,2025-08-27,1,31.5,50,3.1,10.0,0.0,Clear
2025-08-27 02:00:00,2025-08-27,2,30.7,53,21.4,10.0,0.0,Clear
2025-08-27 03:00:00,2025-08-27,3,28.6,61,9.9,10.0,0.0,Clear
2025-08-27 04:00:00,2025-08-27,4,30.0,59,12.4,10.0,0.0,Clear
2025-08-27 05:00:00,2025-08-27,5,31.0,66,3.1,10.0,0.0,Clear
2025-08-27 06:00:00,2025-08-27,6,30.8,66,24.3,10.0,0.0,Clear
2025-08-27 07:00:00,2025-08-27,7,34.7,79,11.1,10.0,0.0,Sunny
2025-08-27 08:00:00,2025-08-27,8,35.3,78,18.7,10.0,0.0,Sunny
2025-08-27 09:00:00,2025-08-27,9,35.9,79,6.2,10.0,0.0,Hazy
2025-08-27 10:00:00,2025-08-27,10,38.2,76,27.0,10.0,0.0,Sunny
2025-08-27 11:00:00,2025-08-27,11,40.2,75,15.8,10.0,0.0,Sunny
2025-08-27 12:00:00,2025-08-27,12,43.9,72,12.0,10.0,0.0,Sunny
2025-08-27 13:00:00,2025-08-27,13,43.0,70,7.3,10.0,0.0,Hazy
2025-08-27 14:00:00,2025-08-27,14,42.2,59,26.2,10.0,0.0,Sunny
2025-08-27 15:00:00,2025-08-27,15,42.6,60,13.8,10.0,0.0,Partly Cloudy
2025-08-27 16:00:00,2025-08-27,16,42.7,57,9.5,10.0,0.0,Sunny
2025-08-27 17:00:00,2025-08-27,17,43.2,53,2.2,10.0,0.0,Sunny
2025-08-27 18:00:00,2025-08-27,18,41.9,55,22.3,10.0,0.0,Hazy
2025-08-27 19:00:00,2025-08-27,19,40.7,45,17.2,10.0,0.0,Clear
2025-08-27 20:00:00,2025-08-27,20,38.4,46,37.1,10.0,0.0,Clear
2025-08-27 21:00:00,2025-08-27,21,35.0,46,4.2,10.0,0.0,Clear
2025-08-27 22:00:00,2025-08-27,22,35.8,40,2.2,10.0,0.0,Clear
2025-08-27 23:00:00,2025-08-27,23,32.7,48,13.4,10.0,0.0,Clear
2025-08-28 00:00:00,2025-08-28,0,32.9,40,11.0,10.0,0.0,Clear
2025-08-28 01:00:00,2025-08-28,1,29.8,48,14.8,10.0,0.0,Clear
2025-08-28 02:00:00,2025-08-28,2,30.6,58,2.5,10.0,0.0,Clear
2025-08-28 03:00:00,2025-08-28,3,31.3,56,11.0,10.0,0.0,Clear
2025-08-28 04:00:00,2025-08-28,4,33.0,69,9.2,10.0,0.0,Clear
2025-08-28 05:00:00,2025-08-28,5,30.6,73,21.1,10.0,0.0,Clear
2025-08-28 06:00:00,2025-08-28,6,34.0,74,2.6,10.0,0.0,Clear
2025-08-28 07:00:00,2025-08-28,7,34.9,77,8.4,10.0,0.0,Sunny
2025-08-28 08:00:00,2025-08-28,8,34.8,76,9.9,10.0,0.0,Sunny
2025-08-28 09:00:00,2025-08-28,9,36.9,79,14.0,10.0,0.0,Sunny
2025-08-28 10:00:00,2025-08-28,10,37.9,82,4.7,10.0,0.0,Sunny
2025-08-28 11:00:00,2025-08-28,11,39.3,80,30.0,10.0,0.0,Partly Cloudy
2025-08-28 12:00:00,2025-08-28,12,39.7,73,29.2,10.0,0.0,Partly Cloudy
2025-08-28 13:00:00,2025-08-28,13,41.3,64,22.3,10.0,0.0,Partly Cloudy
2025-08-28 14:00:00,2025-08-28,14,40.1,64,14.2,10.0,0.0,Partly Cloudy
2025-08-28 15:00:00,2025-08-28,15,43.6,61,2.8,10.0,0.0,Partly Cloudy
2025-08-28 16:00:00,2025-08-28,16,45.0,59,31.1,10.0,0.0,Sunny
2025-08-28 17:00:00,2025-08-28,17,42.8,53,2.3,10.0,0.0,Partly Cloudy
2025-08-28 18:00:00,2025-08-28,18,41.6,52,2.5,10.0,0.0,Partly Cloudy
2025-08-28 19:00:00,2025-08-28,19,39.4,42,6.0,10.0,0.0,Clear
2025-08-28 20:00:00,2025-08-28,20,40.9,40,14.6,10.0,0.0,Clear
2025-08-28 21:00:00,2025-08-28,21,38.2,46,13.0,10.0,0.0,Clear
2025-08-28 22:00:00,2025-08-28,22,33.7,39,25.9,10.0,0.0,Clear
2025-08-28 23:00:00,2025-08-28,23,36.2,40,9.2,10.0,0.0,Clear
2025-08-29 00:00:00,2025-08-29,0,34.2,48,16.0,10.0,0.0,Clear
2025-08-29 01:00:00,2025-08-29,1,30.1,54,7.8,10.0,0.0,Clear
2025-08-29 02:00:00,2025-08-29,2,31.6,56,30.5,10.0,0.0,Clear
2025-08-29 03:00:00,2025-08-29,3,30.2,50,18.0,10.0,0.0,Clear
2025-08-29 04:00:00,2025-08-29,4,28.3,64,14.0,10.0,0.0,Clear
2025-08-29 05:00:00,2025-08-29,5,30.2,66,2.8,10.0,0.0,Clear
2025-08-29 06:00:00,2025-08-29,6,33.3,78,5.8,10.0,0.0,Clear
2025-08-29 07:00:00,2025-08-29,7,34.5,69,17.6,10.0,0.0,Sunny
2025-08-29 08:00:00,2025-08-29,8,38.6,80,5.6,10.0,0.0,Sunny
2025-08-29 09:00:00,2025-08-29,9,37.2,78,5.4,10.0,0.0,Sunny
2025-08-29 10:00:00,2025-08-29,10,36.5,78,31.0,10.0,0.0,Sunny
2025-08-29 11:00:00,2025-08-29,11,39.0,79,8.6,10.0,0.0,Sunny
2025-08-29 12:00:00,2025-08-29,12,41.0,72,3.8,10.0,0.0,Sunny
2025-08-29 13:00:00,2025-08-29,13,42.2,69,25.4,10.0,0.0,Sunny
2025-08-29 14:00:00,2025-08-29,14,42.8,72,24.5,10.0,0.0,Sunny
2025-08-29 15:00:00,2025-08-29,15,43.8,64,7.8,10.0,0.0,Sunny
2025-08-29 16:00:00,2025-08-29,16,45.0,59,17.9,10.0,0.0,Sunny
2025-08-29 17:00:00,2025-08-29,17,43.0,55,14.5,10.0,0.0,Partly Cloudy
2025-08-29 18:00:00,2025-08-29,18,39.2,55,15.5,10.0,0.0,Hazy
2025-08-29 19:00:00,2025-08-29,19,40.6,47,12.0,10.0,0.0,Clear
2025-08-29 20:00:00,2025-08-29,20,36.4,43,39.3,10.0,0.0,Clear
2025-08-29 21:00:00,2025-08-29,21,36.1,45,5.7,10.0,0.0,Clear
2025-08-29 22:00:00,2025-08-29,22,37.3,40,3.9,10.0,0.0,Clear
2025-08-29 23:00:00,2025-08-29,23,31.2,48,7.7,10.0,0.0,Clear
2025-08-30 00:00:00,2025-08-30,0,34.7,51,21.7,10.0,0.0,Clear
2025-08-30 01:00:00,2025-08-30,1,31.9,50,10.6,10.0,0.0,Clear
2025-08-30 02:00:00,2025-08-30,2,31.0,55,16.4,10.0,0.0,Clear
2025-08-30 03:00:00,2025-08-30,3,28.8,61,21.0,10.0,0.0,Clear
2025-08-30 04:00:00,2025-08-30,4,30.7,62,3.7,10.0,0.0,Clear
2025-08-30 05:00:00,2025-08-30,5,30.7,65,20.2,10.0,0.0,Clear
2025-08-30 06:00:00,2025-08-30,6,31.3,72,18.1,10.0,0.0,Clear
2025-08-30 07:00:00,2025-08-30,7,33.5,76,2.0,10.0,0.0,Partly Cloudy
2025-08-30 08:00:00,2025-08-30,8,38.0,80,2.6,10.0,0.0,Partly Cloudy
2025-08-30 09:00:00,2025-08-30,9,37.8,80,12.3,10.0,0.0,Sunny
2025-08-30 10:00:00,2025-08-30,10,38.3,77,2.8,10.0,0.0,Partly Cloudy
2025-08-30 11:00:00,2025-08-30,11,40.6,78,15.0,10.0,0.0,Sunny
2025-08-30 12:00:00,2025-08-30,12,41.0,71,6.2,10.0,0.0,Sunny
2025-08-30 13:00:00,2025-08-30,13,43.4,63,5.0,10.0,0.0,Sunny
2025-08-30 14:00:00,2025-08-30,14,41.7,64,9.7,10.0,0.0,Partly Cloudy
2025-08-30 15:00:00,2025-08-30,15,44.4,61,6.2,10.0,0.0,Sunny
2025-08-30 16:00:00,2025-08-30,16,41.3,53,14.7,10.0,0.0,Partly Cloudy
2025-08-30 17:00:00,2025-08-30,17,42.2,45,41.1,10.0,0.0,Sunny
2025-08-30 18:00:00,2025-08-30,18,42.8,44,6.4,10.0,0.0,Sunny
2025-08-30 19:00:00,2025-08-30,19,42.3,40,5.1,10.0,0.0,Clear
2025-08-30 20:00:00,2025-08-30,20,35.9,37,12.6,10.0,0.0,Clear
2025-08-30 21:00:00,2025-08-30,21,35.5,42,14.3,10.0,0.0,Clear
2025-08-30 22:00:00,2025-08-30,22,35.2,47,2.0,10.0,0.0,Clear
2025-08-30 23:00:00,2025-08-30,23,34.5,45,15.7,10.0,0.0,Clear
2025-08-31 00:00:00,2025-08-31,0,31.6,52,16.7,10.0,0.0,Clear
2025-08-31 01:00:00,2025-08-31,1,31.2,41,7.6,10.0,0.0,Clear
2025-08-31 02:00:00,2025-08-31,2,30.7,56,6.6,10.0,0.0,Clear
2025-08-31 03:00:00,2025-08-31,3,30.3,62,11.1,10.0,0.0,Clear
2025-08-31 04:00:00,2025-08-31,4,30.6,62,4.8,10.0,0.0,Clear
2025-08-31 05:00:00,2025-08-31,5,31.3,65,9.0,10.0,0.0,Clear
2025-08-31 06:00:00,2025-08-31,6,34.3,71,4.0,10.0,0.0,Clear
2025-08-31 07:00:00,2025-08-31,7,33.5,79,5.4,10.0,0.0,Sunny
2025-08-31 08:00:00,2025-08-31,8,36.8,73,9.8,10.0,0.0,Sunny
2025-08-31 09:00:00,2025-08-31,9,36.9,75,13.0,10.0,0.0,Sunny
2025-08-31 10:00:00,2025-08-31,10,37.8,72,6.7,10.0,0.0,Sunny
2025-08-31 11:00:00,2025-08-31,11,39.9,78,19.6,10.0,0.0,Partly Cloudy
2025-08-31 12:00:00,2025-08-31,12,39.5,70,2.1,10.0,0.0,Partly Cloudy
2025-08-31 13:00:00,2025-08-31,13,41.3,69,11.5,10.0,0.0,Sunny
2025-08-31 14:00:00,2025-08-31,14,42.4,67,4.4,10.0,0.0,Sunny
2025-08-31 15:00:00,2025-08-31,15,43.6,58,17.1,10.0,0.0,Sunny
2025-08-31 16:00:00,2025-08-31,16,45.2,49,53.4,10.0,0.0,Sunny
2025-08-31 17:00:00,2025-08-31,17,42.2,53,5.7,10.0,0.0,Sunny
2025-08-31 18:00:00,2025-08-31,18,40.3,50,6.0,10.0,0.0,Sunny
2025-08-31 19:00:00,2025-08-31,19,41.3,51,5.0,10.0,0.0,Clear
2025-08-31 20:00:00,2025-08-31,20,38.9,44,12.7,10.0,0.0,Clear
2025-08-31 21:00:00,2025-08-31,21,38.4,42,7.6,10.0,0.0,Clear
2025-08-31 22:00:00,2025-08-31,22,36.5,44,11.6,10.0,0.0,Clear
2025-08-31 23:00:00,2025-08-31,23,34.4,44,3.9,10.0,0.0,Clear
2025-09-01 00:00:00,2025-09-01,0,29.8,47,11.5,10.0,0.0,Clear
2025-09-01 01:00:00,2025-09-01,1,29.5,49,9.6,10.0,0.0,Clear
2025-09-01 02:00:00,2025-09-01,2,28.8,56,8.0,10.0,0.0,Clear
2025-09-01 03:00:00,2025-09-01,3,28.6,61,24.1,10.0,0.0,Clear
2025-09-01 04:00:00,2025-09-01,4,28.8,64,8.5,10.0,0.0,Clear
2025-09-01 05:00:00,2025-09-01,5,28.3,65,4.4,10.0,0.0,Clear
2025-09-01 06:00:00,2025-09-01,6,28.4,67,12.0,10.0,0.0,Clear
2025-09-01 07:00:00,2025-09-01,7,30.8,73,6.1,10.0,0.0,Sunny
2025-09-01 08:00:00,2025-09-01,8,31.8,75,13.0,10.0,0.0,Partly Cloudy
2025-09-01 09:00:00,2025-09-01,9,32.9,76,6.0,10.0,0.0,Sunny
2025-09-01 10:00:00,2025-09-01,10,37.6,76,2.0,10.0,0.0,Hazy
2025-09-01 11:00:00,2025-09-01,11,37.2,82,8.0,10.0,0.0,Sunny
2025-09-01 12:00:00,2025-09-01,12,37.3,71,3.8,10.0,0.0,Sunny
2025-09-01 13:00:00,2025-09-01,13,41.2,64,3.4,10.0,0.0,Sunny
2025-09-01 14:00:00,2025-09-01,14,40.4,65,17.2,10.0,0.0,Sunny
2025-09-01 15:00:00,2025-09-01,15,41.7,58,5.0,10.0,0.0,Sunny
2025-09-01 16:00:00,2025-09-01,16,39.8,63,3.2,10.0,0.0,Sunny
2025-09-01 17:00:00,2025-09-01,17,40.3,52,17.2,10.0,0.0,Hazy
2025-09-01 18:00:00,2025-09-01,18,39.4,51,8.8,10.0,0.0,Sunny
2025-09-01 19:00:00,2025-09-01,19,37.4,45,4.8,10.0,0.0,Clear
2025-09-01 20:00:00,2025-09-01,20,34.9,43,5.4,10.0,0.0,Clear
2025-09-01 21:00:00,2025-09-01,21,34.5,40,5.4,10.0,0.0,Clear
2025-09-01 22:00:00,2025-09-01,22,33.0,42,7.9,10.0,0.0,Clear
2025-09-01 23:00:00,2025-09-01,23,29.3,41,12.5,10.0,0.0,Clear
2025-09-02 00:00:00,2025-09-02,0,32.3,46,16.2,10.0,0.0,Clear
2025-09-02 01:00:00,2025-09-02,1,30.3,52,2.5,10.0,0.0,Clear
2025-09-02 02:00:00,2025-09-02,2,27.9,57,6.9,10.0,0.0,Clear
2025-09-02 03:00:00,2025-09-02,3,28.5,61,4.4,10.0,0.0,Clear
2025-09-02 04:00:00,2025-09-02,4,27.7,62,8.3,10.0,0.0,Clear
2025-09-02 05:00:00,2025-09-02,5,27.6,78,11.5,10.0,0.0,Clear
2025-09-02 06:00:00,2025-09-02,6,30.5,72,10.5,10.0,0.0,Clear
2025-09-02 07:00:00,2025-09-02,7,29.8,77,7.7,10.0,0.0,Sunny
2025-09-02 08:00:00,2025-09-02,8,32.8,82,4.7,10.0,0.0,Sunny
2025-09-02 09:00:00,2025-09-02,9,33.2,74,2.0,10.0,0.0,Partly Cloudy
2025-09-02 10:00:00,2025-09-02,10,34.7,77,10.9,10.0,0.0,Hazy
2025-09-02 11:00:00,2025-09-02,11,37.4,83,4.8,10.0,0.0,Sunny
2025-09-02 12:00:00,2025-09-02,12,39.8,75,16.9,10.0,0.0,Hazy
2025-09-02 13:00:00,2025-09-02,13,39.9,72,14.2,10.0,0.0,Sunny
2025-09-02 14:00:00,2025-09-02,14,40.4,63,19.6,10.0,0.0,Sunny
2025-09-02 15:00:00,2025-09-02,15,38.3,58,7.8,10.0,0.0,Partly Cloudy
2025-09-02 16:00:00,2025-09-02,16,40.0,51,8.7,10.0,0.0,Hazy
2025-09-02 17:00:00,2025-09-02,17,37.9,59,40.8,10.0,0.0,Sunny
2025-09-02 18:00:00,2025-09-02,18,38.7,45,12.9,10.0,0.0,Partly Cloudy
2025-09-02 19:00:00,2025-09-02,19,37.2,39,2.0,10.0,0.0,Clear
2025-09-02 20:00:00,2025-09-02,20,35.6,47,8.9,10.0,0.0,Clear
2025-09-02 21:00:00,2025-09-02,21,34.0,39,18.7,10.0,0.0,Clear
2025-09-02 22:00:00,2025-09-02,22,32.9,45,19.1,10.0,0.0,Clear
2025-09-02 23:00:00,2025-09-02,23,31.4,47,9.5,10.0,0.0,Clear
2025-09-03 00:00:00,2025-09-03,0,29.8,51,18.0,10.0,0.0,Clear
2025-09-03 01:00:00,2025-09-03,1,29.5,45,13.7,10.0,0.0,Clear
2025-09-03 02:00:00,2025-09-03,2,24.8,57,27.3,10.0,0.0,Clear
2025-09-03 03:00:00,2025-09-03,3,26.3,56,11.0,10.0,0.0,Clear
2025-09-03 04:00:00,2025-09-03,4,28.3,65,14.1,10.0,0.0,Clear
2025-09-03 05:00:00,2025-09-03,5,28.4,72,8.0,10.0,0.0,Clear
2025-09-03 06:00:00,2025-09-03,6,28.4,66,34.4,10.0,0.0,Clear
2025-09-03 07:00:00,2025-09-03,7,31.3,74,7.6,10.0,0.0,Sunny
2025-09-03 08:00:00,2025-09-03,8,33.2,74,11.9,10.0,0.0,Partly Cloudy
2025-09-03 09:00:00,2025-09-03,9,33.1,79,13.9,10.0,0.0,Hazy
2025-09-03 10:00:00,2025-09-03,10,34.9,73,4.1,10.0,0.0,Sunny
2025-09-03 11:00:00,2025-09-03,11,35.3,78,15.8,10.0,0.0,Hazy
2025-09-03 12:00:00,2025-09-03,12,38.5,72,20.9,10.0,0.0,Sunny
2025-09-03 13:00:00,2025-09-03,13,39.6,69,18.4,10.0,0.0,Sunny
2025-09-03 14:00:00,2025-09-03,14,39.0,66,4.8,10.0,0.0,Sunny
2025-09-03 15:00:00,2025-09-03,15,39.9,49,6.4,10.0,0.0,Sunny
2025-09-03 16:00:00,2025-09-03,16,40.2,51,5.0,10.0,0.0,Sunny
2025-09-03 17:00:00,2025-09-03,17,40.7,57,6.5,10.0,0.0,Sunny
2025-09-03 18:00:00,2025-09-03,18,38.1,42,16.6,10.0,0.0,Sunny
2025-09-03 19:00:00,2025-09-03,19,36.2,40,2.0,10.0,0.0,Clear
2025-09-03 20:00:00,2025-09-03,20,37.5,41,7.1,10.0,0.0,Clear
2025-09-03 21:00:00,2025-09-03,21,34.8,45,10.1,10.0,0.0,Clear
2025-09-03 22:00:00,2025-09-03,22,30.8,37,26.9,10.0,0.0,Clear
2025-09-03 23:00:00,2025-09-03,23,31.6,43,10.8,10.0,0.0,Clear
2025-09-04 00:00:00,2025-09-04,0,28.8,52,9.5,10.0,0.0,Clear
2025-09-04 01:00:00,2025-09-04,1,29.6,52,18.5,10.0,0.0,Clear
2025-09-04 02:00:00,2025-09-04,2,27.2,51,3.6,10.0,0.0,Clear
2025-09-04 03:00:00,2025-09-04,3,25.3,64,14.4,10.0,0.0,Clear
2025-09-04 04:00:00,2025-09-04,4,27.0,63,17.2,10.0,0.0,Clear
2025-09-04 05:00:00,2025-09-04,5,27.3,71,11.5,10.0,0.0,Clear
2025-09-04 06:00:00,2025-09-04,6,28.6,70,17.3,10.0,0.0,Clear
2025-09-04 07:00:00,2025-09-04,7,28.0,80,10.0,10.0,0.0,Hazy
2025-09-04 08:00:00,2025-09-04,8,32.2,76,2.2,10.0,0.0,Sunny
2025-09-04 09:00:00,2025-09-04,9,31.6,79,5.2,10.0,0.0,Sunny
2025-09-04 10:00:00,2025-09-04,10,35.5,70,9.6,10.0,0.0,Sunny
2025-09-04 11:00:00,2025-09-04,11,34.4,82,39.5,10.0,0.0,Sunny
2025-09-04 12:00:00,2025-09-04,12,37.3,78,3.9,10.0,0.0,Sunny
2025-09-04 13:00:00,2025-09-04,13,40.3,64,20.1,10.0,0.0,Sunny
2025-09-04 14:00:00,2025-09-04,14,41.1,71,11.4,10.0,0.0,Sunny
2025-09-04 15:00:00,2025-09-04,15,39.5,55,10.4,10.0,0.0,Sunny
2025-09-04 16:00:00,2025-09-04,16,40.9,50,8.1,10.0,0.0,Partly Cloudy
2025-09-04 17:00:00,2025-09-04,17,37.4,50,13.0,10.0,0.0,Sunny
2025-09-04 18:00:00,2025-09-04,18,39.8,48,11.5,10.0,0.0,Sunny
2025-09-04 19:00:00,2025-09-04,19,38.7,48,11.7,10.0,0.0,Clear
2025-09-04 20:00:00,2025-09-04,20,35.4,42,10.0,10.0,0.0,Clear
2025-09-04 21:00:00,2025-09-04,21,33.5,38,24.7,10.0,0.0,Clear
2025-09-04 22:00:00,2025-09-04,22,29.5,47,16.6,10.0,0.0,Clear
2025-09-04 23:00:00,2025-09-04,23,30.7,44,9.8,10.0,0.0,Clear
2025-09-05 00:00:00,2025-09-05,0,30.2,50,14.0,10.0,0.0,Clear
2025-09-05 01:00:00,2025-09-05,1,28.8,55,15.6,10.0,0.0,Clear
2025-09-05 02:00:00,2025-09-05,2,27.9,53,13.7,10.0,0.0,Clear
2025-09-05 03:00:00,2025-09-05,3,25.8,59,4.8,10.0,0.0,Clear
2025-09-05 04:00:00,2025-09-05,4,27.9,67,12.7,10.0,0.0,Clear
2025-09-05 05:00:00,2025-09-05,5,27.3,73,9.8,10.0,0.0,Clear
2025-09-05 06:00:00,2025-09-05,6,31.1,70,4.7,10.0,0.0,Clear
2025-09-05 07:00:00,2025-09-05,7,31.5,75,10.9,10.0,0.0,Sunny
2025-09-05 08:00:00,2025-09-05,8,32.6,72,12.4,10.0,0.0,Sunny
2025-09-05 09:00:00,2025-09-05,9,34.0,76,12.0,10.0,0.0,Partly Cloudy
2025-09-05 10:00:00,2025-09-05,10,34.5,83,9.6,10.0,0.0,Sunny
2025-09-05 11:00:00,2025-09-05,11,36.3,68,10.6,10.0,0.0,Sunny
2025-09-05 12:00:00,2025-09-05,12,40.9,80,6.3,10.0,0.0,Sunny
2025-09-05 13:00:00,2025-09-05,13,38.6,76,8.0,10.0,0.0,Partly Cloudy
2025-09-05 14:00:00,2025-09-05,14,40.3,60,2.0,10.0,0.0,Sunny
2025-09-05 15:00:00,2025-09-05,15,40.6,56,8.0,10.0,0.0,Sunny
2025-09-05 16:00:00,2025-09-05,16,40.3,55,2.0,10.0,0.0,Sunny
2025-09-05 17:00:00,2025-09-05,17,39.8,49,8.5,10.0,0.0,Sunny
2025-09-05 18:00:00,2025-09-05,18,40.8,52,13.4,10.0,0.0,Sunny
2025-09-05 19:00:00,2025-09-05,19,37.4,48,13.6,10.0,0.0,Clear
2025-09-05 20:00:00,2025-09-05,20,36.3,42,2.0,10.0,0.0,Clear
2025-09-05 21:00:00,2025-09-05,21,33.6,37,6.3,10.0,0.0,Clear
2025-09-05 22:00:00,2025-09-05,22,32.1,42,4.5,10.0,0.0,Clear
2025-09-05 23:00:00,2025-09-05,23,31.3,55,10.5,10.0,0.0,Clear
2025-09-06 00:00:00,2025-09-06,0,31.1,48,8.4,10.0,0.0,Clear
2025-09-06 01:00:00,2025-09-06,1,29.9,57,44.1,10.0,0.0,Clear
2025-09-06 02:00:00,2025-09-06,2,23.9,57,42.5,10.0,0.0,Clear
2025-09-06 03:00:00,2025-09-06,3,25.5,67,10.6,10.0,0.0,Clear
2025-09-06 04:00:00,2025-09-06,4,30.2,64,7.4,10.0,0.0,Clear
2025-09-06 05:00:00,2025-09-06,5,27.7,74,12.2,10.0,0.0,Clear
2025-09-06 06:00:00,2025-09-06,6,28.9,77,3.7,10.0,0.0,Clear
2025-09-06 07:00:00,2025-09-06,7,30.1,76,12.0,10.0,0.0,Sunny
2025-09-06 08:00:00,2025-09-06,8,30.8,78,24.2,10.0,0.0,Hazy
2025-09-06 09:00:00,2025-09-06,9,33.1,72,20.7,10.0,0.0,Sunny
2025-09-06 10:00:00,2025-09-06,10,35.0,76,21.3,10.0,0.0,Partly Cloudy
2025-09-06 11:00:00,2025-09-06,11,36.6,86,14.2,10.0,0.0,Hazy
2025-09-06 12:00:00,2025-09-06,12,37.4,80,20.8,10.0,0.0,Sunny
2025-09-06 13:00:00,2025-09-06,13,40.7,69,2.0,10.0,0.0,Sunny
2025-09-06 14:00:00,2025-09-06,14,40.2,61,6.6,10.0,0.0,Hazy
2025-09-06 15:00:00,2025-09-06,15,40.7,65,16.2,10.0,0.0,Sunny
2025-09-06 16:00:00,2025-09-06,16,40.4,57,7.6,10.0,0.0,Sunny
2025-09-06 17:00:00,2025-09-06,17,39.0,53,56.1,10.0,0.0,Sunny
2025-09-06 18:00:00,2025-09-06,18,37.7,46,4.5,10.0,0.0,Hazy
2025-09-06 19:00:00,2025-09-06,19,35.5,51,26.3,10.0,0.0,Clear
2025-09-06 20:00:00,2025-09-06,20,36.6,44,10.5,10.0,0.0,Clear
2025-09-06 21:00:00,2025-09-06,21,33.8,45,14.7,10.0,0.0,Clear
2025-09-06 22:00:00,2025-09-06,22,33.8,39,3.8,10.0,0.0,Clear
2025-09-06 23:00:00,2025-09-06,23,31.2,41,4.3,10.0,0.0,Clear
2025-09-07 00:00:00,2025-09-07,0,31.3,43,9.0,10.0,0.0,Clear
2025-09-07 01:00:00,2025-09-07,1,27.9,53,4.7,10.0,0.0,Clear
2025-09-07 02:00:00,2025-09-07,2,26.6,56,14.3,10.0,0.0,Clear
2025-09-07 03:00:00,2025-09-07,3,29.7,55,5.7,10.0,0.0,Clear
2025-09-07 04:00:00,2025-09-07,4,29.1,66,8.3,10.0,0.0,Clear
2025-09-07 05:00:00,2025-09-07,5,26.1,70,16.5,10.0,0.0,Clear
2025-09-07 06:00:00,2025-09-07,6,30.0,65,6.9,10.0,0.0,Clear
2025-09-07 07:00:00,2025-09-07,7,31.6,73,5.4,10.0,0.0,Sunny
2025-09-07 08:00:00,2025-09-07,8,32.0,78,2.9,10.0,0.0,Sunny
2025-09-07 09:00:00,2025-09-07,9,32.5,74,32.0,10.0,0.0,Sunny
2025-09-07 10:00:00,2025-09-07,10,35.5,76,10.4,10.0,0.0,Partly Cloudy
2025-09-07 11:00:00,2025-09-07,11,37.5,73,2.6,10.0,0.0,Sunny
2025-09-07 12:00:00,2025-09-07,12,37.8,66,13.4,10.0,0.0,Sunny
2025-09-07 13:00:00,2025-09-07,13,40.5,61,4.5,10.0,0.0,Sunny
2025-09-07 14:00:00,2025-09-07,14,38.3,60,20.0,10.0,0.0,Sunny
2025-09-07 15:00:00,2025-09-07,15,40.7,68,9.6,10.0,0.0,Sunny
2025-09-07 16:00:00,2025-09-07,16,42.6,50,10.9,10.0,0.0,Sunny
2025-09-07 17:00:00,2025-09-07,17,40.3,50,2.4,10.0,0.0,Sunny
2025-09-07 18:00:00,2025-09-07,18,40.3,47,17.4,10.0,0.0,Sunny
2025-09-07 19:00:00,2025-09-07,19,37.1,52,11.3,10.0,0.0,Clear
2025-09-07 20:00:00,2025-09-07,20,35.9,34,3.6,10.0,0.0,Clear
2025-09-07 21:00:00,2025-09-07,21,33.5,39,4.7,10.0,0.0,Clear
2025-09-07 22:00:00,2025-09-07,22,31.8,44,3.7,10.0,0.0,Clear
2025-09-07 23:00:00,2025-09-07,23,31.4,44,13.8,10.0,0.0,Clear
2025-09-08 00:00:00,2025-09-08,0,28.3,46,7.8,10.0,0.0,Clear
2025-09-08 01:00:00,2025-09-08,1,29.4,53,3.4,10.0,0.0,Clear
2025-09-08 02:00:00,2025-09-08,2,28.3,47,11.5,10.0,0.0,Clear
2025-09-08 03:00:00,2025-09-08,3,26.0,59,11.8,10.0,0.0,Clear
2025-09-08 04:00:00,2025-09-08,4,28.9,62,8.3,10.0,0.0,Clear
2025-09-08 05:00:00,2025-09-08,5,30.9,72,11.3,10.0,0.0,Clear
2025-09-08 06:00:00,2025-09-08,6,30.5,64,10.9,10.0,0.0,Clear
2025-09-08 07:00:00,2025-09-08,7,28.4,75,11.6,10.0,0.0,Sunny
2025-09-08 08:00:00,2025-09-08,8,35.2,77,21.3,10.0,0.0,Partly Cloudy
2025-09-08 09:00:00,2025-09-08,9,31.3,76,7.5,10.0,0.0,Sunny
2025-09-08 10:00:00,2025-09-08,10,33.6,75,7.9,10.0,0.0,Partly Cloudy
2025-09-08 11:00:00,2025-09-08,11,35.1,75,10.4,10.0,0.0,Sunny
2025-09-08 12:00:00,2025-09-08,12,38.3,77,16.7,10.0,0.0,Sunny
2025-09-08 13:00:00,2025-09-08,13,37.3,71,5.6,10.0,0.0,Sunny
2025-09-08 14:00:00,2025-09-08,14,37.6,62,5.0,10.0,0.0,Partly Cloudy
2025-09-08 15:00:00,2025-09-08,15,39.7,57,23.7,10.0,0.0,Partly Cloudy
2025-09-08 16:00:00,2025-09-08,16,39.4,51,12.8,10.0,0.0,Sunny
2025-09-08 17:00:00,2025-09-08,17,39.3,55,6.1,10.0,0.0,Sunny
2025-09-08 18:00:00,2025-09-08,18,39.2,45,15.5,10.0,0.0,Partly Cloudy
2025-09-08 19:00:00,2025-09-08,19,39.0,39,3.2,10.0,0.0,Clear
2025-09-08 20:00:00,2025-09-08,20,35.6,43,11.4,10.0,0.0,Clear
2025-09-08 21:00:00,2025-09-08,21,34.5,43,42.5,10.0,0.0,Clear
2025-09-08 22:00:00,2025-09-08,22,31.9,41,4.6,10.0,0.0,Clear
2025-09-08 23:00:00,2025-09-08,23,32.1,45,14.4,10.0,0.0,Clear
2025-09-09 00:00:00,2025-09-09,0,31.2,46,14.9,10.0,0.0,Clear
2025-09-09 01:00:00,2025-09-09,1,27.6,53,32.9,10.0,0.0,Clear
2025-09-09 02:00:00,2025-09-09,2,26.1,56,9.5,10.0,0.0,Clear
2025-09-09 03:00:00,2025-09-09,3,26.8,57,2.0,10.0,0.0,Clear
2025-09-09 04:00:00,2025-09-09,4,27.1,67,7.8,10.0,0.0,Clear
2025-09-09 05:00:00,2025-09-09,5,28.1,65,11.3,10.0,0.0,Clear
2025-09-09 06:00:00,2025-09-09,6,29.4,68,24.0,10.0,0.0,Clear
2025-09-09 07:00:00,2025-09-09,7,30.5,76,17.6,10.0,0.0,Partly Cloudy
2025-09-09 08:00:00,2025-09-09,8,30.8,79,28.4,10.0,0.0,Sunny
2025-09-09 09:00:00,2025-09-09,9,33.7,81,39.4,10.0,0.0,Sunny
2025-09-09 10:00:00,2025-09-09,10,36.0,84,13.7,10.0,0.0,Sunny
2025-09-09 11:00:00,2025-09-09,11,39.0,68,17.9,10.0,0.0,Partly Cloudy
2025-09-09 12:00:00,2025-09-09,12,37.9,70,9.3,10.0,0.0,Sunny
2025-09-09 13:00:00,2025-09-09,13,39.6,69,2.0,10.0,0.0,Partly Cloudy
2025-09-09 14:00:00,2025-09-09,14,40.1,71,3.7,10.0,0.0,Partly Cloudy
2025-09-09 15:00:00,2025-09-09,15,39.8,58,10.6,10.0,0.0,Sunny
2025-09-09 16:00:00,2025-09-09,16,39.7,48,9.4,10.0,0.0,Sunny
2025-09-09 17:00:00,2025-09-09,17,37.4,46,3.5,10.0,0.0,Sunny
2025-09-09 18:00:00,2025-09-09,18,39.1,46,7.1,10.0,0.0,Partly Cloudy
2025-09-09 19:00:00,2025-09-09,19,38.0,46,2.0,10.0,0.0,Clear
2025-09-09 20:00:00,2025-09-09,20,35.2,51,5.4,10.0,0.0,Clear
2025-09-09 21:00:00,2025-09-09,21,34.6,39,8.5,10.0,0.0,Clear
2025-09-09 22:00:00,2025-09-09,22,30.2,44,3.7,10.0,0.0,Clear
2025-09-09 23:00:00,2025-09-09,23,32.5,48,44.1,10.0,0.0,Clear
2025-09-10 00:00:00,2025-09-10,0,28.4,45,3.9,10.0,0.0,Clear
2025-09-10 01:00:00,2025-09-10,1,28.0,57,18.3,10.0,0.0,Clear
2025-09-10 02:00:00,2025-09-10,2,28.8,53,4.0,10.0,0.0,Clear
2025-09-10 03:00:00,2025-09-10,3,25.7,55,4.8,10.0,0.0,Clear
2025-09-10 04:00:00,2025-09-10,4,27.1,70,3.7,10.0,0.0,Clear
2025-09-10 05:00:00,2025-09-10,5,27.5,68,16.7,10.0,0.0,Clear
2025-09-10 06:00:00,2025-09-10,6,30.0,68,43.0,10.0,0.0,Clear
2025-09-10 07:00:00,2025-09-10,7,29.6,73,11.1,10.0,0.0,Partly Cloudy
2025-09-10 08:00:00,2025-09-10,8,33.2,74,21.4,10.0,0.0,Sunny
2025-09-10 09:00:00,2025-09-10,9,34.3,75,6.1,10.0,0.0,Sunny
2025-09-10 10:00:00,2025-09-10,10,33.8,78,4.7,10.0,0.0,Sunny
2025-09-10 11:00:00,2025-09-10,11,38.2,74,18.4,10.0,0.0,Sunny
2025-09-10 12:00:00,2025-09-10,12,40.8,81,36.2,10.0,0.0,Sunny
2025-09-10 13:00:00,2025-09-10,13,38.5,67,14.8,10.0,0.0,Sunny
2025-09-10 14:00:00,2025-09-10,14,39.6,64,27.8,10.0,0.0,Partly Cloudy
2025-09-10 15:00:00,2025-09-10,15,38.9,66,16.5,10.0,0.0,Partly Cloudy
2025-09-10 16:00:00,2025-09-10,16,40.2,60,14.1,10.0,0.0,Sunny
2025-09-10 17:00:00,2025-09-10,17,40.9,54,5.3,10.0,0.0,Sunny
2025-09-10 18:00:00,2025-09-10,18,37.8,45,6.5,10.0,0.0,Sunny
2025-09-10 19:00:00,2025-09-10,19,36.1,50,9.2,10.0,0.0,Clear
2025-09-10 20:00:00,2025-09-10,20,37.2,41,7.1,10.0,0.0,Clear
2025-09-10 21:00:00,2025-09-10,21,33.1,37,12.3,10.0,0.0,Clear
2025-09-10 22:00:00,2025-09-10,22,31.4,40,3.4,10.0,0.0,Clear
2025-09-10 23:00:00,2025-09-10,23,30.4,47,13.5,10.0,0.0,Clear
2025-09-11 00:00:00,2025-09-11,0,27.3,46,6.3,10.0,0.0,Clear
2025-09-11 01:00:00,2025-09-11,1,27.3,51,3.4,10.0,0.0,Clear
2025-09-11 02:00:00,2025-09-11,2,29.9,51,5.2,10.0,0.0,Clear
2025-09-11 03:00:00,2025-09-11,3,28.3,63,34.6,10.0,0.0,Clear
2025-09-11 04:00:00,2025-09-11,4,28.4,61,20.2,10.0,0.0,Clear
2025-09-11 05:00:00,2025-09-11,5,29.1,65,13.2,10.0,0.0,Clear
2025-09-11 06:00:00,2025-09-11,6,30.1,71,14.0,10.0,0.0,Clear
2025-09-11 07:00:00,2025-09-11,7,30.2,70,26.5,10.0,0.0,Sunny
2025-09-11 08:00:00,2025-09-11,8,32.2,73,23.5,10.0,0.0,Partly Cloudy
2025-09-11 09:00:00,2025-09-11,9,34.4,74,9.4,10.0,0.0,Sunny
2025-09-11 10:00:00,2025-09-11,10,35.1,78,13.0,10.0,0.0,Sunny
2025-09-11 11:00:00,2025-09-11,11,38.8,72,4.2,10.0,0.0,Sunny
2025-09-11 12:00:00,2025-09-11,12,36.6,74,16.5,10.0,0.0,Hazy
2025-09-11 13:00:00,2025-09-11,13,39.2,68,14.2,10.0,0.0,Sunny
2025-09-11 14:00:00,2025-09-11,14,41.6,62,16.1,10.0,0.0,Sunny
2025-09-11 15:00:00,2025-09-11,15,41.7,65,15.6,10.0,0.0,Sunny
2025-09-11 16:00:00,2025-09-11,16,39.7,48,8.0,10.0,0.0,Sunny
2025-09-11 17:00:00,2025-09-11,17,40.0,53,6.7,10.0,0.0,Sunny
2025-09-11 18:00:00,2025-09-11,18,39.0,42,25.7,10.0,0.0,Sunny
2025-09-11 19:00:00,2025-09-11,19,39.9,41,15.7,10.0,0.0,Clear
2025-09-11 20:00:00,2025-09-11,20,34.7,40,13.3,10.0,0.0,Clear
2025-09-11 21:00:00,2025-09-11,21,34.2,41,2.3,10.0,0.0,Clear
2025-09-11 22:00:00,2025-09-11,22,31.8,42,6.6,10.0,0.0,Clear
2025-09-11 23:00:00,2025-09-11,23,32.6,44,4.0,10.0,0.0,Clear
2025-09-12 00:00:00,2025-09-12,0,29.2,45,2.0,10.0,0.0,Clear
2025-09-12 01:00:00,2025-09-12,1,27.6,41,6.6,10.0,0.0,Clear
2025-09-12 02:00:00,2025-09-12,2,28.6,52,7.1,10.0,0.0,Clear
2025-09-12 03:00:00,2025-09-12,3,26.5,63,7.9,10.0,0.0,Clear
2025-09-12 04:00:00,2025-09-12,4,27.9,66,16.5,10.0,0.0,Clear
2025-09-12 05:00:00,2025-09-12,5,29.2,71,14.8,10.0,0.0,Clear
2025-09-12 06:00:00,2025-09-12,6,27.3,71,6.2,10.0,0.0,Clear
2025-09-12 07:00:00,2025-09-12,7,29.8,77,16.1,10.0,0.0,Sunny
2025-09-12 08:00:00,2025-09-12,8,34.6,75,12.3,10.0,0.0,Sunny
2025-09-12 09:00:00,2025-09-12,9,34.3,76,10.2,10.0,0.0,Sunny
2025-09-12 10:00:00,2025-09-12,10,34.3,75,9.4,10.0,0.0,Hazy
2025-09-12 11:00:00,2025-09-12,11,37.4,79,3.4,10.0,0.0,Sunny
2025-09-12 12:00:00,2025-09-12,12,36.3,62,3.5,10.0,0.0,Sunny
2025-09-12 13:00:00,2025-09-12,13,39.8,69,5.8,10.0,0.0,Sunny
2025-09-12 14:00:00,2025-09-12,14,40.8,65,8.7,10.0,0.0,Sunny
2025-09-12 15:00:00,2025-09-12,15,40.4,60,10.6,10.0,0.0,Partly Cloudy
2025-09-12 16:00:00,2025-09-12,16,39.4,55,26.5,10.0,0.0,Partly Cloudy
2025-09-12 17:00:00,2025-09-12,17,41.8,55,11.0,10.0,0.0,Sunny
2025-09-12 18:00:00,2025-09-12,18,38.2,47,9.2,10.0,0.0,Sunny
2025-09-12 19:00:00,2025-09-12,19,35.0,43,9.7,10.0,0.0,Clear
2025-09-12 20:00:00,2025-09-12,20,35.5,45,14.4,10.0,0.0,Clear
2025-09-12 21:00:00,2025-09-12,21,35.4,35,27.3,10.0,0.0,Clear
2025-09-12 22:00:00,2025-09-12,22,34.3,39,3.9,10.0,0.0,Clear
2025-09-12 23:00:00,2025-09-12,23,27.5,48,28.7,10.0,0.0,Clear
2025-09-13 00:00:00,2025-09-13,0,28.4,48,6.4,10.0,0.0,Clear
2025-09-13 01:00:00,2025-09-13,1,27.9,45,12.7,10.0,0.0,Clear
2025-09-13 02:00:00,2025-09-13,2,27.9,65,20.8,10.0,0.0,Clear
2025-09-13 03:00:00,2025-09-13,3,25.9,59,46.6,10.0,0.0,Clear
2025-09-13 04:00:00,2025-09-13,4,28.4,61,22.7,10.0,0.0,Clear
2025-09-13 05:00:00,2025-09-13,5,29.5,63,18.9,10.0,0.0,Clear
2025-09-13 06:00:00,2025-09-13,6,28.3,78,19.4,10.0,0.0,Clear
2025-09-13 07:00:00,2025-09-13,7,30.7,71,5.3,10.0,0.0,Partly Cloudy
2025-09-13 08:00:00,2025-09-13,8,33.3,75,8.9,10.0,0.0,Sunny
2025-09-13 09:00:00,2025-09-13,9,36.1,79,10.7,10.0,0.0,Sunny
2025-09-13 10:00:00,2025-09-13,10,36.9,69,11.2,10.0,0.0,Sunny
2025-09-13 11:00:00,2025-09-13,11,36.6,78,15.0,10.0,0.0,Sunny
2025-09-13 12:00:00,2025-09-13,12,39.1,69,8.2,10.0,0.0,Sunny
2025-09-13 13:00:00,2025-09-13,13,39.3,73,24.9,10.0,0.0,Sunny
2025-09-13 14:00:00,2025-09-13,14,39.4,65,6.9,10.0,0.0,Sunny
2025-09-13 15:00:00,2025-09-13,15,41.1,64,16.2,10.0,0.0,Sunny
2025-09-13 16:00:00,2025-09-13,16,40.9,56,18.0,10.0,0.0,Sunny
2025-09-13 17:00:00,2025-09-13,17,39.6,55,9.2,10.0,0.0,Hazy
2025-09-13 18:00:00,2025-09-13,18,39.8,49,22.5,10.0,0.0,Sunny
2025-09-13 19:00:00,2025-09-13,19,36.9,44,22.3,10.0,0.0,Clear
2025-09-13 20:00:00,2025-09-13,20,35.6,43,37.4,10.0,0.0,Clear
2025-09-13 21:00:00,2025-09-13,21,34.2,30,13.7,10.0,0.0,Clear
2025-09-13 22:00:00,2025-09-13,22,32.7,40,6.3,10.0,0.0,Clear
2025-09-13 23:00:00,2025-09-13,23,29.6,49,9.6,10.0,0.0,Clear
2025-09-14 00:00:00,2025-09-14,0,31.7,42,24.4,10.0,0.0,Clear
2025-09-14 01:00:00,2025-09-14,1,29.2,48,8.2,10.0,0.0,Clear
2025-09-14 02:00:00,2025-09-14,2,27.7,49,7.4,10.0,0.0,Clear
2025-09-14 03:00:00,2025-09-14,3,27.5,52,5.4,10.0,0.0,Clear
2025-09-14 04:00:00,2025-09-14,4,27.6,63,8.4,10.0,0.0,Clear
2025-09-14 05:00:00,2025-09-14,5,30.1,70,20.5,10.0,0.0,Clear
2025-09-14 06:00:00,2025-09-14,6,30.6,71,9.7,10.0,0.0,Clear
2025-09-14 07:00:00,2025-09-14,7,31.5,70,6.3,10.0,0.0,Partly Cloudy
2025-09-14 08:00:00,2025-09-14,8,35.3,72,3.7,10.0,0.0,Sunny
2025-09-14 09:00:00,2025-09-14,9,34.7,74,13.2,10.0,0.0,Sunny
2025-09-14 10:00:00,2025-09-14,10,34.6,76,13.8,10.0,0.0,Sunny
2025-09-14 11:00:00,2025-09-14,11,38.1,71,11.8,10.0,0.0,Partly Cloudy
2025-09-14 12:00:00,2025-09-14,12,39.2,77,3.0,10.0,0.0,Sunny
2025-09-14 13:00:00,2025-09-14,13,41.3,66,5.5,10.0,0.0,Sunny
2025-09-14 14:00:00,2025-09-14,14,41.2,62,3.9,10.0,0.0,Sunny
2025-09-14 15:00:00,2025-09-14,15,40.7,62,5.4,10.0,0.0,Sunny
2025-09-14 16:00:00,2025-09-14,16,41.4,47,5.7,10.0,0.0,Hazy
2025-09-14 17:00:00,2025-09-14,17,37.6,56,8.5,10.0,0.0,Sunny
2025-09-14 18:00:00,2025-09-14,18,39.2,50,4.6,10.0,0.0,Sunny
2025-09-14 19:00:00,2025-09-14,19,37.9,47,16.3,10.0,0.0,Clear
2025-09-14 20:00:00,2025-09-14,20,34.1,39,2.3,10.0,0.0,Clear
2025-09-14 21:00:00,2025-09-14,21,34.1,38,8.2,10.0,0.0,Clear
2025-09-14 22:00:00,2025-09-14,22,31.5,40,5.9,10.0,0.0,Clear
2025-09-14 23:00:00,2025-09-14,23,30.2,42,8.8,10.0,0.0,Clear
2025-09-15 00:00:00,2025-09-15,0,30.5,52,13.6,10.0,0.0,Clear
2025-09-15 01:00:00,2025-09-15,1,27.1,43,10.1,10.0,0.0,Clear
2025-09-15 02:00:00,2025-09-15,2,27.4,60,18.1,10.0,0.0,Clear
2025-09-15 03:00:00,2025-09-15,3,26.4,59,11.5,10.0,0.0,Clear
2025-09-15 04:00:00,2025-09-15,4,28.0,68,14.6,10.0,0.0,Clear
2025-09-15 05:00:00,2025-09-15,5,28.8,70,22.0,10.0,0.0,Clear
2025-09-15 06:00:00,2025-09-15,6,27.9,75,20.6,10.0,0.0,Clear
2025-09-15 07:00:00,2025-09-15,7,30.3,79,14.5,10.0,0.0,Partly Cloudy
2025-09-15 08:00:00,2025-09-15,8,32.1,76,20.7,10.0,0.0,Sunny
2025-09-15 09:00:00,2025-09-15,9,34.1,74,5.7,10.0,0.0,Sunny
2025-09-15 10:00:00,2025-09-15,10,36.8,73,42.7,10.0,0.0,Sunny
2025-09-15 11:00:00,2025-09-15,11,36.1,79,60.0,10.0,0.0,Sunny
2025-09-15 12:00:00,2025-09-15,12,38.1,78,23.2,10.0,0.0,Sunny
2025-09-15 13:00:00,2025-09-15,13,41.2,66,14.3,10.0,0.0,Sunny
2025-09-15 14:00:00,2025-09-15,14,41.2,69,15.9,10.0,0.0,Sunny
2025-09-15 15:00:00,2025-09-15,15,39.3,63,4.4,10.0,0.0,Sunny
2025-09-15 16:00:00,2025-09-15,16,40.1,49,15.2,10.0,0.0,Sunny
2025-09-15 17:00:00,2025-09-15,17,40.1,54,5.7,10.0,0.0,Partly Cloudy
2025-09-15 18:00:00,2025-09-15,18,39.7,44,5.9,10.0,0.0,Sunny
2025-09-15 19:00:00,2025-09-15,19,37.6,50,13.4,10.0,0.0,Clear
2025-09-15 20:00:00,2025-09-15,20,36.2,43,4.3,10.0,0.0,Clear
2025-09-15 21:00:00,2025-09-15,21,34.5,52,31.5,10.0,0.0,Clear
2025-09-15 22:00:00,2025-09-15,22,32.4,42,19.1,10.0,0.0,Clear
2025-09-15 23:00:00,2025-09-15,23,28.9,42,3.4,10.0,0.0,Clear
2025-09-16 00:00:00,2025-09-16,0,28.8,49,6.0,10.0,0.0,Clear
2025-09-16 01:00:00,2025-09-16,1,29.9,54,5.2,10.0,0.0,Clear
2025-09-16 02:00:00,2025-09-16,2,28.8,57,8.0,10.0,0.0,Clear
2025-09-16 03:00:00,2025-09-16,3,27.5,58,25.8,10.0,0.0,Clear
2025-09-16 04:00:00,2025-09-16,4,27.4,67,23.2,10.0,0.0,Clear
2025-09-16 05:00:00,2025-09-16,5,27.5,64,16.2,10.0,0.0,Clear
2025-09-16 06:00:00,2025-09-16,6,28.4,63,17.6,10.0,0.0,Clear
2025-09-16 07:00:00,2025-09-16,7,31.9,77,6.8,10.0,0.0,Sunny
2025-09-16 08:00:00,2025-09-16,8,31.9,86,4.1,10.0,0.0,Sunny
2025-09-16 09:00:00,2025-09-16,9,34.4,80,20.6,10.0,0.0,Sunny
2025-09-16 10:00:00,2025-09-16,10,38.6,74,18.9,10.0,0.0,Partly Cloudy
2025-09-16 11:00:00,2025-09-16,11,37.4,74,12.2,10.0,0.0,Sunny
2025-09-16 12:00:00,2025-09-16,12,37.7,72,22.4,10.0,0.0,Sunny
2025-09-16 13:00:00,2025-09-16,13,40.7,65,19.1,10.0,0.0,Sunny
2025-09-16 14:00:00,2025-09-16,14,41.6,60,11.3,10.0,0.0,Sunny
2025-09-16 15:00:00,2025-09-16,15,38.2,61,14.7,10.0,0.0,Partly Cloudy
2025-09-16 16:00:00,2025-09-16,16,41.8,57,8.6,10.0,0.0,Sunny
2025-09-16 17:00:00,2025-09-16,17,38.5,47,5.7,10.0,0.0,Partly Cloudy
2025-09-16 18:00:00,2025-09-16,18,40.5,41,10.5,10.0,0.0,Partly Cloudy
2025-09-16 19:00:00,2025-09-16,19,38.8,43,2.9,10.0,0.0,Clear
2025-09-16 20:00:00,2025-09-16,20,35.8,41,3.0,10.0,0.0,Clear
2025-09-16 21:00:00,2025-09-16,21,33.0,44,5.9,10.0,0.0,Clear
2025-09-16 22:00:00,2025-09-16,22,33.6,39,13.1,10.0,0.0,Clear
2025-09-16 23:00:00,2025-09-16,23,31.3,45,17.5,10.0,0.0,Clear
2025-09-17 00:00:00,2025-09-17,0,28.5,48,10.9,10.0,0.0,Clear
2025-09-17 01:00:00,2025-09-17,1,29.0,54,4.5,10.0,0.0,Clear
2025-09-17 02:00:00,2025-09-17,2,26.4,55,13.3,10.0,0.0,Clear
2025-09-17 03:00:00,2025-09-17,3,27.8,57,4.8,10.0,0.0,Clear
2025-09-17 04:00:00,2025-09-17,4,28.1,63,9.0,10.0,0.0,Clear
2025-09-17 05:00:00,2025-09-17,5,28.9,68,5.4,10.0,0.0,Clear
2025-09-17 06:00:00,2025-09-17,6,30.9,80,35.6,10.0,0.0,Clear
2025-09-17 07:00:00,2025-09-17,7,30.2,73,13.0,10.0,0.0,Partly Cloudy
2025-09-17 08:00:00,2025-09-17,8,31.5,85,5.3,10.0,0.0,Sunny
2025-09-17 09:00:00,2025-09-17,9,34.0,78,17.1,10.0,0.0,Sunny
2025-09-17 10:00:00,2025-09-17,10,36.7,75,5.7,10.0,0.0,Hazy
2025-09-17 11:00:00,2025-09-17,11,37.0,72,14.1,10.0,0.0,Hazy
2025-09-17 12:00:00,2025-09-17,12,36.7,68,7.5,10.0,0.0,Partly Cloudy
2025-09-17 13:00:00,2025-09-17,13,39.3,68,11.7,10.0,0.0,Partly Cloudy
2025-09-17 14:00:00,2025-09-17,14,40.5,64,25.2,10.0,0.0,Partly Cloudy
2025-09-17 15:00:00,2025-09-17,15,39.6,60,10.9,10.0,0.0,Sunny
2025-09-17 16:00:00,2025-09-17,16,37.5,64,32.5,10.0,0.0,Sunny
2025-09-17 17:00:00,2025-09-17,17,40.0,56,11.5,10.0,0.0,Sunny
2025-09-17 18:00:00,2025-09-17,18,37.0,47,6.2,10.0,0.0,Sunny
2025-09-17 19:00:00,2025-09-17,19,38.4,42,6.9,10.0,0.0,Clear
2025-09-17 20:00:00,2025-09-17,20,38.4,36,8.0,10.0,0.0,Clear
2025-09-17 21:00:00,2025-09-17,21,32.9,43,6.0,10.0,0.0,Clear
2025-09-17 22:00:00,2025-09-17,22,32.7,46,14.2,10.0,0.0,Clear
2025-09-17 23:00:00,2025-09-17,23,31.1,49,15.6,10.0,0.0,Clear
2025-09-18 00:00:00,2025-09-18,0,27.6,45,6.2,10.0,0.0,Clear
2025-09-18 01:00:00,2025-09-18,1,25.5,45,6.6,10.0,0.0,Clear
2025-09-18 02:00:00,2025-09-18,2,26.1,55,35.2,10.0,0.0,Clear
2025-09-18 03:00:00,2025-09-18,3,27.1,61,6.2,10.0,0.0,Clear
2025-09-18 04:00:00,2025-09-18,4,30.6,63,8.9,10.0,0.0,Clear
2025-09-18 05:00:00,2025-09-18,5,29.1,70,23.0,10.0,0.0,Clear
2025-09-18 06:00:00,2025-09-18,6,28.3,72,17.1,10.0,0.0,Clear
2025-09-18 07:00:00,2025-09-18,7,29.7,76,7.9,10.0,0.0,Partly Cloudy
2025-09-18 08:00:00,2025-09-18,8,31.5,78,10.7,10.0,0.0,Sunny
2025-09-18 09:00:00,2025-09-18,9,31.7,77,20.8,10.0,0.0,Sunny
2025-09-18 10:00:00,2025-09-18,10,34.6,72,13.6,10.0,0.0,Partly Cloudy
2025-09-18 11:00:00,2025-09-18,11,37.8,80,20.6,10.0,0.0,Sunny
2025-09-18 12:00:00,2025-09-18,12,38.3,70,15.4,10.0,0.0,Sunny
2025-09-18 13:00:00,2025-09-18,13,39.1,59,24.6,10.0,0.0,Sunny
2025-09-18 14:00:00,2025-09-18,14,41.3,64,24.0,10.0,0.0,Sunny
2025-09-18 15:00:00,2025-09-18,15,39.1,61,14.3,10.0,0.0,Sunny
2025-09-18 16:00:00,2025-09-18,16,40.8,59,17.8,10.0,0.0,Sunny
2025-09-18 17:00:00,2025-09-18,17,38.3,51,3.4,10.0,0.0,Sunny
2025-09-18 18:00:00,2025-09-18,18,39.6,47,16.0,10.0,0.0,Sunny
2025-09-18 19:00:00,2025-09-18,19,37.3,44,6.4,10.0,0.0,Clear
2025-09-18 20:00:00,2025-09-18,20,35.9,39,5.4,10.0,0.0,Clear
2025-09-18 21:00:00,2025-09-18,21,33.8,40,16.4,10.0,0.0,Clear
2025-09-18 22:00:00,2025-09-18,22,33.0,46,4.6,10.0,0.0,Clear
2025-09-18 23:00:00,2025-09-18,23,29.7,42,17.2,10.0,0.0,Clear
2025-09-19 00:00:00,2025-09-19,0,30.6,47,31.3,10.0,0.0,Clear
2025-09-19 01:00:00,2025-09-19,1,28.1,49,19.2,10.0,0.0,Clear
2025-09-19 02:00:00,2025-09-19,2,28.3,52,19.6,10.0,0.0,Clear
2025-09-19 03:00:00,2025-09-19,3,28.3,59,13.2,10.0,0.0,Clear
2025-09-19 04:00:00,2025-09-19,4,26.8,63,4.1,10.0,0.0,Clear
2025-09-19 05:00:00,2025-09-19,5,29.0,68,2.0,10.0,0.0,Clear
2025-09-19 06:00:00,2025-09-19,6,28.5,73,2.0,10.0,0.0,Clear
2025-09-19 07:00:00,2025-09-19,7,28.8,67,5.0,10.0,0.0,Sunny
2025-09-19 08:00:00,2025-09-19,8,32.5,75,6.1,10.0,0.0,Partly Cloudy
2025-09-19 09:00:00,2025-09-19,9,36.6,80,14.7,10.0,0.0,Partly Cloudy
2025-09-19 10:00:00,2025-09-19,10,34.9,82,6.4,10.0,0.0,Sunny
2025-09-19 11:00:00,2025-09-19,11,37.9,70,17.2,10.0,0.0,Sunny
2025-09-19 12:00:00,2025-09-19,12,39.6,68,11.9,10.0,0.0,Sunny
2025-09-19 13:00:00,2025-09-19,13,38.2,69,12.1,10.0,0.0,Sunny
2025-09-19 14:00:00,2025-09-19,14,39.5,68,4.7,10.0,0.0,Sunny
2025-09-19 15:00:00,2025-09-19,15,42.0,56,5.5,10.0,0.0,Partly Cloudy
2025-09-19 16:00:00,2025-09-19,16,41.1,48,12.0,10.0,0.0,Sunny
2025-09-19 17:00:00,2025-09-19,17,39.7,51,6.1,10.0,0.0,Sunny
2025-09-19 18:00:00,2025-09-19,18,36.7,43,5.9,10.0,0.0,Sunny
2025-09-19 19:00:00,2025-09-19,19,36.6,50,22.9,10.0,0.0,Clear
2025-09-19 20:00:00,2025-09-19,20,36.3,42,9.2,10.0,0.0,Clear
2025-09-19 21:00:00,2025-09-19,21,30.2,37,3.7,10.0,0.0,Clear
2025-09-19 22:00:00,2025-09-19,22,33.3,38,13.2,10.0,0.0,Clear
2025-09-19 23:00:00,2025-09-19,23,32.1,44,3.4,10.0,0.0,Clear
2025-09-20 00:00:00,2025-09-20,0,31.6,45,10.5,10.0,0.0,Clear
2025-09-20 01:00:00,2025-09-20,1,29.9,51,21.9,10.0,0.0,Clear
2025-09-20 02:00:00,2025-09-20,2,28.2,66,5.5,10.0,0.0,Clear
2025-09-20 03:00:00,2025-09-20,3,28.4,55,4.1,10.0,0.0,Clear
2025-09-20 04:00:00,2025-09-20,4,27.3,67,4.6,10.0,0.0,Clear
2025-09-20 05:00:00,2025-09-20,5,27.7,74,9.9,10.0,0.0,Clear
2025-09-20 06:00:00,2025-09-20,6,29.9,77,10.1,10.0,0.0,Clear
2025-09-20 07:00:00,2025-09-20,7,29.8,71,13.3,10.0,0.0,Sunny
2025-09-20 08:00:00,2025-09-20,8,31.8,77,20.8,10.0,0.0,Sunny
2025-09-20 09:00:00,2025-09-20,9,36.6,72,10.6,10.0,0.0,Sunny
2025-09-20 10:00:00,2025-09-20,10,34.8,80,3.2,10.0,0.0,Sunny
2025-09-20 11:00:00,2025-09-20,11,37.5,73,16.2,10.0,0.0,Hazy
2025-09-20 12:00:00,2025-09-20,12,36.6,73,5.5,10.0,0.0,Sunny
2025-09-20 13:00:00,2025-09-20,13,38.6,74,7.9,10.0,0.0,Sunny
2025-09-20 14:00:00,2025-09-20,14,39.3,65,5.0,10.0,0.0,Partly Cloudy
2025-09-20 15:00:00,2025-09-20,15,40.4,60,18.7,10.0,0.0,Sunny
2025-09-20 16:00:00,2025-09-20,16,39.2,54,35.7,10.0,0.0,Sunny
2025-09-20 17:00:00,2025-09-20,17,39.3,55,6.3,10.0,0.0,Sunny
2025-09-20 18:00:00,2025-09-20,18,38.0,44,8.9,10.0,0.0,Partly Cloudy
2025-09-20 19:00:00,2025-09-20,19,37.0,46,2.0,10.0,0.0,Clear
2025-09-20 20:00:00,2025-09-20,20,33.7,44,19.1,10.0,0.0,Clear
2025-09-20 21:00:00,2025-09-20,21,32.1,44,8.8,10.0,0.0,Clear
2025-09-20 22:00:00,2025-09-20,22,33.2,43,6.5,10.0,0.0,Clear
2025-09-20 23:00:00,2025-09-20,23,30.0,40,16.5,10.0,0.0,Clear
2025-09-21 00:00:00,2025-09-21,0,29.6,47,7.1,10.0,0.0,Clear
2025-09-21 01:00:00,2025-09-21,1,28.8,44,4.6,10.0,0.0,Clear
2025-09-21 02:00:00,2025-09-21,2,27.8,54,23.3,10.0,0.0,Clear
2025-09-21 03:00:00,2025-09-21,3,25.9,62,21.7,10.0,0.0,Clear
2025-09-21 04:00:00,2025-09-21,4,25.2,68,2.1,10.0,0.0,Clear
2025-09-21 05:00:00,2025-09-21,5,27.9,66,10.3,10.0,0.0,Clear
2025-09-21 06:00:00,2025-09-21,6,29.4,80,6.0,10.0,0.0,Clear
2025-09-21 07:00:00,2025-09-21,7,32.4,69,9.8,10.0,0.0,Partly Cloudy
2025-09-21 08:00:00,2025-09-21,8,34.7,79,7.2,10.0,0.0,Sunny
2025-09-21 09:00:00,2025-09-21,9,34.4,80,36.7,10.0,0.0,Partly Cloudy
2025-09-21 10:00:00,2025-09-21,10,35.6,79,10.6,10.0,0.0,Sunny
2025-09-21 11:00:00,2025-09-21,11,37.1,77,6.2,10.0,0.0,Sunny
2025-09-21 12:00:00,2025-09-21,12,38.5,73,2.0,10.0,0.0,Sunny
2025-09-21 13:00:00,2025-09-21,13,38.8,75,5.2,10.0,0.0,Sunny
2025-09-21 14:00:00,2025-09-21,14,41.9,60,43.6,10.0,0.0,Sunny
2025-09-21 15:00:00,2025-09-21,15,40.0,58,12.3,10.0,0.0,Sunny
2025-09-21 16:00:00,2025-09-21,16,40.7,55,15.5,10.0,0.0,Partly Cloudy
2025-09-21 17:00:00,2025-09-21,17,40.0,50,4.8,10.0,0.0,Sunny
2025-09-21 18:00:00,2025-09-21,18,35.8,43,4.3,10.0,0.0,Sunny
2025-09-21 19:00:00,2025-09-21,19,36.0,46,8.7,10.0,0.0,Clear
2025-09-21 20:00:00,2025-09-21,20,36.1,43,28.4,10.0,0.0,Clear
2025-09-21 21:00:00,2025-09-21,21,35.5,48,3.4,10.0,0.0,Clear
2025-09-21 22:00:00,2025-09-21,22,32.5,45,12.0,10.0,0.0,Clear
2025-09-21 23:00:00,2025-09-21,23,31.5,48,7.6,10.0,0.0,Clear
2025-09-22 00:00:00,2025-09-22,0,28.1,51,12.0,10.0,0.0,Clear
2025-09-22 01:00:00,2025-09-22,1,28.4,47,35.3,10.0,0.0,Clear
2025-09-22 02:00:00,2025-09-22,2,26.3,54,4.1,10.0,0.0,Clear
2025-09-22 03:00:00,2025-09-22,3,28.4,58,4.1,10.0,0.0,Clear
2025-09-22 04:00:00,2025-09-22,4,27.8,69,8.1,10.0,0.0,Clear
2025-09-22 05:00:00,2025-09-22,5,30.5,69,46.0,10.0,0.0,Clear
2025-09-22 06:00:00,2025-09-22,6,29.4,73,2.8,10.0,0.0,Clear
2025-09-22 07:00:00,2025-09-22,7,28.9,75,5.2,10.0,0.0,Sunny
2025-09-22 08:00:00,2025-09-22,8,32.7,82,15.0,10.0,0.0,Partly Cloudy
2025-09-22 09:00:00,2025-09-22,9,33.4,74,9.2,10.0,0.0,Sunny
2025-09-22 10:00:00,2025-09-22,10,36.8,77,19.3,10.0,0.0,Partly Cloudy
2025-09-22 11:00:00,2025-09-22,11,36.4,81,32.1,10.0,0.0,Sunny
2025-09-22 12:00:00,2025-09-22,12,40.1,75,11.8,10.0,0.0,Sunny
2025-09-22 13:00:00,2025-09-22,13,38.0,67,20.0,10.0,0.0,Sunny
2025-09-22 14:00:00,2025-09-22,14,42.0,66,12.4,10.0,0.0,Sunny
2025-09-22 15:00:00,2025-09-22,15,38.9,54,2.0,10.0,0.0,Sunny
2025-09-22 16:00:00,2025-09-22,16,39.3,53,5.6,10.0,0.0,Sunny
2025-09-22 17:00:00,2025-09-22,17,40.4,50,13.8,10.0,0.0,Partly Cloudy
2025-09-22 18:00:00,2025-09-22,18,41.2,43,18.9,10.0,0.0,Partly Cloudy
2025-09-22 19:00:00,2025-09-22,19,37.4,47,8.4,10.0,0.0,Clear
2025-09-22 20:00:00,2025-09-22,20,34.0,38,9.8,10.0,0.0,Clear
2025-09-22 21:00:00,2025-09-22,21,31.2,47,5.8,10.0,0.0,Clear
2025-09-22 22:00:00,2025-09-22,22,33.5,45,9.6,10.0,0.0,Clear
2025-09-22 23:00:00,2025-09-22,23,32.7,42,5.9,10.0,0.0,Clear
2025-09-23 00:00:00,2025-09-23,0,30.7,45,5.3,10.0,0.0,Clear
2025-09-23 01:00:00,2025-09-23,1,28.6,51,4.1,10.0,0.0,Clear
2025-09-23 02:00:00,2025-09-23,2,26.8,59,5.0,10.0,0.0,Clear
2025-09-23 03:00:00,2025-09-23,3,28.1,60,25.0,10.0,0.0,Clear
2025-09-23 04:00:00,2025-09-23,4,28.1,69,4.5,10.0,0.0,Clear
2025-09-23 05:00:00,2025-09-23,5,30.7,69,7.7,10.0,0.0,Clear
2025-09-23 06:00:00,2025-09-23,6,30.0,75,9.2,10.0,0.0,Clear
2025-09-23 07:00:00,2025-09-23,7,31.8,81,10.0,10.0,0.0,Sunny
2025-09-23 08:00:00,2025-09-23,8,32.2,78,12.5,10.0,0.0,Sunny
2025-09-23 09:00:00,2025-09-23,9,32.8,74,2.2,10.0,0.0,Partly Cloudy
2025-09-23 10:00:00,2025-09-23,10,35.6,77,10.6,10.0,0.0,Partly Cloudy
2025-09-23 11:00:00,2025-09-23,11,34.3,83,19.0,10.0,0.0,Partly Cloudy
2025-09-23 12:00:00,2025-09-23,12,38.6,71,23.1,10.0,0.0,Sunny
2025-09-23 13:00:00,2025-09-23,13,40.0,62,15.5,10.0,0.0,Sunny
2025-09-23 14:00:00,2025-09-23,14,39.6,61,3.6,10.0,0.0,Sunny
2025-09-23 15:00:00,2025-09-23,15,40.9,59,8.6,10.0,0.0,Sunny
2025-09-23 16:00:00,2025-09-23,16,41.6,57,3.8,10.0,0.0,Sunny
2025-09-23 17:00:00,2025-09-23,17,39.8,55,11.1,10.0,0.0,Partly Cloudy
2025-09-23 18:00:00,2025-09-23,18,38.5,44,9.1,10.0,0.0,Sunny
2025-09-23 19:00:00,2025-09-23,19,36.8,50,11.8,10.0,0.0,Clear
2025-09-23 20:00:00,2025-09-23,20,35.4,45,3.0,10.0,0.0,Clear
2025-09-23 21:00:00,2025-09-23,21,36.4,46,10.8,10.0,0.0,Clear
2025-09-23 22:00:00,2025-09-23,22,31.4,46,22.9,10.0,0.0,Clear
2025-09-23 23:00:00,2025-09-23,23,30.0,43,16.8,10.0,0.0,Clear
2025-09-24 00:00:00,2025-09-24,0,30.5,54,8.5,10.0,0.0,Clear
2025-09-24 01:00:00,2025-09-24,1,27.4,56,16.6,10.0,0.0,Clear
2025-09-24 02:00:00,2025-09-24,2,28.8,56,11.9,10.0,0.0,Clear
2025-09-24 03:00:00,2025-09-24,3,26.4,66,11.6,10.0,0.0,Clear
2025-09-24 04:00:00,2025-09-24,4,27.7,75,26.0,10.0,0.0,Clear
2025-09-24 05:00:00,2025-09-24,5,29.5,73,11.8,10.0,0.0,Clear
2025-09-24 06:00:00,2025-09-24,6,27.9,65,6.5,10.0,0.0,Clear
2025-09-24 07:00:00,2025-09-24,7,31.6,69,7.3,10.0,0.0,Sunny
2025-09-24 08:00:00,2025-09-24,8,33.4,79,10.4,10.0,0.0,Sunny
2025-09-24 09:00:00,2025-09-24,9,33.7,74,2.0,10.0,0.0,Sunny
2025-09-24 10:00:00,2025-09-24,10,37.2,74,5.0,10.0,0.0,Partly Cloudy
2025-09-24 11:00:00,2025-09-24,11,37.0,77,2.0,10.0,0.0,Partly Cloudy
2025-09-24 12:00:00,2025-09-24,12,38.5,71,3.9,10.0,0.0,Sunny
2025-09-24 13:00:00,2025-09-24,13,40.5,72,11.6,10.0,0.0,Sunny
2025-09-24 14:00:00,2025-09-24,14,41.8,69,16.1,10.0,0.0,Sunny
2025-09-24 15:00:00,2025-09-24,15,37.1,56,35.5,10.0,0.0,Hazy
2025-09-24 16:00:00,2025-09-24,16,37.8,57,5.6,10.0,0.0,Sunny
2025-09-24 17:00:00,2025-09-24,17,38.1,49,23.7,10.0,0.0,Sunny
2025-09-24 18:00:00,2025-09-24,18,39.3,50,18.6,10.0,0.0,Sunny
2025-09-24 19:00:00,2025-09-24,19,37.5,44,8.4,10.0,0.0,Clear
2025-09-24 20:00:00,2025-09-24,20,33.4,46,22.0,10.0,0.0,Clear
2025-09-24 21:00:00,2025-09-24,21,36.3,42,15.5,10.0,0.0,Clear
2025-09-24 22:00:00,2025-09-24,22,33.0,49,2.0,10.0,0.0,Clear
2025-09-24 23:00:00,2025-09-24,23,30.4,45,5.5,10.0,0.0,Clear
2025-09-25 00:00:00,2025-09-25,0,30.0,41,8.4,10.0,0.0,Clear
2025-09-25 01:00:00,2025-09-25,1,28.0,53,6.3,10.0,0.0,Clear
2025-09-25 02:00:00,2025-09-25,2,29.0,54,4.2,10.0,0.0,Clear
2025-09-25 03:00:00,2025-09-25,3,29.1,52,7.4,10.0,0.0,Clear
2025-09-25 04:00:00,2025-09-25,4,29.6,63,12.3,10.0,0.0,Clear
2025-09-25 05:00:00,2025-09-25,5,29.0,71,3.3,10.0,0.0,Clear
2025-09-25 06:00:00,2025-09-25,6,29.5,76,3.0,10.0,0.0,Clear
2025-09-25 07:00:00,2025-09-25,7,32.0,78,11.8,10.0,0.0,Sunny
2025-09-25 08:00:00,2025-09-25,8,34.4,77,7.8,10.0,0.0,Hazy
2025-09-25 09:00:00,2025-09-25,9,33.7,77,4.6,10.0,0.0,Sunny
2025-09-25 10:00:00,2025-09-25,10,37.4,74,5.4,10.0,0.0,Hazy
2025-09-25 11:00:00,2025-09-25,11,36.6,79,16.8,10.0,0.0,Sunny
2025-09-25 12:00:00,2025-09-25,12,37.7,76,3.3,10.0,0.0,Sunny
2025-09-25 13:00:00,2025-09-25,13,40.1,67,38.0,10.0,0.0,Hazy
2025-09-25 14:00:00,2025-09-25,14,39.4,71,24.1,10.0,0.0,Sunny
2025-09-25 15:00:00,2025-09-25,15,38.2,64,28.2,10.0,0.0,Sunny
2025-09-25 16:00:00,2025-09-25,16,40.1,59,5.7,10.0,0.0,Sunny
2025-09-25 17:00:00,2025-09-25,17,42.5,51,11.7,10.0,0.0,Sunny
2025-09-25 18:00:00,2025-09-25,18,36.4,55,8.7,10.0,0.0,Sunny
2025-09-25 19:00:00,2025-09-25,19,38.3,41,12.2,10.0,0.0,Clear
2025-09-25 20:00:00,2025-09-25,20,35.4,34,12.8,10.0,0.0,Clear
2025-09-25 21:00:00,2025-09-25,21,33.2,46,23.4,10.0,0.0,Clear
2025-09-25 22:00:00,2025-09-25,22,31.3,46,3.6,10.0,0.0,Clear
2025-09-25 23:00:00,2025-09-25,23,30.9,48,23.6,10.0,0.0,Clear
2025-09-26 00:00:00,2025-09-26,0,29.1,52,5.9,10.0,0.0,Clear
2025-09-26 01:00:00,2025-09-26,1,29.1,56,3.6,10.0,0.0,Clear
2025-09-26 02:00:00,2025-09-26,2,30.4,60,4.4,10.0,0.0,Clear
2025-09-26 03:00:00,2025-09-26,3,27.8,62,7.6,10.0,0.0,Clear
2025-09-26 04:00:00,2025-09-26,4,27.0,66,16.9,10.0,0.0,Clear
2025-09-26 05:00:00,2025-09-26,5,28.8,70,9.8,10.0,0.0,Clear
2025-09-26 06:00:00,2025-09-26,6,28.6,77,4.5,10.0,0.0,Clear
2025-09-26 07:00:00,2025-09-26,7,30.2,73,14.5,10.0,0.0,Sunny
2025-09-26 08:00:00,2025-09-26,8,31.5,77,5.6,10.0,0.0,Partly Cloudy
2025-09-26 09:00:00,2025-09-26,9,35.1,74,17.4,10.0,0.0,Sunny
2025-09-26 10:00:00,2025-09-26,10,36.7,80,5.4,10.0,0.0,Sunny
2025-09-26 11:00:00,2025-09-26,11,37.0,82,4.7,10.0,0.0,Sunny
2025-09-26 12:00:00,2025-09-26,12,36.8,70,2.0,10.0,0.0,Sunny
2025-09-26 13:00:00,2025-09-26,13,38.6,62,7.7,10.0,0.0,Partly Cloudy
2025-09-26 14:00:00,2025-09-26,14,40.2,64,14.0,10.0,0.0,Sunny
2025-09-26 15:00:00,2025-09-26,15,41.9,61,12.7,10.0,0.0,Partly Cloudy
2025-09-26 16:00:00,2025-09-26,16,36.6,55,25.9,10.0,0.0,Sunny
2025-09-26 17:00:00,2025-09-26,17,39.9,46,10.5,10.0,0.0,Partly Cloudy
2025-09-26 18:00:00,2025-09-26,18,39.4,52,11.8,10.0,0.0,Partly Cloudy
2025-09-26 19:00:00,2025-09-26,19,38.1,46,23.9,10.0,0.0,Clear
2025-09-26 20:00:00,2025-09-26,20,36.5,50,11.9,10.0,0.0,Clear
2025-09-26 21:00:00,2025-09-26,21,35.3,46,21.6,10.0,0.0,Clear
2025-09-26 22:00:00,2025-09-26,22,32.1,39,9.0,10.0,0.0,Clear
2025-09-26 23:00:00,2025-09-26,23,31.7,46,12.8,10.0,0.0,Clear
2025-09-27 00:00:00,2025-09-27,0,27.2,50,9.3,10.0,0.0,Clear
2025-09-27 01:00:00,2025-09-27,1,27.8,58,8.1,10.0,0.0,Clear
2025-09-27 02:00:00,2025-09-27,2,28.1,53,20.0,10.0,0.0,Clear
2025-09-27 03:00:00,2025-09-27,3,26.9,55,6.7,10.0,0.0,Clear
2025-09-27 04:00:00,2025-09-27,4,26.5,65,28.0,10.0,0.0,Clear
2025-09-27 05:00:00,2025-09-27,5,27.6,68,2.8,10.0,0.0,Clear
2025-09-27 06:00:00,2025-09-27,6,30.2,72,15.8,10.0,0.0,Clear
2025-09-27 07:00:00,2025-09-27,7,30.6,77,4.4,10.0,0.0,Partly Cloudy
2025-09-27 08:00:00,2025-09-27,8,32.3,66,2.4,10.0,0.0,Sunny
2025-09-27 09:00:00,2025-09-27,9,34.5,73,22.9,10.0,0.0,Sunny
2025-09-27 10:00:00,2025-09-27,10,36.0,78,11.8,10.0,0.0,Sunny
2025-09-27 11:00:00,2025-09-27,11,39.0,75,10.3,10.0,0.0,Partly Cloudy
2025-09-27 12:00:00,2025-09-27,12,40.0,81,6.2,10.0,0.0,Sunny
2025-09-27 13:00:00,2025-09-27,13,40.1,69,32.0,10.0,0.0,Sunny
2025-09-27 14:00:00,2025-09-27,14,39.9,59,3.1,10.0,0.0,Partly Cloudy
2025-09-27 15:00:00,2025-09-27,15,42.1,57,16.8,10.0,0.0,Sunny
2025-09-27 16:00:00,2025-09-27,16,42.3,59,9.1,10.0,0.0,Sunny
2025-09-27 17:00:00,2025-09-27,17,37.8,50,15.9,10.0,0.0,Sunny
2025-09-27 18:00:00,2025-09-27,18,38.5,39,13.5,10.0,0.0,Partly Cloudy
2025-09-27 19:00:00,2025-09-27,19,37.0,47,4.6,10.0,0.0,Clear
2025-09-27 20:00:00,2025-09-27,20,34.5,47,5.1,10.0,0.0,Clear
2025-09-27 21:00:00,2025-09-27,21,33.4,42,11.0,10.0,0.0,Clear
2025-09-27 22:00:00,2025-09-27,22,31.9,40,7.5,10.0,0.0,Clear
2025-09-27 23:00:00,2025-09-27,23,32.1,48,12.9,10.0,0.0,Clear
2025-09-28 00:00:00,2025-09-28,0,27.8,39,18.5,10.0,0.0,Clear
2025-09-28 01:00:00,2025-09-28,1,28.7,54,21.0,10.0,0.0,Clear
2025-09-28 02:00:00,2025-09-28,2,26.8,56,4.2,10.0,0.0,Clear
2025-09-28 03:00:00,2025-09-28,3,29.0,64,9.0,10.0,0.0,Clear
2025-09-28 04:00:00,2025-09-28,4,27.9,60,18.8,10.0,0.0,Clear
2025-09-28 05:00:00,2025-09-28,5,29.5,69,6.8,10.0,0.0,Clear
2025-09-28 06:00:00,2025-09-28,6,29.5,77,11.7,10.0,0.0,Clear
2025-09-28 07:00:00,2025-09-28,7,28.8,78,14.9,10.0,0.0,Sunny
2025-09-28 08:00:00,2025-09-28,8,31.7,67,7.0,10.0,0.0,Sunny
2025-09-28 09:00:00,2025-09-28,9,36.1,81,2.0,10.0,0.0,Sunny
2025-09-28 10:00:00,2025-09-28,10,36.4,82,13.6,10.0,0.0,Sunny
2025-09-28 11:00:00,2025-09-28,11,39.7,77,27.0,10.0,0.0,Sunny
2025-09-28 12:00:00,2025-09-28,12,40.5,73,9.9,10.0,0.0,Sunny
2025-09-28 13:00:00,2025-09-28,13,38.9,73,17.2,10.0,0.0,Sunny
2025-09-28 14:00:00,2025-09-28,14,38.7,65,4.6,10.0,0.0,Sunny
2025-09-28 15:00:00,2025-09-28,15,41.9,53,9.2,10.0,0.0,Sunny
2025-09-28 16:00:00,2025-09-28,16,41.5,52,3.5,10.0,0.0,Sunny
2025-09-28 17:00:00,2025-09-28,17,39.7,57,9.1,10.0,0.0,Sunny
2025-09-28 18:00:00,2025-09-28,18,36.9,46,8.2,10.0,0.0,Sunny
2025-09-28 19:00:00,2025-09-28,19,36.6,45,5.9,10.0,0.0,Clear
2025-09-28 20:00:00,2025-09-28,20,35.9,36,15.3,10.0,0.0,Clear
2025-09-28 21:00:00,2025-09-28,21,34.9,44,3.8,10.0,0.0,Clear
2025-09-28 22:00:00,2025-09-28,22,31.1,45,2.0,10.0,0.0,Clear
2025-09-28 23:00:00,2025-09-28,23,32.0,54,15.7,10.0,0.0,Clear
2025-09-29 00:00:00,2025-09-29,0,30.4,50,4.0,10.0,0.0,Clear
2025-09-29 01:00:00,2025-09-29,1,29.4,55,6.9,10.0,0.0,Clear
2025-09-29 02:00:00,2025-09-29,2,28.4,48,4.4,10.0,0.0,Clear
2025-09-29 03:00:00,2025-09-29,3,24.9,58,9.7,10.0,0.0,Clear
2025-09-29 04:00:00,2025-09-29,4,28.1,73,3.8,10.0,0.0,Clear
2025-09-29 05:00:00,2025-09-29,5,27.9,73,20.8,10.0,0.0,Clear
2025-09-29 06:00:00,2025-09-29,6,30.1,75,16.0,10.0,0.0,Clear
2025-09-29 07:00:00,2025-09-29,7,28.8,83,32.8,10.0,0.0,Sunny
2025-09-29 08:00:00,2025-09-29,8,29.9,74,31.3,10.0,0.0,Partly Cloudy
2025-09-29 09:00:00,2025-09-29,9,34.7,80,4.5,10.0,0.0,Sunny
2025-09-29 10:00:00,2025-09-29,10,34.6,79,5.1,10.0,0.0,Sunny
2025-09-29 11:00:00,2025-09-29,11,34.7,75,15.3,10.0,0.0,Sunny
2025-09-29 12:00:00,2025-09-29,12,37.3,67,31.8,10.0,0.0,Sunny
2025-09-29 13:00:00,2025-09-29,13,39.4,75,10.4,10.0,0.0,Hazy
2025-09-29 14:00:00,2025-09-29,14,41.6,65,16.9,10.0,0.0,Sunny
2025-09-29 15:00:00,2025-09-29,15,40.5,62,16.6,10.0,0.0,Sunny
2025-09-29 16:00:00,2025-09-29,16,39.6,53,12.0,10.0,0.0,Hazy
2025-09-29 17:00:00,2025-09-29,17,39.3,48,24.4,10.0,0.0,Partly Cloudy
2025-09-29 18:00:00,2025-09-29,18,39.5,46,3.4,10.0,0.0,Sunny
2025-09-29 19:00:00,2025-09-29,19,37.9,44,6.7,10.0,0.0,Clear
2025-09-29 20:00:00,2025-09-29,20,36.5,47,5.1,10.0,0.0,Clear
2025-09-29 21:00:00,2025-09-29,21,36.1,44,18.3,10.0,0.0,Clear
2025-09-29 22:00:00,2025-09-29,22,32.4,39,2.5,10.0,0.0,Clear
2025-09-29 23:00:00,2025-09-29,23,31.6,38,2.3,10.0,0.0,Clear
2025-09-30 00:00:00,2025-09-30,0,26.8,51,7.1,10.0,0.0,Clear
2025-09-30 01:00:00,2025-09-30,1,28.6,55,6.3,10.0,0.0,Clear
2025-09-30 02:00:00,2025-09-30,2,26.1,54,16.1,10.0,0.0,Clear
2025-09-30 03:00:00,2025-09-30,3,26.7,57,21.5,10.0,0.0,Clear
2025-09-30 04:00:00,2025-09-30,4,27.2,65,7.5,10.0,0.0,Clear
2025-09-30 05:00:00,2025-09-30,5,28.4,69,2.0,10.0,0.0,Clear
2025-09-30 06:00:00,2025-09-30,6,28.7,74,11.4,10.0,0.0,Clear
2025-09-30 07:00:00,2025-09-30,7,30.3,80,4.4,10.0,0.0,Sunny
2025-09-30 08:00:00,2025-09-30,8,33.1,81,3.1,10.0,0.0,Sunny
2025-09-30 09:00:00,2025-09-30,9,34.1,81,24.0,10.0,0.0,Hazy
2025-09-30 10:00:00,2025-09-30,10,35.6,73,8.9,10.0,0.0,Sunny
2025-09-30 11:00:00,2025-09-30,11,37.2,78,4.2,10.0,0.0,Partly Cloudy
2025-09-30 12:00:00,2025-09-30,12,38.3,74,7.8,10.0,0.0,Partly Cloudy
2025-09-30 13:00:00,2025-09-30,13,40.8,64,7.5,10.0,0.0,Sunny
2025-09-30 14:00:00,2025-09-30,14,40.2,63,25.6,10.0,0.0,Sunny
2025-09-30 15:00:00,2025-09-30,15,43.2,62,3.9,10.0,0.0,Sunny
2025-09-30 16:00:00,2025-09-30,16,40.8,50,4.0,10.0,0.0,Sunny
2025-09-30 17:00:00,2025-09-30,17,40.5,49,19.9,10.0,0.0,Sunny
2025-09-30 18:00:00,2025-09-30,18,38.2,48,36.1,10.0,0.0,Hazy
2025-09-30 19:00:00,2025-09-30,19,37.9,43,6.4,10.0,0.0,Clear
2025-09-30 20:00:00,2025-09-30,20,36.9,47,2.0,10.0,0.0,Clear
2025-09-30 21:00:00,2025-09-30,21,34.3,45,7.4,10.0,0.0,Clear
2025-09-30 22:00:00,2025-09-30,22,31.9,37,23.6,10.0,0.0,Clear
2025-09-30 23:00:00,2025-09-30,23,32.1,41,6.6,10.0,0.0,Clear
2025-10-01 00:00:00,2025-10-01,0,28.8,50,11.2,10.0,0.0,Clear
2025-10-01 01:00:00,2025-10-01,1,23.6,51,11.6,10.0,0.0,Clear
2025-10-01 02:00:00,2025-10-01,2,24.2,42,5.7,10.0,0.0,Clear
2025-10-01 03:00:00,2025-10-01,3,24.4,64,5.2,10.0,0.0,Clear
2025-10-01 04:00:00,2025-10-01,4,24.3,63,13.7,10.0,0.0,Clear
2025-10-01 05:00:00,2025-10-01,5,25.3,67,4.7,10.0,0.0,Clear
2025-10-01 06:00:00,2025-10-01,6,25.2,67,2.0,10.0,0.0,Clear
2025-10-01 07:00:00,2025-10-01,7,28.9,79,46.6,10.0,0.0,Hazy
2025-10-01 08:00:00,2025-10-01,8,29.3,77,5.9,10.0,0.0,Sunny
2025-10-01 09:00:00,2025-10-01,9,31.3,75,3.8,10.0,0.0,Sunny
2025-10-01 10:00:00,2025-10-01,10,32.3,64,15.6,10.0,0.0,Sunny
2025-10-01 11:00:00,2025-10-01,11,33.4,72,25.9,10.0,0.0,Sunny
2025-10-01 12:00:00,2025-10-01,12,34.8,66,7.4,10.0,0.0,Hazy
2025-10-01 13:00:00,2025-10-01,13,38.6,65,19.1,10.0,0.0,Sunny
2025-10-01 14:00:00,2025-10-01,14,36.1,59,5.6,10.0,0.0,Sunny
2025-10-01 15:00:00,2025-10-01,15,37.0,61,2.0,10.0,0.0,Sunny
2025-10-01 16:00:00,2025-10-01,16,35.1,60,12.3,10.0,0.0,Sunny
2025-10-01 17:00:00,2025-10-01,17,37.2,49,9.9,10.0,0.0,Sunny
2025-10-01 18:00:00,2025-10-01,18,36.7,41,2.3,10.0,0.0,Partly Cloudy
2025-10-01 19:00:00,2025-10-01,19,32.1,41,2.6,10.0,0.0,Clear
2025-10-01 20:00:00,2025-10-01,20,31.8,39,6.5,10.0,0.0,Clear
2025-10-01 21:00:00,2025-10-01,21,30.0,46,18.2,10.0,0.0,Clear
2025-10-01 22:00:00,2025-10-01,22,28.9,41,6.0,10.0,0.0,Clear
2025-10-01 23:00:00,2025-10-01,23,28.4,48,12.2,10.0,0.0,Clear
2025-10-02 00:00:00,2025-10-02,0,26.4,40,21.4,10.0,0.0,Clear
2025-10-02 01:00:00,2025-10-02,1,25.4,49,18.9,10.0,0.0,Clear
2025-10-02 02:00:00,2025-10-02,2,23.0,49,17.1,10.0,0.0,Clear
2025-10-02 03:00:00,2025-10-02,3,24.4,57,11.2,10.0,0.0,Clear
2025-10-02 04:00:00,2025-10-02,4,25.9,65,42.6,10.0,0.0,Clear
2025-10-02 05:00:00,2025-10-02,5,25.5,61,4.8,10.0,0.0,Clear
2025-10-02 06:00:00,2025-10-02,6,24.0,69,2.0,10.0,0.0,Clear
2025-10-02 07:00:00,2025-10-02,7,29.3,73,5.1,10.0,0.0,Sunny
2025-10-02 08:00:00,2025-10-02,8,30.9,76,17.3,10.0,0.0,Sunny
2025-10-02 09:00:00,2025-10-02,9,31.7,70,23.2,10.0,0.0,Sunny
2025-10-02 10:00:00,2025-10-02,10,33.8,77,2.5,10.0,0.0,Sunny
2025-10-02 11:00:00,2025-10-02,11,34.8,75,11.8,10.0,0.0,Partly Cloudy
2025-10-02 12:00:00,2025-10-02,12,36.4,75,7.5,10.0,0.0,Sunny
2025-10-02 13:00:00,2025-10-02,13,35.9,61,2.0,10.0,0.0,Partly Cloudy
2025-10-02 14:00:00,2025-10-02,14,38.2,61,5.8,10.0,0.0,Sunny
2025-10-02 15:00:00,2025-10-02,15,34.8,58,10.6,10.0,0.0,Hazy
2025-10-02 16:00:00,2025-10-02,16,37.1,54,3.6,10.0,0.0,Hazy
2025-10-02 17:00:00,2025-10-02,17,37.7,49,14.8,10.0,0.0,Sunny
2025-10-02 18:00:00,2025-10-02,18,37.4,43,11.7,10.0,0.0,Sunny
2025-10-02 19:00:00,2025-10-02,19,34.8,43,10.7,10.0,0.0,Clear
2025-10-02 20:00:00,2025-10-02,20,34.1,52,3.5,10.0,0.0,Clear
2025-10-02 21:00:00,2025-10-02,21,30.9,42,9.2,10.0,0.0,Clear
2025-10-02 22:00:00,2025-10-02,22,30.1,34,3.1,10.0,0.0,Clear
2025-10-02 23:00:00,2025-10-02,23,28.6,48,4.4,10.0,0.0,Clear
2025-10-03 00:00:00,2025-10-03,0,23.6,52,12.8,10.0,0.0,Clear
2025-10-03 01:00:00,2025-10-03,1,26.3,52,40.3,10.0,0.0,Clear
2025-10-03 02:00:00,2025-10-03,2,24.9,59,2.0,10.0,0.0,Clear
2025-10-03 03:00:00,2025-10-03,3,24.8,67,8.8,10.0,0.0,Clear
2025-10-03 04:00:00,2025-10-03,4,25.8,64,8.5,10.0,0.0,Clear
2025-10-03 05:00:00,2025-10-03,5,24.7,71,10.7,10.0,0.0,Clear
2025-10-03 06:00:00,2025-10-03,6,26.4,77,13.4,10.0,0.0,Clear
2025-10-03 07:00:00,2025-10-03,7,27.8,71,7.1,10.0,0.0,Partly Cloudy
2025-10-03 08:00:00,2025-10-03,8,29.8,81,18.8,10.0,0.0,Sunny
2025-10-03 09:00:00,2025-10-03,9,28.4,77,9.1,10.0,0.0,Sunny
2025-10-03 10:00:00,2025-10-03,10,33.5,79,6.2,10.0,0.0,Sunny
2025-10-03 11:00:00,2025-10-03,11,35.1,77,19.1,10.0,0.0,Partly Cloudy
2025-10-03 12:00:00,2025-10-03,12,34.0,68,7.6,10.0,0.0,Sunny
2025-10-03 13:00:00,2025-10-03,13,35.7,72,17.3,10.0,0.0,Sunny
2025-10-03 14:00:00,2025-10-03,14,38.6,61,19.6,10.0,0.0,Sunny
2025-10-03 15:00:00,2025-10-03,15,36.3,59,8.8,10.0,0.0,Sunny
2025-10-03 16:00:00,2025-10-03,16,39.1,57,2.0,10.0,0.0,Partly Cloudy
2025-10-03 17:00:00,2025-10-03,17,35.5,51,12.2,10.0,0.0,Partly Cloudy
2025-10-03 18:00:00,2025-10-03,18,36.8,43,23.6,10.0,0.0,Sunny
2025-10-03 19:00:00,2025-10-03,19,33.1,37,11.5,10.0,0.0,Clear
2025-10-03 20:00:00,2025-10-03,20,33.7,37,15.9,10.0,0.0,Clear
2025-10-03 21:00:00,2025-10-03,21,31.3,43,5.8,10.0,0.0,Clear
2025-10-03 22:00:00,2025-10-03,22,29.6,43,10.5,10.0,0.0,Clear
2025-10-03 23:00:00,2025-10-03,23,26.5,42,10.0,10.0,0.0,Clear
2025-10-04 00:00:00,2025-10-04,0,26.4,44,10.7,10.0,0.0,Clear
2025-10-04 01:00:00,2025-10-04,1,24.4,48,18.6,10.0,0.0,Clear
2025-10-04 02:00:00,2025-10-04,2,23.7,49,2.0,10.0,0.0,Clear
2025-10-04 03:00:00,2025-10-04,3,26.1,62,3.9,10.0,0.0,Clear
2025-10-04 04:00:00,2025-10-04,4,28.2,58,22.2,10.0,0.0,Clear
2025-10-04 05:00:00,2025-10-04,5,24.5,67,11.9,10.0,0.0,Clear
2025-10-04 06:00:00,2025-10-04,6,26.9,76,20.0,10.0,0.0,Clear
2025-10-04 07:00:00,2025-10-04,7,28.9,73,7.8,10.0,0.0,Sunny
2025-10-04 08:00:00,2025-10-04,8,28.6,82,12.4,10.0,0.0,Sunny
2025-10-04 09:00:00,2025-10-04,9,29.9,72,12.2,10.0,0.0,Partly Cloudy
2025-10-04 10:00:00,2025-10-04,10,32.7,70,19.5,10.0,0.0,Sunny
2025-10-04 11:00:00,2025-10-04,11,34.3,64,4.1,10.0,0.0,Partly Cloudy
2025-10-04 12:00:00,2025-10-04,12,32.6,74,18.9,10.0,0.0,Sunny
2025-10-04 13:00:00,2025-10-04,13,36.9,59,3.9,10.0,0.0,Sunny
2025-10-04 14:00:00,2025-10-04,14,38.2,69,31.0,10.0,0.0,Partly Cloudy
2025-10-04 15:00:00,2025-10-04,15,38.1,65,5.0,10.0,0.0,Sunny
2025-10-04 16:00:00,2025-10-04,16,37.0,54,19.0,10.0,0.0,Sunny
2025-10-04 17:00:00,2025-10-04,17,34.9,46,12.0,10.0,0.0,Sunny
2025-10-04 18:00:00,2025-10-04,18,36.1,38,27.5,10.0,0.0,Partly Cloudy
2025-10-04 19:00:00,2025-10-04,19,33.3,44,9.6,10.0,0.0,Clear
2025-10-04 20:00:00,2025-10-04,20,32.3,41,8.8,10.0,0.0,Clear
2025-10-04 21:00:00,2025-10-04,21,31.0,41,8.4,10.0,0.0,Clear
2025-10-04 22:00:00,2025-10-04,22,30.3,43,8.6,10.0,0.0,Clear
2025-10-04 23:00:00,2025-10-04,23,29.0,38,11.9,10.0,0.0,Clear
2025-10-05 00:00:00,2025-10-05,0,26.7,44,23.4,10.0,0.0,Clear
2025-10-05 01:00:00,2025-10-05,1,25.4,50,14.9,10.0,0.0,Clear
2025-10-05 02:00:00,2025-10-05,2,25.6,62,11.5,10.0,0.0,Clear
2025-10-05 03:00:00,2025-10-05,3,23.4,61,9.8,10.0,0.0,Clear
2025-10-05 04:00:00,2025-10-05,4,23.9,63,23.9,10.0,0.0,Clear
2025-10-05 05:00:00,2025-10-05,5,27.1,63,16.0,10.0,0.0,Clear
2025-10-05 06:00:00,2025-10-05,6,28.2,76,15.0,10.0,0.0,Clear
2025-10-05 07:00:00,2025-10-05,7,25.6,80,19.4,10.0,0.0,Sunny
2025-10-05 08:00:00,2025-10-05,8,28.7,69,13.8,10.0,0.0,Sunny
2025-10-05 09:00:00,2025-10-05,9,32.1,69,6.5,10.0,0.0,Sunny
2025-10-05 10:00:00,2025-10-05,10,33.1,76,10.2,10.0,0.0,Partly Cloudy
2025-10-05 11:00:00,2025-10-05,11,34.1,73,40.3,10.0,0.0,Sunny
2025-10-05 12:00:00,2025-10-05,12,34.1,76,6.9,10.0,0.0,Sunny
2025-10-05 13:00:00,2025-10-05,13,36.0,62,5.6,10.0,0.0,Sunny
2025-10-05 14:00:00,2025-10-05,14,36.3,59,4.4,10.0,0.0,Sunny
2025-10-05 15:00:00,2025-10-05,15,39.1,52,5.8,10.0,0.0,Sunny
2025-10-05 16:00:00,2025-10-05,16,36.4,49,23.3,10.0,0.0,Sunny
2025-10-05 17:00:00,2025-10-05,17,36.8,50,6.2,10.0,0.0,Sunny
2025-10-05 18:00:00,2025-10-05,18,36.1,39,32.5,10.0,0.0,Sunny
2025-10-05 19:00:00,2025-10-05,19,34.1,55,11.9,10.0,0.0,Clear
2025-10-05 20:00:00,2025-10-05,20,32.6,31,20.6,10.0,0.0,Clear
2025-10-05 21:00:00,2025-10-05,21,29.5,38,2.5,10.0,0.0,Clear
2025-10-05 22:00:00,2025-10-05,22,28.9,42,3.6,10.0,0.0,Clear
2025-10-05 23:00:00,2025-10-05,23,27.4,48,25.2,10.0,0.0,Clear
2025-10-06 00:00:00,2025-10-06,0,25.7,41,5.5,10.0,0.0,Clear
2025-10-06 01:00:00,2025-10-06,1,27.0,42,4.7,10.0,0.0,Clear
2025-10-06 02:00:00,2025-10-06,2,27.0,49,27.5,10.0,0.0,Clear
2025-10-06 03:00:00,2025-10-06,3,25.7,65,21.2,10.0,0.0,Clear
2025-10-06 04:00:00,2025-10-06,4,26.5,54,13.6,10.0,0.0,Clear
2025-10-06 05:00:00,2025-10-06,5,24.6,71,8.4,10.0,0.0,Clear
2025-10-06 06:00:00,2025-10-06,6,26.1,72,29.1,10.0,0.0,Clear
2025-10-06 07:00:00,2025-10-06,7,26.7,75,13.5,10.0,0.0,Sunny
2025-10-06 08:00:00,2025-10-06,8,29.5,80,14.8,10.0,0.0,Partly Cloudy
2025-10-06 09:00:00,2025-10-06,9,29.9,73,7.3,10.0,0.0,Sunny
2025-10-06 10:00:00,2025-10-06,10,31.4,79,12.4,10.0,0.0,Hazy
2025-10-06 11:00:00,2025-10-06,11,31.0,74,8.0,10.0,0.0,Sunny
2025-10-06 12:00:00,2025-10-06,12,36.1,65,14.0,10.0,0.0,Sunny
2025-10-06 13:00:00,2025-10-06,13,38.0,67,34.5,10.0,0.0,Sunny
2025-10-06 14:00:00,2025-10-06,14,38.6,62,7.7,10.0,0.0,Sunny
2025-10-06 15:00:00,2025-10-06,15,38.4,48,7.4,10.0,0.0,Sunny
2025-10-06 16:00:00,2025-10-06,16,38.3,49,10.7,10.0,0.0,Sunny
2025-10-06 17:00:00,2025-10-06,17,36.3,51,8.0,10.0,0.0,Partly Cloudy
2025-10-06 18:00:00,2025-10-06,18,33.7,46,7.8,10.0,0.0,Partly Cloudy
2025-10-06 19:00:00,2025-10-06,19,33.0,47,6.1,10.0,0.0,Clear
2025-10-06 20:00:00,2025-10-06,20,32.3,46,14.4,10.0,0.0,Clear
2025-10-06 21:00:00,2025-10-06,21,28.4,36,6.7,10.0,0.0,Clear
2025-10-06 22:00:00,2025-10-06,22,30.0,38,22.4,10.0,0.0,Clear
2025-10-06 23:00:00,2025-10-06,23,28.2,36,3.6,10.0,0.0,Clear
2025-10-07 00:00:00,2025-10-07,0,27.0,47,7.0,10.0,0.0,Clear
2025-10-07 01:00:00,2025-10-07,1,26.5,47,5.7,10.0,0.0,Clear
2025-10-07 02:00:00,2025-10-07,2,22.6,58,6.4,10.0,0.0,Clear
2025-10-07 03:00:00,2025-10-07,3,23.5,62,13.6,10.0,0.0,Clear
2025-10-07 04:00:00,2025-10-07,4,23.3,65,7.8,10.0,0.0,Clear
2025-10-07 05:00:00,2025-10-07,5,24.7,65,10.5,10.0,0.0,Clear
2025-10-07 06:00:00,2025-10-07,6,25.6,75,4.4,10.0,0.0,Clear
2025-10-07 07:00:00,2025-10-07,7,25.2,74,10.7,10.0,0.0,Partly Cloudy
2025-10-07 08:00:00,2025-10-07,8,30.1,76,13.6,10.0,0.0,Partly Cloudy
2025-10-07 09:00:00,2025-10-07,9,32.6,68,14.2,10.0,0.0,Sunny
2025-10-07 10:00:00,2025-10-07,10,31.8,77,17.3,10.0,0.0,Sunny
2025-10-07 11:00:00,2025-10-07,11,33.5,74,18.4,10.0,0.0,Sunny
2025-10-07 12:00:00,2025-10-07,12,36.6,70,5.8,10.0,0.0,Sunny
2025-10-07 13:00:00,2025-10-07,13,36.5,65,7.6,10.0,0.0,Hazy
2025-10-07 14:00:00,2025-10-07,14,37.9,56,18.2,10.0,0.0,Sunny
2025-10-07 15:00:00,2025-10-07,15,36.3,58,2.0,10.0,0.0,Partly Cloudy
2025-10-07 16:00:00,2025-10-07,16,38.0,45,13.0,10.0,0.0,Sunny
2025-10-07 17:00:00,2025-10-07,17,37.1,48,32.2,10.0,0.0,Sunny
2025-10-07 18:00:00,2025-10-07,18,35.1,43,4.3,10.0,0.0,Sunny
2025-10-07 19:00:00,2025-10-07,19,34.2,48,11.3,10.0,0.0,Clear
2025-10-07 20:00:00,2025-10-07,20,30.1,48,2.0,10.0,0.0,Clear
2025-10-07 21:00:00,2025-10-07,21,30.7,34,22.8,10.0,0.0,Clear
2025-10-07 22:00:00,2025-10-07,22,29.4,44,6.3,10.0,0.0,Clear
2025-10-07 23:00:00,2025-10-07,23,27.2,40,20.9,10.0,0.0,Clear
2025-10-08 00:00:00,2025-10-08,0,25.4,43,11.1,10.0,0.0,Clear
2025-10-08 01:00:00,2025-10-08,1,27.0,47,18.3,10.0,0.0,Clear
2025-10-08 02:00:00,2025-10-08,2,26.2,59,2.4,10.0,0.0,Clear
2025-10-08 03:00:00,2025-10-08,3,24.5,58,12.9,10.0,0.0,Clear
2025-10-08 04:00:00,2025-10-08,4,25.2,64,5.6,10.0,0.0,Clear
2025-10-08 05:00:00,2025-10-08,5,23.2,60,21.4,10.0,0.0,Clear
2025-10-08 06:00:00,2025-10-08,6,25.1,66,10.3,10.0,0.0,Clear
2025-10-08 07:00:00,2025-10-08,7,27.2,71,16.3,10.0,0.0,Sunny
2025-10-08 08:00:00,2025-10-08,8,28.0,75,2.0,10.0,0.0,Partly Cloudy
2025-10-08 09:00:00,2025-10-08,9,32.2,79,2.0,10.0,0.0,Partly Cloudy
2025-10-08 10:00:00,2025-10-08,10,31.9,73,17.2,10.0,0.0,Sunny
2025-10-08 11:00:00,2025-10-08,11,32.8,79,16.4,10.0,0.0,Sunny
2025-10-08 12:00:00,2025-10-08,12,38.0,70,4.3,10.0,0.0,Sunny
2025-10-08 13:00:00,2025-10-08,13,38.8,64,9.5,10.0,0.0,Sunny
2025-10-08 14:00:00,2025-10-08,14,38.2,66,16.1,10.0,0.0,Sunny
2025-10-08 15:00:00,2025-10-08,15,35.2,61,19.9,10.0,0.0,Hazy
2025-10-08 16:00:00,2025-10-08,16,39.0,46,12.6,10.0,0.0,Sunny
2025-10-08 17:00:00,2025-10-08,17,38.4,55,13.6,10.0,0.0,Sunny
2025-10-08 18:00:00,2025-10-08,18,33.5,43,26.7,10.0,0.0,Sunny
2025-10-08 19:00:00,2025-10-08,19,31.5,42,3.6,10.0,0.0,Clear
2025-10-08 20:00:00,2025-10-08,20,32.0,37,6.2,10.0,0.0,Clear
2025-10-08 21:00:00,2025-10-08,21,31.4,38,17.0,10.0,0.0,Clear
2025-10-08 22:00:00,2025-10-08,22,31.0,34,3.8,10.0,0.0,Clear
2025-10-08 23:00:00,2025-10-08,23,25.5,44,15.2,10.0,0.0,Clear
2025-10-09 00:00:00,2025-10-09,0,28.6,43,15.8,10.0,0.0,Clear
2025-10-09 01:00:00,2025-10-09,1,23.4,48,2.4,10.0,0.0,Clear
2025-10-09 02:00:00,2025-10-09,2,25.8,57,3.5,10.0,0.0,Clear
2025-10-09 03:00:00,2025-10-09,3,24.5,60,14.2,10.0,0.0,Clear
2025-10-09 04:00:00,2025-10-09,4,26.2,63,5.3,10.0,0.0,Clear
2025-10-09 05:00:00,2025-10-09,5,25.8,75,12.7,10.0,0.0,Clear
2025-10-09 06:00:00,2025-10-09,6,26.3,66,30.1,10.0,0.0,Clear
2025-10-09 07:00:00,2025-10-09,7,28.6,74,12.5,10.0,0.0,Sunny
2025-10-09 08:00:00,2025-10-09,8,28.4,80,8.1,10.0,0.0,Sunny
2025-10-09 09:00:00,2025-10-09,9,30.9,82,11.4,10.0,0.0,Sunny
2025-10-09 10:00:00,2025-10-09,10,31.1,69,8.0,10.0,0.0,Sunny
2025-10-09 11:00:00,2025-10-09,11,35.1,71,8.7,10.0,0.0,Sunny
2025-10-09 12:00:00,2025-10-09,12,37.0,75,12.0,10.0,0.0,Partly Cloudy
2025-10-09 13:00:00,2025-10-09,13,37.2,65,54.3,10.0,0.0,Sunny
2025-10-09 14:00:00,2025-10-09,14,37.5,63,21.7,10.0,0.0,Partly Cloudy
2025-10-09 15:00:00,2025-10-09,15,37.1,56,14.4,10.0,0.0,Partly Cloudy
2025-10-09 16:00:00,2025-10-09,16,40.2,53,14.7,10.0,0.0,Sunny
2025-10-09 17:00:00,2025-10-09,17,36.6,35,6.3,10.0,0.0,Sunny
2025-10-09 18:00:00,2025-10-09,18,33.7,44,2.6,10.0,0.0,Sunny
2025-10-09 19:00:00,2025-10-09,19,34.9,42,12.4,10.0,0.0,Clear
2025-10-09 20:00:00,2025-10-09,20,32.7,39,7.0,10.0,0.0,Clear
2025-10-09 21:00:00,2025-10-09,21,33.5,40,16.6,10.0,0.0,Clear
2025-10-09 22:00:00,2025-10-09,22,29.3,35,15.2,10.0,0.0,Clear
2025-10-09 23:00:00,2025-10-09,23,26.1,43,2.0,10.0,0.0,Clear
2025-10-10 00:00:00,2025-10-10,0,28.4,52,6.2,10.0,0.0,Clear
2025-10-10 01:00:00,2025-10-10,1,25.7,54,21.6,10.0,0.0,Clear
2025-10-10 02:00:00,2025-10-10,2,24.0,56,8.5,10.0,0.0,Clear
2025-10-10 03:00:00,2025-10-10,3,27.2,59,3.5,10.0,0.0,Clear
2025-10-10 04:00:00,2025-10-10,4,24.7,60,13.2,10.0,0.0,Clear
2025-10-10 05:00:00,2025-10-10,5,24.7,65,26.3,10.0,0.0,Clear
2025-10-10 06:00:00,2025-10-10,6,27.5,74,40.8,10.0,0.0,Clear
2025-10-10 07:00:00,2025-10-10,7,28.9,73,16.6,10.0,0.0,Partly Cloudy
2025-10-10 08:00:00,2025-10-10,8,30.4,84,7.8,10.0,0.0,Partly Cloudy
2025-10-10 09:00:00,2025-10-10,9,32.6,69,5.0,10.0,0.0,Sunny
2025-10-10 10:00:00,2025-10-10,10,30.4,75,5.2,10.0,0.0,Hazy
2025-10-10 11:00:00,2025-10-10,11,35.3,71,13.4,10.0,0.0,Partly Cloudy
2025-10-10 12:00:00,2025-10-10,12,35.7,74,6.5,10.0,0.0,Partly Cloudy
2025-10-10 13:00:00,2025-10-10,13,36.8,71,2.0,10.0,0.0,Partly Cloudy
2025-10-10 14:00:00,2025-10-10,14,36.7,58,30.0,10.0,0.0,Sunny
2025-10-10 15:00:00,2025-10-10,15,37.0,53,3.6,10.0,0.0,Sunny
2025-10-10 16:00:00,2025-10-10,16,37.0,50,9.2,10.0,0.0,Sunny
2025-10-10 17:00:00,2025-10-10,17,36.8,51,5.5,10.0,0.0,Hazy
2025-10-10 18:00:00,2025-10-10,18,33.0,47,16.2,10.0,0.0,Sunny
2025-10-10 19:00:00,2025-10-10,19,35.1,36,5.6,10.0,0.0,Clear
2025-10-10 20:00:00,2025-10-10,20,33.9,42,4.2,10.0,0.0,Clear
2025-10-10 21:00:00,2025-10-10,21,31.6,41,5.4,10.0,0.0,Clear
2025-10-10 22:00:00,2025-10-10,22,30.0,40,16.7,10.0,0.0,Clear
2025-10-10 23:00:00,2025-10-10,23,28.9,45,10.9,10.0,0.0,Clear
2025-10-11 00:00:00,2025-10-11,0,26.7,46,21.3,10.0,0.0,Clear
2025-10-11 01:00:00,2025-10-11,1,28.0,49,3.1,10.0,0.0,Clear
2025-10-11 02:00:00,2025-10-11,2,24.7,58,12.3,10.0,0.0,Clear
2025-10-11 03:00:00,2025-10-11,3,25.7,64,23.8,10.0,0.0,Clear
2025-10-11 04:00:00,2025-10-11,4,23.6,61,10.3,10.0,0.0,Clear
2025-10-11 05:00:00,2025-10-11,5,25.2,67,24.3,10.0,0.0,Clear
2025-10-11 06:00:00,2025-10-11,6,27.7,73,4.0,10.0,0.0,Clear
2025-10-11 07:00:00,2025-10-11,7,27.6,73,24.9,10.0,0.0,Hazy
2025-10-11 08:00:00,2025-10-11,8,28.6,78,8.4,10.0,0.0,Sunny
2025-10-11 09:00:00,2025-10-11,9,31.4,77,14.3,10.0,0.0,Partly Cloudy
2025-10-11 10:00:00,2025-10-11,10,32.7,78,11.2,10.0,0.0,Sunny
2025-10-11 11:00:00,2025-10-11,11,33.1,76,2.6,10.0,0.0,Sunny
2025-10-11 12:00:00,2025-10-11,12,35.1,70,2.4,10.0,0.0,Sunny
2025-10-11 13:00:00,2025-10-11,13,36.9,71,2.0,10.0,0.0,Partly Cloudy
2025-10-11 14:00:00,2025-10-11,14,34.4,66,3.2,10.0,0.0,Sunny
2025-10-11 15:00:00,2025-10-11,15,37.6,67,8.6,10.0,0.0,Sunny
2025-10-11 16:00:00,2025-10-11,16,36.2,46,22.4,10.0,0.0,Partly Cloudy
2025-10-11 17:00:00,2025-10-11,17,36.3,52,7.3,10.0,0.0,Sunny
2025-10-11 18:00:00,2025-10-11,18,34.1,49,4.0,10.0,0.0,Partly Cloudy
2025-10-11 19:00:00,2025-10-11,19,33.8,51,24.6,10.0,0.0,Clear
2025-10-11 20:00:00,2025-10-11,20,34.8,39,34.1,10.0,0.0,Clear
2025-10-11 21:00:00,2025-10-11,21,29.8,40,11.3,10.0,0.0,Clear
2025-10-11 22:00:00,2025-10-11,22,28.5,39,18.3,10.0,0.0,Clear
2025-10-11 23:00:00,2025-10-11,23,27.3,50,10.6,10.0,0.0,Clear
2025-10-12 00:00:00,2025-10-12,0,23.8,42,5.1,10.0,0.0,Clear
2025-10-12 01:00:00,2025-10-12,1,23.3,47,6.9,10.0,0.0,Clear
2025-10-12 02:00:00,2025-10-12,2,25.4,48,6.6,10.0,0.0,Clear
2025-10-12 03:00:00,2025-10-12,3,23.8,47,13.5,10.0,0.0,Clear
2025-10-12 04:00:00,2025-10-12,4,26.9,63,13.5,10.0,0.0,Clear
2025-10-12 05:00:00,2025-10-12,5,24.2,67,12.8,10.0,0.0,Clear
2025-10-12 06:00:00,2025-10-12,6,28.6,70,10.7,10.0,0.0,Clear
2025-10-12 07:00:00,2025-10-12,7,25.6,76,23.8,10.0,0.0,Sunny
2025-10-12 08:00:00,2025-10-12,8,29.1,78,2.1,10.0,0.0,Sunny
2025-10-12 09:00:00,2025-10-12,9,29.9,73,24.5,10.0,0.0,Sunny
2025-10-12 10:00:00,2025-10-12,10,33.6,76,9.9,10.0,0.0,Partly Cloudy
2025-10-12 11:00:00,2025-10-12,11,33.4,73,6.1,10.0,0.0,Sunny
2025-10-12 12:00:00,2025-10-12,12,34.9,71,8.4,10.0,0.0,Sunny
2025-10-12 13:00:00,2025-10-12,13,36.5,73,2.0,10.0,0.0,Partly Cloudy
2025-10-12 14:00:00,2025-10-12,14,40.3,64,17.5,10.0,0.0,Partly Cloudy
2025-10-12 15:00:00,2025-10-12,15,39.1,62,39.1,10.0,0.0,Sunny
2025-10-12 16:00:00,2025-10-12,16,36.7,53,11.9,10.0,0.0,Sunny
2025-10-12 17:00:00,2025-10-12,17,35.5,44,7.1,10.0,0.0,Partly Cloudy
2025-10-12 18:00:00,2025-10-12,18,34.5,50,2.1,10.0,0.0,Partly Cloudy
2025-10-12 19:00:00,2025-10-12,19,32.9,45,15.3,10.0,0.0,Clear
2025-10-12 20:00:00,2025-10-12,20,33.9,39,8.4,10.0,0.0,Clear
2025-10-12 21:00:00,2025-10-12,21,30.1,39,27.0,10.0,0.0,Clear
2025-10-12 22:00:00,2025-10-12,22,30.7,43,29.9,10.0,0.0,Clear
2025-10-12 23:00:00,2025-10-12,23,29.2,44,2.0,10.0,0.0,Clear
2025-10-13 00:00:00,2025-10-13,0,26.2,45,8.6,10.0,0.0,Clear
2025-10-13 01:00:00,2025-10-13,1,23.6,45,5.7,10.0,0.0,Clear
2025-10-13 02:00:00,2025-10-13,2,25.6,61,16.0,10.0,0.0,Clear
2025-10-13 03:00:00,2025-10-13,3,23.0,58,7.9,10.0,0.0,Clear
2025-10-13 04:00:00,2025-10-13,4,24.7,67,7.8,10.0,0.0,Clear
2025-10-13 05:00:00,2025-10-13,5,27.2,57,7.2,10.0,0.0,Clear
2025-10-13 06:00:00,2025-10-13,6,23.5,66,10.7,10.0,0.0,Clear
2025-10-13 07:00:00,2025-10-13,7,27.4,78,14.4,10.0,0.0,Sunny
2025-10-13 08:00:00,2025-10-13,8,28.5,75,5.8,10.0,0.0,Partly Cloudy
2025-10-13 09:00:00,2025-10-13,9,30.4,80,37.6,10.0,0.0,Sunny
2025-10-13 10:00:00,2025-10-13,10,31.0,73,22.2,10.0,0.0,Partly Cloudy
2025-10-13 11:00:00,2025-10-13,11,36.7,73,10.9,10.0,0.0,Sunny
2025-10-13 12:00:00,2025-10-13,12,35.8,68,2.0,10.0,0.0,Sunny
2025-10-13 13:00:00,2025-10-13,13,34.2,71,5.3,10.0,0.0,Sunny
2025-10-13 14:00:00,2025-10-13,14,37.7,61,13.2,10.0,0.0,Sunny
2025-10-13 15:00:00,2025-10-13,15,38.9,61,4.9,10.0,0.0,Partly Cloudy
2025-10-13 16:00:00,2025-10-13,16,37.2,59,21.0,10.0,0.0,Hazy
2025-10-13 17:00:00,2025-10-13,17,38.6,48,8.5,10.0,0.0,Sunny
2025-10-13 18:00:00,2025-10-13,18,33.1,45,12.8,10.0,0.0,Sunny
2025-10-13 19:00:00,2025-10-13,19,35.6,40,6.5,10.0,0.0,Clear
2025-10-13 20:00:00,2025-10-13,20,32.4,49,15.1,10.0,0.0,Clear
2025-10-13 21:00:00,2025-10-13,21,29.9,40,20.2,10.0,0.0,Clear
2025-10-13 22:00:00,2025-10-13,22,30.3,40,18.8,10.0,0.0,Clear
2025-10-13 23:00:00,2025-10-13,23,28.7,38,22.3,10.0,0.0,Clear
2025-10-14 00:00:00,2025-10-14,0,28.2,43,10.6,10.0,0.0,Clear
2025-10-14 01:00:00,2025-10-14,1,27.1,47,21.5,10.0,0.0,Clear
2025-10-14 02:00:00,2025-10-14,2,24.8,58,18.9,10.0,0.0,Clear
2025-10-14 03:00:00,2025-10-14,3,22.6,57,2.0,10.0,0.0,Clear
2025-10-14 04:00:00,2025-10-14,4,22.5,61,12.9,10.0,0.0,Clear
2025-10-14 05:00:00,2025-10-14,5,23.3,70,6.9,10.0,0.0,Clear
2025-10-14 06:00:00,2025-10-14,6,25.9,71,22.5,10.0,0.0,Clear
2025-10-14 07:00:00,2025-10-14,7,28.0,69,23.3,10.0,0.0,Sunny
2025-10-14 08:00:00,2025-10-14,8,30.0,82,20.4,10.0,0.0,Sunny
2025-10-14 09:00:00,2025-10-14,9,31.7,74,15.1,10.0,0.0,Sunny
2025-10-14 10:00:00,2025-10-14,10,31.7,77,5.8,10.0,0.0,Partly Cloudy
2025-10-14 11:00:00,2025-10-14,11,35.9,75,7.0,10.0,0.0,Sunny
2025-10-14 12:00:00,2025-10-14,12,37.5,62,6.9,10.0,0.0,Sunny
2025-10-14 13:00:00,2025-10-14,13,35.4,66,4.8,10.0,0.0,Sunny
2025-10-14 14:00:00,2025-10-14,14,37.1,60,10.3,10.0,0.0,Sunny
2025-10-14 15:00:00,2025-10-14,15,38.3,53,11.0,10.0,0.0,Sunny
2025-10-14 16:00:00,2025-10-14,16,39.0,53,44.6,10.0,0.0,Partly Cloudy
2025-10-14 17:00:00,2025-10-14,17,37.3,49,2.0,10.0,0.0,Hazy
2025-10-14 18:00:00,2025-10-14,18,34.9,47,18.3,10.0,0.0,Sunny
2025-10-14 19:00:00,2025-10-14,19,33.0,43,3.2,10.0,0.0,Clear
2025-10-14 20:00:00,2025-10-14,20,31.4,40,7.2,10.0,0.0,Clear
2025-10-14 21:00:00,2025-10-14,21,30.7,46,10.6,10.0,0.0,Clear
2025-10-14 22:00:00,2025-10-14,22,28.7,39,6.2,10.0,0.0,Clear
2025-10-14 23:00:00,2025-10-14,23,26.2,36,9.3,10.0,0.0,Clear
2025-10-15 00:00:00,2025-10-15,0,27.3,42,2.0,10.0,0.0,Clear
2025-10-15 01:00:00,2025-10-15,1,25.0,53,8.1,10.0,0.0,Clear
2025-10-15 02:00:00,2025-10-15,2,25.2,53,20.5,10.0,0.0,Clear
2025-10-15 03:00:00,2025-10-15,3,22.9,54,50.6,10.0,0.0,Clear
2025-10-15 04:00:00,2025-10-15,4,25.9,66,18.9,10.0,0.0,Clear
2025-10-15 05:00:00,2025-10-15,5,26.4,73,7.7,10.0,0.0,Clear
2025-10-15 06:00:00,2025-10-15,6,27.8,70,22.2,10.0,0.0,Clear
2025-10-15 07:00:00,2025-10-15,7,27.6,76,20.3,10.0,0.0,Sunny
2025-10-15 08:00:00,2025-10-15,8,29.0,81,10.6,10.0,0.0,Sunny
2025-10-15 09:00:00,2025-10-15,9,31.8,84,4.5,10.0,0.0,Sunny
2025-10-15 10:00:00,2025-10-15,10,34.2,78,21.4,10.0,0.0,Partly Cloudy
2025-10-15 11:00:00,2025-10-15,11,34.2,73,8.0,10.0,0.0,Sunny
2025-10-15 12:00:00,2025-10-15,12,33.7,70,2.7,10.0,0.0,Hazy
2025-10-15 13:00:00,2025-10-15,13,36.1,58,18.3,10.0,0.0,Sunny
2025-10-15 14:00:00,2025-10-15,14,38.9,58,3.7,10.0,0.0,Sunny
2025-10-15 15:00:00,2025-10-15,15,38.4,60,6.7,10.0,0.0,Sunny
2025-10-15 16:00:00,2025-10-15,16,37.6,64,32.9,10.0,0.0,Sunny
2025-10-15 17:00:00,2025-10-15,17,36.1,47,7.0,10.0,0.0,Sunny
2025-10-15 18:00:00,2025-10-15,18,37.6,44,5.0,10.0,0.0,Sunny
2025-10-15 19:00:00,2025-10-15,19,33.0,44,2.3,10.0,0.0,Clear
2025-10-15 20:00:00,2025-10-15,20,32.7,47,7.8,10.0,0.0,Clear
2025-10-15 21:00:00,2025-10-15,21,31.6,37,13.6,10.0,0.0,Clear
2025-10-15 22:00:00,2025-10-15,22,29.8,39,8.3,10.0,0.0,Clear
2025-10-15 23:00:00,2025-10-15,23,26.8,43,19.6,10.0,0.0,Clear
2025-10-16 00:00:00,2025-10-16,0,27.4,46,3.3,10.0,0.0,Clear
2025-10-16 01:00:00,2025-10-16,1,26.1,50,6.3,10.0,0.0,Clear
2025-10-16 02:00:00,2025-10-16,2,24.9,55,14.0,10.0,0.0,Clear
2025-10-16 03:00:00,2025-10-16,3,25.0,60,13.2,10.0,0.0,Clear
2025-10-16 04:00:00,2025-10-16,4,24.1,64,6.5,10.0,0.0,Clear
2025-10-16 05:00:00,2025-10-16,5,27.6,67,3.2,10.0,0.0,Clear
2025-10-16 06:00:00,2025-10-16,6,28.0,65,19.7,10.0,0.0,Clear
2025-10-16 07:00:00,2025-10-16,7,27.0,69,4.8,10.0,0.0,Sunny
2025-10-16 08:00:00,2025-10-16,8,29.1,73,6.6,10.0,0.0,Partly Cloudy
2025-10-16 09:00:00,2025-10-16,9,32.4,81,15.9,10.0,0.0,Partly Cloudy
2025-10-16 10:00:00,2025-10-16,10,33.5,81,4.4,10.0,0.0,Sunny
2025-10-16 11:00:00,2025-10-16,11,34.4,68,14.3,10.0,0.0,Sunny
2025-10-16 12:00:00,2025-10-16,12,34.4,75,33.7,10.0,0.0,Sunny
2025-10-16 13:00:00,2025-10-16,13,35.6,61,4.6,10.0,0.0,Sunny
2025-10-16 14:00:00,2025-10-16,14,37.4,65,12.4,10.0,0.0,Sunny
2025-10-16 15:00:00,2025-10-16,15,39.5,56,21.5,10.0,0.0,Sunny
2025-10-16 16:00:00,2025-10-16,16,38.7,45,5.9,10.0,0.0,Sunny
2025-10-16 17:00:00,2025-10-16,17,37.4,45,3.2,10.0,0.0,Sunny
2025-10-16 18:00:00,2025-10-16,18,36.5,43,10.4,10.0,0.0,Sunny
2025-10-16 19:00:00,2025-10-16,19,31.5,44,15.2,10.0,0.0,Clear
2025-10-16 20:00:00,2025-10-16,20,33.1,41,6.5,10.0,0.0,Clear
2025-10-16 21:00:00,2025-10-16,21,31.4,40,12.0,10.0,0.0,Clear
2025-10-16 22:00:00,2025-10-16,22,27.6,40,13.6,10.0,0.0,Clear
2025-10-16 23:00:00,2025-10-16,23,30.5,47,7.3,10.0,0.0,Clear
2025-10-17 00:00:00,2025-10-17,0,27.0,41,2.0,10.0,0.0,Clear
2025-10-17 01:00:00,2025-10-17,1,26.1,51,3.5,10.0,0.0,Clear
2025-10-17 02:00:00,2025-10-17,2,23.9,63,15.0,10.0,0.0,Clear
2025-10-17 03:00:00,2025-10-17,3,24.9,60,8.4,10.0,0.0,Clear
2025-10-17 04:00:00,2025-10-17,4,25.0,65,3.0,10.0,0.0,Clear
2025-10-17 05:00:00,2025-10-17,5,27.7,65,8.5,10.0,0.0,Clear
2025-10-17 06:00:00,2025-10-17,6,27.6,79,5.0,10.0,0.0,Clear
2025-10-17 07:00:00,2025-10-17,7,28.0,71,13.9,10.0,0.0,Sunny
2025-10-17 08:00:00,2025-10-17,8,27.5,75,12.5,10.0,0.0,Partly Cloudy
2025-10-17 09:00:00,2025-10-17,9,29.5,67,6.5,10.0,0.0,Partly Cloudy
2025-10-17 10:00:00,2025-10-17,10,29.6,73,3.0,10.0,0.0,Sunny
2025-10-17 11:00:00,2025-10-17,11,33.9,77,6.0,10.0,0.0,Partly Cloudy
2025-10-17 12:00:00,2025-10-17,12,36.3,70,12.7,10.0,0.0,Sunny
2025-10-17 13:00:00,2025-10-17,13,36.8,71,3.2,10.0,0.0,Partly Cloudy
2025-10-17 14:00:00,2025-10-17,14,38.1,64,7.6,10.0,0.0,Sunny
2025-10-17 15:00:00,2025-10-17,15,40.1,60,3.2,10.0,0.0,Sunny
2025-10-17 16:00:00,2025-10-17,16,36.2,57,9.8,10.0,0.0,Partly Cloudy
2025-10-17 17:00:00,2025-10-17,17,35.5,43,18.0,10.0,0.0,Sunny
2025-10-17 18:00:00,2025-10-17,18,35.8,49,5.8,10.0,0.0,Sunny
2025-10-17 19:00:00,2025-10-17,19,32.4,41,13.9,10.0,0.0,Clear
2025-10-17 20:00:00,2025-10-17,20,32.6,39,20.3,10.0,0.0,Clear
2025-10-17 21:00:00,2025-10-17,21,30.5,36,4.8,10.0,0.0,Clear
2025-10-17 22:00:00,2025-10-17,22,27.8,43,10.6,10.0,0.0,Clear
2025-10-17 23:00:00,2025-10-17,23,26.2,43,10.4,10.0,0.0,Clear
2025-10-18 00:00:00,2025-10-18,0,25.8,49,2.0,10.0,0.0,Clear
2025-10-18 01:00:00,2025-10-18,1,24.6,43,17.9,10.0,0.0,Clear
2025-10-18 02:00:00,2025-10-18,2,24.3,58,26.2,10.0,0.0,Clear
2025-10-18 03:00:00,2025-10-18,3,26.1,60,8.8,10.0,0.0,Clear
2025-10-18 04:00:00,2025-10-18,4,26.0,59,12.9,10.0,0.0,Clear
2025-10-18 05:00:00,2025-10-18,5,25.9,71,10.3,10.0,0.0,Clear
2025-10-18 06:00:00,2025-10-18,6,27.2,72,4.8,10.0,0.0,Clear
2025-10-18 07:00:00,2025-10-18,7,26.6,69,14.4,10.0,0.0,Sunny
2025-10-18 08:00:00,2025-10-18,8,30.1,76,4.7,10.0,0.0,Sunny
2025-10-18 09:00:00,2025-10-18,9,29.8,66,11.5,10.0,0.0,Sunny
2025-10-18 10:00:00,2025-10-18,10,33.4,78,25.4,10.0,0.0,Sunny
2025-10-18 11:00:00,2025-10-18,11,36.5,71,6.7,10.0,0.0,Partly Cloudy
2025-10-18 12:00:00,2025-10-18,12,36.8,64,18.7,10.0,0.0,Hazy
2025-10-18 13:00:00,2025-10-18,13,37.7,58,15.4,10.0,0.0,Sunny
2025-10-18 14:00:00,2025-10-18,14,36.0,64,22.2,10.0,0.0,Sunny
2025-10-18 15:00:00,2025-10-18,15,37.5,57,13.1,10.0,0.0,Partly Cloudy
2025-10-18 16:00:00,2025-10-18,16,37.7,52,18.5,10.0,0.0,Sunny
2025-10-18 17:00:00,2025-10-18,17,37.9,50,12.0,10.0,0.0,Sunny
2025-10-18 18:00:00,2025-10-18,18,34.8,45,2.7,10.0,0.0,Sunny
2025-10-18 19:00:00,2025-10-18,19,34.2,45,5.7,10.0,0.0,Clear
2025-10-18 20:00:00,2025-10-18,20,34.7,41,29.8,10.0,0.0,Clear
2025-10-18 21:00:00,2025-10-18,21,31.1,38,12.0,10.0,0.0,Clear
2025-10-18 22:00:00,2025-10-18,22,26.7,39,15.7,10.0,0.0,Clear
2025-10-18 23:00:00,2025-10-18,23,26.5,43,2.5,10.0,0.0,Clear
2025-10-19 00:00:00,2025-10-19,0,25.7,47,13.0,10.0,0.0,Clear
2025-10-19 01:00:00,2025-10-19,1,24.2,47,21.5,10.0,0.0,Clear
2025-10-19 02:00:00,2025-10-19,2,25.1,51,12.4,10.0,0.0,Clear
2025-10-19 03:00:00,2025-10-19,3,26.0,59,2.0,10.0,0.0,Clear
2025-10-19 04:00:00,2025-10-19,4,26.4,64,5.4,10.0,0.0,Clear
2025-10-19 05:00:00,2025-10-19,5,27.1,63,8.4,10.0,0.0,Clear
2025-10-19 06:00:00,2025-10-19,6,25.8,66,15.8,10.0,0.0,Clear
2025-10-19 07:00:00,2025-10-19,7,27.6,74,3.9,10.0,0.0,Sunny
2025-10-19 08:00:00,2025-10-19,8,29.3,77,3.0,10.0,0.0,Partly Cloudy
2025-10-19 09:00:00,2025-10-19,9,34.6,77,21.3,10.0,0.0,Partly Cloudy
2025-10-19 10:00:00,2025-10-19,10,33.3,70,2.0,10.0,0.0,Partly Cloudy
2025-10-19 11:00:00,2025-10-19,11,34.2,75,22.6,10.0,0.0,Sunny
2025-10-19 12:00:00,2025-10-19,12,34.6,74,6.4,10.0,0.0,Partly Cloudy
2025-10-19 13:00:00,2025-10-19,13,38.2,65,18.9,10.0,0.0,Sunny
2025-10-19 14:00:00,2025-10-19,14,35.9,60,14.1,10.0,0.0,Sunny
2025-10-19 15:00:00,2025-10-19,15,37.9,63,13.8,10.0,0.0,Sunny
2025-10-19 16:00:00,2025-10-19,16,37.3,58,22.6,10.0,0.0,Sunny
2025-10-19 17:00:00,2025-10-19,17,36.3,45,16.9,10.0,0.0,Partly Cloudy
2025-10-19 18:00:00,2025-10-19,18,38.0,46,6.3,10.0,0.0,Sunny
2025-10-19 19:00:00,2025-10-19,19,35.0,38,23.7,10.0,0.0,Clear
2025-10-19 20:00:00,2025-10-19,20,34.0,42,8.3,10.0,0.0,Clear
2025-10-19 21:00:00,2025-10-19,21,29.7,38,37.2,10.0,0.0,Clear
2025-10-19 22:00:00,2025-10-19,22,30.7,37,33.1,10.0,0.0,Clear
2025-10-19 23:00:00,2025-10-19,23,29.5,37,10.8,10.0,0.0,Clear
2025-10-20 00:00:00,2025-10-20,0,26.8,50,7.6,10.0,0.0,Clear
2025-10-20 01:00:00,2025-10-20,1,24.9,47,4.6,10.0,0.0,Clear
2025-10-20 02:00:00,2025-10-20,2,23.8,66,8.9,10.0,0.0,Clear
2025-10-20 03:00:00,2025-10-20,3,24.6,64,16.5,10.0,0.0,Clear
2025-10-20 04:00:00,2025-10-20,4,24.6,68,10.3,10.0,0.0,Clear
2025-10-20 05:00:00,2025-10-20,5,24.7,59,19.0,10.0,0.0,Clear
2025-10-20 06:00:00,2025-10-20,6,27.0,70,11.6,10.0,0.0,Clear
2025-10-20 07:00:00,2025-10-20,7,28.1,65,18.4,10.0,0.0,Sunny
2025-10-20 08:00:00,2025-10-20,8,28.9,77,6.1,10.0,0.0,Partly Cloudy
2025-10-20 09:00:00,2025-10-20,9,30.6,76,19.9,10.0,0.0,Partly Cloudy
2025-10-20 10:00:00,2025-10-20,10,30.7,81,24.6,10.0,0.0,Sunny
2025-10-20 11:00:00,2025-10-20,11,34.1,69,3.2,10.0,0.0,Sunny
2025-10-20 12:00:00,2025-10-20,12,34.2,73,2.0,10.0,0.0,Partly Cloudy
2025-10-20 13:00:00,2025-10-20,13,36.2,67,12.2,10.0,0.0,Sunny
2025-10-20 14:00:00,2025-10-20,14,37.7,63,8.5,10.0,0.0,Sunny
2025-10-20 15:00:00,2025-10-20,15,35.3,61,13.8,10.0,0.0,Sunny
2025-10-20 16:00:00,2025-10-20,16,37.0,55,7.6,10.0,0.0,Sunny
2025-10-20 17:00:00,2025-10-20,17,37.1,52,18.1,10.0,0.0,Sunny
2025-10-20 18:00:00,2025-10-20,18,33.8,47,4.1,10.0,0.0,Sunny
2025-10-20 19:00:00,2025-10-20,19,33.5,44,4.6,10.0,0.0,Clear
2025-10-20 20:00:00,2025-10-20,20,31.1,38,2.0,10.0,0.0,Clear
2025-10-20 21:00:00,2025-10-20,21,32.1,39,6.2,10.0,0.0,Clear
2025-10-20 22:00:00,2025-10-20,22,28.6,36,7.7,10.0,0.0,Clear
2025-10-20 23:00:00,2025-10-20,23,27.0,41,5.6,10.0,0.0,Clear
2025-10-21 00:00:00,2025-10-21,0,27.4,47,28.0,10.0,0.0,Clear
2025-10-21 01:00:00,2025-10-21,1,25.1,43,23.8,10.0,0.0,Clear
2025-10-21 02:00:00,2025-10-21,2,26.9,57,21.1,10.0,0.0,Clear
2025-10-21 03:00:00,2025-10-21,3,25.2,57,18.4,10.0,0.0,Clear
2025-10-21 04:00:00,2025-10-21,4,25.3,62,21.0,10.0,0.0,Clear
2025-10-21 05:00:00,2025-10-21,5,26.0,67,8.7,10.0,0.0,Clear
2025-10-21 06:00:00,2025-10-21,6,28.0,71,30.7,10.0,0.0,Clear
2025-10-21 07:00:00,2025-10-21,7,24.0,64,11.9,10.0,0.0,Sunny
2025-10-21 08:00:00,2025-10-21,8,30.2,75,9.5,10.0,0.0,Sunny
2025-10-21 09:00:00,2025-10-21,9,30.0,73,10.1,10.0,0.0,Sunny
2025-10-21 10:00:00,2025-10-21,10,31.3,74,12.9,10.0,0.0,Sunny
2025-10-21 11:00:00,2025-10-21,11,34.1,77,13.1,10.0,0.0,Partly Cloudy
2025-10-21 12:00:00,2025-10-21,12,35.5,69,5.1,10.0,0.0,Partly Cloudy
2025-10-21 13:00:00,2025-10-21,13,34.5,64,5.5,10.0,0.0,Sunny
2025-10-21 14:00:00,2025-10-21,14,35.9,64,16.4,10.0,0.0,Sunny
2025-10-21 15:00:00,2025-10-21,15,35.8,53,24.1,10.0,0.0,Sunny
2025-10-21 16:00:00,2025-10-21,16,36.3,58,12.2,10.0,0.0,Sunny
2025-10-21 17:00:00,2025-10-21,17,37.2,57,10.0,10.0,0.0,Sunny
2025-10-21 18:00:00,2025-10-21,18,35.1,40,17.2,10.0,0.0,Sunny
2025-10-21 19:00:00,2025-10-21,19,34.6,45,36.3,10.0,0.0,Clear
2025-10-21 20:00:00,2025-10-21,20,31.7,47,28.6,10.0,0.0,Clear
2025-10-21 21:00:00,2025-10-21,21,32.6,38,12.4,10.0,0.0,Clear
2025-10-21 22:00:00,2025-10-21,22,28.8,38,29.7,10.0,0.0,Clear
2025-10-21 23:00:00,2025-10-21,23,28.8,40,8.4,10.0,0.0,Clear
2025-10-22 00:00:00,2025-10-22,0,26.5,50,18.1,10.0,0.0,Clear
2025-10-22 01:00:00,2025-10-22,1,24.4,54,11.8,10.0,0.0,Clear
2025-10-22 02:00:00,2025-10-22,2,27.3,52,5.6,10.0,0.0,Clear
2025-10-22 03:00:00,2025-10-22,3,26.0,64,10.1,10.0,0.0,Clear
2025-10-22 04:00:00,2025-10-22,4,24.5,58,8.5,10.0,0.0,Clear
2025-10-22 05:00:00,2025-10-22,5,26.5,69,14.6,10.0,0.0,Clear
2025-10-22 06:00:00,2025-10-22,6,26.4,67,34.7,10.0,0.0,Clear
2025-10-22 07:00:00,2025-10-22,7,27.4,74,5.7,10.0,0.0,Sunny
2025-10-22 08:00:00,2025-10-22,8,28.5,74,15.1,10.0,0.0,Hazy
2025-10-22 09:00:00,2025-10-22,9,31.0,72,24.6,10.0,0.0,Sunny
2025-10-22 10:00:00,2025-10-22,10,33.1,77,13.9,10.0,0.0,Sunny
2025-10-22 11:00:00,2025-10-22,11,34.5,69,19.9,10.0,0.0,Hazy
2025-10-22 12:00:00,2025-10-22,12,36.3,74,18.0,10.0,0.0,Sunny
2025-10-22 13:00:00,2025-10-22,13,36.6,70,9.1,10.0,0.0,Sunny
2025-10-22 14:00:00,2025-10-22,14,35.7,63,12.9,10.0,0.0,Sunny
2025-10-22 15:00:00,2025-10-22,15,38.0,57,2.6,10.0,0.0,Sunny
2025-10-22 16:00:00,2025-10-22,16,36.4,56,4.8,10.0,0.0,Partly Cloudy
2025-10-22 17:00:00,2025-10-22,17,34.6,52,6.8,10.0,0.0,Sunny
2025-10-22 18:00:00,2025-10-22,18,35.3,43,54.3,10.0,0.0,Sunny
2025-10-22 19:00:00,2025-10-22,19,33.6,43,19.4,10.0,0.0,Clear
2025-10-22 20:00:00,2025-10-22,20,31.6,39,2.0,10.0,0.0,Clear
2025-10-22 21:00:00,2025-10-22,21,29.4,42,3.4,10.0,0.0,Clear
2025-10-22 22:00:00,2025-10-22,22,29.6,38,2.4,10.0,0.0,Clear
2025-10-22 23:00:00,2025-10-22,23,26.9,43,9.0,10.0,0.0,Clear
2025-10-23 00:00:00,2025-10-23,0,25.2,45,9.8,10.0,0.0,Clear
2025-10-23 01:00:00,2025-10-23,1,25.8,53,2.0,10.0,0.0,Clear
2025-10-23 02:00:00,2025-10-23,2,24.4,51,21.7,10.0,0.0,Clear
2025-10-23 03:00:00,2025-10-23,3,24.9,59,2.4,10.0,0.0,Clear
2025-10-23 04:00:00,2025-10-23,4,24.5,61,11.9,10.0,0.0,Clear
2025-10-23 05:00:00,2025-10-23,5,25.7,61,15.3,10.0,0.0,Clear
2025-10-23 06:00:00,2025-10-23,6,24.6,70,5.4,10.0,0.0,Clear
2025-10-23 07:00:00,2025-10-23,7,29.4,76,6.3,10.0,0.0,Sunny
2025-10-23 08:00:00,2025-10-23,8,27.2,78,9.9,10.0,0.0,Sunny
2025-10-23 09:00:00,2025-10-23,9,32.0,74,8.4,10.0,0.0,Sunny
2025-10-23 10:00:00,2025-10-23,10,32.5,79,4.7,10.0,0.0,Partly Cloudy
2025-10-23 11:00:00,2025-10-23,11,36.8,79,2.7,10.0,0.0,Sunny
2025-10-23 12:00:00,2025-10-23,12,35.6,67,7.2,10.0,0.0,Hazy
2025-10-23 13:00:00,2025-10-23,13,37.4,68,13.8,10.0,0.0,Sunny
2025-10-23 14:00:00,2025-10-23,14,34.7,67,20.3,10.0,0.0,Sunny
2025-10-23 15:00:00,2025-10-23,15,38.9,63,11.0,10.0,0.0,Sunny
2025-10-23 16:00:00,2025-10-23,16,37.8,54,8.6,10.0,0.0,Sunny
2025-10-23 17:00:00,2025-10-23,17,34.4,53,11.5,10.0,0.0,Sunny
2025-10-23 18:00:00,2025-10-23,18,34.7,50,6.4,10.0,0.0,Partly Cloudy
2025-10-23 19:00:00,2025-10-23,19,33.8,45,4.1,10.0,0.0,Clear
2025-10-23 20:00:00,2025-10-23,20,33.9,40,20.4,10.0,0.0,Clear
2025-10-23 21:00:00,2025-10-23,21,30.6,41,8.1,10.0,0.0,Clear
2025-10-23 22:00:00,2025-10-23,22,27.7,38,6.7,10.0,0.0,Clear
2025-10-23 23:00:00,2025-10-23,23,27.2,40,6.2,10.0,0.0,Clear
2025-10-24 00:00:00,2025-10-24,0,27.0,39,11.1,10.0,0.0,Clear
2025-10-24 01:00:00,2025-10-24,1,25.2,53,7.0,10.0,0.0,Clear
2025-10-24 02:00:00,2025-10-24,2,25.5,58,9.4,10.0,0.0,Clear
2025-10-24 03:00:00,2025-10-24,3,21.5,50,2.1,10.0,0.0,Clear
2025-10-24 04:00:00,2025-10-24,4,26.9,61,14.0,10.0,0.0,Clear
2025-10-24 05:00:00,2025-10-24,5,25.3,65,6.4,10.0,0.0,Clear
2025-10-24 06:00:00,2025-10-24,6,26.7,73,14.4,10.0,0.0,Clear
2025-10-24 07:00:00,2025-10-24,7,28.7,74,39.8,10.0,0.0,Sunny
2025-10-24 08:00:00,2025-10-24,8,30.8,78,16.0,10.0,0.0,Partly Cloudy
2025-10-24 09:00:00,2025-10-24,9,32.3,76,17.2,10.0,0.0,Sunny
2025-10-24 10:00:00,2025-10-24,10,31.7,76,35.0,10.0,0.0,Sunny
2025-10-24 11:00:00,2025-10-24,11,32.2,74,11.5,10.0,0.0,Sunny
2025-10-24 12:00:00,2025-10-24,12,36.2,75,11.8,10.0,0.0,Partly Cloudy
2025-10-24 13:00:00,2025-10-24,13,38.0,63,11.8,10.0,0.0,Sunny
2025-10-24 14:00:00,2025-10-24,14,37.9,60,26.0,10.0,0.0,Sunny
2025-10-24 15:00:00,2025-10-24,15,35.0,55,16.3,10.0,0.0,Partly Cloudy
2025-10-24 16:00:00,2025-10-24,16,39.7,55,5.0,10.0,0.0,Sunny
2025-10-24 17:00:00,2025-10-24,17,36.0,42,13.7,10.0,0.0,Sunny
2025-10-24 18:00:00,2025-10-24,18,36.6,38,9.9,10.0,0.0,Hazy
2025-10-24 19:00:00,2025-10-24,19,31.9,45,20.0,10.0,0.0,Clear
2025-10-24 20:00:00,2025-10-24,20,34.3,35,9.2,10.0,0.0,Clear
2025-10-24 21:00:00,2025-10-24,21,32.2,36,30.1,10.0,0.0,Clear
2025-10-24 22:00:00,2025-10-24,22,28.8,35,7.2,10.0,0.0,Clear
2025-10-24 23:00:00,2025-10-24,23,29.3,40,5.8,10.0,0.0,Clear
2025-10-25 00:00:00,2025-10-25,0,26.6,57,4.9,10.0,0.0,Clear
2025-10-25 01:00:00,2025-10-25,1,26.4,48,17.6,10.0,0.0,Clear
2025-10-25 02:00:00,2025-10-25,2,24.6,53,4.1,10.0,0.0,Clear
2025-10-25 03:00:00,2025-10-25,3,23.6,54,9.8,10.0,0.0,Clear
2025-10-25 04:00:00,2025-10-25,4,26.9,62,7.0,10.0,0.0,Clear
2025-10-25 05:00:00,2025-10-25,5,25.9,71,10.0,10.0,0.0,Clear
2025-10-25 06:00:00,2025-10-25,6,24.7,71,19.5,10.0,0.0,Clear
2025-10-25 07:00:00,2025-10-25,7,27.9,82,5.2,10.0,0.0,Sunny
2025-10-25 08:00:00,2025-10-25,8,30.2,72,17.6,10.0,0.0,Sunny
2025-10-25 09:00:00,2025-10-25,9,32.3,67,2.1,10.0,0.0,Sunny
2025-10-25 10:00:00,2025-10-25,10,35.2,77,16.8,10.0,0.0,Sunny
2025-10-25 11:00:00,2025-10-25,11,35.0,75,8.3,10.0,0.0,Partly Cloudy
2025-10-25 12:00:00,2025-10-25,12,34.7,71,18.6,10.0,0.0,Sunny
2025-10-25 13:00:00,2025-10-25,13,36.4,62,12.9,10.0,0.0,Hazy
2025-10-25 14:00:00,2025-10-25,14,38.8,60,8.2,10.0,0.0,Sunny
2025-10-25 15:00:00,2025-10-25,15,36.7,59,7.2,10.0,0.0,Sunny
2025-10-25 16:00:00,2025-10-25,16,37.5,54,14.7,10.0,0.0,Partly Cloudy
2025-10-25 17:00:00,2025-10-25,17,36.0,52,8.5,10.0,0.0,Partly Cloudy
2025-10-25 18:00:00,2025-10-25,18,35.2,41,11.6,10.0,0.0,Sunny
2025-10-25 19:00:00,2025-10-25,19,34.0,35,2.0,10.0,0.0,Clear
2025-10-25 20:00:00,2025-10-25,20,33.0,40,9.0,10.0,0.0,Clear
2025-10-25 21:00:00,2025-10-25,21,30.8,42,12.0,10.0,0.0,Clear
2025-10-25 22:00:00,2025-10-25,22,27.4,35,7.8,10.0,0.0,Clear
2025-10-25 23:00:00,2025-10-25,23,29.2,49,13.0,10.0,0.0,Clear
2025-10-26 00:00:00,2025-10-26,0,27.7,44,23.5,10.0,0.0,Clear
2025-10-26 01:00:00,2025-10-26,1,25.6,54,3.8,10.0,0.0,Clear
2025-10-26 02:00:00,2025-10-26,2,26.2,60,22.4,10.0,0.0,Clear
2025-10-26 03:00:00,2025-10-26,3,25.4,51,11.2,10.0,0.0,Clear
2025-10-26 04:00:00,2025-10-26,4,25.7,65,3.0,10.0,0.0,Clear
2025-10-26 05:00:00,2025-10-26,5,25.8,74,19.8,10.0,0.0,Clear
2025-10-26 06:00:00,2025-10-26,6,27.3,69,30.4,10.0,0.0,Clear
2025-10-26 07:00:00,2025-10-26,7,26.5,81,2.0,10.0,0.0,Hazy
2025-10-26 08:00:00,2025-10-26,8,28.9,79,2.7,10.0,0.0,Sunny
2025-10-26 09:00:00,2025-10-26,9,29.3,75,20.8,10.0,0.0,Sunny
2025-10-26 10:00:00,2025-10-26,10,31.3,75,17.4,10.0,0.0,Sunny
2025-10-26 11:00:00,2025-10-26,11,35.8,67,5.3,10.0,0.0,Sunny
2025-10-26 12:00:00,2025-10-26,12,36.1,68,11.1,10.0,0.0,Sunny
2025-10-26 13:00:00,2025-10-26,13,36.0,70,7.3,10.0,0.0,Sunny
2025-10-26 14:00:00,2025-10-26,14,36.1,62,3.2,10.0,0.0,Sunny
2025-10-26 15:00:00,2025-10-26,15,35.8,59,6.1,10.0,0.0,Sunny
2025-10-26 16:00:00,2025-10-26,16,35.8,58,2.0,10.0,0.0,Partly Cloudy
2025-10-26 17:00:00,2025-10-26,17,35.9,53,25.6,10.0,0.0,Sunny
2025-10-26 18:00:00,2025-10-26,18,32.2,47,12.3,10.0,0.0,Partly Cloudy
2025-10-26 19:00:00,2025-10-26,19,35.3,40,7.2,10.0,0.0,Clear
2025-10-26 20:00:00,2025-10-26,20,33.1,41,9.4,10.0,0.0,Clear
2025-10-26 21:00:00,2025-10-26,21,31.5,41,7.0,10.0,0.0,Clear
2025-10-26 22:00:00,2025-10-26,22,30.1,38,7.3,10.0,0.0,Clear
2025-10-26 23:00:00,2025-10-26,23,27.7,44,7.6,10.0,0.0,Clear
2025-10-27 00:00:00,2025-10-27,0,26.7,42,17.6,10.0,0.0,Clear
2025-10-27 01:00:00,2025-10-27,1,25.3,49,4.8,10.0,0.0,Clear
2025-10-27 02:00:00,2025-10-27,2,26.5,51,24.1,10.0,0.0,Clear
2025-10-27 03:00:00,2025-10-27,3,23.4,56,4.2,10.0,0.0,Clear
2025-10-27 04:00:00,2025-10-27,4,25.7,66,33.7,10.0,0.0,Clear
2025-10-27 05:00:00,2025-10-27,5,24.1,71,20.3,10.0,0.0,Clear
2025-10-27 06:00:00,2025-10-27,6,25.0,70,7.7,10.0,0.0,Clear
2025-10-27 07:00:00,2025-10-27,7,26.0,79,11.9,10.0,0.0,Hazy
2025-10-27 08:00:00,2025-10-27,8,27.0,78,12.1,10.0,0.0,Sunny
2025-10-27 09:00:00,2025-10-27,9,31.3,78,6.1,10.0,0.0,Sunny
2025-10-27 10:00:00,2025-10-27,10,31.4,75,2.0,10.0,0.0,Sunny
2025-10-27 11:00:00,2025-10-27,11,34.6,76,5.9,10.0,0.0,Sunny
2025-10-27 12:00:00,2025-10-27,12,37.6,69,2.0,10.0,0.0,Sunny
2025-10-27 13:00:00,2025-10-27,13,36.1,68,11.5,10.0,0.0,Sunny
2025-10-27 14:00:00,2025-10-27,14,37.7,68,3.7,10.0,0.0,Sunny
2025-10-27 15:00:00,2025-10-27,15,38.7,62,10.6,10.0,0.0,Sunny
2025-10-27 16:00:00,2025-10-27,16,37.6,51,13.1,10.0,0.0,Partly Cloudy
2025-10-27 17:00:00,2025-10-27,17,36.8,53,9.3,10.0,0.0,Partly Cloudy
2025-10-27 18:00:00,2025-10-27,18,33.6,40,9.0,10.0,0.0,Sunny
2025-10-27 19:00:00,2025-10-27,19,34.4,42,6.2,10.0,0.0,Clear
2025-10-27 20:00:00,2025-10-27,20,33.4,45,4.4,10.0,0.0,Clear
2025-10-27 21:00:00,2025-10-27,21,33.2,37,10.0,10.0,0.0,Clear
2025-10-27 22:00:00,2025-10-27,22,28.9,42,60.0,10.0,0.0,Clear
2025-10-27 23:00:00,2025-10-27,23,29.2,44,10.9,10.0,0.0,Clear
2025-10-28 00:00:00,2025-10-28,0,25.7,50,10.4,10.0,0.0,Clear
2025-10-28 01:00:00,2025-10-28,1,26.5,47,5.0,10.0,0.0,Clear
2025-10-28 02:00:00,2025-10-28,2,23.7,57,4.9,10.0,0.0,Clear
2025-10-28 03:00:00,2025-10-28,3,24.6,55,17.8,10.0,0.0,Clear
2025-10-28 04:00:00,2025-10-28,4,23.9,61,13.0,10.0,0.0,Clear
2025-10-28 05:00:00,2025-10-28,5,25.4,67,20.7,10.0,0.0,Clear
2025-10-28 06:00:00,2025-10-28,6,26.4,70,20.5,10.0,0.0,Clear
2025-10-28 07:00:00,2025-10-28,7,27.9,77,4.9,10.0,0.0,Sunny
2025-10-28 08:00:00,2025-10-28,8,28.4,85,3.9,10.0,0.0,Sunny
2025-10-28 09:00:00,2025-10-28,9,30.9,76,9.7,10.0,0.0,Sunny
2025-10-28 10:00:00,2025-10-28,10,33.1,76,8.1,10.0,0.0,Sunny
2025-10-28 11:00:00,2025-10-28,11,33.9,80,14.4,10.0,0.0,Sunny
2025-10-28 12:00:00,2025-10-28,12,34.6,80,14.9,10.0,0.0,Sunny
2025-10-28 13:00:00,2025-10-28,13,35.7,66,15.1,10.0,0.0,Sunny
2025-10-28 14:00:00,2025-10-28,14,38.5,64,17.6,10.0,0.0,Sunny
2025-10-28 15:00:00,2025-10-28,15,37.5,53,19.1,10.0,0.0,Hazy
2025-10-28 16:00:00,2025-10-28,16,39.0,50,3.4,10.0,0.0,Sunny
2025-10-28 17:00:00,2025-10-28,17,36.3,43,37.1,10.0,0.0,Sunny
2025-10-28 18:00:00,2025-10-28,18,35.4,44,15.5,10.0,0.0,Partly Cloudy
2025-10-28 19:00:00,2025-10-28,19,34.9,49,32.7,10.0,0.0,Clear
2025-10-28 20:00:00,2025-10-28,20,33.3,37,12.1,10.0,0.0,Clear
2025-10-28 21:00:00,2025-10-28,21,32.6,37,9.3,10.0,0.0,Clear
2025-10-28 22:00:00,2025-10-28,22,26.7,43,4.7,10.0,0.0,Clear
2025-10-28 23:00:00,2025-10-28,23,28.3,36,13.3,10.0,0.0,Clear
2025-10-29 00:00:00,2025-10-29,0,25.1,47,10.6,10.0,0.0,Clear
2025-10-29 01:00:00,2025-10-29,1,25.2,39,14.9,10.0,0.0,Clear
2025-10-29 02:00:00,2025-10-29,2,23.4,52,5.5,10.0,0.0,Clear
2025-10-29 03:00:00,2025-10-29,3,24.8,52,15.0,10.0,0.0,Clear
2025-10-29 04:00:00,2025-10-29,4,23.4,60,2.7,10.0,0.0,Clear
2025-10-29 05:00:00,2025-10-29,5,23.1,67,10.7,10.0,0.0,Clear
2025-10-29 06:00:00,2025-10-29,6,25.0,70,19.4,10.0,0.0,Clear
2025-10-29 07:00:00,2025-10-29,7,29.1,73,38.3,10.0,0.0,Partly Cloudy
2025-10-29 08:00:00,2025-10-29,8,30.1,84,9.7,10.0,0.0,Partly Cloudy
2025-10-29 09:00:00,2025-10-29,9,32.5,79,4.1,10.0,0.0,Sunny
2025-10-29 10:00:00,2025-10-29,10,30.3,69,6.1,10.0,0.0,Sunny
2025-10-29 11:00:00,2025-10-29,11,36.4,68,8.5,10.0,0.0,Sunny
2025-10-29 12:00:00,2025-10-29,12,38.5,76,7.8,10.0,0.0,Sunny
2025-10-29 13:00:00,2025-10-29,13,35.4,67,24.9,10.0,0.0,Sunny
2025-10-29 14:00:00,2025-10-29,14,37.7,68,10.3,10.0,0.0,Sunny
2025-10-29 15:00:00,2025-10-29,15,36.7,62,13.5,10.0,0.0,Sunny
2025-10-29 16:00:00,2025-10-29,16,38.2,52,2.0,10.0,0.0,Sunny
2025-10-29 17:00:00,2025-10-29,17,38.6,50,9.4,10.0,0.0,Sunny
2025-10-29 18:00:00,2025-10-29,18,34.4,43,8.4,10.0,0.0,Sunny
2025-10-29 19:00:00,2025-10-29,19,32.7,46,9.2,10.0,0.0,Clear
2025-10-29 20:00:00,2025-10-29,20,32.4,41,23.7,10.0,0.0,Clear
2025-10-29 21:00:00,2025-10-29,21,35.4,45,8.9,10.0,0.0,Clear
2025-10-29 22:00:00,2025-10-29,22,30.3,38,3.1,10.0,0.0,Clear
2025-10-29 23:00:00,2025-10-29,23,28.3,41,6.4,10.0,0.0,Clear
2025-10-30 00:00:00,2025-10-30,0,27.6,43,25.2,10.0,0.0,Clear
2025-10-30 01:00:00,2025-10-30,1,26.8,55,23.0,10.0,0.0,Clear
2025-10-30 02:00:00,2025-10-30,2,25.1,53,8.4,10.0,0.0,Clear
2025-10-30 03:00:00,2025-10-30,3,24.4,58,8.3,10.0,0.0,Clear
2025-10-30 04:00:00,2025-10-30,4,24.0,62,2.6,10.0,0.0,Clear
2025-10-30 05:00:00,2025-10-30,5,25.6,72,10.3,10.0,0.0,Clear
2025-10-30 06:00:00,2025-10-30,6,27.8,83,6.8,10.0,0.0,Clear
2025-10-30 07:00:00,2025-10-30,7,29.1,84,2.8,10.0,0.0,Sunny
2025-10-30 08:00:00,2025-10-30,8,28.7,78,10.1,10.0,0.0,Hazy
2025-10-30 09:00:00,2025-10-30,9,30.9,72,15.7,10.0,0.0,Sunny
2025-10-30 10:00:00,2025-10-30,10,31.2,73,2.8,10.0,0.0,Sunny
2025-10-30 11:00:00,2025-10-30,11,35.5,75,30.5,10.0,0.0,Sunny
2025-10-30 12:00:00,2025-10-30,12,36.2,61,5.9,10.0,0.0,Sunny
2025-10-30 13:00:00,2025-10-30,13,36.3,64,5.1,10.0,0.0,Partly Cloudy
2025-10-30 14:00:00,2025-10-30,14,36.8,66,9.4,10.0,0.0,Sunny
2025-10-30 15:00:00,2025-10-30,15,36.3,52,2.0,10.0,0.0,Partly Cloudy
2025-10-30 16:00:00,2025-10-30,16,37.4,55,3.7,10.0,0.0,Partly Cloudy
2025-10-30 17:00:00,2025-10-30,17,38.4,47,11.7,10.0,0.0,Sunny
2025-10-30 18:00:00,2025-10-30,18,34.7,43,6.7,10.0,0.0,Sunny
2025-10-30 19:00:00,2025-10-30,19,32.6,45,2.0,10.0,0.0,Clear
2025-10-30 20:00:00,2025-10-30,20,32.8,47,8.3,10.0,0.0,Clear
2025-10-30 21:00:00,2025-10-30,21,32.4,40,6.3,10.0,0.0,Clear
2025-10-30 22:00:00,2025-10-30,22,30.5,46,14.4,10.0,0.0,Clear
2025-10-30 23:00:00,2025-10-30,23,29.2,44,12.2,10.0,0.0,Clear
2025-10-31 00:00:00,2025-10-31,0,25.8,41,19.4,10.0,0.0,Clear
2025-10-31 01:00:00,2025-10-31,1,26.4,53,2.4,10.0,0.0,Clear
2025-10-31 02:00:00,2025-10-31,2,25.2,59,13.0,10.0,0.0,Clear
2025-10-31 03:00:00,2025-10-31,3,24.2,60,4.8,10.0,0.0,Clear
2025-10-31 04:00:00,2025-10-31,4,24.8,58,4.9,10.0,0.0,Clear
2025-10-31 05:00:00,2025-10-31,5,26.4,61,7.3,10.0,0.0,Clear
2025-10-31 06:00:00,2025-10-31,6,27.1,73,17.0,10.0,0.0,Clear
2025-10-31 07:00:00,2025-10-31,7,28.4,75,14.3,10.0,0.0,Sunny
2025-10-31 08:00:00,2025-10-31,8,30.1,78,7.3,10.0,0.0,Partly Cloudy
2025-10-31 09:00:00,2025-10-31,9,30.5,67,13.8,10.0,0.0,Sunny
2025-10-31 10:00:00,2025-10-31,10,31.1,72,17.7,10.0,0.0,Partly Cloudy
2025-10-31 11:00:00,2025-10-31,11,33.4,71,38.8,10.0,0.0,Hazy
2025-10-31 12:00:00,2025-10-31,12,36.7,75,2.4,10.0,0.0,Partly Cloudy
2025-10-31 13:00:00,2025-10-31,13,34.9,67,12.2,10.0,0.0,Sunny
2025-10-31 14:00:00,2025-10-31,14,37.3,67,2.9,10.0,0.0,Sunny
2025-10-31 15:00:00,2025-10-31,15,37.7,54,22.5,10.0,0.0,Sunny
2025-10-31 16:00:00,2025-10-31,16,38.1,46,2.0,10.0,0.0,Sunny
2025-10-31 17:00:00,2025-10-31,17,35.1,52,8.2,10.0,0.0,Sunny
2025-10-31 18:00:00,2025-10-31,18,32.9,44,6.2,10.0,0.0,Sunny
2025-10-31 19:00:00,2025-10-31,19,33.6,43,5.0,10.0,0.0,Clear
2025-10-31 20:00:00,2025-10-31,20,33.4,36,17.6,10.0,0.0,Clear
2025-10-31 21:00:00,2025-10-31,21,32.7,41,17.0,10.0,0.0,Clear
2025-10-31 22:00:00,2025-10-31,22,28.5,41,6.2,10.0,0.0,Clear
2025-10-31 23:00:00,2025-10-31,23,26.7,43,4.9,10.0,0.0,Clear
2025-11-01 00:00:00,2025-11-01,0,21.7,50,2.0,10.0,0.0,Clear
2025-11-01 01:00:00,2025-11-01,1,22.9,54,7.3,10.0,0.0,Clear
2025-11-01 02:00:00,2025-11-01,2,20.3,60,13.6,10.0,0.0,Clear
2025-11-01 03:00:00,2025-11-01,3,20.1,60,13.4,10.0,0.0,Clear
2025-11-01 04:00:00,2025-11-01,4,22.1,71,13.7,10.0,0.0,Clear
2025-11-01 05:00:00,2025-11-01,5,21.5,64,8.3,10.0,0.0,Clear
2025-11-01 06:00:00,2025-11-01,6,21.6,76,24.7,10.0,0.0,Clear
2025-11-01 07:00:00,2025-11-01,7,21.4,76,26.0,10.0,0.0,Sunny
2025-11-01 08:00:00,2025-11-01,8,24.4,77,18.4,10.0,0.0,Sunny
2025-11-01 09:00:00,2025-11-01,9,26.9,76,10.1,10.0,0.0,Sunny
2025-11-01 10:00:00,2025-11-01,10,26.4,80,17.5,10.0,0.0,Sunny
2025-11-01 11:00:00,2025-11-01,11,30.4,83,4.0,10.0,0.0,Sunny
2025-11-01 12:00:00,2025-11-01,12,30.5,78,16.1,10.0,0.0,Sunny
2025-11-01 13:00:00,2025-11-01,13,31.4,73,20.8,10.0,0.0,Sunny
2025-11-01 14:00:00,2025-11-01,14,31.2,64,13.4,10.0,0.0,Sunny
2025-11-01 15:00:00,2025-11-01,15,32.9,67,8.6,10.0,0.0,Sunny
2025-11-01 16:00:00,2025-11-01,16,33.1,57,10.8,10.0,0.0,Sunny
2025-11-01 17:00:00,2025-11-01,17,30.3,47,10.6,10.0,0.0,Partly Cloudy
2025-11-01 18:00:00,2025-11-01,18,31.2,44,2.0,10.0,0.0,Sunny
2025-11-01 19:00:00,2025-11-01,19,30.3,51,5.0,10.0,0.0,Clear
2025-11-01 20:00:00,2025-11-01,20,28.7,47,10.2,10.0,0.0,Clear
2025-11-01 21:00:00,2025-11-01,21,26.3,47,8.5,10.0,0.0,Clear
2025-11-01 22:00:00,2025-11-01,22,23.9,43,4.2,10.0,0.0,Clear
2025-11-01 23:00:00,2025-11-01,23,22.4,41,17.2,10.0,0.0,Clear
2025-11-02 00:00:00,2025-11-02,0,19.7,40,17.3,10.0,0.0,Clear
2025-11-02 01:00:00,2025-11-02,1,19.6,48,3.6,10.0,0.0,Clear
2025-11-02 02:00:00,2025-11-02,2,19.4,49,7.2,10.0,0.0,Clear
2025-11-02 03:00:00,2025-11-02,3,18.5,69,5.9,0.7,0.0,Fog
2025-11-02 04:00:00,2025-11-02,4,19.9,62,6.9,1.1,0.0,Fog
2025-11-02 05:00:00,2025-11-02,5,22.2,67,25.5,0.5,0.0,Fog
2025-11-02 06:00:00,2025-11-02,6,23.4,70,9.3,1.0,0.0,Fog
2025-11-02 07:00:00,2025-11-02,7,22.0,69,10.2,0.4,0.0,Fog
2025-11-02 08:00:00,2025-11-02,8,26.4,70,5.8,0.7,0.0,Fog
2025-11-02 09:00:00,2025-11-02,9,27.4,84,6.3,10.0,0.0,Sunny
2025-11-02 10:00:00,2025-11-02,10,26.8,85,30.5,10.0,0.0,Partly Cloudy
2025-11-02 11:00:00,2025-11-02,11,29.8,80,24.6,10.0,0.0,Sunny
2025-11-02 12:00:00,2025-11-02,12,30.6,75,15.3,10.0,0.0,Partly Cloudy
2025-11-02 13:00:00,2025-11-02,13,29.2,64,39.6,10.0,0.0,Sunny
2025-11-02 14:00:00,2025-11-02,14,30.7,70,6.3,10.0,0.0,Sunny
2025-11-02 15:00:00,2025-11-02,15,33.4,60,7.1,10.0,0.0,Partly Cloudy
2025-11-02 16:00:00,2025-11-02,16,30.4,58,13.6,10.0,0.0,Partly Cloudy
2025-11-02 17:00:00,2025-11-02,17,33.8,52,12.6,10.0,0.0,Sunny
2025-11-02 18:00:00,2025-11-02,18,31.8,50,12.9,10.0,0.0,Partly Cloudy
2025-11-02 19:00:00,2025-11-02,19,30.1,48,16.9,10.0,0.0,Clear
2025-11-02 20:00:00,2025-11-02,20,25.8,42,5.6,10.0,0.0,Clear
2025-11-02 21:00:00,2025-11-02,21,27.3,46,8.6,10.0,0.0,Clear
2025-11-02 22:00:00,2025-11-02,22,25.5,41,2.3,10.0,0.0,Clear
2025-11-02 23:00:00,2025-11-02,23,23.8,48,8.0,10.0,0.0,Clear
2025-11-03 00:00:00,2025-11-03,0,22.5,51,26.6,10.0,0.0,Clear
2025-11-03 01:00:00,2025-11-03,1,22.5,44,2.5,10.0,0.0,Clear
2025-11-03 02:00:00,2025-11-03,2,18.8,56,9.6,10.0,0.0,Clear
2025-11-03 03:00:00,2025-11-03,3,19.3,51,20.3,10.0,0.0,Clear
2025-11-03 04:00:00,2025-11-03,4,18.7,59,35.1,10.0,0.0,Clear
2025-11-03 05:00:00,2025-11-03,5,21.3,69,3.4,10.0,0.0,Clear
2025-11-03 06:00:00,2025-11-03,6,21.1,72,3.6,10.0,0.0,Clear
2025-11-03 07:00:00,2025-11-03,7,21.1,75,8.4,10.0,0.0,Sunny
2025-11-03 08:00:00,2025-11-03,8,24.4,80,4.2,10.0,0.0,Sunny
2025-11-03 09:00:00,2025-11-03,9,23.6,77,13.2,10.0,0.0,Sunny
2025-11-03 10:00:00,2025-11-03,10,27.8,73,18.8,10.0,0.0,Sunny
2025-11-03 11:00:00,2025-11-03,11,29.4,69,7.9,10.0,0.0,Sunny
2025-11-03 12:00:00,2025-11-03,12,30.1,66,7.7,10.0,0.0,Sunny
2025-11-03 13:00:00,2025-11-03,13,32.8,66,7.6,10.0,0.0,Partly Cloudy
2025-11-03 14:00:00,2025-11-03,14,30.1,62,8.4,10.0,0.0,Sunny
2025-11-03 15:00:00,2025-11-03,15,32.6,66,8.3,10.0,0.0,Sunny
2025-11-03 16:00:00,2025-11-03,16,32.5,56,12.4,10.0,0.0,Sunny
2025-11-03 17:00:00,2025-11-03,17,31.6,47,15.0,10.0,0.0,Sunny
2025-11-03 18:00:00,2025-11-03,18,32.1,51,3.6,10.0,0.0,Sunny
2025-11-03 19:00:00,2025-11-03,19,28.5,48,16.4,10.0,0.0,Clear
2025-11-03 20:00:00,2025-11-03,20,27.6,41,12.8,10.0,0.0,Clear
2025-11-03 21:00:00,2025-11-03,21,26.1,47,3.9,10.0,0.0,Clear
2025-11-03 22:00:00,2025-11-03,22,23.8,47,15.5,10.0,0.0,Clear
2025-11-03 23:00:00,2025-11-03,23,20.9,43,6.7,10.0,0.0,Clear
2025-11-04 00:00:00,2025-11-04,0,23.2,47,12.3,10.0,0.0,Clear
2025-11-04 01:00:00,2025-11-04,1,19.4,50,18.1,10.0,0.0,Clear
2025-11-04 02:00:00,2025-11-04,2,18.8,58,15.8,10.0,0.0,Clear
2025-11-04 03:00:00,2025-11-04,3,16.8,51,8.9,10.0,0.0,Clear
2025-11-04 04:00:00,2025-11-04,4,19.8,68,22.4,10.0,0.0,Clear
2025-11-04 05:00:00,2025-11-04,5,20.6,63,10.4,10.0,0.0,Clear
2025-11-04 06:00:00,2025-11-04,6,22.9,70,13.4,10.0,0.0,Clear
2025-11-04 07:00:00,2025-11-04,7,22.3,84,6.4,10.0,0.0,Sunny
2025-11-04 08:00:00,2025-11-04,8,24.6,76,10.0,10.0,0.0,Sunny
2025-11-04 09:00:00,2025-11-04,9,27.2,80,7.3,10.0,0.0,Hazy
2025-11-04 10:00:00,2025-11-04,10,29.3,79,13.0,10.0,0.0,Partly Cloudy
2025-11-04 11:00:00,2025-11-04,11,29.7,77,9.7,10.0,0.0,Sunny
2025-11-04 12:00:00,2025-11-04,12,30.2,71,5.8,10.0,0.0,Sunny
2025-11-04 13:00:00,2025-11-04,13,33.1,71,4.3,10.0,0.0,Sunny
2025-11-04 14:00:00,2025-11-04,14,33.8,65,8.7,10.0,0.0,Partly Cloudy
2025-11-04 15:00:00,2025-11-04,15,30.4,53,6.5,10.0,0.0,Sunny
2025-11-04 16:00:00,2025-11-04,16,32.7,51,4.1,10.0,0.0,Sunny
2025-11-04 17:00:00,2025-11-04,17,32.8,51,2.3,10.0,0.0,Sunny
2025-11-04 18:00:00,2025-11-04,18,31.5,50,21.0,10.0,0.0,Partly Cloudy
2025-11-04 19:00:00,2025-11-04,19,28.9,47,3.3,10.0,0.0,Clear
2025-11-04 20:00:00,2025-11-04,20,27.1,44,20.5,10.0,0.0,Clear
2025-11-04 21:00:00,2025-11-04,21,27.7,42,10.9,10.0,0.0,Clear
2025-11-04 22:00:00,2025-11-04,22,24.6,42,2.2,10.0,0.0,Clear
2025-11-04 23:00:00,2025-11-04,23,22.5,46,10.2,10.0,0.0,Clear
2025-11-05 00:00:00,2025-11-05,0,21.2,44,5.7,10.0,0.0,Clear
2025-11-05 01:00:00,2025-11-05,1,20.4,51,19.0,10.0,0.0,Clear
2025-11-05 02:00:00,2025-11-05,2,19.5,59,25.4,10.0,0.0,Clear
2025-11-05 03:00:00,2025-11-05,3,20.9,61,12.8,10.0,0.0,Clear
2025-11-05 04:00:00,2025-11-05,4,20.2,61,24.0,10.0,0.0,Clear
2025-11-05 05:00:00,2025-11-05,5,20.8,65,17.2,10.0,0.0,Clear
2025-11-05 06:00:00,2025-11-05,6,21.2,78,7.5,10.0,0.0,Clear
2025-11-05 07:00:00,2025-11-05,7,23.4,75,10.1,10.0,0.0,Sunny
2025-11-05 08:00:00,2025-11-05,8,23.2,72,8.9,10.0,0.0,Sunny
2025-11-05 09:00:00,2025-11-05,9,26.2,74,14.9,10.0,0.0,Sunny
2025-11-05 10:00:00,2025-11-05,10,25.7,71,13.6,10.0,0.0,Sunny
2025-11-05 11:00:00,2025-11-05,11,29.0,69,6.2,10.0,0.0,Sunny
2025-11-05 12:00:00,2025-11-05,12,30.0,74,2.0,10.0,0.0,Partly Cloudy
2025-11-05 13:00:00,2025-11-05,13,31.6,67,38.0,10.0,0.0,Sunny
2025-11-05 14:00:00,2025-11-05,14,31.8,60,5.9,10.0,0.0,Partly Cloudy
2025-11-05 15:00:00,2025-11-05,15,33.1,65,2.9,10.0,0.0,Partly Cloudy
2025-11-05 16:00:00,2025-11-05,16,31.5,54,14.7,10.0,0.0,Sunny
2025-11-05 17:00:00,2025-11-05,17,32.7,51,3.3,10.0,0.0,Sunny
2025-11-05 18:00:00,2025-11-05,18,32.5,50,13.9,10.0,0.0,Sunny
2025-11-05 19:00:00,2025-11-05,19,28.0,38,7.2,10.0,0.0,Clear
2025-11-05 20:00:00,2025-11-05,20,28.4,37,6.4,10.0,0.0,Clear
2025-11-05 21:00:00,2025-11-05,21,25.7,42,10.4,10.0,0.0,Clear
2025-11-05 22:00:00,2025-11-05,22,25.4,29,9.0,10.0,0.0,Clear
2025-11-05 23:00:00,2025-11-05,23,21.4,53,33.1,10.0,0.0,Clear
2025-11-06 00:00:00,2025-11-06,0,22.9,49,18.1,10.0,0.0,Clear
2025-11-06 01:00:00,2025-11-06,1,19.9,51,2.3,10.0,0.0,Clear
2025-11-06 02:00:00,2025-11-06,2,19.5,57,2.6,10.0,0.0,Clear
2025-11-06 03:00:00,2025-11-06,3,19.2,63,9.6,10.0,0.0,Clear
2025-11-06 04:00:00,2025-11-06,4,18.4,66,4.1,10.0,0.0,Clear
2025-11-06 05:00:00,2025-11-06,5,21.3,72,7.3,10.0,0.0,Clear
2025-11-06 06:00:00,2025-11-06,6,20.7,77,8.3,10.0,0.0,Clear
2025-11-06 07:00:00,2025-11-06,7,23.3,83,14.1,10.0,0.0,Sunny
2025-11-06 08:00:00,2025-11-06,8,24.0,74,9.2,10.0,0.0,Partly Cloudy
2025-11-06 09:00:00,2025-11-06,9,25.7,73,6.8,10.0,0.0,Sunny
2025-11-06 10:00:00,2025-11-06,10,28.9,72,12.1,10.0,0.0,Sunny
2025-11-06 11:00:00,2025-11-06,11,27.4,76,7.7,10.0,0.0,Sunny
2025-11-06 12:00:00,2025-11-06,12,27.8,65,10.3,10.0,0.0,Partly Cloudy
2025-11-06 13:00:00,2025-11-06,13,30.8,63,2.1,10.0,0.0,Sunny
2025-11-06 14:00:00,2025-11-06,14,32.2,67,12.5,10.0,0.0,Hazy
2025-11-06 15:00:00,2025-11-06,15,32.2,58,17.0,10.0,0.0,Sunny
2025-11-06 16:00:00,2025-11-06,16,31.4,55,4.7,10.0,0.0,Sunny
2025-11-06 17:00:00,2025-11-06,17,33.6,57,11.8,10.0,0.0,Sunny
2025-11-06 18:00:00,2025-11-06,18,32.1,51,4.0,10.0,0.0,Partly Cloudy
2025-11-06 19:00:00,2025-11-06,19,26.1,45,3.6,10.0,0.0,Clear
2025-11-06 20:00:00,2025-11-06,20,26.9,38,16.5,10.0,0.0,Clear
2025-11-06 21:00:00,2025-11-06,21,26.5,41,24.9,10.0,0.0,Clear
2025-11-06 22:00:00,2025-11-06,22,24.7,39,7.7,10.0,0.0,Clear
2025-11-06 23:00:00,2025-11-06,23,21.8,43,6.9,10.0,0.0,Clear
2025-11-07 00:00:00,2025-11-07,0,23.0,43,6.8,10.0,0.0,Clear
2025-11-07 01:00:00,2025-11-07,1,19.3,51,7.5,10.0,0.0,Clear
2025-11-07 02:00:00,2025-11-07,2,19.7,54,13.3,10.0,0.0,Clear
2025-11-07 03:00:00,2025-11-07,3,19.4,56,4.9,10.0,0.0,Clear
2025-11-07 04:00:00,2025-11-07,4,20.0,59,13.2,10.0,0.0,Clear
2025-11-07 05:00:00,2025-11-07,5,19.7,75,10.1,10.0,0.0,Clear
2025-11-07 06:00:00,2025-11-07,6,22.0,70,5.8,10.0,0.0,Clear
2025-11-07 07:00:00,2025-11-07,7,21.7,80,8.9,10.0,0.0,Partly Cloudy
2025-11-07 08:00:00,2025-11-07,8,24.7,77,10.3,10.0,0.0,Sunny
2025-11-07 09:00:00,2025-11-07,9,25.3,78,3.0,10.0,0.0,Sunny
2025-11-07 10:00:00,2025-11-07,10,29.4,78,6.9,10.0,0.0,Sunny
2025-11-07 11:00:00,2025-11-07,11,29.0,74,5.2,10.0,0.0,Partly Cloudy
2025-11-07 12:00:00,2025-11-07,12,30.8,73,37.5,10.0,0.0,Sunny
2025-11-07 13:00:00,2025-11-07,13,32.9,71,8.2,10.0,0.0,Sunny
2025-11-07 14:00:00,2025-11-07,14,32.5,59,7.4,10.0,0.0,Sunny
2025-11-07 15:00:00,2025-11-07,15,33.5,59,13.4,10.0,0.0,Hazy
2025-11-07 16:00:00,2025-11-07,16,30.8,55,16.9,10.0,0.0,Partly Cloudy
2025-11-07 17:00:00,2025-11-07,17,32.3,53,2.5,10.0,0.0,Sunny
2025-11-07 18:00:00,2025-11-07,18,30.4,45,7.3,10.0,0.0,Sunny
2025-11-07 19:00:00,2025-11-07,19,30.3,43,9.6,10.0,0.0,Clear
2025-11-07 20:00:00,2025-11-07,20,28.3,46,6.4,10.0,0.0,Clear
2025-11-07 21:00:00,2025-11-07,21,26.6,35,4.4,10.0,0.0,Clear
2025-11-07 22:00:00,2025-11-07,22,25.2,47,2.0,10.0,0.0,Clear
2025-11-07 23:00:00,2025-11-07,23,24.0,41,20.6,10.0,0.0,Clear
2025-11-08 00:00:00,2025-11-08,0,18.9,51,7.2,10.0,0.0,Clear
2025-11-08 01:00:00,2025-11-08,1,19.4,56,19.3,10.0,0.0,Clear
2025-11-08 02:00:00,2025-11-08,2,19.7,54,16.6,10.0,0.0,Clear
2025-11-08 03:00:00,2025-11-08,3,18.1,64,2.0,10.0,0.0,Clear
2025-11-08 04:00:00,2025-11-08,4,19.4,63,5.9,10.0,0.0,Clear
2025-11-08 05:00:00,2025-11-08,5,20.6,66,13.8,10.0,0.0,Clear
2025-11-08 06:00:00,2025-11-08,6,23.3,74,7.7,10.0,0.0,Clear
2025-11-08 07:00:00,2025-11-08,7,23.6,79,2.6,10.0,0.0,Partly Cloudy
2025-11-08 08:00:00,2025-11-08,8,25.2,73,15.9,10.0,0.0,Sunny
2025-11-08 09:00:00,2025-11-08,9,26.1,71,2.0,10.0,0.0,Partly Cloudy
2025-11-08 10:00:00,2025-11-08,10,25.6,78,4.4,10.0,0.0,Hazy
2025-11-08 11:00:00,2025-11-08,11,28.4,82,5.3,10.0,0.0,Sunny
2025-11-08 12:00:00,2025-11-08,12,28.6,72,8.7,10.0,0.0,Sunny
2025-11-08 13:00:00,2025-11-08,13,32.3,74,16.6,10.0,0.0,Sunny
2025-11-08 14:00:00,2025-11-08,14,32.4,69,25.2,10.0,0.0,Sunny
2025-11-08 15:00:00,2025-11-08,15,32.8,63,7.8,10.0,0.0,Sunny
2025-11-08 16:00:00,2025-11-08,16,32.9,55,8.7,10.0,0.0,Sunny
2025-11-08 17:00:00,2025-11-08,17,31.1,48,27.1,10.0,0.0,Partly Cloudy
2025-11-08 18:00:00,2025-11-08,18,29.0,48,11.0,10.0,0.0,Sunny
2025-11-08 19:00:00,2025-11-08,19,28.7,40,31.2,10.0,0.0,Clear
2025-11-08 20:00:00,2025-11-08,20,28.2,46,12.2,10.0,0.0,Clear
2025-11-08 21:00:00,2025-11-08,21,23.9,40,16.9,10.0,0.0,Clear
2025-11-08 22:00:00,2025-11-08,22,24.6,42,2.0,10.0,0.0,Clear
2025-11-08 23:00:00,2025-11-08,23,21.3,44,9.5,10.0,0.0,Clear
2025-11-09 00:00:00,2025-11-09,0,22.1,44,23.2,10.0,0.0,Clear
2025-11-09 01:00:00,2025-11-09,1,18.8,49,2.4,10.0,0.0,Clear
2025-11-09 02:00:00,2025-11-09,2,20.7,57,7.4,10.0,0.0,Clear
2025-11-09 03:00:00,2025-11-09,3,17.8,55,15.2,10.0,0.0,Clear
2025-11-09 04:00:00,2025-11-09,4,18.6,60,12.4,10.0,0.0,Clear
2025-11-09 05:00:00,2025-11-09,5,21.2,65,16.2,10.0,0.0,Clear
2025-11-09 06:00:00,2025-11-09,6,21.2,73,22.5,10.0,0.0,Clear
2025-11-09 07:00:00,2025-11-09,7,20.4,69,26.9,10.0,0.0,Sunny
2025-11-09 08:00:00,2025-11-09,8,25.2,74,15.3,10.0,0.0,Sunny
2025-11-09 09:00:00,2025-11-09,9,23.5,69,3.7,10.0,0.0,Sunny
2025-11-09 10:00:00,2025-11-09,10,27.5,71,15.8,10.0,0.0,Partly Cloudy
2025-11-09 11:00:00,2025-11-09,11,31.7,74,7.3,10.0,0.0,Sunny
2025-11-09 12:00:00,2025-11-09,12,30.7,74,9.6,10.0,0.0,Sunny
2025-11-09 13:00:00,2025-11-09,13,31.2,69,10.3,10.0,0.0,Partly Cloudy
2025-11-09 14:00:00,2025-11-09,14,32.2,64,24.7,10.0,0.0,Sunny
2025-11-09 15:00:00,2025-11-09,15,31.2,58,19.2,10.0,0.0,Partly Cloudy
2025-11-09 16:00:00,2025-11-09,16,32.5,60,3.0,10.0,0.0,Sunny
2025-11-09 17:00:00,2025-11-09,17,34.2,49,10.5,10.0,0.0,Sunny
2025-11-09 18:00:00,2025-11-09,18,30.1,41,8.4,10.0,0.0,Sunny
2025-11-09 19:00:00,2025-11-09,19,28.3,50,8.5,10.0,0.0,Clear
2025-11-09 20:00:00,2025-11-09,20,28.3,39,11.6,10.0,0.0,Clear
2025-11-09 21:00:00,2025-11-09,21,26.9,41,12.8,10.0,0.0,Clear
2025-11-09 22:00:00,2025-11-09,22,24.4,46,2.4,10.0,0.0,Clear
2025-11-09 23:00:00,2025-11-09,23,22.4,42,3.1,10.0,0.0,Clear
2025-11-10 00:00:00,2025-11-10,0,22.1,52,15.1,10.0,0.0,Clear
2025-11-10 01:00:00,2025-11-10,1,18.6,51,22.5,10.0,0.0,Clear
2025-11-10 02:00:00,2025-11-10,2,19.1,57,9.0,10.0,0.0,Clear
2025-11-10 03:00:00,2025-11-10,3,16.7,61,6.9,10.0,0.0,Clear
2025-11-10 04:00:00,2025-11-10,4,19.6,64,8.3,10.0,0.0,Clear
2025-11-10 05:00:00,2025-11-10,5,20.1,75,14.2,10.0,0.0,Clear
2025-11-10 06:00:00,2025-11-10,6,22.7,76,12.3,10.0,0.0,Clear
2025-11-10 07:00:00,2025-11-10,7,21.7,69,19.4,10.0,0.0,Sunny
2025-11-10 08:00:00,2025-11-10,8,25.6,76,2.0,10.0,0.0,Sunny
2025-11-10 09:00:00,2025-11-10,9,25.7,81,16.2,10.0,0.0,Hazy
2025-11-10 10:00:00,2025-11-10,10,28.4,68,19.5,10.0,0.0,Sunny
2025-11-10 11:00:00,2025-11-10,11,30.2,72,6.1,10.0,0.0,Sunny
2025-11-10 12:00:00,2025-11-10,12,30.7,77,3.0,10.0,0.0,Sunny
2025-11-10 13:00:00,2025-11-10,13,32.0,70,15.7,10.0,0.0,Hazy
2025-11-10 14:00:00,2025-11-10,14,31.6,63,9.3,10.0,0.0,Sunny
2025-11-10 15:00:00,2025-11-10,15,33.9,63,11.9,10.0,0.0,Sunny
2025-11-10 16:00:00,2025-11-10,16,35.5,64,25.0,10.0,0.0,Sunny
2025-11-10 17:00:00,2025-11-10,17,29.9,47,12.8,10.0,0.0,Partly Cloudy
2025-11-10 18:00:00,2025-11-10,18,30.7,42,2.0,10.0,0.0,Sunny
2025-11-10 19:00:00,2025-11-10,19,28.9,51,7.3,10.0,0.0,Clear
2025-11-10 20:00:00,2025-11-10,20,28.2,47,33.1,10.0,0.0,Clear
2025-11-10 21:00:00,2025-11-10,21,24.1,41,14.1,10.0,0.0,Clear
2025-11-10 22:00:00,2025-11-10,22,23.1,43,22.3,10.0,0.0,Clear
2025-11-10 23:00:00,2025-11-10,23,24.8,48,9.1,10.0,0.0,Clear
2025-11-11 00:00:00,2025-11-11,0,23.2,51,12.3,10.0,0.0,Clear
2025-11-11 01:00:00,2025-11-11,1,18.4,55,5.5,10.0,0.0,Clear
2025-11-11 02:00:00,2025-11-11,2,22.1,52,3.2,10.0,0.0,Clear
2025-11-11 03:00:00,2025-11-11,3,18.6,59,8.2,10.0,0.0,Clear
2025-11-11 04:00:00,2025-11-11,4,20.7,72,7.9,10.0,0.0,Clear
2025-11-11 05:00:00,2025-11-11,5,20.2,72,3.5,10.0,0.0,Clear
2025-11-11 06:00:00,2025-11-11,6,21.7,79,12.5,10.0,0.0,Clear
2025-11-11 07:00:00,2025-11-11,7,22.9,76,5.3,10.0,0.0,Hazy
2025-11-11 08:00:00,2025-11-11,8,25.5,75,12.6,10.0,0.0,Sunny
2025-11-11 09:00:00,2025-11-11,9,25.4,74,2.2,10.0,0.0,Sunny
2025-11-11 10:00:00,2025-11-11,10,30.0,76,5.8,10.0,0.0,Sunny
2025-11-11 11:00:00,2025-11-11,11,30.6,80,45.5,10.0,0.0,Partly Cloudy
2025-11-11 12:00:00,2025-11-11,12,30.2,73,3.0,10.0,0.0,Sunny
2025-11-11 13:00:00,2025-11-11,13,31.7,63,8.6,10.0,0.0,Sunny
2025-11-11 14:00:00,2025-11-11,14,32.5,61,7.4,10.0,0.0,Partly Cloudy
2025-11-11 15:00:00,2025-11-11,15,32.1,69,24.4,10.0,0.0,Partly Cloudy
2025-11-11 16:00:00,2025-11-11,16,31.9,52,4.3,10.0,0.0,Hazy
2025-11-11 17:00:00,2025-11-11,17,32.6,52,17.6,10.0,0.0,Sunny
2025-11-11 18:00:00,2025-11-11,18,31.4,51,8.0,10.0,0.0,Sunny
2025-11-11 19:00:00,2025-11-11,19,28.6,43,21.8,10.0,0.0,Clear
2025-11-11 20:00:00,2025-11-11,20,27.8,33,13.5,10.0,0.0,Clear
2025-11-11 21:00:00,2025-11-11,21,24.8,37,15.2,10.0,0.0,Clear
2025-11-11 22:00:00,2025-11-11,22,26.4,39,8.9,10.0,0.0,Clear
2025-11-11 23:00:00,2025-11-11,23,23.7,39,2.0,10.0,0.0,Clear
2025-11-12 00:00:00,2025-11-12,0,21.3,53,11.7,10.0,0.0,Clear
2025-11-12 01:00:00,2025-11-12,1,20.6,54,29.7,10.0,0.0,Clear
2025-11-12 02:00:00,2025-11-12,2,20.7,60,28.9,10.0,0.0,Clear
2025-11-12 03:00:00,2025-11-12,3,18.9,56,12.7,10.0,0.0,Clear
2025-11-12 04:00:00,2025-11-12,4,19.7,64,7.7,10.0,0.0,Clear
2025-11-12 05:00:00,2025-11-12,5,21.2,73,7.9,10.0,0.0,Clear
2025-11-12 06:00:00,2025-11-12,6,20.0,66,14.3,10.0,0.0,Clear
2025-11-12 07:00:00,2025-11-12,7,23.4,83,23.5,10.0,0.0,Sunny
2025-11-12 08:00:00,2025-11-12,8,27.3,82,8.1,10.0,0.0,Sunny
2025-11-12 09:00:00,2025-11-12,9,24.0,80,9.5,10.0,0.0,Sunny
2025-11-12 10:00:00,2025-11-12,10,28.8,75,17.3,10.0,0.0,Sunny
2025-11-12 11:00:00,2025-11-12,11,27.8,70,21.1,10.0,0.0,Sunny
2025-11-12 12:00:00,2025-11-12,12,28.9,75,15.5,10.0,0.0,Sunny
2025-11-12 13:00:00,2025-11-12,13,31.2,75,2.0,10.0,0.0,Sunny
2025-11-12 14:00:00,2025-11-12,14,32.9,66,2.2,10.0,0.0,Sunny
2025-11-12 15:00:00,2025-11-12,15,33.2,63,7.2,10.0,0.0,Sunny
2025-11-12 16:00:00,2025-11-12,16,32.1,58,5.9,10.0,0.0,Partly Cloudy
2025-11-12 17:00:00,2025-11-12,17,30.3,52,5.2,10.0,0.0,Partly Cloudy
2025-11-12 18:00:00,2025-11-12,18,30.4,49,24.5,10.0,0.0,Sunny
2025-11-12 19:00:00,2025-11-12,19,27.1,51,9.2,10.0,0.0,Clear
2025-11-12 20:00:00,2025-11-12,20,28.7,45,6.8,10.0,0.0,Clear
2025-11-12 21:00:00,2025-11-12,21,25.5,43,19.7,10.0,0.0,Clear
2025-11-12 22:00:00,2025-11-12,22,25.6,39,15.1,10.0,0.0,Clear
2025-11-12 23:00:00,2025-11-12,23,21.6,48,3.7,10.0,0.0,Clear
2025-11-13 00:00:00,2025-11-13,0,22.0,48,16.6,10.0,0.0,Clear
2025-11-13 01:00:00,2025-11-13,1,18.2,51,8.8,10.0,0.0,Clear
2025-11-13 02:00:00,2025-11-13,2,21.3,58,7.5,10.0,0.0,Clear
2025-11-13 03:00:00,2025-11-13,3,20.0,60,19.0,10.0,0.0,Clear
2025-11-13 04:00:00,2025-11-13,4,19.3,66,14.0,10.0,0.0,Clear
2025-11-13 05:00:00,2025-11-13,5,19.8,70,18.9,10.0,0.0,Clear
2025-11-13 06:00:00,2025-11-13,6,21.0,71,18.6,10.0,0.0,Clear
2025-11-13 07:00:00,2025-11-13,7,22.7,79,15.3,10.0,0.0,Sunny
2025-11-13 08:00:00,2025-11-13,8,22.4,67,4.1,10.0,0.0,Hazy
2025-11-13 09:00:00,2025-11-13,9,25.6,80,27.5,10.0,0.0,Partly Cloudy
2025-11-13 10:00:00,2025-11-13,10,27.3,73,7.9,10.0,0.0,Sunny
2025-11-13 11:00:00,2025-11-13,11,30.5,80,2.1,10.0,0.0,Partly Cloudy
2025-11-13 12:00:00,2025-11-13,12,30.0,65,20.2,10.0,0.0,Sunny
2025-11-13 13:00:00,2025-11-13,13,30.4,67,6.5,10.0,0.0,Sunny
2025-11-13 14:00:00,2025-11-13,14,32.2,66,22.2,10.0,0.0,Partly Cloudy
2025-11-13 15:00:00,2025-11-13,15,33.2,59,10.2,10.0,0.0,Partly Cloudy
2025-11-13 16:00:00,2025-11-13,16,32.4,52,16.4,10.0,0.0,Sunny
2025-11-13 17:00:00,2025-11-13,17,31.7,55,19.6,10.0,0.0,Sunny
2025-11-13 18:00:00,2025-11-13,18,30.7,42,10.0,10.0,0.0,Partly Cloudy
2025-11-13 19:00:00,2025-11-13,19,29.1,45,7.2,10.0,0.0,Clear
2025-11-13 20:00:00,2025-11-13,20,27.0,40,2.4,10.0,0.0,Clear
2025-11-13 21:00:00,2025-11-13,21,25.1,45,2.5,10.0,0.0,Clear
2025-11-13 22:00:00,2025-11-13,22,24.4,40,9.4,10.0,0.0,Clear
2025-11-13 23:00:00,2025-11-13,23,23.1,44,4.1,10.0,0.0,Clear
2025-11-14 00:00:00,2025-11-14,0,21.5,46,15.2,10.0,0.0,Clear
2025-11-14 01:00:00,2025-11-14,1,18.2,51,2.9,10.0,0.0,Clear
2025-11-14 02:00:00,2025-11-14,2,20.8,56,7.0,10.0,0.0,Clear
2025-11-14 03:00:00,2025-11-14,3,17.9,60,3.0,10.0,0.0,Clear
2025-11-14 04:00:00,2025-11-14,4,18.1,64,12.3,10.0,0.0,Clear
2025-11-14 05:00:00,2025-11-14,5,19.1,66,15.9,10.0,0.0,Clear
2025-11-14 06:00:00,2025-11-14,6,20.9,74,9.4,10.0,0.0,Clear
2025-11-14 07:00:00,2025-11-14,7,22.6,71,12.8,10.0,0.0,Partly Cloudy
2025-11-14 08:00:00,2025-11-14,8,25.5,79,11.3,10.0,0.0,Partly Cloudy
2025-11-14 09:00:00,2025-11-14,9,27.2,78,3.1,10.0,0.0,Hazy
2025-11-14 10:00:00,2025-11-14,10,25.6,68,6.8,10.0,0.0,Sunny
2025-11-14 11:00:00,2025-11-14,11,27.1,76,39.6,10.0,0.0,Sunny
2025-11-14 12:00:00,2025-11-14,12,31.9,80,2.0,10.0,0.0,Hazy
2025-11-14 13:00:00,2025-11-14,13,31.4,69,5.4,10.0,0.0,Sunny
2025-11-14 14:00:00,2025-11-14,14,31.0,65,22.4,10.0,0.0,Partly Cloudy
2025-11-14 15:00:00,2025-11-14,15,33.2,57,8.3,10.0,0.0,Sunny
2025-11-14 16:00:00,2025-11-14,16,33.6,65,6.0,10.0,0.0,Sunny
2025-11-14 17:00:00,2025-11-14,17,32.1,60,17.4,10.0,0.0,Hazy
2025-11-14 18:00:00,2025-11-14,18,29.7,54,6.5,10.0,0.0,Partly Cloudy
2025-11-14 19:00:00,2025-11-14,19,26.7,53,2.0,10.0,0.0,Clear
2025-11-14 20:00:00,2025-11-14,20,28.3,39,6.8,10.0,0.0,Clear
2025-11-14 21:00:00,2025-11-14,21,25.8,37,3.8,10.0,0.0,Clear
2025-11-14 22:00:00,2025-11-14,22,23.3,54,11.3,10.0,0.0,Clear
2025-11-14 23:00:00,2025-11-14,23,20.9,44,20.0,10.0,0.0,Clear
2025-11-15 00:00:00,2025-11-15,0,21.7,44,25.7,10.0,0.0,Clear
2025-11-15 01:00:00,2025-11-15,1,19.7,53,3.0,10.0,0.0,Clear
2025-11-15 02:00:00,2025-11-15,2,19.9,51,6.3,10.0,0.0,Clear
2025-11-15 03:00:00,2025-11-15,3,20.6,61,7.2,0.3,0.0,Fog
2025-11-15 04:00:00,2025-11-15,4,18.9,61,15.8,0.5,0.0,Fog
2025-11-15 05:00:00,2025-11-15,5,22.9,73,10.2,0.5,0.0,Fog
2025-11-15 06:00:00,2025-11-15,6,21.3,69,8.5,0.8,0.0,Fog
2025-11-15 07:00:00,2025-11-15,7,23.7,71,17.8,0.8,0.0,Fog
2025-11-15 08:00:00,2025-11-15,8,23.7,74,5.8,0.8,0.0,Fog
2025-11-15 09:00:00,2025-11-15,9,26.7,79,6.8,10.0,0.0,Sunny
2025-11-15 10:00:00,2025-11-15,10,26.6,75,14.7,10.0,0.0,Hazy
2025-11-15 11:00:00,2025-11-15,11,30.0,79,9.9,10.0,0.0,Sunny
2025-11-15 12:00:00,2025-11-15,12,33.6,73,9.7,10.0,0.0,Partly Cloudy
2025-11-15 13:00:00,2025-11-15,13,30.3,71,16.5,10.0,0.0,Sunny
2025-11-15 14:00:00,2025-11-15,14,29.5,61,6.1,10.0,0.0,Hazy
2025-11-15 15:00:00,2025-11-15,15,31.8,59,24.4,10.0,0.0,Sunny
2025-11-15 16:00:00,2025-11-15,16,32.6,55,7.2,10.0,0.0,Sunny
2025-11-15 17:00:00,2025-11-15,17,31.7,48,7.3,10.0,0.0,Sunny
2025-11-15 18:00:00,2025-11-15,18,30.1,45,3.6,10.0,0.0,Sunny
2025-11-15 19:00:00,2025-11-15,19,30.5,46,5.9,10.0,0.0,Clear
2025-11-15 20:00:00,2025-11-15,20,27.1,36,10.8,10.0,0.0,Clear
2025-11-15 21:00:00,2025-11-15,21,27.1,40,15.5,10.0,0.0,Clear
2025-11-15 22:00:00,2025-11-15,22,23.9,42,10.7,10.0,0.0,Clear
2025-11-15 23:00:00,2025-11-15,23,21.7,39,4.9,10.0,0.0,Clear
2025-11-16 00:00:00,2025-11-16,0,21.5,39,7.3,10.0,0.0,Clear
2025-11-16 01:00:00,2025-11-16,1,20.6,51,3.3,10.0,0.0,Clear
2025-11-16 02:00:00,2025-11-16,2,22.0,51,11.5,10.0,0.0,Clear
2025-11-16 03:00:00,2025-11-16,3,20.0,53,9.4,10.0,0.0,Clear
2025-11-16 04:00:00,2025-11-16,4,20.1,61,19.1,10.0,0.0,Clear
2025-11-16 05:00:00,2025-11-16,5,20.5,70,3.8,10.0,0.0,Clear
2025-11-16 06:00:00,2025-11-16,6,20.7,74,22.0,10.0,0.0,Clear
2025-11-16 07:00:00,2025-11-16,7,22.5,75,3.2,10.0,0.0,Partly Cloudy
2025-11-16 08:00:00,2025-11-16,8,23.7,82,14.6,10.0,0.0,Sunny
2025-11-16 09:00:00,2025-11-16,9,26.2,81,26.5,10.0,0.0,Sunny
2025-11-16 10:00:00,2025-11-16,10,25.8,73,4.9,10.0,0.0,Sunny
2025-11-16 11:00:00,2025-11-16,11,27.2,73,7.9,10.0,0.0,Sunny
2025-11-16 12:00:00,2025-11-16,12,29.7,64,3.9,10.0,0.0,Hazy
2025-11-16 13:00:00,2025-11-16,13,30.6,74,5.0,10.0,0.0,Sunny
2025-11-16 14:00:00,2025-11-16,14,32.6,63,2.0,10.0,0.0,Partly Cloudy
2025-11-16 15:00:00,2025-11-16,15,31.8,69,4.1,10.0,0.0,Sunny
2025-11-16 16:00:00,2025-11-16,16,32.9,54,4.7,10.0,0.0,Hazy
2025-11-16 17:00:00,2025-11-16,17,30.9,50,25.0,10.0,0.0,Sunny
2025-11-16 18:00:00,2025-11-16,18,33.2,50,5.0,10.0,0.0,Sunny
2025-11-16 19:00:00,2025-11-16,19,28.9,51,19.9,10.0,0.0,Clear
2025-11-16 20:00:00,2025-11-16,20,28.1,50,4.8,10.0,0.0,Clear
2025-11-16 21:00:00,2025-11-16,21,25.2,42,7.8,10.0,0.0,Clear
2025-11-16 22:00:00,2025-11-16,22,23.8,42,11.0,10.0,0.0,Clear
2025-11-16 23:00:00,2025-11-16,23,23.2,42,14.9,10.0,0.0,Clear
2025-11-17 00:00:00,2025-11-17,0,21.4,55,2.0,10.0,0.0,Clear
2025-11-17 01:00:00,2025-11-17,1,21.2,54,4.6,10.0,0.0,Clear
2025-11-17 02:00:00,2025-11-17,2,20.9,53,17.1,10.0,0.0,Clear
2025-11-17 03:00:00,2025-11-17,3,22.0,64,6.3,0.6,0.0,Fog
2025-11-17 04:00:00,2025-11-17,4,20.6,67,20.9,1.1,0.0,Fog
2025-11-17 05:00:00,2025-11-17,5,20.4,66,8.6,0.7,0.0,Fog
2025-11-17 06:00:00,2025-11-17,6,20.9,71,25.3,0.8,0.0,Fog
2025-11-17 07:00:00,2025-11-17,7,21.9,71,35.0,0.9,0.0,Fog
2025-11-17 08:00:00,2025-11-17,8,23.8,82,26.1,0.9,0.0,Fog
2025-11-17 09:00:00,2025-11-17,9,26.3,76,10.7,10.0,0.0,Partly Cloudy
2025-11-17 10:00:00,2025-11-17,10,29.1,73,7.1,10.0,0.0,Hazy
2025-11-17 11:00:00,2025-11-17,11,29.7,81,11.3,10.0,0.0,Sunny
2025-11-17 12:00:00,2025-11-17,12,30.3,74,3.6,10.0,0.0,Partly Cloudy
2025-11-17 13:00:00,2025-11-17,13,30.2,60,26.4,10.0,0.0,Sunny
2025-11-17 14:00:00,2025-11-17,14,31.3,67,2.8,10.0,0.0,Sunny
2025-11-17 15:00:00,2025-11-17,15,32.8,52,10.6,10.0,0.0,Sunny
2025-11-17 16:00:00,2025-11-17,16,32.9,52,28.2,10.0,0.0,Sunny
2025-11-17 17:00:00,2025-11-17,17,32.8,53,12.5,10.0,0.0,Sunny
2025-11-17 18:00:00,2025-11-17,18,31.7,49,5.3,10.0,0.0,Sunny
2025-11-17 19:00:00,2025-11-17,19,28.0,41,8.7,10.0,0.0,Clear
2025-11-17 20:00:00,2025-11-17,20,26.8,37,8.6,10.0,0.0,Clear
2025-11-17 21:00:00,2025-11-17,21,27.0,49,9.9,10.0,0.0,Clear
2025-11-17 22:00:00,2025-11-17,22,25.6,49,19.3,10.0,0.0,Clear
2025-11-17 23:00:00,2025-11-17,23,22.7,43,16.2,10.0,0.0,Clear
2025-11-18 00:00:00,2025-11-18,0,23.3,47,2.0,10.0,0.0,Clear
2025-11-18 01:00:00,2025-11-18,1,21.7,48,19.1,10.0,0.0,Clear
2025-11-18 02:00:00,2025-11-18,2,20.5,54,5.7,10.0,0.0,Clear
2025-11-18 03:00:00,2025-11-18,3,19.9,60,2.0,10.0,0.0,Clear
2025-11-18 04:00:00,2025-11-18,4,17.7,68,16.8,10.0,0.0,Clear
2025-11-18 05:00:00,2025-11-18,5,19.3,62,13.6,10.0,0.0,Clear
2025-11-18 06:00:00,2025-11-18,6,21.3,74,2.4,10.0,0.0,Clear
2025-11-18 07:00:00,2025-11-18,7,24.7,82,7.6,10.0,0.0,Sunny
2025-11-18 08:00:00,2025-11-18,8,25.9,76,6.6,10.0,0.0,Sunny
2025-11-18 09:00:00,2025-11-18,9,25.2,74,4.9,10.0,0.0,Sunny
2025-11-18 10:00:00,2025-11-18,10,28.8,82,11.0,10.0,0.0,Sunny
2025-11-18 11:00:00,2025-11-18,11,28.2,71,14.3,10.0,0.0,Partly Cloudy
2025-11-18 12:00:00,2025-11-18,12,27.5,67,13.1,10.0,0.0,Sunny
2025-11-18 13:00:00,2025-11-18,13,33.9,61,7.7,10.0,0.0,Partly Cloudy
2025-11-18 14:00:00,2025-11-18,14,29.6,66,6.7,10.0,0.0,Partly Cloudy
2025-11-18 15:00:00,2025-11-18,15,29.1,55,31.3,10.0,0.0,Sunny
2025-11-18 16:00:00,2025-11-18,16,32.6,48,17.2,10.0,0.0,Sunny
2025-11-18 17:00:00,2025-11-18,17,31.2,51,3.6,10.0,0.0,Sunny
2025-11-18 18:00:00,2025-11-18,18,31.0,43,3.7,10.0,0.0,Sunny
2025-11-18 19:00:00,2025-11-18,19,31.5,47,9.8,10.0,0.0,Clear
2025-11-18 20:00:00,2025-11-18,20,28.8,44,9.6,10.0,0.0,Clear
2025-11-18 21:00:00,2025-11-18,21,26.7,42,19.7,10.0,0.0,Clear
2025-11-18 22:00:00,2025-11-18,22,23.3,39,11.5,10.0,0.0,Clear
2025-11-18 23:00:00,2025-11-18,23,22.1,47,7.7,10.0,0.0,Clear
2025-11-19 00:00:00,2025-11-19,0,22.1,41,11.0,10.0,0.0,Clear
2025-11-19 01:00:00,2025-11-19,1,19.9,55,12.9,10.0,0.0,Clear
2025-11-19 02:00:00,2025-11-19,2,20.7,54,16.5,10.0,0.0,Clear
2025-11-19 03:00:00,2025-11-19,3,19.8,59,8.7,10.0,0.0,Clear
2025-11-19 04:00:00,2025-11-19,4,19.5,66,13.9,10.0,0.0,Clear
2025-11-19 05:00:00,2025-11-19,5,21.7,74,2.5,10.0,0.0,Clear
2025-11-19 06:00:00,2025-11-19,6,21.1,74,7.6,10.0,0.0,Clear
2025-11-19 07:00:00,2025-11-19,7,21.1,74,6.4,10.0,0.0,Partly Cloudy
2025-11-19 08:00:00,2025-11-19,8,25.8,80,10.3,10.0,0.0,Sunny
2025-11-19 09:00:00,2025-11-19,9,26.0,82,4.9,10.0,0.0,Sunny
2025-11-19 10:00:00,2025-11-19,10,27.4,81,10.2,10.0,0.0,Sunny
2025-11-19 11:00:00,2025-11-19,11,29.1,76,11.1,10.0,0.0,Hazy
2025-11-19 12:00:00,2025-11-19,12,29.9,74,4.7,10.0,0.0,Sunny
2025-11-19 13:00:00,2025-11-19,13,34.8,70,4.5,10.0,0.0,Partly Cloudy
2025-11-19 14:00:00,2025-11-19,14,30.7,68,5.7,10.0,0.0,Sunny
2025-11-19 15:00:00,2025-11-19,15,32.9,59,6.2,10.0,0.0,Sunny
2025-11-19 16:00:00,2025-11-19,16,32.5,56,19.9,10.0,0.0,Sunny
2025-11-19 17:00:00,2025-11-19,17,32.6,51,18.0,10.0,0.0,Partly Cloudy
2025-11-19 18:00:00,2025-11-19,18,30.2,42,24.2,10.0,0.0,Sunny
2025-11-19 19:00:00,2025-11-19,19,30.7,42,10.6,10.0,0.0,Clear
2025-11-19 20:00:00,2025-11-19,20,27.3,47,18.9,10.0,0.0,Clear
2025-11-19 21:00:00,2025-11-19,21,25.4,50,11.6,10.0,0.0,Clear
2025-11-19 22:00:00,2025-11-19,22,24.4,43,14.3,10.0,0.0,Clear
2025-11-19 23:00:00,2025-11-19,23,23.2,44,42.9,10.0,0.0,Clear
2025-11-20 00:00:00,2025-11-20,0,22.7,45,7.7,10.0,0.0,Clear
2025-11-20 01:00:00,2025-11-20,1,18.8,41,3.8,10.0,0.0,Clear
2025-11-20 02:00:00,2025-11-20,2,20.8,62,12.9,10.0,0.0,Clear
2025-11-20 03:00:00,2025-11-20,3,20.7,57,6.2,10.0,0.0,Clear
2025-11-20 04:00:00,2025-11-20,4,20.6,58,6.1,10.0,0.0,Clear
2025-11-20 05:00:00,2025-11-20,5,20.3,70,2.4,10.0,0.0,Clear
2025-11-20 06:00:00,2025-11-20,6,20.8,73,8.2,10.0,0.0,Clear
2025-11-20 07:00:00,2025-11-20,7,23.4,84,8.1,10.0,0.0,Sunny
2025-11-20 08:00:00,2025-11-20,8,24.6,79,21.3,10.0,0.0,Partly Cloudy
2025-11-20 09:00:00,2025-11-20,9,24.2,84,10.8,10.0,0.0,Hazy
2025-11-20 10:00:00,2025-11-20,10,28.8,80,5.1,10.0,0.0,Sunny
2025-11-20 11:00:00,2025-11-20,11,28.4,73,9.0,10.0,0.0,Sunny
2025-11-20 12:00:00,2025-11-20,12,29.8,83,8.9,10.0,0.0,Sunny
2025-11-20 13:00:00,2025-11-20,13,32.9,76,12.0,10.0,0.0,Hazy
2025-11-20 14:00:00,2025-11-20,14,32.5,67,6.1,10.0,0.0,Sunny
2025-11-20 15:00:00,2025-11-20,15,32.3,64,5.4,10.0,0.0,Sunny
2025-11-20 16:00:00,2025-11-20,16,31.8,57,20.5,10.0,0.0,Sunny
2025-11-20 17:00:00,2025-11-20,17,31.3,52,18.5,10.0,0.0,Partly Cloudy
2025-11-20 18:00:00,2025-11-20,18,30.6,49,5.3,10.0,0.0,Partly Cloudy
2025-11-20 19:00:00,2025-11-20,19,31.2,53,7.7,10.0,0.0,Clear
2025-11-20 20:00:00,2025-11-20,20,25.4,48,8.6,10.0,0.0,Clear
2025-11-20 21:00:00,2025-11-20,21,29.0,42,34.2,10.0,0.0,Clear
2025-11-20 22:00:00,2025-11-20,22,27.1,44,2.0,10.0,0.0,Clear
2025-11-20 23:00:00,2025-11-20,23,22.3,38,9.6,10.0,0.0,Clear
2025-11-21 00:00:00,2025-11-21,0,21.6,48,13.3,10.0,0.0,Clear
2025-11-21 01:00:00,2025-11-21,1,20.6,54,5.0,10.0,0.0,Clear
2025-11-21 02:00:00,2025-11-21,2,21.0,57,17.4,10.0,0.0,Clear
2025-11-21 03:00:00,2025-11-21,3,19.7,61,33.1,1.0,0.0,Fog
2025-11-21 04:00:00,2025-11-21,4,20.2,62,4.5,0.7,0.0,Fog
2025-11-21 05:00:00,2025-11-21,5,21.8,73,29.3,0.8,0.0,Fog
2025-11-21 06:00:00,2025-11-21,6,19.1,77,2.0,0.7,0.0,Fog
2025-11-21 07:00:00,2025-11-21,7,22.6,76,9.7,1.2,0.0,Fog
2025-11-21 08:00:00,2025-11-21,8,24.6,78,16.2,1.1,0.0,Fog
2025-11-21 09:00:00,2025-11-21,9,25.6,78,28.6,10.0,0.0,Sunny
2025-11-21 10:00:00,2025-11-21,10,25.6,79,9.0,10.0,0.0,Sunny
2025-11-21 11:00:00,2025-11-21,11,29.3,78,16.8,10.0,0.0,Sunny
2025-11-21 12:00:00,2025-11-21,12,29.9,66,8.7,10.0,0.0,Sunny
2025-11-21 13:00:00,2025-11-21,13,31.1,67,16.1,10.0,0.0,Hazy
2025-11-21 14:00:00,2025-11-21,14,32.3,60,12.5,10.0,0.0,Sunny
2025-11-21 15:00:00,2025-11-21,15,30.5,58,14.6,10.0,0.0,Sunny
2025-11-21 16:00:00,2025-11-21,16,31.9,60,7.1,10.0,0.0,Sunny
2025-11-21 17:00:00,2025-11-21,17,30.8,47,2.0,10.0,0.0,Partly Cloudy
2025-11-21 18:00:00,2025-11-21,18,29.1,41,18.9,10.0,0.0,Hazy
2025-11-21 19:00:00,2025-11-21,19,29.9,39,10.3,10.0,0.0,Clear
2025-11-21 20:00:00,2025-11-21,20,26.1,44,12.6,10.0,0.0,Clear
2025-11-21 21:00:00,2025-11-21,21,26.7,45,18.8,10.0,0.0,Clear
2025-11-21 22:00:00,2025-11-21,22,25.4,43,7.0,10.0,0.0,Clear
2025-11-21 23:00:00,2025-11-21,23,22.6,36,24.1,10.0,0.0,Clear
2025-11-22 00:00:00,2025-11-22,0,22.7,44,5.3,10.0,0.0,Clear
2025-11-22 01:00:00,2025-11-22,1,23.2,58,14.3,10.0,0.0,Clear
2025-11-22 02:00:00,2025-11-22,2,20.4,56,7.7,10.0,0.0,Clear
2025-11-22 03:00:00,2025-11-22,3,19.1,52,11.2,10.0,0.0,Clear
2025-11-22 04:00:00,2025-11-22,4,21.1,61,3.8,10.0,0.0,Clear
2025-11-22 05:00:00,2025-11-22,5,18.0,61,7.5,10.0,0.0,Clear
2025-11-22 06:00:00,2025-11-22,6,24.2,71,9.4,10.0,0.0,Clear
2025-11-22 07:00:00,2025-11-22,7,22.9,76,6.4,10.0,0.0,Partly Cloudy
2025-11-22 08:00:00,2025-11-22,8,24.7,77,7.7,10.0,0.0,Partly Cloudy
2025-11-22 09:00:00,2025-11-22,9,24.1,76,4.7,10.0,0.0,Sunny
2025-11-22 10:00:00,2025-11-22,10,28.8,86,14.8,10.0,0.0,Sunny
2025-11-22 11:00:00,2025-11-22,11,29.4,76,23.5,10.0,0.0,Partly Cloudy
2025-11-22 12:00:00,2025-11-22,12,30.4,71,10.3,10.0,0.0,Sunny
2025-11-22 13:00:00,2025-11-22,13,30.9,72,3.3,10.0,0.0,Sunny
2025-11-22 14:00:00,2025-11-22,14,31.2,68,2.0,10.0,0.0,Sunny
2025-11-22 15:00:00,2025-11-22,15,31.6,62,4.5,10.0,0.0,Hazy
2025-11-22 16:00:00,2025-11-22,16,30.3,66,4.2,10.0,0.0,Partly Cloudy
2025-11-22 17:00:00,2025-11-22,17,31.9,48,10.7,10.0,0.0,Sunny
2025-11-22 18:00:00,2025-11-22,18,32.5,52,15.2,10.0,0.0,Sunny
2025-11-22 19:00:00,2025-11-22,19,29.7,49,2.0,10.0,0.0,Clear
2025-11-22 20:00:00,2025-11-22,20,26.7,37,20.7,10.0,0.0,Clear
2025-11-22 21:00:00,2025-11-22,21,26.4,44,5.9,10.0,0.0,Clear
2025-11-22 22:00:00,2025-11-22,22,21.1,39,3.9,10.0,0.0,Clear
2025-11-22 23:00:00,2025-11-22,23,24.8,45,4.0,10.0,0.0,Clear
2025-11-23 00:00:00,2025-11-23,0,20.7,52,18.3,10.0,0.0,Clear
2025-11-23 01:00:00,2025-11-23,1,21.0,52,4.8,10.0,0.0,Clear
2025-11-23 02:00:00,2025-11-23,2,19.7,47,8.9,10.0,0.0,Clear
2025-11-23 03:00:00,2025-11-23,3,20.2,63,33.6,10.0,0.0,Clear
2025-11-23 04:00:00,2025-11-23,4,22.5,58,8.2,10.0,0.0,Clear
2025-11-23 05:00:00,2025-11-23,5,17.8,67,9.5,10.0,0.0,Clear
2025-11-23 06:00:00,2025-11-23,6,21.7,78,6.5,10.0,0.0,Clear
2025-11-23 07:00:00,2025-11-23,7,23.1,71,12.5,10.0,0.0,Sunny
2025-11-23 08:00:00,2025-11-23,8,23.9,79,12.6,10.0,0.0,Sunny
2025-11-23 09:00:00,2025-11-23,9,25.1,75,21.3,10.0,0.0,Sunny
2025-11-23 10:00:00,2025-11-23,10,28.8,68,12.3,10.0,0.0,Sunny
2025-11-23 11:00:00,2025-11-23,11,29.2,73,22.2,10.0,0.0,Partly Cloudy
2025-11-23 12:00:00,2025-11-23,12,30.6,70,18.4,10.0,0.0,Partly Cloudy
2025-11-23 13:00:00,2025-11-23,13,31.3,64,5.2,10.0,0.0,Sunny
2025-11-23 14:00:00,2025-11-23,14,32.1,65,10.8,10.0,0.0,Sunny
2025-11-23 15:00:00,2025-11-23,15,33.2,60,4.1,10.0,0.0,Sunny
2025-11-23 16:00:00,2025-11-23,16,33.0,54,14.3,10.0,0.0,Sunny
2025-11-23 17:00:00,2025-11-23,17,30.7,49,2.0,10.0,0.0,Partly Cloudy
2025-11-23 18:00:00,2025-11-23,18,30.2,50,37.0,10.0,0.0,Sunny
2025-11-23 19:00:00,2025-11-23,19,30.5,39,5.4,10.0,0.0,Clear
2025-11-23 20:00:00,2025-11-23,20,29.7,47,5.5,10.0,0.0,Clear
2025-11-23 21:00:00,2025-11-23,21,28.0,39,11.9,10.0,0.0,Clear
2025-11-23 22:00:00,2025-11-23,22,26.2,41,2.8,10.0,0.0,Clear
2025-11-23 23:00:00,2025-11-23,23,23.0,41,3.8,10.0,0.0,Clear
2025-11-24 00:00:00,2025-11-24,0,22.6,43,8.8,10.0,0.0,Clear
2025-11-24 01:00:00,2025-11-24,1,20.8,55,3.2,10.0,0.0,Clear
2025-11-24 02:00:00,2025-11-24,2,18.8,52,5.9,10.0,0.0,Clear
2025-11-24 03:00:00,2025-11-24,3,19.4,62,2.0,10.0,0.0,Clear
2025-11-24 04:00:00,2025-11-24,4,19.5,66,18.6,10.0,0.0,Clear
2025-11-24 05:00:00,2025-11-24,5,21.5,68,28.1,10.0,0.0,Clear
2025-11-24 06:00:00,2025-11-24,6,22.4,77,25.2,10.0,0.0,Clear
2025-11-24 07:00:00,2025-11-24,7,22.6,76,8.6,10.0,0.0,Sunny
2025-11-24 08:00:00,2025-11-24,8,24.0,69,12.9,10.0,0.0,Hazy
2025-11-24 09:00:00,2025-11-24,9,25.2,75,18.0,10.0,0.0,Sunny
2025-11-24 10:00:00,2025-11-24,10,27.3,89,3.7,10.0,0.0,Sunny
2025-11-24 11:00:00,2025-11-24,11,29.1,76,12.5,10.0,0.0,Sunny
2025-11-24 12:00:00,2025-11-24,12,31.0,72,9.7,10.0,0.0,Sunny
2025-11-24 13:00:00,2025-11-24,13,31.8,73,5.0,10.0,0.0,Partly Cloudy
2025-11-24 14:00:00,2025-11-24,14,31.3,71,11.3,10.0,0.0,Partly Cloudy
2025-11-24 15:00:00,2025-11-24,15,31.9,56,2.6,10.0,0.0,Hazy
2025-11-24 16:00:00,2025-11-24,16,32.1,55,5.6,10.0,0.0,Sunny
2025-11-24 17:00:00,2025-11-24,17,32.2,51,15.2,10.0,0.0,Sunny
2025-11-24 18:00:00,2025-11-24,18,30.0,41,6.6,10.0,0.0,Sunny
2025-11-24 19:00:00,2025-11-24,19,27.5,44,10.0,10.0,0.0,Clear
2025-11-24 20:00:00,2025-11-24,20,26.3,43,11.7,10.0,0.0,Clear
2025-11-24 21:00:00,2025-11-24,21,26.4,41,12.6,10.0,0.0,Clear
2025-11-24 22:00:00,2025-11-24,22,24.9,51,12.3,10.0,0.0,Clear
2025-11-24 23:00:00,2025-11-24,23,22.0,48,8.3,10.0,0.0,Clear
2025-11-25 00:00:00,2025-11-25,0,20.2,49,39.9,10.0,0.0,Clear
2025-11-25 01:00:00,2025-11-25,1,18.7,51,6.2,10.0,0.0,Clear
2025-11-25 02:00:00,2025-11-25,2,18.1,58,28.9,10.0,0.0,Clear
2025-11-25 03:00:00,2025-11-25,3,19.0,59,18.3,10.0,0.0,Clear
2025-11-25 04:00:00,2025-11-25,4,17.8,58,4.8,10.0,0.0,Clear
2025-11-25 05:00:00,2025-11-25,5,20.6,64,7.9,10.0,0.0,Clear
2025-11-25 06:00:00,2025-11-25,6,22.0,74,8.9,10.0,0.0,Clear
2025-11-25 07:00:00,2025-11-25,7,21.1,81,2.0,10.0,0.0,Sunny
2025-11-25 08:00:00,2025-11-25,8,23.1,76,5.8,10.0,0.0,Partly Cloudy
2025-11-25 09:00:00,2025-11-25,9,25.9,82,29.7,10.0,0.0,Sunny
2025-11-25 10:00:00,2025-11-25,10,26.7,79,6.8,10.0,0.0,Hazy
2025-11-25 11:00:00,2025-11-25,11,29.5,80,13.7,10.0,0.0,Sunny
2025-11-25 12:00:00,2025-11-25,12,31.8,68,11.7,10.0,0.0,Partly Cloudy
2025-11-25 13:00:00,2025-11-25,13,31.4,64,16.8,10.0,0.0,Sunny
2025-11-25 14:00:00,2025-11-25,14,30.2,72,3.0,10.0,0.0,Sunny
2025-11-25 15:00:00,2025-11-25,15,32.7,53,12.5,10.0,0.0,Sunny
2025-11-25 16:00:00,2025-11-25,16,31.9,57,17.8,10.0,0.0,Sunny
2025-11-25 17:00:00,2025-11-25,17,32.3,57,2.9,10.0,0.0,Sunny
2025-11-25 18:00:00,2025-11-25,18,33.4,49,8.0,10.0,0.0,Sunny
2025-11-25 19:00:00,2025-11-25,19,28.1,50,3.2,10.0,0.0,Clear
2025-11-25 20:00:00,2025-11-25,20,26.8,48,18.0,10.0,0.0,Clear
2025-11-25 21:00:00,2025-11-25,21,26.3,45,5.7,10.0,0.0,Clear
2025-11-25 22:00:00,2025-11-25,22,25.4,44,7.9,10.0,0.0,Clear
2025-11-25 23:00:00,2025-11-25,23,25.2,40,8.8,10.0,0.0,Clear
2025-11-26 00:00:00,2025-11-26,0,20.9,41,29.0,10.0,0.0,Clear
2025-11-26 01:00:00,2025-11-26,1,19.3,50,3.5,10.0,0.0,Clear
2025-11-26 02:00:00,2025-11-26,2,18.8,48,14.5,10.0,0.0,Clear
2025-11-26 03:00:00,2025-11-26,3,19.0,62,5.2,0.8,0.0,Fog
2025-11-26 04:00:00,2025-11-26,4,19.4,74,8.5,1.1,0.0,Fog
2025-11-26 05:00:00,2025-11-26,5,20.6,69,3.4,0.2,0.0,Fog
2025-11-26 06:00:00,2025-11-26,6,21.4,74,15.2,0.6,0.0,Fog
2025-11-26 07:00:00,2025-11-26,7,21.2,71,4.9,0.5,0.0,Fog
2025-11-26 08:00:00,2025-11-26,8,22.5,77,8.8,0.5,0.0,Fog
2025-11-26 09:00:00,2025-11-26,9,25.9,78,20.3,10.0,0.0,Sunny
2025-11-26 10:00:00,2025-11-26,10,26.8,76,4.0,10.0,0.0,Partly Cloudy
2025-11-26 11:00:00,2025-11-26,11,28.5,77,6.6,10.0,0.0,Partly Cloudy
2025-11-26 12:00:00,2025-11-26,12,31.7,70,22.3,10.0,0.0,Sunny
2025-11-26 13:00:00,2025-11-26,13,32.4,69,13.1,10.0,0.0,Hazy
2025-11-26 14:00:00,2025-11-26,14,31.8,67,7.3,10.0,0.0,Sunny
2025-11-26 15:00:00,2025-11-26,15,33.7,66,11.4,10.0,0.0,Sunny
2025-11-26 16:00:00,2025-11-26,16,33.6,56,17.1,10.0,0.0,Partly Cloudy
2025-11-26 17:00:00,2025-11-26,17,33.3,49,20.4,10.0,0.0,Sunny
2025-11-26 18:00:00,2025-11-26,18,32.5,47,15.3,10.0,0.0,Partly Cloudy
2025-11-26 19:00:00,2025-11-26,19,29.0,46,8.3,10.0,0.0,Clear
2025-11-26 20:00:00,2025-11-26,20,29.0,39,13.0,10.0,0.0,Clear
2025-11-26 21:00:00,2025-11-26,21,25.6,39,4.2,10.0,0.0,Clear
2025-11-26 22:00:00,2025-11-26,22,25.8,43,7.3,10.0,0.0,Clear
2025-11-26 23:00:00,2025-11-26,23,22.5,36,19.4,10.0,0.0,Clear
2025-11-27 00:00:00,2025-11-27,0,21.4,47,3.4,10.0,0.0,Clear
2025-11-27 01:00:00,2025-11-27,1,19.2,49,9.2,10.0,0.0,Clear
2025-11-27 02:00:00,2025-11-27,2,18.5,58,11.9,10.0,0.0,Clear
2025-11-27 03:00:00,2025-11-27,3,20.0,56,12.3,0.9,0.0,Fog
2025-11-27 04:00:00,2025-11-27,4,20.9,63,20.1,0.5,0.0,Fog
2025-11-27 05:00:00,2025-11-27,5,19.1,69,12.1,0.3,0.0,Fog
2025-11-27 06:00:00,2025-11-27,6,23.0,70,11.8,1.2,0.0,Fog
2025-11-27 07:00:00,2025-11-27,7,24.2,72,9.0,1.0,0.0,Fog
2025-11-27 08:00:00,2025-11-27,8,24.8,75,10.2,0.5,0.0,Fog
2025-11-27 09:00:00,2025-11-27,9,27.1,69,3.6,10.0,0.0,Sunny
2025-11-27 10:00:00,2025-11-27,10,27.1,73,15.4,10.0,0.0,Sunny
2025-11-27 11:00:00,2025-11-27,11,27.5,78,2.0,10.0,0.0,Hazy
2025-11-27 12:00:00,2025-11-27,12,30.0,66,10.8,10.0,0.0,Partly Cloudy
2025-11-27 13:00:00,2025-11-27,13,33.1,65,13.9,10.0,0.0,Sunny
2025-11-27 14:00:00,2025-11-27,14,33.8,63,26.7,10.0,0.0,Sunny
2025-11-27 15:00:00,2025-11-27,15,31.1,63,30.5,10.0,0.0,Sunny
2025-11-27 16:00:00,2025-11-27,16,30.8,50,14.6,10.0,0.0,Sunny
2025-11-27 17:00:00,2025-11-27,17,30.6,48,6.6,10.0,0.0,Sunny
2025-11-27 18:00:00,2025-11-27,18,28.3,53,10.6,10.0,0.0,Sunny
2025-11-27 19:00:00,2025-11-27,19,28.5,45,11.1,10.0,0.0,Clear
2025-11-27 20:00:00,2025-11-27,20,28.3,45,23.3,10.0,0.0,Clear
2025-11-27 21:00:00,2025-11-27,21,22.4,38,5.8,10.0,0.0,Clear
2025-11-27 22:00:00,2025-11-27,22,24.2,40,10.5,10.0,0.0,Clear
2025-11-27 23:00:00,2025-11-27,23,24.5,48,4.5,10.0,0.0,Clear
2025-11-28 00:00:00,2025-11-28,0,22.5,49,15.0,10.0,0.0,Clear
2025-11-28 01:00:00,2025-11-28,1,20.8,53,7.5,10.0,0.0,Clear
2025-11-28 02:00:00,2025-11-28,2,19.9,58,2.1,10.0,0.0,Clear
2025-11-28 03:00:00,2025-11-28,3,20.9,63,5.7,1.1,0.0,Fog
2025-11-28 04:00:00,2025-11-28,4,20.3,63,32.4,1.0,0.0,Fog
2025-11-28 05:00:00,2025-11-28,5,20.0,65,5.1,0.6,0.0,Fog
2025-11-28 06:00:00,2025-11-28,6,22.5,70,8.3,1.0,0.0,Fog
2025-11-28 07:00:00,2025-11-28,7,21.1,74,17.8,0.9,0.0,Fog
2025-11-28 08:00:00,2025-11-28,8,25.3,68,2.0,0.2,0.0,Fog
2025-11-28 09:00:00,2025-11-28,9,26.7,80,2.2,10.0,0.0,Hazy
2025-11-28 10:00:00,2025-11-28,10,27.9,81,9.9,10.0,0.0,Partly Cloudy
2025-11-28 11:00:00,2025-11-28,11,29.4,76,31.1,10.0,0.0,Sunny
2025-11-28 12:00:00,2025-11-28,12,32.6,70,16.5,10.0,0.0,Hazy
2025-11-28 13:00:00,2025-11-28,13,32.9,69,5.2,10.0,0.0,Hazy
2025-11-28 14:00:00,2025-11-28,14,33.9,58,2.5,10.0,0.0,Sunny
2025-11-28 15:00:00,2025-11-28,15,33.1,53,5.4,10.0,0.0,Sunny
2025-11-28 16:00:00,2025-11-28,16,33.7,62,8.9,10.0,0.0,Sunny
2025-11-28 17:00:00,2025-11-28,17,32.2,43,19.0,10.0,0.0,Partly Cloudy
2025-11-28 18:00:00,2025-11-28,18,30.4,50,9.2,10.0,0.0,Sunny
2025-11-28 19:00:00,2025-11-28,19,30.2,50,3.6,10.0,0.0,Clear
2025-11-28 20:00:00,2025-11-28,20,27.4,42,26.2,10.0,0.0,Clear
2025-11-28 21:00:00,2025-11-28,21,27.4,42,21.8,10.0,0.0,Clear
2025-11-28 22:00:00,2025-11-28,22,22.9,43,25.2,10.0,0.0,Clear
2025-11-28 23:00:00,2025-11-28,23,22.5,36,9.0,10.0,0.0,Clear
2025-11-29 00:00:00,2025-11-29,0,20.6,45,2.8,10.0,0.0,Clear
2025-11-29 01:00:00,2025-11-29,1,23.2,57,31.3,10.0,0.0,Clear
2025-11-29 02:00:00,2025-11-29,2,18.9,56,14.5,10.0,0.0,Clear
2025-11-29 03:00:00,2025-11-29,3,19.4,59,14.1,10.0,0.0,Clear
2025-11-29 04:00:00,2025-11-29,4,17.3,65,14.4,10.0,0.0,Clear
2025-11-29 05:00:00,2025-11-29,5,22.4,66,7.7,10.0,0.0,Clear
2025-11-29 06:00:00,2025-11-29,6,20.4,68,12.0,10.0,0.0,Clear
2025-11-29 07:00:00,2025-11-29,7,24.6,79,4.7,10.0,0.0,Sunny
2025-11-29 08:00:00,2025-11-29,8,23.1,73,25.6,10.0,0.0,Sunny
2025-11-29 09:00:00,2025-11-29,9,24.8,87,2.0,10.0,0.0,Sunny
2025-11-29 10:00:00,2025-11-29,10,28.7,76,22.0,10.0,0.0,Partly Cloudy
2025-11-29 11:00:00,2025-11-29,11,27.4,77,5.4,10.0,0.0,Hazy
2025-11-29 12:00:00,2025-11-29,12,31.1,79,16.9,10.0,0.0,Hazy
2025-11-29 13:00:00,2025-11-29,13,30.7,71,16.9,10.0,0.0,Partly Cloudy
2025-11-29 14:00:00,2025-11-29,14,34.9,59,17.6,10.0,0.0,Sunny
2025-11-29 15:00:00,2025-11-29,15,34.7,57,12.2,10.0,0.0,Sunny
2025-11-29 16:00:00,2025-11-29,16,33.8,48,16.3,10.0,0.0,Sunny
2025-11-29 17:00:00,2025-11-29,17,34.4,50,6.1,10.0,0.0,Sunny
2025-11-29 18:00:00,2025-11-29,18,29.9,43,18.5,10.0,0.0,Sunny
2025-11-29 19:00:00,2025-11-29,19,30.2,43,11.2,10.0,0.0,Clear
2025-11-29 20:00:00,2025-11-29,20,26.6,48,5.7,10.0,0.0,Clear
2025-11-29 21:00:00,2025-11-29,21,27.1,49,12.9,10.0,0.0,Clear
2025-11-29 22:00:00,2025-11-29,22,24.7,35,6.7,10.0,0.0,Clear
2025-11-29 23:00:00,2025-11-29,23,21.3,37,15.2,10.0,0.0,Clear
2025-11-30 00:00:00,2025-11-30,0,21.3,47,8.4,10.0,0.0,Clear
2025-11-30 01:00:00,2025-11-30,1,20.5,50,9.5,10.0,0.0,Clear
2025-11-30 02:00:00,2025-11-30,2,19.8,50,19.4,10.0,0.0,Clear
2025-11-30 03:00:00,2025-11-30,3,21.7,59,11.9,10.0,0.0,Clear
2025-11-30 04:00:00,2025-11-30,4,18.4,64,24.9,10.0,0.0,Clear
2025-11-30 05:00:00,2025-11-30,5,19.6,67,2.0,10.0,0.0,Clear
2025-11-30 06:00:00,2025-11-30,6,17.8,77,13.3,10.0,0.0,Clear
2025-11-30 07:00:00,2025-11-30,7,23.6,80,2.0,10.0,0.0,Hazy
2025-11-30 08:00:00,2025-11-30,8,25.3,77,2.7,10.0,0.0,Sunny
2025-11-30 09:00:00,2025-11-30,9,27.1,83,2.0,10.0,0.0,Sunny
2025-11-30 10:00:00,2025-11-30,10,27.6,81,27.2,10.0,0.0,Sunny
2025-11-30 11:00:00,2025-11-30,11,28.4,76,11.1,10.0,0.0,Sunny
2025-11-30 12:00:00,2025-11-30,12,29.2,62,2.0,10.0,0.0,Sunny
2025-11-30 13:00:00,2025-11-30,13,32.3,63,12.5,10.0,0.0,Sunny
2025-11-30 14:00:00,2025-11-30,14,31.3,63,18.6,10.0,0.0,Partly Cloudy
2025-11-30 15:00:00,2025-11-30,15,30.5,62,17.4,10.0,0.0,Sunny
2025-11-30 16:00:00,2025-11-30,16,33.5,50,2.0,10.0,0.0,Sunny
2025-11-30 17:00:00,2025-11-30,17,31.2,55,19.2,10.0,0.0,Partly Cloudy
2025-11-30 18:00:00,2025-11-30,18,30.8,53,21.7,10.0,0.0,Sunny
2025-11-30 19:00:00,2025-11-30,19,25.2,46,23.7,10.0,0.0,Clear
2025-11-30 20:00:00,2025-11-30,20,27.6,44,7.1,10.0,0.0,Clear
2025-11-30 21:00:00,2025-11-30,21,25.7,45,15.3,10.0,0.0,Clear
2025-11-30 22:00:00,2025-11-30,22,26.5,44,2.0,10.0,0.0,Clear
2025-11-30 23:00:00,2025-11-30,23,22.5,44,19.3,10.0,0.0,Clear
2025-12-01 00:00:00,2025-12-01,0,12.8,50,23.7,10.0,0.0,Clear
2025-12-01 01:00:00,2025-12-01,1,15.1,58,2.0,10.0,0.0,Clear
2025-12-01 02:00:00,2025-12-01,2,14.7,63,30.8,10.0,0.0,Clear
2025-12-01 03:00:00,2025-12-01,3,16.1,58,10.0,10.0,0.0,Clear
2025-12-01 04:00:00,2025-12-01,4,14.7,68,5.6,10.0,0.0,Clear
2025-12-01 05:00:00,2025-12-01,5,14.8,75,8.2,10.0,0.0,Clear
2025-12-01 06:00:00,2025-12-01,6,16.2,71,15.5,10.0,0.0,Clear
2025-12-01 07:00:00,2025-12-01,7,21.3,82,8.0,10.0,0.0,Hazy
2025-12-01 08:00:00,2025-12-01,8,19.9,80,6.2,10.0,0.0,Sunny
2025-12-01 09:00:00,2025-12-01,9,20.6,90,3.7,10.0,0.0,Sunny
2025-12-01 10:00:00,2025-12-01,10,23.9,84,3.6,10.0,0.0,Sunny
2025-12-01 11:00:00,2025-12-01,11,22.8,80,7.1,10.0,0.0,Sunny
2025-12-01 12:00:00,2025-12-01,12,24.6,78,4.5,10.0,0.0,Sunny
2025-12-01 13:00:00,2025-12-01,13,25.9,73,3.2,10.0,0.0,Sunny
2025-12-01 14:00:00,2025-12-01,14,25.0,62,8.7,10.0,0.0,Partly Cloudy
2025-12-01 15:00:00,2025-12-01,15,28.7,64,18.5,10.0,0.0,Partly Cloudy
2025-12-01 16:00:00,2025-12-01,16,26.3,53,3.0,10.0,0.0,Partly Cloudy
2025-12-01 17:00:00,2025-12-01,17,26.8,54,14.4,10.0,0.0,Sunny
2025-12-01 18:00:00,2025-12-01,18,24.9,52,8.3,10.0,0.0,Sunny
2025-12-01 19:00:00,2025-12-01,19,24.7,43,16.2,10.0,0.0,Clear
2025-12-01 20:00:00,2025-12-01,20,25.1,46,12.8,10.0,0.0,Clear
2025-12-01 21:00:00,2025-12-01,21,20.5,52,5.2,10.0,0.0,Clear
2025-12-01 22:00:00,2025-12-01,22,18.7,44,13.8,10.0,0.0,Clear
2025-12-01 23:00:00,2025-12-01,23,16.1,44,12.8,10.0,0.0,Clear
2025-12-02 00:00:00,2025-12-02,0,16.0,55,19.2,10.0,0.0,Clear
2025-12-02 01:00:00,2025-12-02,1,12.9,56,9.2,10.0,0.0,Clear
2025-12-02 02:00:00,2025-12-02,2,16.6,59,22.3,10.0,0.0,Clear
2025-12-02 03:00:00,2025-12-02,3,13.7,66,10.8,10.0,0.0,Clear
2025-12-02 04:00:00,2025-12-02,4,13.5,69,3.6,10.0,0.0,Clear
2025-12-02 05:00:00,2025-12-02,5,15.1,70,25.8,10.0,0.0,Clear
2025-12-02 06:00:00,2025-12-02,6,17.2,72,5.3,10.0,0.0,Clear
2025-12-02 07:00:00,2025-12-02,7,17.4,87,11.5,10.0,0.0,Sunny
2025-12-02 08:00:00,2025-12-02,8,20.7,83,4.7,10.0,0.0,Hazy
2025-12-02 09:00:00,2025-12-02,9,20.4,88,3.9,10.0,0.0,Sunny
2025-12-02 10:00:00,2025-12-02,10,21.7,80,15.7,10.0,0.0,Partly Cloudy
2025-12-02 11:00:00,2025-12-02,11,24.2,84,2.8,10.0,0.0,Partly Cloudy
2025-12-02 12:00:00,2025-12-02,12,25.4,73,9.1,10.0,0.0,Sunny
2025-12-02 13:00:00,2025-12-02,13,27.8,67,11.0,10.0,0.0,Sunny
2025-12-02 14:00:00,2025-12-02,14,28.3,70,28.2,10.0,0.0,Partly Cloudy
2025-12-02 15:00:00,2025-12-02,15,26.9,68,8.8,10.0,0.0,Sunny
2025-12-02 16:00:00,2025-12-02,16,25.3,63,12.0,10.0,0.0,Sunny
2025-12-02 17:00:00,2025-12-02,17,27.4,57,12.8,10.0,0.0,Sunny
2025-12-02 18:00:00,2025-12-02,18,24.0,48,22.5,10.0,0.0,Sunny
2025-12-02 19:00:00,2025-12-02,19,24.1,50,6.0,10.0,0.0,Clear
2025-12-02 20:00:00,2025-12-02,20,23.3,48,18.6,10.0,0.0,Clear
2025-12-02 21:00:00,2025-12-02,21,23.3,46,2.7,10.0,0.0,Clear
2025-12-02 22:00:00,2025-12-02,22,22.1,45,3.9,10.0,0.0,Clear
2025-12-02 23:00:00,2025-12-02,23,18.3,44,10.8,10.0,0.0,Clear
2025-12-03 00:00:00,2025-12-03,0,13.8,52,10.1,10.0,0.0,Clear
2025-12-03 01:00:00,2025-12-03,1,13.9,56,12.6,10.0,0.0,Clear
2025-12-03 02:00:00,2025-12-03,2,14.5,53,11.5,10.0,0.0,Clear
2025-12-03 03:00:00,2025-12-03,3,14.0,72,15.1,10.0,0.0,Clear
2025-12-03 04:00:00,2025-12-03,4,14.9,63,8.0,10.0,0.0,Clear
2025-12-03 05:00:00,2025-12-03,5,15.5,70,28.0,10.0,0.0,Clear
2025-12-03 06:00:00,2025-12-03,6,14.9,78,12.3,10.0,0.0,Clear
2025-12-03 07:00:00,2025-12-03,7,18.5,81,4.0,10.0,0.0,Sunny
2025-12-03 08:00:00,2025-12-03,8,18.1,78,6.2,10.0,0.0,Sunny
2025-12-03 09:00:00,2025-12-03,9,21.2,78,5.0,10.0,0.0,Partly Cloudy
2025-12-03 10:00:00,2025-12-03,10,25.0,81,12.2,10.0,0.0,Partly Cloudy
2025-12-03 11:00:00,2025-12-03,11,23.0,79,2.6,10.0,0.0,Sunny
2025-12-03 12:00:00,2025-12-03,12,25.8,82,14.3,10.0,0.0,Partly Cloudy
2025-12-03 13:00:00,2025-12-03,13,26.1,69,3.1,10.0,0.0,Hazy
2025-12-03 14:00:00,2025-12-03,14,26.0,69,13.6,10.0,0.0,Sunny
2025-12-03 15:00:00,2025-12-03,15,27.7,63,17.9,10.0,0.0,Partly Cloudy
2025-12-03 16:00:00,2025-12-03,16,26.3,61,16.4,10.0,0.0,Partly Cloudy
2025-12-03 17:00:00,2025-12-03,17,27.6,54,5.8,10.0,0.0,Sunny
2025-12-03 18:00:00,2025-12-03,18,26.4,55,32.0,10.0,0.0,Partly Cloudy
2025-12-03 19:00:00,2025-12-03,19,26.4,51,8.5,10.0,0.0,Clear
2025-12-03 20:00:00,2025-12-03,20,23.7,52,2.8,10.0,0.0,Clear
2025-12-03 21:00:00,2025-12-03,21,21.8,46,21.7,10.0,0.0,Clear
2025-12-03 22:00:00,2025-12-03,22,16.8,46,8.8,10.0,0.0,Clear
2025-12-03 23:00:00,2025-12-03,23,18.9,47,8.8,10.0,0.0,Clear
2025-12-04 00:00:00,2025-12-04,0,17.4,45,5.8,10.0,0.0,Clear
2025-12-04 01:00:00,2025-12-04,1,14.4,56,8.4,10.0,0.0,Clear
2025-12-04 02:00:00,2025-12-04,2,17.0,61,20.0,10.0,0.0,Clear
2025-12-04 03:00:00,2025-12-04,3,15.7,66,18.7,10.0,0.0,Clear
2025-12-04 04:00:00,2025-12-04,4,15.0,67,18.4,10.0,0.0,Clear
2025-12-04 05:00:00,2025-12-04,5,16.3,68,18.5,10.0,0.0,Clear
2025-12-04 06:00:00,2025-12-04,6,17.0,73,11.6,10.0,0.0,Clear
2025-12-04 07:00:00,2025-12-04,7,18.0,80,7.3,10.0,0.0,Sunny
2025-12-04 08:00:00,2025-12-04,8,19.1,86,6.2,10.0,0.0,Sunny
2025-12-04 09:00:00,2025-12-04,9,22.5,75,6.6,10.0,0.0,Sunny
2025-12-04 10:00:00,2025-12-04,10,20.9,88,13.6,10.0,0.0,Sunny
2025-12-04 11:00:00,2025-12-04,11,24.5,71,8.1,10.0,0.0,Sunny
2025-12-04 12:00:00,2025-12-04,12,27.4,84,11.2,10.0,0.0,Sunny
2025-12-04 13:00:00,2025-12-04,13,26.8,69,14.5,10.0,0.0,Sunny
2025-12-04 14:00:00,2025-12-04,14,28.3,74,9.3,10.0,0.0,Sunny
2025-12-04 15:00:00,2025-12-04,15,27.5,62,12.1,10.0,0.0,Sunny
2025-12-04 16:00:00,2025-12-04,16,26.0,65,2.5,10.0,0.0,Sunny
2025-12-04 17:00:00,2025-12-04,17,27.8,46,18.3,10.0,0.0,Partly Cloudy
2025-12-04 18:00:00,2025-12-04,18,27.4,53,2.0,10.0,0.0,Sunny
2025-12-04 19:00:00,2025-12-04,19,23.6,52,4.9,10.0,0.0,Clear
2025-12-04 20:00:00,2025-12-04,20,23.4,48,4.1,10.0,0.0,Clear
2025-12-04 21:00:00,2025-12-04,21,21.4,48,4.2,10.0,0.0,Clear
2025-12-04 22:00:00,2025-12-04,22,18.9,51,15.7,10.0,0.0,Clear
2025-12-04 23:00:00,2025-12-04,23,19.2,49,8.3,10.0,0.0,Clear
2025-12-05 00:00:00,2025-12-05,0,16.1,49,8.1,10.0,0.0,Clear
2025-12-05 01:00:00,2025-12-05,1,14.1,50,9.3,10.0,0.0,Clear
2025-12-05 02:00:00,2025-12-05,2,14.3,63,6.5,10.0,0.0,Clear
2025-12-05 03:00:00,2025-12-05,3,14.3,68,3.5,10.0,0.0,Clear
2025-12-05 04:00:00,2025-12-05,4,13.9,71,15.0,10.0,0.0,Clear
2025-12-05 05:00:00,2025-12-05,5,14.7,76,3.8,10.0,0.0,Clear
2025-12-05 06:00:00,2025-12-05,6,15.0,78,2.0,10.0,0.0,Clear
2025-12-05 07:00:00,2025-12-05,7,17.4,78,18.2,10.0,0.0,Sunny
2025-12-05 08:00:00,2025-12-05,8,19.5,86,12.4,10.0,0.0,Sunny
2025-12-05 09:00:00,2025-12-05,9,19.9,80,28.0,10.0,0.0,Sunny
2025-12-05 10:00:00,2025-12-05,10,21.3,82,5.6,10.0,0.0,Sunny
2025-12-05 11:00:00,2025-12-05,11,23.0,82,9.2,10.0,0.0,Sunny
2025-12-05 12:00:00,2025-12-05,12,25.4,82,10.9,10.0,0.0,Sunny
2025-12-05 13:00:00,2025-12-05,13,26.0,61,6.5,10.0,0.0,Sunny
2025-12-05 14:00:00,2025-12-05,14,25.3,72,2.0,10.0,0.0,Hazy
2025-12-05 15:00:00,2025-12-05,15,25.9,62,22.0,10.0,0.0,Partly Cloudy
2025-12-05 16:00:00,2025-12-05,16,27.1,61,14.8,10.0,0.0,Partly Cloudy
2025-12-05 17:00:00,2025-12-05,17,26.1,47,5.8,10.0,0.0,Partly Cloudy
2025-12-05 18:00:00,2025-12-05,18,25.5,48,34.8,10.0,0.0,Sunny
2025-12-05 19:00:00,2025-12-05,19,26.1,53,29.2,10.0,0.0,Clear
2025-12-05 20:00:00,2025-12-05,20,23.0,51,13.7,10.0,0.0,Clear
2025-12-05 21:00:00,2025-12-05,21,18.7,45,3.3,10.0,0.0,Clear
2025-12-05 22:00:00,2025-12-05,22,18.5,53,22.1,10.0,0.0,Clear
2025-12-05 23:00:00,2025-12-05,23,18.1,48,5.4,10.0,0.0,Clear
2025-12-06 00:00:00,2025-12-06,0,15.6,53,36.3,10.0,0.0,Clear
2025-12-06 01:00:00,2025-12-06,1,14.1,52,8.3,10.0,0.0,Clear
2025-12-06 02:00:00,2025-12-06,2,15.8,57,4.1,10.0,0.0,Clear
2025-12-06 03:00:00,2025-12-06,3,14.0,66,23.3,10.0,0.0,Clear
2025-12-06 04:00:00,2025-12-06,4,13.6,59,3.5,10.0,0.0,Clear
2025-12-06 05:00:00,2025-12-06,5,14.3,73,7.8,10.0,0.0,Clear
2025-12-06 06:00:00,2025-12-06,6,18.4,78,25.8,10.0,0.0,Clear
2025-12-06 07:00:00,2025-12-06,7,16.3,80,14.3,10.0,0.0,Sunny
2025-12-06 08:00:00,2025-12-06,8,19.0,87,25.8,10.0,0.0,Sunny
2025-12-06 09:00:00,2025-12-06,9,20.8,80,13.4,10.0,0.0,Hazy
2025-12-06 10:00:00,2025-12-06,10,23.5,80,4.0,10.0,0.0,Partly Cloudy
2025-12-06 11:00:00,2025-12-06,11,23.2,78,17.4,10.0,0.0,Sunny
2025-12-06 12:00:00,2025-12-06,12,24.5,75,20.6,10.0,0.0,Hazy
2025-12-06 13:00:00,2025-12-06,13,27.6,72,14.9,10.0,0.0,Sunny
2025-12-06 14:00:00,2025-12-06,14,30.2,66,3.9,10.0,0.0,Partly Cloudy
2025-12-06 15:00:00,2025-12-06,15,26.8,68,3.9,10.0,0.0,Sunny
2025-12-06 16:00:00,2025-12-06,16,26.5,65,20.2,10.0,0.0,Partly Cloudy
2025-12-06 17:00:00,2025-12-06,17,29.6,60,2.0,10.0,0.0,Partly Cloudy
2025-12-06 18:00:00,2025-12-06,18,25.1,54,20.5,10.0,0.0,Sunny
2025-12-06 19:00:00,2025-12-06,19,23.8,44,2.3,10.0,0.0,Clear
2025-12-06 20:00:00,2025-12-06,20,22.9,46,12.0,10.0,0.0,Clear
2025-12-06 21:00:00,2025-12-06,21,21.5,54,13.8,10.0,0.0,Clear
2025-12-06 22:00:00,2025-12-06,22,19.6,46,11.2,10.0,0.0,Clear
2025-12-06 23:00:00,2025-12-06,23,18.9,50,5.7,10.0,0.0,Clear
2025-12-07 00:00:00,2025-12-07,0,14.7,45,6.8,10.0,0.0,Clear
2025-12-07 01:00:00,2025-12-07,1,15.1,57,14.0,10.0,0.0,Clear
2025-12-07 02:00:00,2025-12-07,2,16.0,57,9.1,10.0,0.0,Clear
2025-12-07 03:00:00,2025-12-07,3,11.7,63,31.1,10.0,0.0,Clear
2025-12-07 04:00:00,2025-12-07,4,13.1,58,2.4,10.0,0.0,Clear
2025-12-07 05:00:00,2025-12-07,5,16.2,73,11.1,10.0,0.0,Clear
2025-12-07 06:00:00,2025-12-07,6,16.5,80,14.8,10.0,0.0,Clear
2025-12-07 07:00:00,2025-12-07,7,17.0,83,24.5,10.0,0.0,Sunny
2025-12-07 08:00:00,2025-12-07,8,19.7,80,32.6,10.0,0.0,Sunny
2025-12-07 09:00:00,2025-12-07,9,21.5,85,13.5,10.0,0.0,Sunny
2025-12-07 10:00:00,2025-12-07,10,21.6,85,7.3,10.0,0.0,Sunny
2025-12-07 11:00:00,2025-12-07,11,24.2,76,5.5,10.0,0.0,Partly Cloudy
2025-12-07 12:00:00,2025-12-07,12,24.2,81,24.6,10.0,0.0,Sunny
2025-12-07 13:00:00,2025-12-07,13,28.0,72,18.2,10.0,0.0,Sunny
2025-12-07 14:00:00,2025-12-07,14,25.4,63,2.0,10.0,0.0,Sunny
2025-12-07 15:00:00,2025-12-07,15,27.3,61,44.2,10.0,0.0,Sunny
2025-12-07 16:00:00,2025-12-07,16,28.2,60,12.8,10.0,0.0,Sunny
2025-12-07 17:00:00,2025-12-07,17,29.0,49,12.3,10.0,0.0,Sunny
2025-12-07 18:00:00,2025-12-07,18,25.4,43,3.1,10.0,0.0,Sunny
2025-12-07 19:00:00,2025-12-07,19,27.6,50,2.0,10.0,0.0,Clear
2025-12-07 20:00:00,2025-12-07,20,21.3,48,7.4,10.0,0.0,Clear
2025-12-07 21:00:00,2025-12-07,21,21.7,45,9.4,10.0,0.0,Clear
2025-12-07 22:00:00,2025-12-07,22,18.5,47,11.3,10.0,0.0,Clear
2025-12-07 23:00:00,2025-12-07,23,19.7,51,6.1,10.0,0.0,Clear
2025-12-08 00:00:00,2025-12-08,0,16.3,44,5.9,10.0,0.0,Clear
2025-12-08 01:00:00,2025-12-08,1,14.1,44,6.6,10.0,0.0,Clear
2025-12-08 02:00:00,2025-12-08,2,16.2,63,27.3,10.0,0.0,Clear
2025-12-08 03:00:00,2025-12-08,3,14.0,65,19.3,10.0,0.0,Clear
2025-12-08 04:00:00,2025-12-08,4,13.2,71,36.7,10.0,0.0,Clear
2025-12-08 05:00:00,2025-12-08,5,15.0,70,3.4,10.0,0.0,Clear
2025-12-08 06:00:00,2025-12-08,6,17.6,77,39.1,10.0,0.0,Clear
2025-12-08 07:00:00,2025-12-08,7,17.6,84,7.7,10.0,0.0,Partly Cloudy
2025-12-08 08:00:00,2025-12-08,8,18.8,82,12.3,10.0,0.0,Sunny
2025-12-08 09:00:00,2025-12-08,9,21.0,80,16.3,10.0,0.0,Sunny
2025-12-08 10:00:00,2025-12-08,10,19.8,82,7.1,10.0,0.0,Sunny
2025-12-08 11:00:00,2025-12-08,11,27.7,85,4.1,10.0,0.0,Sunny
2025-12-08 12:00:00,2025-12-08,12,25.5,77,21.0,10.0,0.0,Sunny
2025-12-08 13:00:00,2025-12-08,13,27.8,68,11.2,10.0,0.0,Sunny
2025-12-08 14:00:00,2025-12-08,14,29.1,75,14.0,10.0,0.0,Sunny
2025-12-08 15:00:00,2025-12-08,15,26.2,63,17.4,10.0,0.0,Sunny
2025-12-08 16:00:00,2025-12-08,16,25.7,56,2.6,10.0,0.0,Hazy
2025-12-08 17:00:00,2025-12-08,17,28.5,52,8.7,10.0,0.0,Partly Cloudy
2025-12-08 18:00:00,2025-12-08,18,24.6,53,6.3,10.0,0.0,Partly Cloudy
2025-12-08 19:00:00,2025-12-08,19,23.8,46,16.1,10.0,0.0,Clear
2025-12-08 20:00:00,2025-12-08,20,21.8,40,16.2,10.0,0.0,Clear
2025-12-08 21:00:00,2025-12-08,21,17.4,48,8.3,10.0,0.0,Clear
2025-12-08 22:00:00,2025-12-08,22,19.0,47,2.0,10.0,0.0,Clear
2025-12-08 23:00:00,2025-12-08,23,17.7,49,16.0,10.0,0.0,Clear
2025-12-09 00:00:00,2025-12-09,0,17.7,47,9.9,10.0,0.0,Clear
2025-12-09 01:00:00,2025-12-09,1,14.8,53,9.7,10.0,0.0,Clear
2025-12-09 02:00:00,2025-12-09,2,14.0,61,11.9,10.0,0.0,Clear
2025-12-09 03:00:00,2025-12-09,3,15.1,64,9.4,10.0,0.0,Clear
2025-12-09 04:00:00,2025-12-09,4,15.8,70,26.4,10.0,0.0,Clear
2025-12-09 05:00:00,2025-12-09,5,14.0,79,28.9,10.0,0.0,Clear
2025-12-09 06:00:00,2025-12-09,6,14.0,78,9.4,10.0,0.0,Clear
2025-12-09 07:00:00,2025-12-09,7,20.4,81,12.2,10.0,0.0,Sunny
2025-12-09 08:00:00,2025-12-09,8,21.2,78,10.2,10.0,0.0,Sunny
2025-12-09 09:00:00,2025-12-09,9,20.2,77,9.4,10.0,0.0,Sunny
2025-12-09 10:00:00,2025-12-09,10,22.3,84,2.0,10.0,0.0,Partly Cloudy
2025-12-09 11:00:00,2025-12-09,11,24.2,78,18.8,10.0,0.0,Sunny
2025-12-09 12:00:00,2025-12-09,12,24.5,70,6.3,10.0,0.0,Sunny
2025-12-09 13:00:00,2025-12-09,13,25.9,75,7.1,10.0,0.0,Hazy
2025-12-09 14:00:00,2025-12-09,14,27.1,73,23.2,10.0,0.0,Partly Cloudy
2025-12-09 15:00:00,2025-12-09,15,25.8,60,23.8,10.0,0.0,Partly Cloudy
2025-12-09 16:00:00,2025-12-09,16,30.1,52,8.8,10.0,0.0,Sunny
2025-12-09 17:00:00,2025-12-09,17,24.6,61,18.9,10.0,0.0,Sunny
2025-12-09 18:00:00,2025-12-09,18,23.0,56,2.3,10.0,0.0,Sunny
2025-12-09 19:00:00,2025-12-09,19,25.3,52,13.0,10.0,0.0,Clear
2025-12-09 20:00:00,2025-12-09,20,22.2,43,13.3,10.0,0.0,Clear
2025-12-09 21:00:00,2025-12-09,21,21.5,45,27.0,10.0,0.0,Clear
2025-12-09 22:00:00,2025-12-09,22,19.3,48,25.5,10.0,0.0,Clear
2025-12-09 23:00:00,2025-12-09,23,17.3,52,2.1,10.0,0.0,Clear
2025-12-10 00:00:00,2025-12-10,0,16.3,51,26.9,10.0,0.0,Clear
2025-12-10 01:00:00,2025-12-10,1,15.8,66,11.6,10.0,0.0,Clear
2025-12-10 02:00:00,2025-12-10,2,16.1,62,4.1,10.0,0.0,Clear
2025-12-10 03:00:00,2025-12-10,3,13.6,65,5.8,10.0,0.0,Clear
2025-12-10 04:00:00,2025-12-10,4,15.3,68,11.7,10.0,0.0,Clear
2025-12-10 05:00:00,2025-12-10,5,14.8,74,10.1,10.0,0.0,Clear
2025-12-10 06:00:00,2025-12-10,6,15.9,78,5.3,10.0,0.0,Clear
2025-12-10 07:00:00,2025-12-10,7,16.7,75,3.4,10.0,0.0,Sunny
2025-12-10 08:00:00,2025-12-10,8,18.9,77,13.4,10.0,0.0,Hazy
2025-12-10 09:00:00,2025-12-10,9,19.5,79,2.8,10.0,0.0,Sunny
2025-12-10 10:00:00,2025-12-10,10,21.3,80,26.6,10.0,0.0,Sunny
2025-12-10 11:00:00,2025-12-10,11,23.1,80,2.0,10.0,0.0,Sunny
2025-12-10 12:00:00,2025-12-10,12,22.9,75,18.3,10.0,0.0,Sunny
2025-12-10 13:00:00,2025-12-10,13,25.5,73,4.6,10.0,0.0,Sunny
2025-12-10 14:00:00,2025-12-10,14,26.6,63,4.5,10.0,0.0,Partly Cloudy
2025-12-10 15:00:00,2025-12-10,15,27.9,69,7.1,10.0,0.0,Sunny
2025-12-10 16:00:00,2025-12-10,16,25.6,54,2.4,10.0,0.0,Hazy
2025-12-10 17:00:00,2025-12-10,17,26.6,56,13.3,10.0,0.0,Partly Cloudy
2025-12-10 18:00:00,2025-12-10,18,26.0,47,6.9,10.0,0.0,Sunny
2025-12-10 19:00:00,2025-12-10,19,23.9,50,15.0,10.0,0.0,Clear
2025-12-10 20:00:00,2025-12-10,20,22.9,53,17.9,10.0,0.0,Clear
2025-12-10 21:00:00,2025-12-10,21,21.2,49,7.0,10.0,0.0,Clear
2025-12-10 22:00:00,2025-12-10,22,18.8,43,2.0,10.0,0.0,Clear
2025-12-10 23:00:00,2025-12-10,23,16.9,49,8.7,10.0,0.0,Clear
2025-12-11 00:00:00,2025-12-11,0,16.6,50,16.5,10.0,0.0,Clear
2025-12-11 01:00:00,2025-12-11,1,14.0,50,21.1,10.0,0.0,Clear
2025-12-11 02:00:00,2025-12-11,2,12.0,63,4.0,10.0,0.0,Clear
2025-12-11 03:00:00,2025-12-11,3,13.6,73,3.5,10.0,0.0,Clear
2025-12-11 04:00:00,2025-12-11,4,14.0,74,9.3,10.0,0.0,Clear
2025-12-11 05:00:00,2025-12-11,5,15.5,68,7.7,10.0,0.0,Clear
2025-12-11 06:00:00,2025-12-11,6,16.5,85,6.3,10.0,0.0,Clear
2025-12-11 07:00:00,2025-12-11,7,16.9,77,14.6,10.0,0.0,Sunny
2025-12-11 08:00:00,2025-12-11,8,19.4,80,3.4,10.0,0.0,Sunny
2025-12-11 09:00:00,2025-12-11,9,22.0,79,6.2,10.0,0.0,Partly Cloudy
2025-12-11 10:00:00,2025-12-11,10,22.4,82,17.1,10.0,0.0,Sunny
2025-12-11 11:00:00,2025-12-11,11,23.1,71,19.3,10.0,0.0,Sunny
2025-12-11 12:00:00,2025-12-11,12,25.0,73,6.5,10.0,0.0,Sunny
2025-12-11 13:00:00,2025-12-11,13,27.4,78,7.6,10.0,0.0,Partly Cloudy
2025-12-11 14:00:00,2025-12-11,14,25.5,79,10.3,10.0,0.0,Sunny
2025-12-11 15:00:00,2025-12-11,15,28.2,55,36.9,10.0,0.0,Partly Cloudy
2025-12-11 16:00:00,2025-12-11,16,26.5,64,11.9,10.0,0.0,Sunny
2025-12-11 17:00:00,2025-12-11,17,27.9,50,30.5,10.0,0.0,Partly Cloudy
2025-12-11 18:00:00,2025-12-11,18,25.9,49,4.6,10.0,0.0,Sunny
2025-12-11 19:00:00,2025-12-11,19,24.9,43,3.0,10.0,0.0,Clear
2025-12-11 20:00:00,2025-12-11,20,23.7,51,14.0,10.0,0.0,Clear
2025-12-11 21:00:00,2025-12-11,21,22.2,48,5.4,10.0,0.0,Clear
2025-12-11 22:00:00,2025-12-11,22,20.3,47,9.0,10.0,0.0,Clear
2025-12-11 23:00:00,2025-12-11,23,16.5,52,3.3,10.0,0.0,Clear
2025-12-12 00:00:00,2025-12-12,0,17.2,54,42.3,10.0,0.0,Clear
2025-12-12 01:00:00,2025-12-12,1,13.7,50,15.9,10.0,0.0,Clear
2025-12-12 02:00:00,2025-12-12,2,13.2,61,6.0,10.0,0.0,Clear
2025-12-12 03:00:00,2025-12-12,3,14.3,61,3.5,10.0,0.0,Clear
2025-12-12 04:00:00,2025-12-12,4,16.1,66,5.6,10.0,0.0,Clear
2025-12-12 05:00:00,2025-12-12,5,15.2,75,2.0,10.0,0.0,Clear
2025-12-12 06:00:00,2025-12-12,6,15.4,82,10.7,10.0,0.0,Clear
2025-12-12 07:00:00,2025-12-12,7,18.4,79,12.6,10.0,0.0,Sunny
2025-12-12 08:00:00,2025-12-12,8,18.7,88,12.1,10.0,0.0,Sunny
2025-12-12 09:00:00,2025-12-12,9,21.5,81,6.6,10.0,0.0,Sunny
2025-12-12 10:00:00,2025-12-12,10,22.8,75,2.6,10.0,0.0,Sunny
2025-12-12 11:00:00,2025-12-12,11,23.0,74,14.1,10.0,0.0,Sunny
2025-12-12 12:00:00,2025-12-12,12,26.9,70,23.2,10.0,0.0,Sunny
2025-12-12 13:00:00,2025-12-12,13,24.6,75,26.1,10.0,0.0,Hazy
2025-12-12 14:00:00,2025-12-12,14,26.1,76,18.3,10.0,0.0,Partly Cloudy
2025-12-12 15:00:00,2025-12-12,15,28.2,69,19.4,10.0,0.0,Partly Cloudy
2025-12-12 16:00:00,2025-12-12,16,30.7,63,10.8,10.0,0.0,Sunny
2025-12-12 17:00:00,2025-12-12,17,24.4,62,24.7,10.0,0.0,Partly Cloudy
2025-12-12 18:00:00,2025-12-12,18,25.4,54,29.9,10.0,0.0,Sunny
2025-12-12 19:00:00,2025-12-12,19,21.4,53,11.4,10.0,0.0,Clear
2025-12-12 20:00:00,2025-12-12,20,22.4,47,2.0,10.0,0.0,Clear
2025-12-12 21:00:00,2025-12-12,21,20.2,42,21.7,10.0,0.0,Clear
2025-12-12 22:00:00,2025-12-12,22,19.3,42,10.3,10.0,0.0,Clear
2025-12-12 23:00:00,2025-12-12,23,19.4,47,24.2,10.0,0.0,Clear
2025-12-13 00:00:00,2025-12-13,0,17.4,44,2.0,10.0,0.0,Clear
2025-12-13 01:00:00,2025-12-13,1,14.9,54,14.4,10.0,0.0,Clear
2025-12-13 02:00:00,2025-12-13,2,15.5,58,12.3,10.0,0.0,Clear
2025-12-13 03:00:00,2025-12-13,3,14.5,68,10.4,10.0,0.0,Clear
2025-12-13 04:00:00,2025-12-13,4,13.4,68,34.0,10.0,0.0,Clear
2025-12-13 05:00:00,2025-12-13,5,15.3,78,7.4,10.0,0.0,Clear
2025-12-13 06:00:00,2025-12-13,6,16.9,75,3.7,10.0,0.0,Clear
2025-12-13 07:00:00,2025-12-13,7,22.2,76,4.0,10.0,0.0,Sunny
2025-12-13 08:00:00,2025-12-13,8,20.9,89,13.4,10.0,0.0,Sunny
2025-12-13 09:00:00,2025-12-13,9,21.8,87,7.8,10.0,0.0,Sunny
2025-12-13 10:00:00,2025-12-13,10,20.5,82,5.5,10.0,0.0,Hazy
2025-12-13 11:00:00,2025-12-13,11,24.4,77,15.6,10.0,0.0,Partly Cloudy
2025-12-13 12:00:00,2025-12-13,12,27.3,86,12.6,10.0,0.0,Sunny
2025-12-13 13:00:00,2025-12-13,13,27.3,73,6.2,10.0,0.0,Partly Cloudy
2025-12-13 14:00:00,2025-12-13,14,28.6,72,3.2,10.0,0.0,Sunny
2025-12-13 15:00:00,2025-12-13,15,28.1,70,11.8,10.0,0.0,Sunny
2025-12-13 16:00:00,2025-12-13,16,28.5,61,16.3,10.0,0.0,Sunny
2025-12-13 17:00:00,2025-12-13,17,24.6,50,2.0,10.0,0.0,Sunny
2025-12-13 18:00:00,2025-12-13,18,27.6,51,15.2,10.0,0.0,Sunny
2025-12-13 19:00:00,2025-12-13,19,25.2,46,15.2,10.0,0.0,Clear
2025-12-13 20:00:00,2025-12-13,20,24.1,47,2.9,10.0,0.0,Clear
2025-12-13 21:00:00,2025-12-13,21,21.2,47,5.4,10.0,0.0,Clear
2025-12-13 22:00:00,2025-12-13,22,20.0,45,2.7,10.0,0.0,Clear
2025-12-13 23:00:00,2025-12-13,23,18.6,47,10.2,10.0,0.0,Clear
2025-12-14 00:00:00,2025-12-14,0,16.2,52,21.5,10.0,0.0,Clear
2025-12-14 01:00:00,2025-12-14,1,14.4,49,8.3,10.0,0.0,Clear
2025-12-14 02:00:00,2025-12-14,2,13.4,58,4.2,10.0,0.0,Clear
2025-12-14 03:00:00,2025-12-14,3,14.3,65,9.7,10.0,0.0,Clear
2025-12-14 04:00:00,2025-12-14,4,13.7,69,8.6,10.0,0.0,Clear
2025-12-14 05:00:00,2025-12-14,5,14.5,70,6.8,10.0,0.0,Clear
2025-12-14 06:00:00,2025-12-14,6,18.2,75,12.8,10.0,0.0,Clear
2025-12-14 07:00:00,2025-12-14,7,19.7,74,12.0,10.0,0.0,Sunny
2025-12-14 08:00:00,2025-12-14,8,18.9,78,14.3,10.0,0.0,Sunny
2025-12-14 09:00:00,2025-12-14,9,22.6,75,11.8,10.0,0.0,Sunny
2025-12-14 10:00:00,2025-12-14,10,22.5,80,22.9,10.0,0.0,Sunny
2025-12-14 11:00:00,2025-12-14,11,23.8,81,11.8,10.0,0.0,Sunny
2025-12-14 12:00:00,2025-12-14,12,26.0,74,15.3,10.0,0.0,Sunny
2025-12-14 13:00:00,2025-12-14,13,25.7,64,12.4,10.0,0.0,Sunny
2025-12-14 14:00:00,2025-12-14,14,26.9,72,3.7,10.0,0.0,Hazy
2025-12-14 15:00:00,2025-12-14,15,29.1,65,16.4,10.0,0.0,Sunny
2025-12-14 16:00:00,2025-12-14,16,27.7,56,12.5,10.0,0.0,Partly Cloudy
2025-12-14 17:00:00,2025-12-14,17,27.1,51,10.1,10.0,0.0,Partly Cloudy
2025-12-14 18:00:00,2025-12-14,18,25.3,55,13.3,10.0,0.0,Partly Cloudy
2025-12-14 19:00:00,2025-12-14,19,23.9,50,8.0,10.0,0.0,Clear
2025-12-14 20:00:00,2025-12-14,20,22.8,49,12.6,10.0,0.0,Clear
2025-12-14 21:00:00,2025-12-14,21,21.9,40,43.4,10.0,0.0,Clear
2025-12-14 22:00:00,2025-12-14,22,19.7,49,15.5,10.0,0.0,Clear
2025-12-14 23:00:00,2025-12-14,23,18.5,44,7.5,10.0,0.0,Clear
2025-12-15 00:00:00,2025-12-15,0,14.2,46,12.3,10.0,0.0,Clear
2025-12-15 01:00:00,2025-12-15,1,14.2,55,10.3,10.0,0.0,Clear
2025-12-15 02:00:00,2025-12-15,2,14.0,61,15.9,10.0,0.0,Clear
2025-12-15 03:00:00,2025-12-15,3,15.0,64,34.1,10.0,0.0,Clear
2025-12-15 04:00:00,2025-12-15,4,15.2,69,28.2,10.0,0.0,Clear
2025-12-15 05:00:00,2025-12-15,5,16.1,68,14.5,10.0,0.0,Clear
2025-12-15 06:00:00,2025-12-15,6,16.0,69,12.7,10.0,0.0,Clear
2025-12-15 07:00:00,2025-12-15,7,17.9,81,6.7,10.0,0.0,Sunny
2025-12-15 08:00:00,2025-12-15,8,21.4,82,9.0,10.0,0.0,Partly Cloudy
2025-12-15 09:00:00,2025-12-15,9,21.0,80,26.6,10.0,0.0,Sunny
2025-12-15 10:00:00,2025-12-15,10,20.5,80,2.0,10.0,0.0,Sunny
2025-12-15 11:00:00,2025-12-15,11,24.8,80,15.4,10.0,0.0,Sunny
2025-12-15 12:00:00,2025-12-15,12,27.0,75,7.9,10.0,0.0,Sunny
2025-12-15 13:00:00,2025-12-15,13,28.0,76,23.3,10.0,0.0,Sunny
2025-12-15 14:00:00,2025-12-15,14,26.9,72,15.7,10.0,0.0,Sunny
2025-12-15 15:00:00,2025-12-15,15,27.2,64,7.5,10.0,0.0,Sunny
2025-12-15 16:00:00,2025-12-15,16,28.2,58,3.4,10.0,0.0,Sunny
2025-12-15 17:00:00,2025-12-15,17,26.8,56,7.1,10.0,0.0,Sunny
2025-12-15 18:00:00,2025-12-15,18,26.3,40,8.5,10.0,0.0,Sunny
2025-12-15 19:00:00,2025-12-15,19,23.6,48,28.9,10.0,0.0,Clear
2025-12-15 20:00:00,2025-12-15,20,23.1,40,8.9,10.0,0.0,Clear
2025-12-15 21:00:00,2025-12-15,21,20.4,48,2.0,10.0,0.0,Clear
2025-12-15 22:00:00,2025-12-15,22,19.1,50,10.8,10.0,0.0,Clear
2025-12-15 23:00:00,2025-12-15,23,16.5,38,6.1,10.0,0.0,Clear
2025-12-16 00:00:00,2025-12-16,0,15.4,54,5.0,10.0,0.0,Clear
2025-12-16 01:00:00,2025-12-16,1,13.6,55,10.9,10.0,0.0,Clear
2025-12-16 02:00:00,2025-12-16,2,12.8,61,12.4,10.0,0.0,Clear
2025-12-16 03:00:00,2025-12-16,3,13.4,68,9.9,0.3,0.0,Fog
2025-12-16 04:00:00,2025-12-16,4,15.2,70,12.8,0.6,0.0,Fog
2025-12-16 05:00:00,2025-12-16,5,15.7,74,15.3,0.5,0.0,Fog
2025-12-16 06:00:00,2025-12-16,6,17.4,72,10.5,0.7,0.0,Fog
2025-12-16 07:00:00,2025-12-16,7,17.2,76,7.7,0.3,0.0,Fog
2025-12-16 08:00:00,2025-12-16,8,17.5,89,2.0,0.6,0.0,Fog
2025-12-16 09:00:00,2025-12-16,9,21.4,86,8.8,10.0,0.0,Partly Cloudy
2025-12-16 10:00:00,2025-12-16,10,22.7,83,7.9,10.0,0.0,Hazy
2025-12-16 11:00:00,2025-12-16,11,24.1,76,9.6,10.0,0.0,Sunny
2025-12-16 12:00:00,2025-12-16,12,24.3,78,5.6,10.0,0.0,Partly Cloudy
2025-12-16 13:00:00,2025-12-16,13,26.2,71,2.6,10.0,0.0,Partly Cloudy
2025-12-16 14:00:00,2025-12-16,14,28.1,78,5.2,10.0,0.0,Hazy
2025-12-16 15:00:00,2025-12-16,15,26.1,70,14.8,10.0,0.0,Sunny
2025-12-16 16:00:00,2025-12-16,16,25.1,56,6.3,10.0,0.0,Sunny
2025-12-16 17:00:00,2025-12-16,17,26.8,52,6.5,10.0,0.0,Sunny
2025-12-16 18:00:00,2025-12-16,18,24.6,50,10.6,10.0,0.0,Sunny
2025-12-16 19:00:00,2025-12-16,19,25.1,54,7.9,10.0,0.0,Clear
2025-12-16 20:00:00,2025-12-16,20,22.3,51,4.7,10.0,0.0,Clear
2025-12-16 21:00:00,2025-12-16,21,19.7,37,13.9,10.0,0.0,Clear
2025-12-16 22:00:00,2025-12-16,22,19.5,48,4.2,10.0,0.0,Clear
2025-12-16 23:00:00,2025-12-16,23,17.7,53,3.6,10.0,0.0,Clear
2025-12-17 00:00:00,2025-12-17,0,16.4,50,2.0,10.0,0.0,Clear
2025-12-17 01:00:00,2025-12-17,1,14.1,57,11.8,10.0,0.0,Clear
2025-12-17 02:00:00,2025-12-17,2,16.2,67,9.5,10.0,0.0,Clear
2025-12-17 03:00:00,2025-12-17,3,13.8,70,25.2,10.0,0.0,Clear
2025-12-17 04:00:00,2025-12-17,4,16.4,71,17.1,10.0,0.0,Clear
2025-12-17 05:00:00,2025-12-17,5,13.3,74,3.6,10.0,0.0,Clear
2025-12-17 06:00:00,2025-12-17,6,17.4,77,11.2,10.0,0.0,Clear
2025-12-17 07:00:00,2025-12-17,7,18.3,82,11.5,10.0,0.0,Sunny
2025-12-17 08:00:00,2025-12-17,8,19.0,81,10.2,10.0,0.0,Sunny
2025-12-17 09:00:00,2025-12-17,9,19.0,86,29.0,10.0,0.0,Partly Cloudy
2025-12-17 10:00:00,2025-12-17,10,22.7,77,2.0,10.0,0.0,Partly Cloudy
2025-12-17 11:00:00,2025-12-17,11,22.0,77,4.8,10.0,0.0,Sunny
2025-12-17 12:00:00,2025-12-17,12,25.0,75,3.8,10.0,0.0,Sunny
2025-12-17 13:00:00,2025-12-17,13,27.6,78,11.9,10.0,0.0,Sunny
2025-12-17 14:00:00,2025-12-17,14,27.0,72,4.5,10.0,0.0,Sunny
2025-12-17 15:00:00,2025-12-17,15,27.3,65,5.1,10.0,0.0,Sunny
2025-12-17 16:00:00,2025-12-17,16,28.9,61,3.1,10.0,0.0,Sunny
2025-12-17 17:00:00,2025-12-17,17,26.8,47,6.9,10.0,0.0,Sunny
2025-12-17 18:00:00,2025-12-17,18,27.6,54,5.9,10.0,0.0,Sunny
2025-12-17 19:00:00,2025-12-17,19,23.8,44,17.5,10.0,0.0,Clear
2025-12-17 20:00:00,2025-12-17,20,23.9,44,4.6,10.0,0.0,Clear
2025-12-17 21:00:00,2025-12-17,21,20.8,58,4.8,10.0,0.0,Clear
2025-12-17 22:00:00,2025-12-17,22,19.7,49,7.0,10.0,0.0,Clear
2025-12-17 23:00:00,2025-12-17,23,16.7,49,5.4,10.0,0.0,Clear
2025-12-18 00:00:00,2025-12-18,0,16.7,50,6.4,10.0,0.0,Clear
2025-12-18 01:00:00,2025-12-18,1,15.7,60,12.4,10.0,0.0,Clear
2025-12-18 02:00:00,2025-12-18,2,14.9,55,6.2,10.0,0.0,Clear
2025-12-18 03:00:00,2025-12-18,3,12.4,62,13.9,10.0,0.0,Clear
2025-12-18 04:00:00,2025-12-18,4,15.9,73,5.2,10.0,0.0,Clear
2025-12-18 05:00:00,2025-12-18,5,15.7,73,22.2,10.0,0.0,Clear
2025-12-18 06:00:00,2025-12-18,6,16.9,78,31.9,10.0,0.0,Clear
2025-12-18 07:00:00,2025-12-18,7,19.6,77,14.7,10.0,0.0,Sunny
2025-12-18 08:00:00,2025-12-18,8,19.2,84,15.0,10.0,0.0,Hazy
2025-12-18 09:00:00,2025-12-18,9,21.8,80,25.6,10.0,0.0,Sunny
2025-12-18 10:00:00,2025-12-18,10,23.6,75,2.0,10.0,0.0,Sunny
2025-12-18 11:00:00,2025-12-18,11,23.9,83,11.5,10.0,0.0,Sunny
2025-12-18 12:00:00,2025-12-18,12,25.6,73,13.6,10.0,0.0,Sunny
2025-12-18 13:00:00,2025-12-18,13,25.7,68,4.6,10.0,0.0,Sunny
2025-12-18 14:00:00,2025-12-18,14,24.3,65,4.8,10.0,0.0,Partly Cloudy
2025-12-18 15:00:00,2025-12-18,15,26.6,64,2.0,10.0,0.0,Sunny
2025-12-18 16:00:00,2025-12-18,16,25.6,56,26.8,10.0,0.0,Sunny
2025-12-18 17:00:00,2025-12-18,17,24.8,62,8.8,10.0,0.0,Sunny
2025-12-18 18:00:00,2025-12-18,18,24.7,56,2.0,10.0,0.0,Sunny
2025-12-18 19:00:00,2025-12-18,19,27.1,49,7.3,10.0,0.0,Clear
2025-12-18 20:00:00,2025-12-18,20,21.3,43,10.3,10.0,0.0,Clear
2025-12-18 21:00:00,2025-12-18,21,21.6,50,4.2,10.0,0.0,Clear
2025-12-18 22:00:00,2025-12-18,22,17.1,48,2.0,10.0,0.0,Clear
2025-12-18 23:00:00,2025-12-18,23,18.1,46,5.0,10.0,0.0,Clear
2025-12-19 00:00:00,2025-12-19,0,17.2,52,9.9,10.0,0.0,Clear
2025-12-19 01:00:00,2025-12-19,1,14.0,56,11.8,10.0,0.0,Clear
2025-12-19 02:00:00,2025-12-19,2,13.9,56,12.7,10.0,0.0,Clear
2025-12-19 03:00:00,2025-12-19,3,13.4,58,6.8,0.5,0.0,Fog
2025-12-19 04:00:00,2025-12-19,4,15.3,73,20.1,0.8,0.0,Fog
2025-12-19 05:00:00,2025-12-19,5,15.7,76,29.1,0.6,0.0,Fog
2025-12-19 06:00:00,2025-12-19,6,17.4,76,9.3,0.4,0.0,Fog
2025-12-19 07:00:00,2025-12-19,7,17.6,82,8.2,0.5,0.0,Fog
2025-12-19 08:00:00,2025-12-19,8,17.5,85,2.0,0.3,0.0,Fog
2025-12-19 09:00:00,2025-12-19,9,19.7,80,19.9,10.0,0.0,Sunny
2025-12-19 10:00:00,2025-12-19,10,21.0,80,16.5,10.0,0.0,Sunny
2025-12-19 11:00:00,2025-12-19,11,23.2,87,3.6,10.0,0.0,Sunny
2025-12-19 12:00:00,2025-12-19,12,24.9,74,4.3,10.0,0.0,Partly Cloudy
2025-12-19 13:00:00,2025-12-19,13,26.1,80,21.5,10.0,0.0,Sunny
2025-12-19 14:00:00,2025-12-19,14,27.1,82,16.2,10.0,0.0,Sunny
2025-12-19 15:00:00,2025-12-19,15,25.2,65,7.5,10.0,0.0,Partly Cloudy
2025-12-19 16:00:00,2025-12-19,16,28.2,52,16.2,10.0,0.0,Sunny
2025-12-19 17:00:00,2025-12-19,17,27.0,55,14.7,10.0,0.0,Hazy
2025-12-19 18:00:00,2025-12-19,18,25.1,52,5.5,10.0,0.0,Sunny
2025-12-19 19:00:00,2025-12-19,19,23.6,48,8.6,10.0,0.0,Clear
2025-12-19 20:00:00,2025-12-19,20,22.0,52,14.4,10.0,0.0,Clear
2025-12-19 21:00:00,2025-12-19,21,20.5,44,9.8,10.0,0.0,Clear
2025-12-19 22:00:00,2025-12-19,22,19.8,48,5.1,10.0,0.0,Clear
2025-12-19 23:00:00,2025-12-19,23,17.5,50,12.6,10.0,0.0,Clear
2025-12-20 00:00:00,2025-12-20,0,16.7,53,22.0,10.0,0.0,Clear
2025-12-20 01:00:00,2025-12-20,1,15.5,51,20.5,10.0,0.0,Clear
2025-12-20 02:00:00,2025-12-20,2,14.0,63,12.2,10.0,0.0,Clear
2025-12-20 03:00:00,2025-12-20,3,12.6,60,24.0,10.0,0.0,Clear
2025-12-20 04:00:00,2025-12-20,4,16.4,70,21.9,10.0,0.0,Clear
2025-12-20 05:00:00,2025-12-20,5,16.1,75,6.7,10.0,0.0,Clear
2025-12-20 06:00:00,2025-12-20,6,17.9,73,2.0,10.0,0.0,Clear
2025-12-20 07:00:00,2025-12-20,7,17.1,75,7.0,10.0,0.0,Partly Cloudy
2025-12-20 08:00:00,2025-12-20,8,19.7,80,10.3,10.0,0.0,Sunny
2025-12-20 09:00:00,2025-12-20,9,20.3,86,15.9,10.0,0.0,Hazy
2025-12-20 10:00:00,2025-12-20,10,23.5,83,2.0,10.0,0.0,Sunny
2025-12-20 11:00:00,2025-12-20,11,26.1,84,14.4,10.0,0.0,Sunny
2025-12-20 12:00:00,2025-12-20,12,27.4,81,19.2,10.0,0.0,Sunny
2025-12-20 13:00:00,2025-12-20,13,26.7,76,9.1,10.0,0.0,Sunny
2025-12-20 14:00:00,2025-12-20,14,28.2,69,4.4,10.0,0.0,Sunny
2025-12-20 15:00:00,2025-12-20,15,28.1,51,11.8,10.0,0.0,Sunny
2025-12-20 16:00:00,2025-12-20,16,27.4,62,32.0,10.0,0.0,Sunny
2025-12-20 17:00:00,2025-12-20,17,27.1,64,9.5,10.0,0.0,Sunny
2025-12-20 18:00:00,2025-12-20,18,24.7,48,6.9,10.0,0.0,Sunny
2025-12-20 19:00:00,2025-12-20,19,22.4,48,2.8,10.0,0.0,Clear
2025-12-20 20:00:00,2025-12-20,20,23.2,54,9.6,10.0,0.0,Clear
2025-12-20 21:00:00,2025-12-20,21,19.7,48,20.9,10.0,0.0,Clear
2025-12-20 22:00:00,2025-12-20,22,18.3,49,12.7,10.0,0.0,Clear
2025-12-20 23:00:00,2025-12-20,23,17.2,47,13.7,10.0,0.0,Clear
2025-12-21 00:00:00,2025-12-21,0,18.2,52,2.2,10.0,0.0,Clear
2025-12-21 01:00:00,2025-12-21,1,15.3,56,7.9,10.0,0.0,Clear
2025-12-21 02:00:00,2025-12-21,2,13.7,61,13.5,10.0,0.0,Clear
2025-12-21 03:00:00,2025-12-21,3,13.0,59,10.5,1.0,0.0,Fog
2025-12-21 04:00:00,2025-12-21,4,14.5,78,22.8,0.5,0.0,Fog
2025-12-21 05:00:00,2025-12-21,5,15.1,73,9.0,1.1,0.0,Fog
2025-12-21 06:00:00,2025-12-21,6,15.0,73,16.2,0.3,0.0,Fog
2025-12-21 07:00:00,2025-12-21,7,17.9,77,16.4,1.1,0.0,Fog
2025-12-21 08:00:00,2025-12-21,8,17.3,77,5.2,0.3,0.0,Fog
2025-12-21 09:00:00,2025-12-21,9,19.7,81,10.7,10.0,0.0,Sunny
2025-12-21 10:00:00,2025-12-21,10,24.3,80,5.9,10.0,0.0,Sunny
2025-12-21 11:00:00,2025-12-21,11,22.8,84,11.3,10.0,0.0,Sunny
2025-12-21 12:00:00,2025-12-21,12,25.4,72,17.1,10.0,0.0,Partly Cloudy
2025-12-21 13:00:00,2025-12-21,13,27.1,67,35.4,10.0,0.0,Sunny
2025-12-21 14:00:00,2025-12-21,14,29.5,61,14.3,10.0,0.0,Sunny
2025-12-21 15:00:00,2025-12-21,15,29.3,65,19.8,10.0,0.0,Sunny
2025-12-21 16:00:00,2025-12-21,16,28.1,62,13.5,10.0,0.0,Sunny
2025-12-21 17:00:00,2025-12-21,17,25.3,41,8.6,10.0,0.0,Sunny
2025-12-21 18:00:00,2025-12-21,18,24.4,53,2.0,10.0,0.0,Sunny
2025-12-21 19:00:00,2025-12-21,19,23.7,46,10.1,10.0,0.0,Clear
2025-12-21 20:00:00,2025-12-21,20,25.6,51,29.1,10.0,0.0,Clear
2025-12-21 21:00:00,2025-12-21,21,21.6,54,12.8,10.0,0.0,Clear
2025-12-21 22:00:00,2025-12-21,22,19.2,40,5.4,10.0,0.0,Clear
2025-12-21 23:00:00,2025-12-21,23,18.0,46,22.2,10.0,0.0,Clear
2025-12-22 00:00:00,2025-12-22,0,18.0,55,10.7,10.0,0.0,Clear
2025-12-22 01:00:00,2025-12-22,1,14.6,59,4.8,10.0,0.0,Clear
2025-12-22 02:00:00,2025-12-22,2,14.8,59,10.8,10.0,0.0,Clear
2025-12-22 03:00:00,2025-12-22,3,14.2,68,4.8,10.0,0.0,Clear
2025-12-22 04:00:00,2025-12-22,4,13.8,71,6.3,10.0,0.0,Clear
2025-12-22 05:00:00,2025-12-22,5,15.1,77,12.5,10.0,0.0,Clear
2025-12-22 06:00:00,2025-12-22,6,16.8,81,19.9,10.0,0.0,Clear
2025-12-22 07:00:00,2025-12-22,7,18.1,79,23.9,10.0,0.0,Sunny
2025-12-22 08:00:00,2025-12-22,8,21.0,85,18.1,10.0,0.0,Sunny
2025-12-22 09:00:00,2025-12-22,9,20.2,82,17.9,10.0,0.0,Sunny
2025-12-22 10:00:00,2025-12-22,10,23.0,85,31.4,10.0,0.0,Sunny
2025-12-22 11:00:00,2025-12-22,11,22.8,77,2.0,10.0,0.0,Sunny
2025-12-22 12:00:00,2025-12-22,12,25.5,79,13.5,10.0,0.0,Sunny
2025-12-22 13:00:00,2025-12-22,13,24.8,75,3.6,10.0,0.0,Partly Cloudy
2025-12-22 14:00:00,2025-12-22,14,27.8,72,45.5,10.0,0.0,Sunny
2025-12-22 15:00:00,2025-12-22,15,29.7,64,21.0,10.0,0.0,Partly Cloudy
2025-12-22 16:00:00,2025-12-22,16,28.5,56,4.7,10.0,0.0,Partly Cloudy
2025-12-22 17:00:00,2025-12-22,17,26.2,55,11.8,10.0,0.0,Sunny
2025-12-22 18:00:00,2025-12-22,18,26.8,45,7.3,10.0,0.0,Sunny
2025-12-22 19:00:00,2025-12-22,19,22.5,47,3.8,10.0,0.0,Clear
2025-12-22 20:00:00,2025-12-22,20,23.2,40,10.1,10.0,0.0,Clear
2025-12-22 21:00:00,2025-12-22,21,24.0,46,36.4,10.0,0.0,Clear
2025-12-22 22:00:00,2025-12-22,22,19.8,51,11.1,10.0,0.0,Clear
2025-12-22 23:00:00,2025-12-22,23,17.4,52,21.5,10.0,0.0,Clear
2025-12-23 00:00:00,2025-12-23,0,16.0,44,18.9,10.0,0.0,Clear
2025-12-23 01:00:00,2025-12-23,1,15.7,56,9.4,10.0,0.0,Clear
2025-12-23 02:00:00,2025-12-23,2,14.7,69,11.9,10.0,0.0,Clear
2025-12-23 03:00:00,2025-12-23,3,13.9,62,10.4,10.0,0.0,Clear
2025-12-23 04:00:00,2025-12-23,4,14.5,71,3.3,10.0,0.0,Clear
2025-12-23 05:00:00,2025-12-23,5,13.4,78,3.3,10.0,0.0,Clear
2025-12-23 06:00:00,2025-12-23,6,17.3,71,7.5,10.0,0.0,Clear
2025-12-23 07:00:00,2025-12-23,7,19.0,81,2.1,10.0,0.0,Partly Cloudy
2025-12-23 08:00:00,2025-12-23,8,20.1,85,7.1,10.0,0.0,Sunny
2025-12-23 09:00:00,2025-12-23,9,20.6,81,34.6,10.0,0.0,Sunny
2025-12-23 10:00:00,2025-12-23,10,23.1,76,16.9,10.0,0.0,Sunny
2025-12-23 11:00:00,2025-12-23,11,24.7,85,12.6,10.0,0.0,Partly Cloudy
2025-12-23 12:00:00,2025-12-23,12,25.2,70,10.8,10.0,0.0,Sunny
2025-12-23 13:00:00,2025-12-23,13,28.0,64,12.4,10.0,0.0,Partly Cloudy
2025-12-23 14:00:00,2025-12-23,14,28.3,63,10.8,10.0,0.0,Sunny
2025-12-23 15:00:00,2025-12-23,15,28.7,62,30.6,10.0,0.0,Partly Cloudy
2025-12-23 16:00:00,2025-12-23,16,27.7,53,17.2,10.0,0.0,Sunny
2025-12-23 17:00:00,2025-12-23,17,24.8,50,17.2,10.0,0.0,Partly Cloudy
2025-12-23 18:00:00,2025-12-23,18,22.9,48,20.2,10.0,0.0,Sunny
2025-12-23 19:00:00,2025-12-23,19,23.6,54,22.5,10.0,0.0,Clear
2025-12-23 20:00:00,2025-12-23,20,21.6,48,3.9,10.0,0.0,Clear
2025-12-23 21:00:00,2025-12-23,21,20.9,47,4.5,10.0,0.0,Clear
2025-12-23 22:00:00,2025-12-23,22,17.9,53,22.7,10.0,0.0,Clear
2025-12-23 23:00:00,2025-12-23,23,16.4,55,6.7,10.0,0.0,Clear
2025-12-24 00:00:00,2025-12-24,0,13.9,47,6.6,10.0,0.0,Clear
2025-12-24 01:00:00,2025-12-24,1,13.7,51,12.9,10.0,0.0,Clear
2025-12-24 02:00:00,2025-12-24,2,14.2,57,28.3,10.0,0.0,Clear
2025-12-24 03:00:00,2025-12-24,3,13.8,65,19.3,10.0,0.0,Clear
2025-12-24 04:00:00,2025-12-24,4,15.9,74,21.8,10.0,0.0,Clear
2025-12-24 05:00:00,2025-12-24,5,15.0,69,4.8,10.0,0.0,Clear
2025-12-24 06:00:00,2025-12-24,6,14.5,76,5.5,10.0,0.0,Clear
2025-12-24 07:00:00,2025-12-24,7,17.4,79,6.0,10.0,0.0,Sunny
2025-12-24 08:00:00,2025-12-24,8,19.9,87,5.5,10.0,0.0,Sunny
2025-12-24 09:00:00,2025-12-24,9,18.1,86,24.9,10.0,0.0,Sunny
2025-12-24 10:00:00,2025-12-24,10,24.1,77,15.8,10.0,0.0,Partly Cloudy
2025-12-24 11:00:00,2025-12-24,11,24.7,83,2.9,10.0,0.0,Partly Cloudy
2025-12-24 12:00:00,2025-12-24,12,27.3,76,23.6,10.0,0.0,Sunny
2025-12-24 13:00:00,2025-12-24,13,27.2,74,11.2,10.0,0.0,Sunny
2025-12-24 14:00:00,2025-12-24,14,26.7,63,18.0,10.0,0.0,Sunny
2025-12-24 15:00:00,2025-12-24,15,27.4,56,17.6,10.0,0.0,Sunny
2025-12-24 16:00:00,2025-12-24,16,26.7,58,16.0,10.0,0.0,Sunny
2025-12-24 17:00:00,2025-12-24,17,27.6,51,15.1,10.0,0.0,Sunny
2025-12-24 18:00:00,2025-12-24,18,24.6,50,25.2,10.0,0.0,Sunny
2025-12-24 19:00:00,2025-12-24,19,24.6,46,25.3,10.0,0.0,Clear
2025-12-24 20:00:00,2025-12-24,20,24.0,47,6.0,10.0,0.0,Clear
2025-12-24 21:00:00,2025-12-24,21,21.3,47,27.3,10.0,0.0,Clear
2025-12-24 22:00:00,2025-12-24,22,19.4,50,3.9,10.0,0.0,Clear
2025-12-24 23:00:00,2025-12-24,23,18.2,51,7.7,10.0,0.0,Clear
2025-12-25 00:00:00,2025-12-25,0,15.6,57,10.9,10.0,0.0,Clear
2025-12-25 01:00:00,2025-12-25,1,12.7,55,2.7,10.0,0.0,Clear
2025-12-25 02:00:00,2025-12-25,2,13.5,54,17.0,10.0,0.0,Clear
2025-12-25 03:00:00,2025-12-25,3,13.5,68,11.4,10.0,0.0,Clear
2025-12-25 04:00:00,2025-12-25,4,15.1,70,3.0,10.0,0.0,Clear
2025-12-25 05:00:00,2025-12-25,5,14.3,76,13.1,10.0,0.0,Clear
2025-12-25 06:00:00,2025-12-25,6,15.5,80,2.0,10.0,0.0,Clear
2025-12-25 07:00:00,2025-12-25,7,18.6,78,4.8,10.0,0.0,Sunny
2025-12-25 08:00:00,2025-12-25,8,19.8,80,5.3,10.0,0.0,Sunny
2025-12-25 09:00:00,2025-12-25,9,22.4,90,6.2,10.0,0.0,Sunny
2025-12-25 10:00:00,2025-12-25,10,22.5,76,14.1,10.0,0.0,Partly Cloudy
2025-12-25 11:00:00,2025-12-25,11,22.4,78,19.8,10.0,0.0,Partly Cloudy
2025-12-25 12:00:00,2025-12-25,12,28.2,80,18.5,10.0,0.0,Partly Cloudy
2025-12-25 13:00:00,2025-12-25,13,27.4,72,3.6,10.0,0.0,Sunny
2025-12-25 14:00:00,2025-12-25,14,26.6,66,3.9,10.0,0.0,Hazy
2025-12-25 15:00:00,2025-12-25,15,28.5,67,11.0,10.0,0.0,Sunny
2025-12-25 16:00:00,2025-12-25,16,27.5,65,18.3,10.0,0.0,Partly Cloudy
2025-12-25 17:00:00,2025-12-25,17,28.1,56,12.2,10.0,0.0,Sunny
2025-12-25 18:00:00,2025-12-25,18,25.9,45,17.7,10.0,0.0,Sunny
2025-12-25 19:00:00,2025-12-25,19,23.7,49,4.9,10.0,0.0,Clear
2025-12-25 20:00:00,2025-12-25,20,23.0,48,4.4,10.0,0.0,Clear
2025-12-25 21:00:00,2025-12-25,21,22.2,42,18.7,10.0,0.0,Clear
2025-12-25 22:00:00,2025-12-25,22,18.4,53,12.5,10.0,0.0,Clear
2025-12-25 23:00:00,2025-12-25,23,17.8,51,11.7,10.0,0.0,Clear
2025-12-26 00:00:00,2025-12-26,0,15.0,47,5.9,10.0,0.0,Clear
2025-12-26 01:00:00,2025-12-26,1,15.9,57,14.5,10.0,0.0,Clear
2025-12-26 02:00:00,2025-12-26,2,14.8,62,11.9,10.0,0.0,Clear
2025-12-26 03:00:00,2025-12-26,3,15.3,61,11.7,0.7,0.0,Fog
2025-12-26 04:00:00,2025-12-26,4,15.9,64,6.2,0.6,0.0,Fog
2025-12-26 05:00:00,2025-12-26,5,14.6,72,2.8,0.5,0.0,Fog
2025-12-26 06:00:00,2025-12-26,6,16.6,74,10.1,0.6,0.0,Fog
2025-12-26 07:00:00,2025-12-26,7,18.0,81,27.2,1.1,0.0,Fog
2025-12-26 08:00:00,2025-12-26,8,18.5,80,15.7,0.4,0.0,Fog
2025-12-26 09:00:00,2025-12-26,9,19.8,84,22.2,10.0,0.0,Partly Cloudy
2025-12-26 10:00:00,2025-12-26,10,24.5,82,25.0,10.0,0.0,Sunny
2025-12-26 11:00:00,2025-12-26,11,23.7,83,9.7,10.0,0.0,Sunny
2025-12-26 12:00:00,2025-12-26,12,25.1,79,11.0,10.0,0.0,Hazy
2025-12-26 13:00:00,2025-12-26,13,26.3,77,3.7,10.0,0.0,Sunny
2025-12-26 14:00:00,2025-12-26,14,27.9,65,2.1,10.0,0.0,Sunny
2025-12-26 15:00:00,2025-12-26,15,26.9,68,10.1,10.0,0.0,Sunny
2025-12-26 16:00:00,2025-12-26,16,26.3,67,10.9,10.0,0.0,Sunny
2025-12-26 17:00:00,2025-12-26,17,26.8,60,9.1,10.0,0.0,Sunny
2025-12-26 18:00:00,2025-12-26,18,26.4,45,15.6,10.0,0.0,Partly Cloudy
2025-12-26 19:00:00,2025-12-26,19,24.8,55,23.3,10.0,0.0,Clear
2025-12-26 20:00:00,2025-12-26,20,21.9,50,9.4,10.0,0.0,Clear
2025-12-26 21:00:00,2025-12-26,21,19.7,50,15.8,10.0,0.0,Clear
2025-12-26 22:00:00,2025-12-26,22,18.2,43,4.9,10.0,0.0,Clear
2025-12-26 23:00:00,2025-12-26,23,18.1,42,30.0,10.0,0.0,Clear
2025-12-27 00:00:00,2025-12-27,0,17.0,57,5.7,10.0,0.0,Clear
2025-12-27 01:00:00,2025-12-27,1,14.8,53,12.4,10.0,0.0,Clear
2025-12-27 02:00:00,2025-12-27,2,14.1,56,4.0,10.0,0.0,Clear
2025-12-27 03:00:00,2025-12-27,3,13.1,58,3.8,10.0,0.0,Clear
2025-12-27 04:00:00,2025-12-27,4,14.6,62,11.0,10.0,0.0,Clear
2025-12-27 05:00:00,2025-12-27,5,16.2,73,10.9,10.0,0.0,Clear
2025-12-27 06:00:00,2025-12-27,6,15.6,80,3.8,10.0,0.0,Clear
2025-12-27 07:00:00,2025-12-27,7,19.0,81,16.5,10.0,0.0,Sunny
2025-12-27 08:00:00,2025-12-27,8,18.1,81,4.7,10.0,0.0,Sunny
2025-12-27 09:00:00,2025-12-27,9,20.0,87,16.0,10.0,0.0,Sunny
2025-12-27 10:00:00,2025-12-27,10,22.5,87,15.1,10.0,0.0,Sunny
2025-12-27 11:00:00,2025-12-27,11,24.4,76,8.6,10.0,0.0,Sunny
2025-12-27 12:00:00,2025-12-27,12,25.3,77,10.6,10.0,0.0,Partly Cloudy
2025-12-27 13:00:00,2025-12-27,13,26.9,74,2.6,10.0,0.0,Hazy
2025-12-27 14:00:00,2025-12-27,14,27.5,67,11.0,10.0,0.0,Sunny
2025-12-27 15:00:00,2025-12-27,15,28.9,66,28.7,10.0,0.0,Sunny
2025-12-27 16:00:00,2025-12-27,16,27.4,65,14.8,10.0,0.0,Sunny
2025-12-27 17:00:00,2025-12-27,17,26.2,47,5.6,10.0,0.0,Sunny
2025-12-27 18:00:00,2025-12-27,18,26.1,52,7.8,10.0,0.0,Sunny
2025-12-27 19:00:00,2025-12-27,19,22.1,49,24.7,10.0,0.0,Clear
2025-12-27 20:00:00,2025-12-27,20,21.0,46,4.7,10.0,0.0,Clear
2025-12-27 21:00:00,2025-12-27,21,22.1,49,5.9,10.0,0.0,Clear
2025-12-27 22:00:00,2025-12-27,22,18.7,46,24.5,10.0,0.0,Clear
2025-12-27 23:00:00,2025-12-27,23,16.8,45,11.0,10.0,0.0,Clear
2025-12-28 00:00:00,2025-12-28,0,16.9,54,9.1,10.0,0.0,Clear
2025-12-28 01:00:00,2025-12-28,1,15.2,50,3.9,10.0,0.0,Clear
2025-12-28 02:00:00,2025-12-28,2,15.9,57,15.2,10.0,0.0,Clear
2025-12-28 03:00:00,2025-12-28,3,14.0,61,5.4,0.9,0.0,Fog
2025-12-28 04:00:00,2025-12-28,4,16.2,75,13.9,0.6,0.0,Fog
2025-12-28 05:00:00,2025-12-28,5,14.9,74,3.2,0.4,0.0,Fog
2025-12-28 06:00:00,2025-12-28,6,17.5,71,10.7,0.5,0.0,Fog
2025-12-28 07:00:00,2025-12-28,7,17.9,81,28.5,0.8,0.0,Fog
2025-12-28 08:00:00,2025-12-28,8,18.3,77,12.5,1.0,0.0,Fog
2025-12-28 09:00:00,2025-12-28,9,20.9,83,13.6,10.0,0.0,Partly Cloudy
2025-12-28 10:00:00,2025-12-28,10,22.8,76,3.5,10.0,0.0,Sunny
2025-12-28 11:00:00,2025-12-28,11,24.1,73,9.9,10.0,0.0,Partly Cloudy
2025-12-28 12:00:00,2025-12-28,12,24.7,80,27.4,10.0,0.0,Sunny
2025-12-28 13:00:00,2025-12-28,13,28.3,70,12.8,10.0,0.0,Partly Cloudy
2025-12-28 14:00:00,2025-12-28,14,27.6,74,11.9,10.0,0.0,Sunny
2025-12-28 15:00:00,2025-12-28,15,24.9,55,5.7,10.0,0.0,Hazy
2025-12-28 16:00:00,2025-12-28,16,27.5,62,7.2,10.0,0.0,Partly Cloudy
2025-12-28 17:00:00,2025-12-28,17,27.2,53,15.6,10.0,0.0,Partly Cloudy
2025-12-28 18:00:00,2025-12-28,18,23.2,54,8.1,10.0,0.0,Sunny
2025-12-28 19:00:00,2025-12-28,19,23.4,47,12.2,10.0,0.0,Clear
2025-12-28 20:00:00,2025-12-28,20,23.8,49,24.9,10.0,0.0,Clear
2025-12-28 21:00:00,2025-12-28,21,21.2,45,6.8,10.0,0.0,Clear
2025-12-28 22:00:00,2025-12-28,22,19.5,47,9.0,10.0,0.0,Clear
2025-12-28 23:00:00,2025-12-28,23,16.3,54,10.8,10.0,0.0,Clear
2025-12-29 00:00:00,2025-12-29,0,15.4,52,6.3,10.0,0.0,Clear
2025-12-29 01:00:00,2025-12-29,1,13.7,52,5.2,10.0,0.0,Clear
2025-12-29 02:00:00,2025-12-29,2,12.5,56,6.1,10.0,0.0,Clear
2025-12-29 03:00:00,2025-12-29,3,11.4,66,19.9,10.0,0.0,Clear
2025-12-29 04:00:00,2025-12-29,4,17.2,73,19.9,10.0,0.0,Clear
2025-12-29 05:00:00,2025-12-29,5,14.5,76,20.9,10.0,0.0,Clear
2025-12-29 06:00:00,2025-12-29,6,16.7,84,7.8,10.0,0.0,Clear
2025-12-29 07:00:00,2025-12-29,7,19.1,81,10.3,10.0,0.0,Sunny
2025-12-29 08:00:00,2025-12-29,8,19.5,79,14.8,10.0,0.0,Sunny
2025-12-29 09:00:00,2025-12-29,9,20.9,87,18.3,10.0,0.0,Sunny
2025-12-29 10:00:00,2025-12-29,10,23.1,76,22.2,10.0,0.0,Sunny
2025-12-29 11:00:00,2025-12-29,11,26.7,76,13.7,10.0,0.0,Hazy
2025-12-29 12:00:00,2025-12-29,12,25.7,77,5.6,10.0,0.0,Sunny
2025-12-29 13:00:00,2025-12-29,13,24.9,69,3.4,10.0,0.0,Sunny
2025-12-29 14:00:00,2025-12-29,14,26.0,71,11.7,10.0,0.0,Hazy
2025-12-29 15:00:00,2025-12-29,15,26.4,62,20.2,10.0,0.0,Sunny
2025-12-29 16:00:00,2025-12-29,16,27.0,64,51.6,10.0,0.0,Partly Cloudy
2025-12-29 17:00:00,2025-12-29,17,25.2,57,13.2,10.0,0.0,Sunny
2025-12-29 18:00:00,2025-12-29,18,24.9,59,2.2,10.0,0.0,Sunny
2025-12-29 19:00:00,2025-12-29,19,24.0,41,5.7,10.0,0.0,Clear
2025-12-29 20:00:00,2025-12-29,20,23.9,49,14.5,10.0,0.0,Clear
2025-12-29 21:00:00,2025-12-29,21,19.9,47,17.3,10.0,0.0,Clear
2025-12-29 22:00:00,2025-12-29,22,20.0,47,13.4,10.0,0.0,Clear
2025-12-29 23:00:00,2025-12-29,23,18.0,47,10.3,10.0,0.0,Clear
2025-12-30 00:00:00,2025-12-30,0,17.2,53,6.2,10.0,0.0,Clear
2025-12-30 01:00:00,2025-12-30,1,12.5,47,18.9,10.0,0.0,Clear
2025-12-30 02:00:00,2025-12-30,2,12.6,51,27.0,10.0,0.0,Clear
2025-12-30 03:00:00,2025-12-30,3,12.7,61,10.2,10.0,0.0,Clear
2025-12-30 04:00:00,2025-12-30,4,16.3,61,21.9,10.0,0.0,Clear
2025-12-30 05:00:00,2025-12-30,5,14.4,75,36.4,10.0,0.0,Clear
2025-12-30 06:00:00,2025-12-30,6,15.0,73,2.0,10.0,0.0,Clear
2025-12-30 07:00:00,2025-12-30,7,17.6,79,2.2,10.0,0.0,Partly Cloudy
2025-12-30 08:00:00,2025-12-30,8,21.8,83,6.2,10.0,0.0,Sunny
2025-12-30 09:00:00,2025-12-30,9,20.2,81,7.0,10.0,0.0,Sunny
2025-12-30 10:00:00,2025-12-30,10,21.9,84,10.0,10.0,0.0,Sunny
2025-12-30 11:00:00,2025-12-30,11,25.4,78,6.7,10.0,0.0,Sunny
2025-12-30 12:00:00,2025-12-30,12,25.9,76,19.5,10.0,0.0,Sunny
2025-12-30 13:00:00,2025-12-30,13,26.6,71,6.7,10.0,0.0,Sunny
2025-12-30 14:00:00,2025-12-30,14,26.7,72,7.7,10.0,0.0,Partly Cloudy
2025-12-30 15:00:00,2025-12-30,15,27.8,59,3.3,10.0,0.0,Sunny
2025-12-30 16:00:00,2025-12-30,16,24.0,61,3.2,10.0,0.0,Sunny
2025-12-30 17:00:00,2025-12-30,17,26.9,61,6.5,10.0,0.0,Partly Cloudy
2025-12-30 18:00:00,2025-12-30,18,24.1,53,12.0,10.0,0.0,Partly Cloudy
2025-12-30 19:00:00,2025-12-30,19,26.0,46,8.8,10.0,0.0,Clear
2025-12-30 20:00:00,2025-12-30,20,23.9,48,9.3,10.0,0.0,Clear
2025-12-30 21:00:00,2025-12-30,21,21.9,43,6.8,10.0,0.0,Clear
2025-12-30 22:00:00,2025-12-30,22,21.7,51,7.3,10.0,0.0,Clear
2025-12-30 23:00:00,2025-12-30,23,20.9,50,6.6,10.0,0.0,Clear
2025-12-31 00:00:00,2025-12-31,0,16.4,52,36.4,10.0,0.0,Clear
2025-12-31 01:00:00,2025-12-31,1,15.4,61,6.1,10.0,0.0,Clear
2025-12-31 02:00:00,2025-12-31,2,15.6,60,2.0,10.0,0.0,Clear
2025-12-31 03:00:00,2025-12-31,3,15.2,58,6.2,10.0,0.0,Clear
2025-12-31 04:00:00,2025-12-31,4,11.8,69,3.3,10.0,0.0,Clear
2025-12-31 05:00:00,2025-12-31,5,15.0,72,5.4,10.0,0.0,Clear
2025-12-31 06:00:00,2025-12-31,6,15.3,77,9.0,10.0,0.0,Clear
2025-12-31 07:00:00,2025-12-31,7,18.2,81,14.9,10.0,0.0,Sunny
2025-12-31 08:00:00,2025-12-31,8,19.8,84,10.8,10.0,0.0,Sunny
2025-12-31 09:00:00,2025-12-31,9,21.0,78,2.8,10.0,0.0,Sunny
2025-12-31 10:00:00,2025-12-31,10,21.8,81,17.6,10.0,0.0,Partly Cloudy
2025-12-31 11:00:00,2025-12-31,11,23.6,79,9.7,10.0,0.0,Sunny
2025-12-31 12:00:00,2025-12-31,12,27.8,77,6.7,10.0,0.0,Sunny
2025-12-31 13:00:00,2025-12-31,13,23.7,75,16.0,10.0,0.0,Sunny
2025-12-31 14:00:00,2025-12-31,14,30.9,68,11.7,10.0,0.0,Sunny
2025-12-31 15:00:00,2025-12-31,15,29.7,59,9.7,10.0,0.0,Partly Cloudy
2025-12-31 16:00:00,2025-12-31,16,27.1,59,21.3,10.0,0.0,Sunny
2025-12-31 17:00:00,2025-12-31,17,27.4,60,12.9,10.0,0.0,Sunny
2025-12-31 18:00:00,2025-12-31,18,25.4,47,7.0,10.0,0.0,Sunny
2025-12-31 19:00:00,2025-12-31,19,24.0,54,20.9,10.0,0.0,Clear
2025-12-31 20:00:00,2025-12-31,20,22.1,40,10.7,10.0,0.0,Clear
2025-12-31 21:00:00,2025-12-31,21,20.2,47,16.3,10.0,0.0,Clear
2025-12-31 22:00:00,2025-12-31,22,20.1,44,4.0,10.0,0.0,Clear
2025-12-31 23:00:00,2025-12-31,23,16.7,48,24.9,10.0,0.0,Clear
