datetime,date,hour,temp_c,humidity_pct,wind_kph,visibility_km,precip_mm,condition
2024-01-01 00:00:00,2024-01-01,0,15.9,47,6.5,10.0,0.0,Clear
2024-01-01 01:00:00,2024-01-01,1,12.7,58,5.6,10.0,0.0,Clear
2024-01-01 02:00:00,2024-01-01,2,7.2,60,14.7,3.8,1.0,Heavy Rain
2024-01-01 03:00:00,2024-01-01,3,8.6,60,10.0,3.8,3.5,Heavy Rain
2024-01-01 04:00:00,2024-01-01,4,7.5,66,4.5,3.8,6.0,Heavy Rain
2024-01-01 05:00:00,2024-01-01,5,10.5,74,2.0,3.8,7.0,Heavy Rain
2024-01-01 06:00:00,2024-01-01,6,11.8,79,16.5,3.8,6.0,Heavy Rain
2024-01-01 07:00:00,2024-01-01,7,11.4,73,5.5,3.8,3.5,Heavy Rain
2024-01-01 08:00:00,2024-01-01,8,13.9,80,7.4,3.8,1.0,Heavy Rain
2024-01-01 09:00:00,2024-01-01,9,17.3,84,13.4,10.0,0.0,Sunny
2024-01-01 10:00:00,2024-01-01,10,20.5,87,13.6,10.0,0.0,Sunny
2024-01-01 11:00:00,2024-01-01,11,21.2,84,18.3,10.0,0.0,Partly Cloudy
2024-01-01 12:00:00,2024-01-01,12,24.8,76,21.9,10.0,0.0,Hazy
2024-01-01 13:00:00,2024-01-01,13,24.8,78,5.1,10.0,0.0,Sunny
2024-01-01 14:00:00,2024-01-01,14,27.2,68,16.6,10.0,0.0,Sunny
2024-01-01 15:00:00,2024-01-01,15,25.0,53,19.9,10.0,0.0,Hazy
2024-01-01 16:00:00,2024-01-01,16,27.9,66,19.3,10.0,0.0,Partly Cloudy
2024-01-01 17:00:00,2024-01-01,17,24.6,58,11.4,10.0,0.0,Sunny
2024-01-01 18:00:00,2024-01-01,18,23.0,53,22.6,10.0,0.0,Partly Cloudy
2024-01-01 19:00:00,2024-01-01,19,25.1,49,39.2,10.0,0.0,Clear
2024-01-01 20:00:00,2024-01-01,20,18.5,49,9.7,10.0,0.0,Clear
2024-01-01 21:00:00,2024-01-01,21,18.3,47,5.4,10.0,0.0,Clear
2024-01-01 22:00:00,2024-01-01,22,15.3,46,11.9,10.0,0.0,Clear
2024-01-01 23:00:00,2024-01-01,23,13.5,47,7.0,10.0,0.0,Clear
2024-01-02 00:00:00,2024-01-02,0,11.9,53,6.4,10.0,0.0,Clear
2024-01-02 01:00:00,2024-01-02,1,14.1,52,30.9,10.0,0.0,Clear
2024-01-02 02:00:00,2024-01-02,2,11.1,56,7.8,10.0,0.0,Clear
2024-01-02 03:00:00,2024-01-02,3,12.2,66,7.6,10.0,0.0,Clear
2024-01-02 04:00:00,2024-01-02,4,13.8,74,6.4,10.0,0.0,Clear
2024-01-02 05:00:00,2024-01-02,5,13.9,71,13.1,10.0,0.0,Clear
2024-01-02 06:00:00,2024-01-02,6,14.9,75,15.5,10.0,0.0,Clear
2024-01-02 07:00:00,2024-01-02,7,17.2,74,24.8,10.0,0.0,Sunny
2024-01-02 08:00:00,2024-01-02,8,19.2,77,4.0,10.0,0.0,Sunny
2024-01-02 09:00:00,2024-01-02,9,17.5,78,24.3,10.0,0.0,Sunny
2024-01-02 10:00:00,2024-01-02,10,21.3,86,4.8,10.0,0.0,Sunny
2024-01-02 11:00:00,2024-01-02,11,21.9,74,3.9,10.0,0.0,Sunny
2024-01-02 12:00:00,2024-01-02,12,23.4,80,8.8,10.0,0.0,Sunny
2024-01-02 13:00:00,2024-01-02,13,22.8,73,4.4,10.0,0.0,Sunny
2024-01-02 14:00:00,2024-01-02,14,24.6,72,13.1,10.0,0.0,Partly Cloudy
2024-01-02 15:00:00,2024-01-02,15,25.0,70,6.3,10.0,0.0,Partly Cloudy
2024-01-02 16:00:00,2024-01-02,16,27.0,60,18.5,10.0,0.0,Sunny
2024-01-02 17:00:00,2024-01-02,17,23.2,61,14.7,10.0,0.0,Partly Cloudy
2024-01-02 18:00:00,2024-01-02,18,20.7,58,15.7,10.0,0.0,Partly Cloudy
2024-01-02 19:00:00,2024-01-02,19,22.2,55,12.3,10.0,0.0,Clear
2024-01-02 20:00:00,2024-01-02,20,19.2,45,11.9,10.0,0.0,Clear
2024-01-02 21:00:00,2024-01-02,21,18.8,39,5.8,10.0,0.0,Clear
2024-01-02 22:00:00,2024-01-02,22,18.1,47,6.5,10.0,0.0,Clear
2024-01-02 23:00:00,2024-01-02,23,15.6,50,6.7,10.0,0.0,Clear
2024-01-03 00:00:00,2024-01-03,0,13.9,44,17.5,10.0,0.0,Clear
2024-01-03 01:00:00,2024-01-03,1,13.2,56,13.0,10.0,0.0,Clear
2024-01-03 02:00:00,2024-01-03,2,13.7,50,6.7,10.0,0.0,Clear
2024-01-03 03:00:00,2024-01-03,3,11.1,71,10.2,10.0,0.0,Clear
2024-01-03 04:00:00,2024-01-03,4,13.6,72,23.8,10.0,0.0,Clear
2024-01-03 05:00:00,2024-01-03,5,12.2,71,2.0,10.0,0.0,Clear
2024-01-03 06:00:00,2024-01-03,6,15.1,78,9.3,10.0,0.0,Clear
2024-01-03 07:00:00,2024-01-03,7,13.9,82,10.5,10.0,0.0,Partly Cloudy
2024-01-03 08:00:00,2024-01-03,8,18.0,84,6.3,10.0,0.0,Sunny
2024-01-03 09:00:00,2024-01-03,9,18.9,83,2.7,10.0,0.0,Partly Cloudy
2024-01-03 10:00:00,2024-01-03,10,20.8,86,5.9,10.0,0.0,Partly Cloudy
2024-01-03 11:00:00,2024-01-03,11,23.4,76,5.0,10.0,0.0,Sunny
2024-01-03 12:00:00,2024-01-03,12,22.6,77,10.7,10.0,0.0,Partly Cloudy
2024-01-03 13:00:00,2024-01-03,13,24.6,81,5.3,10.0,0.0,Sunny
2024-01-03 14:00:00,2024-01-03,14,25.6,68,10.2,10.0,0.0,Hazy
2024-01-03 15:00:00,2024-01-03,15,25.1,66,27.8,10.0,0.0,Sunny
2024-01-03 16:00:00,2024-01-03,16,26.1,56,4.1,10.0,0.0,Sunny
2024-01-03 17:00:00,2024-01-03,17,25.0,65,19.7,10.0,0.0,Partly Cloudy
2024-01-03 18:00:00,2024-01-03,18,22.9,53,8.7,10.0,0.0,Sunny
2024-01-03 19:00:00,2024-01-03,19,23.8,44,2.0,10.0,0.0,Clear
2024-01-03 20:00:00,2024-01-03,20,21.4,52,18.7,10.0,0.0,Clear
2024-01-03 21:00:00,2024-01-03,21,18.0,43,18.4,10.0,0.0,Clear
2024-01-03 22:00:00,2024-01-03,22,16.3,50,4.0,10.0,0.0,Clear
2024-01-03 23:00:00,2024-01-03,23,15.5,54,13.2,10.0,0.0,Clear
2024-01-04 00:00:00,2024-01-04,0,14.9,60,8.4,10.0,0.0,Clear
2024-01-04 01:00:00,2024-01-04,1,10.7,57,11.4,10.0,0.0,Clear
2024-01-04 02:00:00,2024-01-04,2,11.8,61,5.7,10.0,0.0,Clear
2024-01-04 03:00:00,2024-01-04,3,11.8,57,4.4,0.8,0.0,Fog
2024-01-04 04:00:00,2024-01-04,4,11.0,68,3.6,1.1,0.0,Fog
2024-01-04 05:00:00,2024-01-04,5,12.1,71,22.2,0.5,0.0,Fog
2024-01-04 06:00:00,2024-01-04,6,14.6,77,4.1,0.5,0.0,Fog
2024-01-04 07:00:00,2024-01-04,7,15.2,79,13.1,0.3,0.0,Fog
2024-01-04 08:00:00,2024-01-04,8,16.8,86,4.2,0.7,0.0,Fog
2024-01-04 09:00:00,2024-01-04,9,17.3,81,39.5,10.0,0.0,Sunny
2024-01-04 10:00:00,2024-01-04,10,20.4,84,4.1,10.0,0.0,Sunny
2024-01-04 11:00:00,2024-01-04,11,20.4,80,4.0,10.0,0.0,Sunny
2024-01-04 12:00:00,2024-01-04,12,25.3,75,24.5,10.0,0.0,Sunny
2024-01-04 13:00:00,2024-01-04,13,26.7,71,7.9,10.0,0.0,Sunny
2024-01-04 14:00:00,2024-01-04,14,24.7,71,3.2,10.0,0.0,Sunny
2024-01-04 15:00:00,2024-01-04,15,24.2,70,9.1,10.0,0.0,Sunny
2024-01-04 16:00:00,2024-01-04,16,26.3,57,4.7,10.0,0.0,Partly Cloudy
2024-01-04 17:00:00,2024-01-04,17,25.3,56,44.1,10.0,0.0,Sunny
2024-01-04 18:00:00,2024-01-04,18,25.8,54,2.0,10.0,0.0,Sunny
2024-01-04 19:00:00,2024-01-04,19,24.8,49,15.2,10.0,0.0,Clear
2024-01-04 20:00:00,2024-01-04,20,18.3,41,25.1,10.0,0.0,Clear
2024-01-04 21:00:00,2024-01-04,21,20.4,49,16.6,10.0,0.0,Clear
2024-01-04 22:00:00,2024-01-04,22,17.1,42,5.5,10.0,0.0,Clear
2024-01-04 23:00:00,2024-01-04,23,16.4,43,20.3,10.0,0.0,Clear
2024-01-05 00:00:00,2024-01-05,0,15.3,47,10.8,10.0,0.0,Clear
2024-01-05 01:00:00,2024-01-05,1,14.3,55,14.8,10.0,0.0,Clear
2024-01-05 02:00:00,2024-01-05,2,13.9,56,17.1,10.0,0.0,Clear
2024-01-05 03:00:00,2024-01-05,3,11.8,59,3.9,10.0,0.0,Clear
2024-01-05 04:00:00,2024-01-05,4,11.6,71,14.1,10.0,0.0,Clear
2024-01-05 05:00:00,2024-01-05,5,14.8,74,16.3,10.0,0.0,Clear
2024-01-05 06:00:00,2024-01-05,6,13.4,81,9.3,10.0,0.0,Clear
2024-01-05 07:00:00,2024-01-05,7,18.0,78,5.5,10.0,0.0,Partly Cloudy
2024-01-05 08:00:00,2024-01-05,8,16.4,82,8.7,10.0,0.0,Sunny
2024-01-05 09:00:00,2024-01-05,9,18.5,86,30.3,10.0,0.0,Sunny
2024-01-05 10:00:00,2024-01-05,10,20.5,77,13.0,10.0,0.0,Sunny
2024-01-05 11:00:00,2024-01-05,11,20.4,78,9.9,10.0,0.0,Sunny
2024-01-05 12:00:00,2024-01-05,12,21.8,82,4.0,10.0,0.0,Partly Cloudy
2024-01-05 13:00:00,2024-01-05,13,25.7,74,20.0,10.0,0.0,Sunny
2024-01-05 14:00:00,2024-01-05,14,23.2,69,14.0,10.0,0.0,Sunny
2024-01-05 15:00:00,2024-01-05,15,28.5,65,6.9,10.0,0.0,Sunny
2024-01-05 16:00:00,2024-01-05,16,25.2,65,5.9,10.0,0.0,Sunny
2024-01-05 17:00:00,2024-01-05,17,23.4,56,3.5,10.0,0.0,Sunny
2024-01-05 18:00:00,2024-01-05,18,24.1,52,14.5,10.0,0.0,Partly Cloudy
2024-01-05 19:00:00,2024-01-05,19,19.3,49,2.0,10.0,0.0,Clear
2024-01-05 20:00:00,2024-01-05,20,20.3,41,14.8,10.0,0.0,Clear
2024-01-05 21:00:00,2024-01-05,21,18.8,49,2.0,10.0,0.0,Clear
2024-01-05 22:00:00,2024-01-05,22,15.8,44,8.2,10.0,0.0,Clear
2024-01-05 23:00:00,2024-01-05,23,15.0,44,20.5,10.0,0.0,Clear
2024-01-06 00:00:00,2024-01-06,0,16.2,45,2.0,10.0,0.0,Clear
2024-01-06 01:00:00,2024-01-06,1,13.6,50,23.8,10.0,0.0,Clear
2024-01-06 02:00:00,2024-01-06,2,13.2,51,5.8,10.0,0.0,Clear
2024-01-06 03:00:00,2024-01-06,3,11.6,61,8.7,10.0,0.0,Clear
2024-01-06 04:00:00,2024-01-06,4,11.1,68,5.8,10.0,0.0,Clear
2024-01-06 05:00:00,2024-01-06,5,13.1,78,6.4,10.0,0.0,Clear
2024-01-06 06:00:00,2024-01-06,6,11.5,78,4.5,10.0,0.0,Clear
2024-01-06 07:00:00,2024-01-06,7,14.4,82,19.2,10.0,0.0,Sunny
2024-01-06 08:00:00,2024-01-06,8,15.8,88,15.8,10.0,0.0,Sunny
2024-01-06 09:00:00,2024-01-06,9,16.6,72,4.1,10.0,0.0,Hazy
2024-01-06 10:00:00,2024-01-06,10,21.5,84,13.2,10.0,0.0,Partly Cloudy
2024-01-06 11:00:00,2024-01-06,11,22.1,82,11.2,10.0,0.0,Sunny
2024-01-06 12:00:00,2024-01-06,12,22.9,81,7.2,10.0,0.0,Sunny
2024-01-06 13:00:00,2024-01-06,13,25.4,67,13.8,10.0,0.0,Partly Cloudy
2024-01-06 14:00:00,2024-01-06,14,23.3,67,8.4,10.0,0.0,Partly Cloudy
2024-01-06 15:00:00,2024-01-06,15,23.9,61,17.5,10.0,0.0,Sunny
2024-01-06 16:00:00,2024-01-06,16,26.6,55,4.6,10.0,0.0,Sunny
2024-01-06 17:00:00,2024-01-06,17,27.4,65,16.3,10.0,0.0,Sunny
2024-01-06 18:00:00,2024-01-06,18,24.4,50,2.0,10.0,0.0,Sunny
2024-01-06 19:00:00,2024-01-06,19,22.8,53,10.5,10.0,0.0,Clear
2024-01-06 20:00:00,2024-01-06,20,20.0,50,9.5,10.0,0.0,Clear
2024-01-06 21:00:00,2024-01-06,21,18.3,41,4.8,10.0,0.0,Clear
2024-01-06 22:00:00,2024-01-06,22,17.6,46,14.1,10.0,0.0,Clear
2024-01-06 23:00:00,2024-01-06,23,17.4,50,15.0,10.0,0.0,Clear
2024-01-07 00:00:00,2024-01-07,0,14.9,54,5.8,10.0,0.0,Clear
2024-01-07 01:00:00,2024-01-07,1,14.5,57,7.2,10.0,0.0,Clear
2024-01-07 02:00:00,2024-01-07,2,11.6,67,12.3,10.0,0.0,Clear
2024-01-07 03:00:00,2024-01-07,3,13.2,69,2.1,10.0,0.0,Clear
2024-01-07 04:00:00,2024-01-07,4,11.9,72,6.0,10.0,0.0,Clear
2024-01-07 05:00:00,2024-01-07,5,13.5,78,6.4,10.0,0.0,Clear
2024-01-07 06:00:00,2024-01-07,6,15.1,83,7.6,10.0,0.0,Clear
2024-01-07 07:00:00,2024-01-07,7,15.1,78,16.8,10.0,0.0,Sunny
2024-01-07 08:00:00,2024-01-07,8,16.1,76,16.0,10.0,0.0,Sunny
2024-01-07 09:00:00,2024-01-07,9,19.4,81,4.5,10.0,0.0,Sunny
2024-01-07 10:00:00,2024-01-07,10,20.5,77,10.2,10.0,0.0,Hazy
2024-01-07 11:00:00,2024-01-07,11,22.4,77,11.9,10.0,0.0,Sunny
2024-01-07 12:00:00,2024-01-07,12,24.4,78,13.5,10.0,0.0,Sunny
2024-01-07 13:00:00,2024-01-07,13,26.2,72,3.3,10.0,0.0,Sunny
2024-01-07 14:00:00,2024-01-07,14,26.1,72,2.0,10.0,0.0,Sunny
2024-01-07 15:00:00,2024-01-07,15,26.1,66,33.2,10.0,0.0,Sunny
2024-01-07 16:00:00,2024-01-07,16,24.7,62,5.2,10.0,0.0,Sunny
2024-01-07 17:00:00,2024-01-07,17,24.2,51,9.0,10.0,0.0,Sunny
2024-01-07 18:00:00,2024-01-07,18,24.1,49,12.1,10.0,0.0,Sunny
2024-01-07 19:00:00,2024-01-07,19,21.8,42,8.7,10.0,0.0,Clear
2024-01-07 20:00:00,2024-01-07,20,21.2,50,9.2,10.0,0.0,Clear
2024-01-07 21:00:00,2024-01-07,21,18.0,55,11.7,10.0,0.0,Clear
2024-01-07 22:00:00,2024-01-07,22,19.6,48,4.9,10.0,0.0,Clear
2024-01-07 23:00:00,2024-01-07,23,16.0,50,4.9,10.0,0.0,Clear
2024-01-08 00:00:00,2024-01-08,0,14.6,50,5.2,10.0,0.0,Clear
2024-01-08 01:00:00,2024-01-08,1,12.8,55,12.9,10.0,0.0,Clear
2024-01-08 02:00:00,2024-01-08,2,15.0,65,15.1,10.0,0.0,Clear
2024-01-08 03:00:00,2024-01-08,3,11.0,65,4.4,10.0,0.0,Clear
2024-01-08 04:00:00,2024-01-08,4,11.9,72,4.8,10.0,0.0,Clear
2024-01-08 05:00:00,2024-01-08,5,14.4,79,14.0,10.0,0.0,Clear
2024-01-08 06:00:00,2024-01-08,6,14.7,82,16.8,10.0,0.0,Clear
2024-01-08 07:00:00,2024-01-08,7,15.1,81,18.3,10.0,0.0,Sunny
2024-01-08 08:00:00,2024-01-08,8,16.7,83,5.4,10.0,0.0,Hazy
2024-01-08 09:00:00,2024-01-08,9,18.7,81,13.1,10.0,0.0,Sunny
2024-01-08 10:00:00,2024-01-08,10,20.8,84,27.7,10.0,0.0,Partly Cloudy
2024-01-08 11:00:00,2024-01-08,11,24.1,79,6.4,10.0,0.0,Sunny
2024-01-08 12:00:00,2024-01-08,12,24.3,79,15.9,10.0,0.0,Sunny
2024-01-08 13:00:00,2024-01-08,13,25.9,78,10.5,10.0,0.0,Sunny
2024-01-08 14:00:00,2024-01-08,14,24.8,63,36.9,10.0,0.0,Sunny
2024-01-08 15:00:00,2024-01-08,15,26.1,58,2.0,10.0,0.0,Sunny
2024-01-08 16:00:00,2024-01-08,16,23.4,60,11.6,10.0,0.0,Partly Cloudy
2024-01-08 17:00:00,2024-01-08,17,24.8,59,23.3,10.0,0.0,Sunny
2024-01-08 18:00:00,2024-01-08,18,23.7,53,4.1,10.0,0.0,Hazy
2024-01-08 19:00:00,2024-01-08,19,24.4,45,16.2,10.0,0.0,Clear
2024-01-08 20:00:00,2024-01-08,20,22.6,51,6.6,10.0,0.0,Clear
2024-01-08 21:00:00,2024-01-08,21,18.7,55,2.0,10.0,0.0,Clear
2024-01-08 22:00:00,2024-01-08,22,16.3,44,6.5,10.0,0.0,Clear
2024-01-08 23:00:00,2024-01-08,23,14.8,47,4.4,10.0,0.0,Clear
2024-01-09 00:00:00,2024-01-09,0,14.1,52,19.7,10.0,0.0,Clear
2024-01-09 01:00:00,2024-01-09,1,14.9,55,37.3,10.0,0.0,Clear
2024-01-09 02:00:00,2024-01-09,2,13.2,65,6.9,10.0,0.0,Clear
2024-01-09 03:00:00,2024-01-09,3,13.1,66,6.5,10.0,0.0,Clear
2024-01-09 04:00:00,2024-01-09,4,13.7,68,2.0,10.0,0.0,Clear
2024-01-09 05:00:00,2024-01-09,5,12.2,72,18.5,10.0,0.0,Clear
2024-01-09 06:00:00,2024-01-09,6,13.6,72,25.9,10.0,0.0,Clear
2024-01-09 07:00:00,2024-01-09,7,16.4,86,14.2,10.0,0.0,Partly Cloudy
2024-01-09 08:00:00,2024-01-09,8,16.4,85,6.3,10.0,0.0,Sunny
2024-01-09 09:00:00,2024-01-09,9,17.2,83,12.0,10.0,0.0,Sunny
2024-01-09 10:00:00,2024-01-09,10,19.4,83,18.0,10.0,0.0,Hazy
2024-01-09 11:00:00,2024-01-09,11,23.5,80,8.7,10.0,0.0,Hazy
2024-01-09 12:00:00,2024-01-09,12,23.1,71,15.2,10.0,0.0,Sunny
2024-01-09 13:00:00,2024-01-09,13,24.9,68,7.2,10.0,0.0,Partly Cloudy
2024-01-09 14:00:00,2024-01-09,14,24.0,69,2.9,10.0,0.0,Hazy
2024-01-09 15:00:00,2024-01-09,15,26.0,64,17.4,10.0,0.0,Partly Cloudy
2024-01-09 16:00:00,2024-01-09,16,25.0,60,10.9,10.0,0.0,Sunny
2024-01-09 17:00:00,2024-01-09,17,25.2,63,12.1,10.0,0.0,Sunny
2024-01-09 18:00:00,2024-01-09,18,23.0,51,19.2,10.0,0.0,Sunny
2024-01-09 19:00:00,2024-01-09,19,22.9,46,4.6,10.0,0.0,Clear
2024-01-09 20:00:00,2024-01-09,20,20.0,48,6.5,10.0,0.0,Clear
2024-01-09 21:00:00,2024-01-09,21,18.9,41,25.6,10.0,0.0,Clear
2024-01-09 22:00:00,2024-01-09,22,17.0,48,11.7,10.0,0.0,Clear
2024-01-09 23:00:00,2024-01-09,23,15.8,47,18.0,10.0,0.0,Clear
2024-01-10 00:00:00,2024-01-10,0,14.7,53,10.0,10.0,0.0,Clear
2024-01-10 01:00:00,2024-01-10,1,12.8,55,14.9,10.0,0.0,Clear
2024-01-10 02:00:00,2024-01-10,2,12.6,60,15.3,10.0,0.0,Clear
2024-01-10 03:00:00,2024-01-10,3,12.7,68,5.8,10.0,0.0,Clear
2024-01-10 04:00:00,2024-01-10,4,13.3,73,39.2,10.0,0.0,Clear
2024-01-10 05:00:00,2024-01-10,5,13.3,82,12.0,10.0,0.0,Clear
2024-01-10 06:00:00,2024-01-10,6,13.3,81,2.2,10.0,0.0,Clear
2024-01-10 07:00:00,2024-01-10,7,15.9,80,2.8,10.0,0.0,Partly Cloudy
2024-01-10 08:00:00,2024-01-10,8,18.1,80,6.8,10.0,0.0,Sunny
2024-01-10 09:00:00,2024-01-10,9,17.4,84,2.0,10.0,0.0,Partly Cloudy
2024-01-10 10:00:00,2024-01-10,10,19.1,88,23.2,10.0,0.0,Sunny
2024-01-10 11:00:00,2024-01-10,11,21.5,84,5.9,10.0,0.0,Sunny
2024-01-10 12:00:00,2024-01-10,12,23.4,75,3.6,10.0,0.0,Partly Cloudy
2024-01-10 13:00:00,2024-01-10,13,22.0,76,12.6,10.0,0.0,Hazy
2024-01-10 14:00:00,2024-01-10,14,26.0,71,15.1,10.0,0.0,Sunny
2024-01-10 15:00:00,2024-01-10,15,25.3,69,7.2,10.0,0.0,Partly Cloudy
2024-01-10 16:00:00,2024-01-10,16,22.5,62,15.2,10.0,0.0,Sunny
2024-01-10 17:00:00,2024-01-10,17,23.3,57,17.8,10.0,0.0,Sunny
2024-01-10 18:00:00,2024-01-10,18,23.2,48,7.1,10.0,0.0,Sunny
2024-01-10 19:00:00,2024-01-10,19,20.1,53,3.2,10.0,0.0,Clear
2024-01-10 20:00:00,2024-01-10,20,21.8,42,6.4,10.0,0.0,Clear
2024-01-10 21:00:00,2024-01-10,21,19.2,47,8.3,10.0,0.0,Clear
2024-01-10 22:00:00,2024-01-10,22,18.1,45,10.2,10.0,0.0,Clear
2024-01-10 23:00:00,2024-01-10,23,14.5,47,18.1,10.0,0.0,Clear
2024-01-11 00:00:00,2024-01-11,0,14.9,55,8.5,10.0,0.0,Clear
2024-01-11 01:00:00,2024-01-11,1,12.6,56,5.1,10.0,0.0,Clear
2024-01-11 02:00:00,2024-01-11,2,12.5,51,6.2,10.0,0.0,Clear
2024-01-11 03:00:00,2024-01-11,3,12.9,64,11.4,10.0,0.0,Clear
2024-01-11 04:00:00,2024-01-11,4,12.6,68,12.2,10.0,0.0,Clear
2024-01-11 05:00:00,2024-01-11,5,14.3,79,28.9,10.0,0.0,Clear
2024-01-11 06:00:00,2024-01-11,6,14.6,73,8.2,10.0,0.0,Clear
2024-01-11 07:00:00,2024-01-11,7,15.2,88,5.1,10.0,0.0,Sunny
2024-01-11 08:00:00,2024-01-11,8,18.3,86,2.0,10.0,0.0,Partly Cloudy
2024-01-11 09:00:00,2024-01-11,9,20.3,82,2.0,10.0,0.0,Sunny
2024-01-11 10:00:00,2024-01-11,10,20.8,81,13.9,10.0,0.0,Partly Cloudy
2024-01-11 11:00:00,2024-01-11,11,23.9,78,6.0,10.0,0.0,Sunny
2024-01-11 12:00:00,2024-01-11,12,23.3,79,21.6,10.0,0.0,Sunny
2024-01-11 13:00:00,2024-01-11,13,24.5,71,2.0,10.0,0.0,Sunny
2024-01-11 14:00:00,2024-01-11,14,25.3,69,6.7,10.0,0.0,Sunny
2024-01-11 15:00:00,2024-01-11,15,25.3,61,17.5,10.0,0.0,Sunny
2024-01-11 16:00:00,2024-01-11,16,24.9,63,23.5,10.0,0.0,Sunny
2024-01-11 17:00:00,2024-01-11,17,23.8,57,14.8,10.0,0.0,Sunny
2024-01-11 18:00:00,2024-01-11,18,22.4,50,18.9,10.0,0.0,Hazy
2024-01-11 19:00:00,2024-01-11,19,22.4,48,4.9,10.0,0.0,Clear
2024-01-11 20:00:00,2024-01-11,20,22.1,45,7.7,10.0,0.0,Clear
2024-01-11 21:00:00,2024-01-11,21,20.0,48,24.5,10.0,0.0,Clear
2024-01-11 22:00:00,2024-01-11,22,17.8,43,4.5,10.0,0.0,Clear
2024-01-11 23:00:00,2024-01-11,23,17.2,53,9.9,10.0,0.0,Clear
2024-01-12 00:00:00,2024-01-12,0,14.4,53,15.8,10.0,0.0,Clear
2024-01-12 01:00:00,2024-01-12,1,12.2,54,22.4,10.0,0.0,Clear
2024-01-12 02:00:00,2024-01-12,2,12.3,63,9.0,10.0,0.0,Clear
2024-01-12 03:00:00,2024-01-12,3,12.4,67,7.4,10.0,0.0,Clear
2024-01-12 04:00:00,2024-01-12,4,12.1,65,13.1,10.0,0.0,Clear
2024-01-12 05:00:00,2024-01-12,5,14.1,79,30.2,10.0,0.0,Clear
2024-01-12 06:00:00,2024-01-12,6,15.5,68,13.0,10.0,0.0,Clear
2024-01-12 07:00:00,2024-01-12,7,13.7,85,13.5,10.0,0.0,Hazy
2024-01-12 08:00:00,2024-01-12,8,17.1,82,9.0,10.0,0.0,Sunny
2024-01-12 09:00:00,2024-01-12,9,15.5,87,4.8,10.0,0.0,Partly Cloudy
2024-01-12 10:00:00,2024-01-12,10,20.6,88,7.6,10.0,0.0,Sunny
2024-01-12 11:00:00,2024-01-12,11,22.1,79,8.9,10.0,0.0,Sunny
2024-01-12 12:00:00,2024-01-12,12,25.7,76,7.5,10.0,0.0,Partly Cloudy
2024-01-12 13:00:00,2024-01-12,13,26.4,75,9.7,10.0,0.0,Hazy
2024-01-12 14:00:00,2024-01-12,14,26.4,65,13.9,10.0,0.0,Sunny
2024-01-12 15:00:00,2024-01-12,15,24.3,64,6.1,10.0,0.0,Sunny
2024-01-12 16:00:00,2024-01-12,16,24.1,59,18.3,10.0,0.0,Hazy
2024-01-12 17:00:00,2024-01-12,17,23.3,51,13.1,10.0,0.0,Partly Cloudy
2024-01-12 18:00:00,2024-01-12,18,25.4,50,10.4,10.0,0.0,Sunny
2024-01-12 19:00:00,2024-01-12,19,21.2,52,8.4,10.0,0.0,Clear
2024-01-12 20:00:00,2024-01-12,20,20.2,50,4.6,10.0,0.0,Clear
2024-01-12 21:00:00,2024-01-12,21,17.9,46,14.0,10.0,0.0,Clear
2024-01-12 22:00:00,2024-01-12,22,15.8,48,39.5,10.0,0.0,Clear
2024-01-12 23:00:00,2024-01-12,23,16.1,48,23.0,10.0,0.0,Clear
2024-01-13 00:00:00,2024-01-13,0,14.6,45,15.3,10.0,0.0,Clear
2024-01-13 01:00:00,2024-01-13,1,10.7,52,24.9,10.0,0.0,Clear
2024-01-13 02:00:00,2024-01-13,2,11.2,64,6.5,10.0,0.0,Clear
2024-01-13 03:00:00,2024-01-13,3,12.8,70,5.4,10.0,0.0,Clear
2024-01-13 04:00:00,2024-01-13,4,12.6,66,9.7,10.0,0.0,Clear
2024-01-13 05:00:00,2024-01-13,5,12.9,78,10.1,10.0,0.0,Clear
2024-01-13 06:00:00,2024-01-13,6,15.1,73,21.4,10.0,0.0,Clear
2024-01-13 07:00:00,2024-01-13,7,14.0,79,17.9,10.0,0.0,Sunny
2024-01-13 08:00:00,2024-01-13,8,16.6,82,2.0,10.0,0.0,Sunny
2024-01-13 09:00:00,2024-01-13,9,19.6,82,18.2,10.0,0.0,Sunny
2024-01-13 10:00:00,2024-01-13,10,19.9,80,8.5,10.0,0.0,Sunny
2024-01-13 11:00:00,2024-01-13,11,22.6,81,12.6,10.0,0.0,Sunny
2024-01-13 12:00:00,2024-01-13,12,22.2,81,9.3,10.0,0.0,Sunny
2024-01-13 13:00:00,2024-01-13,13,23.6,68,6.0,10.0,0.0,Sunny
2024-01-13 14:00:00,2024-01-13,14,23.1,70,12.5,10.0,0.0,Sunny
2024-01-13 15:00:00,2024-01-13,15,23.0,69,5.6,10.0,0.0,Partly Cloudy
2024-01-13 16:00:00,2024-01-13,16,24.7,59,8.6,10.0,0.0,Sunny
2024-01-13 17:00:00,2024-01-13,17,25.2,54,4.9,10.0,0.0,Sunny
2024-01-13 18:00:00,2024-01-13,18,23.5,49,3.6,10.0,0.0,Partly Cloudy
2024-01-13 19:00:00,2024-01-13,19,23.6,57,38.1,10.0,0.0,Clear
2024-01-13 20:00:00,2024-01-13,20,20.2,54,6.8,10.0,0.0,Clear
2024-01-13 21:00:00,2024-01-13,21,16.5,46,8.6,10.0,0.0,Clear
2024-01-13 22:00:00,2024-01-13,22,17.7,52,22.7,10.0,0.0,Clear
2024-01-13 23:00:00,2024-01-13,23,14.5,47,10.9,10.0,0.0,Clear
2024-01-14 00:00:00,2024-01-14,0,14.6,52,4.7,10.0,0.0,Clear
2024-01-14 01:00:00,2024-01-14,1,10.6,52,4.7,10.0,0.0,Clear
2024-01-14 02:00:00,2024-01-14,2,12.4,53,4.4,10.0,0.0,Clear
2024-01-14 03:00:00,2024-01-14,3,13.3,63,30.0,10.0,0.0,Clear
2024-01-14 04:00:00,2024-01-14,4,13.4,68,2.0,10.0,0.0,Clear
2024-01-14 05:00:00,2024-01-14,5,13.1,76,3.9,10.0,0.0,Clear
2024-01-14 06:00:00,2024-01-14,6,14.3,80,6.9,10.0,0.0,Clear
2024-01-14 07:00:00,2024-01-14,7,15.2,80,6.9,10.0,0.0,Sunny
2024-01-14 08:00:00,2024-01-14,8,17.0,78,6.3,10.0,0.0,Partly Cloudy
2024-01-14 09:00:00,2024-01-14,9,19.8,80,14.2,10.0,0.0,Sunny
2024-01-14 10:00:00,2024-01-14,10,19.8,89,11.8,10.0,0.0,Sunny
2024-01-14 11:00:00,2024-01-14,11,21.5,83,5.4,10.0,0.0,Sunny
2024-01-14 12:00:00,2024-01-14,12,21.7,83,6.6,10.0,0.0,Hazy
2024-01-14 13:00:00,2024-01-14,13,25.4,81,45.6,10.0,0.0,Sunny
2024-01-14 14:00:00,2024-01-14,14,24.9,67,12.1,10.0,0.0,Sunny
2024-01-14 15:00:00,2024-01-14,15,24.0,68,2.0,10.0,0.0,Sunny
2024-01-14 16:00:00,2024-01-14,16,26.3,57,4.7,10.0,0.0,Partly Cloudy
2024-01-14 17:00:00,2024-01-14,17,24.5,60,6.4,10.0,0.0,Sunny
2024-01-14 18:00:00,2024-01-14,18,22.6,56,37.5,10.0,0.0,Sunny
2024-01-14 19:00:00,2024-01-14,19,23.3,41,6.7,10.0,0.0,Clear
2024-01-14 20:00:00,2024-01-14,20,20.2,49,7.1,10.0,0.0,Clear
2024-01-14 21:00:00,2024-01-14,21,17.1,44,2.0,10.0,0.0,Clear
2024-01-14 22:00:00,2024-01-14,22,18.4,46,10.0,10.0,0.0,Clear
2024-01-14 23:00:00,2024-01-14,23,14.7,47,16.8,10.0,0.0,Clear
2024-01-15 00:00:00,2024-01-15,0,18.0,56,9.5,10.0,0.0,Clear
2024-01-15 01:00:00,2024-01-15,1,12.8,53,6.7,10.0,0.0,Clear
2024-01-15 02:00:00,2024-01-15,2,10.2,55,8.3,10.0,0.0,Clear
2024-01-15 03:00:00,2024-01-15,3,14.5,62,16.3,10.0,0.0,Clear
2024-01-15 04:00:00,2024-01-15,4,12.6,69,7.7,10.0,0.0,Clear
2024-01-15 05:00:00,2024-01-15,5,13.6,76,7.8,10.0,0.0,Clear
2024-01-15 06:00:00,2024-01-15,6,14.8,83,13.1,10.0,0.0,Clear
2024-01-15 07:00:00,2024-01-15,7,14.1,83,5.7,10.0,0.0,Sunny
2024-01-15 08:00:00,2024-01-15,8,14.7,85,4.4,10.0,0.0,Sunny
2024-01-15 09:00:00,2024-01-15,9,21.3,86,2.0,10.0,0.0,Sunny
2024-01-15 10:00:00,2024-01-15,10,18.7,86,8.7,10.0,0.0,Sunny
2024-01-15 11:00:00,2024-01-15,11,24.2,85,5.6,10.0,0.0,Partly Cloudy
2024-01-15 12:00:00,2024-01-15,12,24.2,88,18.2,10.0,0.0,Sunny
2024-01-15 13:00:00,2024-01-15,13,24.8,77,7.8,10.0,0.0,Partly Cloudy
2024-01-15 14:00:00,2024-01-15,14,24.7,71,16.7,10.0,0.0,Sunny
2024-01-15 15:00:00,2024-01-15,15,28.2,63,14.6,10.0,0.0,Sunny
2024-01-15 16:00:00,2024-01-15,16,24.4,62,2.0,10.0,0.0,Sunny
2024-01-15 17:00:00,2024-01-15,17,23.8,61,3.3,10.0,0.0,Sunny
2024-01-15 18:00:00,2024-01-15,18,24.3,47,31.7,10.0,0.0,Sunny
2024-01-15 19:00:00,2024-01-15,19,21.4,54,5.8,10.0,0.0,Clear
2024-01-15 20:00:00,2024-01-15,20,19.4,46,12.4,10.0,0.0,Clear
2024-01-15 21:00:00,2024-01-15,21,18.9,46,8.6,10.0,0.0,Clear
2024-01-15 22:00:00,2024-01-15,22,18.1,50,2.0,10.0,0.0,Clear
2024-01-15 23:00:00,2024-01-15,23,17.9,47,4.7,10.0,0.0,Clear
2024-01-16 00:00:00,2024-01-16,0,16.8,54,3.9,10.0,0.0,Clear
2024-01-16 01:00:00,2024-01-16,1,11.2,51,15.8,10.0,0.0,Clear
2024-01-16 02:00:00,2024-01-16,2,13.9,64,4.7,10.0,0.0,Clear
2024-01-16 03:00:00,2024-01-16,3,11.3,66,13.4,10.0,0.0,Clear
2024-01-16 04:00:00,2024-01-16,4,11.5,70,2.9,10.0,0.0,Clear
2024-01-16 05:00:00,2024-01-16,5,12.7,75,2.0,10.0,0.0,Clear
2024-01-16 06:00:00,2024-01-16,6,13.6,78,10.2,10.0,0.0,Clear
2024-01-16 07:00:00,2024-01-16,7,14.4,82,12.8,10.0,0.0,Hazy
2024-01-16 08:00:00,2024-01-16,8,14.5,82,6.9,10.0,0.0,Partly Cloudy
2024-01-16 09:00:00,2024-01-16,9,20.7,82,9.9,10.0,0.0,Partly Cloudy
2024-01-16 10:00:00,2024-01-16,10,21.7,75,2.4,10.0,0.0,Sunny
2024-01-16 11:00:00,2024-01-16,11,22.2,86,7.3,10.0,0.0,Partly Cloudy
2024-01-16 12:00:00,2024-01-16,12,22.4,73,18.3,10.0,0.0,Sunny
2024-01-16 13:00:00,2024-01-16,13,26.0,80,32.5,10.0,0.0,Partly Cloudy
2024-01-16 14:00:00,2024-01-16,14,25.1,69,8.9,10.0,0.0,Hazy
2024-01-16 15:00:00,2024-01-16,15,24.7,70,12.0,10.0,0.0,Sunny
2024-01-16 16:00:00,2024-01-16,16,23.2,65,18.7,10.0,0.0,Sunny
2024-01-16 17:00:00,2024-01-16,17,25.2,60,10.5,10.0,0.0,Sunny
2024-01-16 18:00:00,2024-01-16,18,23.1,52,12.6,10.0,0.0,Sunny
2024-01-16 19:00:00,2024-01-16,19,22.5,45,25.8,10.0,0.0,Clear
2024-01-16 20:00:00,2024-01-16,20,20.8,47,12.1,10.0,0.0,Clear
2024-01-16 21:00:00,2024-01-16,21,19.7,46,7.1,10.0,0.0,Clear
2024-01-16 22:00:00,2024-01-16,22,17.5,47,25.5,10.0,0.0,Clear
2024-01-16 23:00:00,2024-01-16,23,15.3,45,11.3,10.0,0.0,Clear
2024-01-17 00:00:00,2024-01-17,0,15.0,51,3.2,10.0,0.0,Clear
2024-01-17 01:00:00,2024-01-17,1,14.5,44,7.8,10.0,0.0,Clear
2024-01-17 02:00:00,2024-01-17,2,14.5,59,35.1,10.0,0.0,Clear
2024-01-17 03:00:00,2024-01-17,3,11.1,66,19.7,10.0,0.0,Clear
2024-01-17 04:00:00,2024-01-17,4,14.0,67,5.9,10.0,0.0,Clear
2024-01-17 05:00:00,2024-01-17,5,11.4,73,21.4,10.0,0.0,Clear
2024-01-17 06:00:00,2024-01-17,6,15.6,78,7.7,10.0,0.0,Clear
2024-01-17 07:00:00,2024-01-17,7,15.0,85,4.8,10.0,0.0,Partly Cloudy
2024-01-17 08:00:00,2024-01-17,8,18.3,87,18.5,10.0,0.0,Sunny
2024-01-17 09:00:00,2024-01-17,9,20.7,84,3.3,10.0,0.0,Sunny
2024-01-17 10:00:00,2024-01-17,10,20.9,82,4.9,10.0,0.0,Sunny
2024-01-17 11:00:00,2024-01-17,11,22.2,82,10.3,10.0,0.0,Sunny
2024-01-17 12:00:00,2024-01-17,12,23.5,85,11.7,10.0,0.0,Sunny
2024-01-17 13:00:00,2024-01-17,13,24.1,76,16.6,10.0,0.0,Hazy
2024-01-17 14:00:00,2024-01-17,14,26.6,71,4.0,10.0,0.0,Sunny
2024-01-17 15:00:00,2024-01-17,15,25.4,69,10.5,10.0,0.0,Sunny
2024-01-17 16:00:00,2024-01-17,16,22.7,61,2.0,10.0,0.0,Hazy
2024-01-17 17:00:00,2024-01-17,17,25.7,53,2.0,10.0,0.0,Sunny
2024-01-17 18:00:00,2024-01-17,18,24.6,54,5.1,10.0,0.0,Sunny
2024-01-17 19:00:00,2024-01-17,19,22.3,50,16.6,10.0,0.0,Clear
2024-01-17 20:00:00,2024-01-17,20,19.7,47,13.8,10.0,0.0,Clear
2024-01-17 21:00:00,2024-01-17,21,17.6,49,7.7,10.0,0.0,Clear
2024-01-17 22:00:00,2024-01-17,22,16.4,40,2.0,10.0,0.0,Clear
2024-01-17 23:00:00,2024-01-17,23,16.0,47,11.6,10.0,0.0,Clear
2024-01-18 00:00:00,2024-01-18,0,12.2,49,52.1,10.0,0.0,Clear
2024-01-18 01:00:00,2024-01-18,1,13.9,53,9.3,10.0,0.0,Clear
2024-01-18 02:00:00,2024-01-18,2,12.8,60,3.3,10.0,0.0,Clear
2024-01-18 03:00:00,2024-01-18,3,14.0,61,8.7,10.0,0.0,Clear
2024-01-18 04:00:00,2024-01-18,4,13.6,76,2.0,10.0,0.0,Clear
2024-01-18 05:00:00,2024-01-18,5,12.5,76,5.9,10.0,0.0,Clear
2024-01-18 06:00:00,2024-01-18,6,12.4,75,15.6,10.0,0.0,Clear
2024-01-18 07:00:00,2024-01-18,7,14.8,74,24.3,10.0,0.0,Partly Cloudy
2024-01-18 08:00:00,2024-01-18,8,19.0,80,7.3,10.0,0.0,Partly Cloudy
2024-01-18 09:00:00,2024-01-18,9,19.4,82,2.8,10.0,0.0,Partly Cloudy
2024-01-18 10:00:00,2024-01-18,10,21.4,80,16.4,10.0,0.0,Sunny
2024-01-18 11:00:00,2024-01-18,11,21.5,91,11.2,10.0,0.0,Sunny
2024-01-18 12:00:00,2024-01-18,12,24.2,71,8.6,10.0,0.0,Sunny
2024-01-18 13:00:00,2024-01-18,13,22.8,74,10.0,10.0,0.0,Sunny
2024-01-18 14:00:00,2024-01-18,14,26.4,69,7.5,10.0,0.0,Sunny
2024-01-18 15:00:00,2024-01-18,15,24.1,64,9.3,10.0,0.0,Sunny
2024-01-18 16:00:00,2024-01-18,16,22.9,53,10.6,10.0,0.0,Sunny
2024-01-18 17:00:00,2024-01-18,17,27.3,56,11.5,10.0,0.0,Partly Cloudy
2024-01-18 18:00:00,2024-01-18,18,23.8,53,9.8,10.0,0.0,Sunny
2024-01-18 19:00:00,2024-01-18,19,22.4,52,4.4,10.0,0.0,Clear
2024-01-18 20:00:00,2024-01-18,20,18.4,50,31.2,10.0,0.0,Clear
2024-01-18 21:00:00,2024-01-18,21,19.7,52,8.9,10.0,0.0,Clear
2024-01-18 22:00:00,2024-01-18,22,18.4,39,2.0,10.0,0.0,Clear
2024-01-18 23:00:00,2024-01-18,23,15.5,48,7.8,10.0,0.0,Clear
2024-01-19 00:00:00,2024-01-19,0,15.5,62,8.2,10.0,0.0,Clear
2024-01-19 01:00:00,2024-01-19,1,14.8,60,4.9,10.0,0.0,Clear
2024-01-19 02:00:00,2024-01-19,2,13.4,55,3.6,10.0,0.0,Clear
2024-01-19 03:00:00,2024-01-19,3,9.9,65,10.6,10.0,0.0,Clear
2024-01-19 04:00:00,2024-01-19,4,11.3,65,10.5,10.0,0.0,Clear
2024-01-19 05:00:00,2024-01-19,5,15.4,72,3.2,10.0,0.0,Clear
2024-01-19 06:00:00,2024-01-19,6,14.5,86,10.7,10.0,0.0,Clear
2024-01-19 07:00:00,2024-01-19,7,15.9,84,12.8,10.0,0.0,Sunny
2024-01-19 08:00:00,2024-01-19,8,16.3,76,2.9,10.0,0.0,Sunny
2024-01-19 09:00:00,2024-01-19,9,18.2,80,7.6,10.0,0.0,Sunny
2024-01-19 10:00:00,2024-01-19,10,22.1,82,31.0,10.0,0.0,Hazy
2024-01-19 11:00:00,2024-01-19,11,24.0,80,14.9,10.0,0.0,Sunny
2024-01-19 12:00:00,2024-01-19,12,24.6,79,14.9,10.0,0.0,Partly Cloudy
2024-01-19 13:00:00,2024-01-19,13,25.3,71,15.1,10.0,0.0,Sunny
2024-01-19 14:00:00,2024-01-19,14,26.0,68,20.8,10.0,0.0,Hazy
2024-01-19 15:00:00,2024-01-19,15,25.4,62,5.0,10.0,0.0,Sunny
2024-01-19 16:00:00,2024-01-19,16,23.8,59,2.0,10.0,0.0,Partly Cloudy
2024-01-19 17:00:00,2024-01-19,17,22.9,59,7.4,10.0,0.0,Partly Cloudy
2024-01-19 18:00:00,2024-01-19,18,25.2,53,6.1,10.0,0.0,Partly Cloudy
2024-01-19 19:00:00,2024-01-19,19,22.2,47,6.7,10.0,0.0,Clear
2024-01-19 20:00:00,2024-01-19,20,21.3,52,15.7,10.0,0.0,Clear
2024-01-19 21:00:00,2024-01-19,21,19.3,51,5.2,10.0,0.0,Clear
2024-01-19 22:00:00,2024-01-19,22,17.6,48,32.0,10.0,0.0,Clear
2024-01-19 23:00:00,2024-01-19,23,16.2,48,2.0,10.0,0.0,Clear
2024-01-20 00:00:00,2024-01-20,0,15.2,59,22.3,10.0,0.0,Clear
2024-01-20 01:00:00,2024-01-20,1,12.4,62,2.2,10.0,0.0,Clear
2024-01-20 02:00:00,2024-01-20,2,14.1,54,15.3,10.0,0.0,Clear
2024-01-20 03:00:00,2024-01-20,3,11.6,70,14.7,10.0,0.0,Clear
2024-01-20 04:00:00,2024-01-20,4,13.0,77,7.6,10.0,0.0,Clear
2024-01-20 05:00:00,2024-01-20,5,12.0,77,16.5,10.0,0.0,Clear
2024-01-20 06:00:00,2024-01-20,6,14.2,76,4.7,10.0,0.0,Clear
2024-01-20 07:00:00,2024-01-20,7,15.0,79,3.9,10.0,0.0,Partly Cloudy
2024-01-20 08:00:00,2024-01-20,8,17.3,89,15.5,10.0,0.0,Sunny
2024-01-20 09:00:00,2024-01-20,9,19.9,86,6.2,10.0,0.0,Sunny
2024-01-20 10:00:00,2024-01-20,10,20.8,85,29.5,10.0,0.0,Sunny
2024-01-20 11:00:00,2024-01-20,11,24.6,90,15.5,10.0,0.0,Sunny
2024-01-20 12:00:00,2024-01-20,12,24.6,74,12.2,10.0,0.0,Hazy
2024-01-20 13:00:00,2024-01-20,13,24.4,74,6.6,10.0,0.0,Partly Cloudy
2024-01-20 14:00:00,2024-01-20,14,25.2,70,3.2,10.0,0.0,Sunny
2024-01-20 15:00:00,2024-01-20,15,26.0,64,19.6,10.0,0.0,Sunny
2024-01-20 16:00:00,2024-01-20,16,26.1,53,19.4,10.0,0.0,Sunny
2024-01-20 17:00:00,2024-01-20,17,23.1,60,5.1,10.0,0.0,Sunny
2024-01-20 18:00:00,2024-01-20,18,24.4,49,2.8,10.0,0.0,Partly Cloudy
2024-01-20 19:00:00,2024-01-20,19,20.8,46,10.0,10.0,0.0,Clear
2024-01-20 20:00:00,2024-01-20,20,21.3,46,9.5,10.0,0.0,Clear
2024-01-20 21:00:00,2024-01-20,21,20.3,46,17.3,10.0,0.0,Clear
2024-01-20 22:00:00,2024-01-20,22,17.7,47,7.6,10.0,0.0,Clear
2024-01-20 23:00:00,2024-01-20,23,13.0,53,27.1,10.0,0.0,Clear
2024-01-21 00:00:00,2024-01-21,0,12.3,57,13.6,10.0,0.0,Clear
2024-01-21 01:00:00,2024-01-21,1,14.0,55,30.1,10.0,0.0,Clear
2024-01-21 02:00:00,2024-01-21,2,9.8,58,2.7,10.0,0.0,Clear
2024-01-21 03:00:00,2024-01-21,3,13.2,64,10.8,1.0,0.0,Fog
2024-01-21 04:00:00,2024-01-21,4,13.9,66,25.5,1.0,0.0,Fog
2024-01-21 05:00:00,2024-01-21,5,14.7,74,3.0,0.2,0.0,Fog
2024-01-21 06:00:00,2024-01-21,6,14.1,74,18.4,0.9,0.0,Fog
2024-01-21 07:00:00,2024-01-21,7,16.3,89,2.0,0.9,0.0,Fog
2024-01-21 08:00:00,2024-01-21,8,17.6,83,3.2,0.6,0.0,Fog
2024-01-21 09:00:00,2024-01-21,9,17.2,81,2.8,10.0,0.0,Partly Cloudy
2024-01-21 10:00:00,2024-01-21,10,21.6,85,3.5,10.0,0.0,Sunny
2024-01-21 11:00:00,2024-01-21,11,23.9,76,16.7,10.0,0.0,Partly Cloudy
2024-01-21 12:00:00,2024-01-21,12,24.4,75,7.5,10.0,0.0,Sunny
2024-01-21 13:00:00,2024-01-21,13,24.0,76,9.0,10.0,0.0,Sunny
2024-01-21 14:00:00,2024-01-21,14,26.2,70,4.7,10.0,0.0,Sunny
2024-01-21 15:00:00,2024-01-21,15,27.1,69,9.6,10.0,0.0,Sunny
2024-01-21 16:00:00,2024-01-21,16,26.7,49,24.8,10.0,0.0,Sunny
2024-01-21 17:00:00,2024-01-21,17,25.9,59,3.0,10.0,0.0,Sunny
2024-01-21 18:00:00,2024-01-21,18,21.7,50,60.0,10.0,0.0,Sunny
2024-01-21 19:00:00,2024-01-21,19,22.7,45,8.1,10.0,0.0,Clear
2024-01-21 20:00:00,2024-01-21,20,21.5,41,4.3,10.0,0.0,Clear
2024-01-21 21:00:00,2024-01-21,21,20.2,45,2.8,10.0,0.0,Clear
2024-01-21 22:00:00,2024-01-21,22,17.9,54,12.6,10.0,0.0,Clear
2024-01-21 23:00:00,2024-01-21,23,17.6,53,11.3,10.0,0.0,Clear
2024-01-22 00:00:00,2024-01-22,0,12.2,59,3.4,10.0,0.0,Clear
2024-01-22 01:00:00,2024-01-22,1,14.0,56,21.7,10.0,0.0,Clear
2024-01-22 02:00:00,2024-01-22,2,13.3,61,14.2,10.0,0.0,Clear
2024-01-22 03:00:00,2024-01-22,3,13.6,59,21.0,10.0,0.0,Clear
2024-01-22 04:00:00,2024-01-22,4,14.6,63,23.2,10.0,0.0,Clear
2024-01-22 05:00:00,2024-01-22,5,12.3,73,2.7,10.0,0.0,Clear
2024-01-22 06:00:00,2024-01-22,6,16.2,72,23.1,10.0,0.0,Clear
2024-01-22 07:00:00,2024-01-22,7,16.7,77,15.8,10.0,0.0,Sunny
2024-01-22 08:00:00,2024-01-22,8,17.1,83,14.0,10.0,0.0,Sunny
2024-01-22 09:00:00,2024-01-22,9,17.9,88,7.9,10.0,0.0,Sunny
2024-01-22 10:00:00,2024-01-22,10,20.9,82,22.2,10.0,0.0,Sunny
2024-01-22 11:00:00,2024-01-22,11,22.6,75,24.6,10.0,0.0,Sunny
2024-01-22 12:00:00,2024-01-22,12,24.0,70,13.2,10.0,0.0,Sunny
2024-01-22 13:00:00,2024-01-22,13,23.9,74,14.0,10.0,0.0,Sunny
2024-01-22 14:00:00,2024-01-22,14,26.0,67,37.7,10.0,0.0,Sunny
2024-01-22 15:00:00,2024-01-22,15,25.0,65,2.0,10.0,0.0,Sunny
2024-01-22 16:00:00,2024-01-22,16,26.7,60,26.5,10.0,0.0,Sunny
2024-01-22 17:00:00,2024-01-22,17,26.7,56,10.0,10.0,0.0,Sunny
2024-01-22 18:00:00,2024-01-22,18,22.6,57,28.1,10.0,0.0,Sunny
2024-01-22 19:00:00,2024-01-22,19,22.3,54,4.5,10.0,0.0,Clear
2024-01-22 20:00:00,2024-01-22,20,21.8,49,12.9,10.0,0.0,Clear
2024-01-22 21:00:00,2024-01-22,21,19.3,43,12.7,10.0,0.0,Clear
2024-01-22 22:00:00,2024-01-22,22,15.7,45,15.0,10.0,0.0,Clear
2024-01-22 23:00:00,2024-01-22,23,16.8,52,8.2,10.0,0.0,Clear
2024-01-23 00:00:00,2024-01-23,0,13.7,57,6.4,10.0,0.0,Clear
2024-01-23 01:00:00,2024-01-23,1,13.6,51,15.0,10.0,0.0,Clear
2024-01-23 02:00:00,2024-01-23,2,11.5,66,16.3,10.0,0.0,Clear
2024-01-23 03:00:00,2024-01-23,3,13.5,62,9.2,10.0,0.0,Clear
2024-01-23 04:00:00,2024-01-23,4,12.2,72,14.4,10.0,0.0,Clear
2024-01-23 05:00:00,2024-01-23,5,14.5,85,31.5,10.0,0.0,Clear
2024-01-23 06:00:00,2024-01-23,6,14.1,71,10.6,10.0,0.0,Clear
2024-01-23 07:00:00,2024-01-23,7,15.2,83,2.0,10.0,0.0,Partly Cloudy
2024-01-23 08:00:00,2024-01-23,8,17.8,81,13.3,10.0,0.0,Sunny
2024-01-23 09:00:00,2024-01-23,9,17.7,85,3.2,10.0,0.0,Sunny
2024-01-23 10:00:00,2024-01-23,10,22.8,80,12.3,10.0,0.0,Sunny
2024-01-23 11:00:00,2024-01-23,11,22.5,71,19.4,10.0,0.0,Sunny
2024-01-23 12:00:00,2024-01-23,12,22.9,75,8.9,10.0,0.0,Sunny
2024-01-23 13:00:00,2024-01-23,13,24.1,75,17.8,10.0,0.0,Sunny
2024-01-23 14:00:00,2024-01-23,14,25.3,75,18.2,10.0,0.0,Sunny
2024-01-23 15:00:00,2024-01-23,15,26.7,67,23.4,10.0,0.0,Sunny
2024-01-23 16:00:00,2024-01-23,16,24.2,66,34.9,10.0,0.0,Sunny
2024-01-23 17:00:00,2024-01-23,17,24.2,54,28.2,10.0,0.0,Sunny
2024-01-23 18:00:00,2024-01-23,18,23.5,50,2.0,10.0,0.0,Sunny
2024-01-23 19:00:00,2024-01-23,19,24.1,51,6.2,10.0,0.0,Clear
2024-01-23 20:00:00,2024-01-23,20,21.9,46,4.4,10.0,0.0,Clear
2024-01-23 21:00:00,2024-01-23,21,20.9,51,15.9,10.0,0.0,Clear
2024-01-23 22:00:00,2024-01-23,22,17.4,42,9.0,10.0,0.0,Clear
2024-01-23 23:00:00,2024-01-23,23,17.5,53,5.0,10.0,0.0,Clear
2024-01-24 00:00:00,2024-01-24,0,15.9,57,6.3,10.0,0.0,Clear
2024-01-24 01:00:00,2024-01-24,1,14.2,57,7.1,10.0,0.0,Clear
2024-01-24 02:00:00,2024-01-24,2,13.7,64,17.7,10.0,0.0,Clear
2024-01-24 03:00:00,2024-01-24,3,11.8,62,2.0,10.0,0.0,Clear
2024-01-24 04:00:00,2024-01-24,4,14.9,66,5.0,10.0,0.0,Clear
2024-01-24 05:00:00,2024-01-24,5,13.1,75,2.0,10.0,0.0,Clear
2024-01-24 06:00:00,2024-01-24,6,15.1,75,17.6,10.0,0.0,Clear
2024-01-24 07:00:00,2024-01-24,7,16.6,82,21.9,10.0,0.0,Sunny
2024-01-24 08:00:00,2024-01-24,8,15.7,84,14.3,10.0,0.0,Sunny
2024-01-24 09:00:00,2024-01-24,9,18.9,83,15.9,10.0,0.0,Partly Cloudy
2024-01-24 10:00:00,2024-01-24,10,20.9,84,11.7,10.0,0.0,Sunny
2024-01-24 11:00:00,2024-01-24,11,22.1,83,14.1,10.0,0.0,Sunny
2024-01-24 12:00:00,2024-01-24,12,23.5,77,2.0,10.0,0.0,Sunny
2024-01-24 13:00:00,2024-01-24,13,26.4,72,13.7,10.0,0.0,Sunny
2024-01-24 14:00:00,2024-01-24,14,24.3,73,4.6,10.0,0.0,Partly Cloudy
2024-01-24 15:00:00,2024-01-24,15,24.0,66,16.0,10.0,0.0,Sunny
2024-01-24 16:00:00,2024-01-24,16,24.6,62,8.3,10.0,0.0,Sunny
2024-01-24 17:00:00,2024-01-24,17,25.5,58,26.0,10.0,0.0,Sunny
2024-01-24 18:00:00,2024-01-24,18,24.6,53,12.2,10.0,0.0,Sunny
2024-01-24 19:00:00,2024-01-24,19,23.0,48,4.2,10.0,0.0,Clear
2024-01-24 20:00:00,2024-01-24,20,21.8,45,3.0,10.0,0.0,Clear
2024-01-24 21:00:00,2024-01-24,21,19.3,47,4.7,10.0,0.0,Clear
2024-01-24 22:00:00,2024-01-24,22,16.7,50,9.7,10.0,0.0,Clear
2024-01-24 23:00:00,2024-01-24,23,14.6,52,24.8,10.0,0.0,Clear
2024-01-25 00:00:00,2024-01-25,0,12.9,53,6.8,10.0,0.0,Clear
2024-01-25 01:00:00,2024-01-25,1,13.1,57,13.3,10.0,0.0,Clear
2024-01-25 02:00:00,2024-01-25,2,13.7,56,2.7,10.0,0.0,Clear
2024-01-25 03:00:00,2024-01-25,3,12.8,63,15.7,0.6,0.0,Fog
2024-01-25 04:00:00,2024-01-25,4,12.7,72,8.7,0.2,0.0,Fog
2024-01-25 05:00:00,2024-01-25,5,12.1,71,13.2,0.9,0.0,Fog
2024-01-25 06:00:00,2024-01-25,6,17.5,78,27.6,0.6,0.0,Fog
2024-01-25 07:00:00,2024-01-25,7,14.8,81,10.8,0.9,0.0,Fog
2024-01-25 08:00:00,2024-01-25,8,17.5,82,3.1,1.0,0.0,Fog
2024-01-25 09:00:00,2024-01-25,9,20.2,86,11.4,10.0,0.0,Sunny
2024-01-25 10:00:00,2024-01-25,10,20.7,83,11.1,10.0,0.0,Sunny
2024-01-25 11:00:00,2024-01-25,11,21.3,76,17.8,10.0,0.0,Sunny
2024-01-25 12:00:00,2024-01-25,12,24.6,80,10.6,10.0,0.0,Partly Cloudy
2024-01-25 13:00:00,2024-01-25,13,23.0,72,26.7,10.0,0.0,Sunny
2024-01-25 14:00:00,2024-01-25,14,27.4,64,18.4,10.0,0.0,Partly Cloudy
2024-01-25 15:00:00,2024-01-25,15,25.8,68,10.8,10.0,0.0,Sunny
2024-01-25 16:00:00,2024-01-25,16,25.0,56,9.8,10.0,0.0,Sunny
2024-01-25 17:00:00,2024-01-25,17,22.9,55,3.8,10.0,0.0,Partly Cloudy
2024-01-25 18:00:00,2024-01-25,18,22.2,53,7.4,10.0,0.0,Sunny
2024-01-25 19:00:00,2024-01-25,19,22.2,49,2.1,10.0,0.0,Clear
2024-01-25 20:00:00,2024-01-25,20,23.0,45,8.9,10.0,0.0,Clear
2024-01-25 21:00:00,2024-01-25,21,19.3,43,2.0,10.0,0.0,Clear
2024-01-25 22:00:00,2024-01-25,22,17.7,45,11.0,10.0,0.0,Clear
2024-01-25 23:00:00,2024-01-25,23,16.2,45,3.5,10.0,0.0,Clear
2024-01-26 00:00:00,2024-01-26,0,17.2,52,13.5,10.0,0.0,Clear
2024-01-26 01:00:00,2024-01-26,1,12.8,54,10.4,10.0,0.0,Clear
2024-01-26 02:00:00,2024-01-26,2,14.6,55,6.3,10.0,0.0,Clear
2024-01-26 03:00:00,2024-01-26,3,12.0,64,2.6,1.1,0.0,Fog
2024-01-26 04:00:00,2024-01-26,4,11.9,67,9.7,0.7,0.0,Fog
2024-01-26 05:00:00,2024-01-26,5,13.3,75,9.1,1.2,0.0,Fog
2024-01-26 06:00:00,2024-01-26,6,14.3,79,33.6,0.3,0.0,Fog
2024-01-26 07:00:00,2024-01-26,7,16.4,86,7.1,0.6,0.0,Fog
2024-01-26 08:00:00,2024-01-26,8,14.5,85,17.0,0.7,0.0,Fog
2024-01-26 09:00:00,2024-01-26,9,19.2,79,5.4,10.0,0.0,Sunny
2024-01-26 10:00:00,2024-01-26,10,20.0,74,4.1,10.0,0.0,Sunny
2024-01-26 11:00:00,2024-01-26,11,21.4,75,14.4,10.0,0.0,Sunny
2024-01-26 12:00:00,2024-01-26,12,22.0,76,6.8,10.0,0.0,Sunny
2024-01-26 13:00:00,2024-01-26,13,24.2,68,9.5,10.0,0.0,Sunny
2024-01-26 14:00:00,2024-01-26,14,24.7,67,2.0,10.0,0.0,Sunny
2024-01-26 15:00:00,2024-01-26,15,25.0,65,5.6,10.0,0.0,Sunny
2024-01-26 16:00:00,2024-01-26,16,23.3,58,6.3,10.0,0.0,Sunny
2024-01-26 17:00:00,2024-01-26,17,24.7,57,3.7,10.0,0.0,Sunny
2024-01-26 18:00:00,2024-01-26,18,22.6,50,7.4,10.0,0.0,Partly Cloudy
2024-01-26 19:00:00,2024-01-26,19,20.3,46,2.0,10.0,0.0,Clear
2024-01-26 20:00:00,2024-01-26,20,20.0,54,11.0,10.0,0.0,Clear
2024-01-26 21:00:00,2024-01-26,21,18.1,47,7.4,10.0,0.0,Clear
2024-01-26 22:00:00,2024-01-26,22,17.4,48,7.0,10.0,0.0,Clear
2024-01-26 23:00:00,2024-01-26,23,15.1,53,14.5,10.0,0.0,Clear
2024-01-27 00:00:00,2024-01-27,0,12.7,56,3.8,10.0,0.0,Clear
2024-01-27 01:00:00,2024-01-27,1,12.3,55,27.5,10.0,0.0,Clear
2024-01-27 02:00:00,2024-01-27,2,10.6,65,3.7,10.0,0.0,Clear
2024-01-27 03:00:00,2024-01-27,3,13.9,63,18.7,10.0,0.0,Clear
2024-01-27 04:00:00,2024-01-27,4,14.3,74,24.6,10.0,0.0,Clear
2024-01-27 05:00:00,2024-01-27,5,15.1,69,2.0,10.0,0.0,Clear
2024-01-27 06:00:00,2024-01-27,6,13.7,77,5.1,10.0,0.0,Clear
2024-01-27 07:00:00,2024-01-27,7,17.3,81,2.7,10.0,0.0,Sunny
2024-01-27 08:00:00,2024-01-27,8,17.8,84,14.2,10.0,0.0,Partly Cloudy
2024-01-27 09:00:00,2024-01-27,9,18.0,80,5.7,10.0,0.0,Partly Cloudy
2024-01-27 10:00:00,2024-01-27,10,19.9,76,3.9,10.0,0.0,Partly Cloudy
2024-01-27 11:00:00,2024-01-27,11,22.0,82,8.3,10.0,0.0,Sunny
2024-01-27 12:00:00,2024-01-27,12,23.7,77,9.7,10.0,0.0,Partly Cloudy
2024-01-27 13:00:00,2024-01-27,13,25.1,72,22.3,10.0,0.0,Partly Cloudy
2024-01-27 14:00:00,2024-01-27,14,25.3,76,22.4,10.0,0.0,Sunny
2024-01-27 15:00:00,2024-01-27,15,25.1,64,4.9,10.0,0.0,Partly Cloudy
2024-01-27 16:00:00,2024-01-27,16,26.9,58,2.2,10.0,0.0,Sunny
2024-01-27 17:00:00,2024-01-27,17,24.5,49,12.7,10.0,0.0,Partly Cloudy
2024-01-27 18:00:00,2024-01-27,18,23.4,48,8.0,10.0,0.0,Sunny
2024-01-27 19:00:00,2024-01-27,19,22.0,53,23.6,10.0,0.0,Clear
2024-01-27 20:00:00,2024-01-27,20,20.5,45,24.1,10.0,0.0,Clear
2024-01-27 21:00:00,2024-01-27,21,17.4,50,13.3,10.0,0.0,Clear
2024-01-27 22:00:00,2024-01-27,22,16.1,42,10.7,10.0,0.0,Clear
2024-01-27 23:00:00,2024-01-27,23,18.7,46,11.6,10.0,0.0,Clear
2024-01-28 00:00:00,2024-01-28,0,12.4,49,10.6,10.0,0.0,Clear
2024-01-28 01:00:00,2024-01-28,1,13.7,58,11.4,10.0,0.0,Clear
2024-01-28 02:00:00,2024-01-28,2,13.1,59,6.4,10.0,0.0,Clear
2024-01-28 03:00:00,2024-01-28,3,13.7,61,5.8,0.7,0.0,Fog
2024-01-28 04:00:00,2024-01-28,4,13.2,73,6.8,0.3,0.0,Fog
2024-01-28 05:00:00,2024-01-28,5,15.6,76,32.2,0.4,0.0,Fog
2024-01-28 06:00:00,2024-01-28,6,14.7,79,2.0,0.8,0.0,Fog
2024-01-28 07:00:00,2024-01-28,7,17.4,82,5.7,0.5,0.0,Fog
2024-01-28 08:00:00,2024-01-28,8,18.6,79,6.7,0.5,0.0,Fog
2024-01-28 09:00:00,2024-01-28,9,20.9,88,12.7,10.0,0.0,Partly Cloudy
2024-01-28 10:00:00,2024-01-28,10,20.7,82,5.5,10.0,0.0,Partly Cloudy
2024-01-28 11:00:00,2024-01-28,11,22.7,82,25.2,10.0,0.0,Sunny
2024-01-28 12:00:00,2024-01-28,12,23.2,79,21.1,10.0,0.0,Sunny
2024-01-28 13:00:00,2024-01-28,13,24.8,70,26.1,10.0,0.0,Partly Cloudy
2024-01-28 14:00:00,2024-01-28,14,25.5,77,10.9,10.0,0.0,Sunny
2024-01-28 15:00:00,2024-01-28,15,23.0,65,23.8,10.0,0.0,Sunny
2024-01-28 16:00:00,2024-01-28,16,25.1,60,4.9,10.0,0.0,Sunny
2024-01-28 17:00:00,2024-01-28,17,25.7,54,9.6,10.0,0.0,Sunny
2024-01-28 18:00:00,2024-01-28,18,22.0,57,2.0,10.0,0.0,Sunny
2024-01-28 19:00:00,2024-01-28,19,21.1,54,14.0,10.0,0.0,Clear
2024-01-28 20:00:00,2024-01-28,20,22.1,48,13.8,10.0,0.0,Clear
2024-01-28 21:00:00,2024-01-28,21,20.6,41,11.0,10.0,0.0,Clear
2024-01-28 22:00:00,2024-01-28,22,16.6,47,7.9,10.0,0.0,Clear
2024-01-28 23:00:00,2024-01-28,23,16.0,49,17.5,10.0,0.0,Clear
2024-01-29 00:00:00,2024-01-29,0,14.3,50,23.1,10.0,0.0,Clear
2024-01-29 01:00:00,2024-01-29,1,14.8,52,33.2,10.0,0.0,Clear
2024-01-29 02:00:00,2024-01-29,2,12.1,54,13.5,10.0,0.0,Clear
2024-01-29 03:00:00,2024-01-29,3,12.0,71,9.2,10.0,0.0,Clear
2024-01-29 04:00:00,2024-01-29,4,14.3,73,6.3,10.0,0.0,Clear
2024-01-29 05:00:00,2024-01-29,5,12.2,74,14.9,10.0,0.0,Clear
2024-01-29 06:00:00,2024-01-29,6,13.8,75,4.9,10.0,0.0,Clear
2024-01-29 07:00:00,2024-01-29,7,15.9,82,14.1,10.0,0.0,Sunny
2024-01-29 08:00:00,2024-01-29,8,19.1,83,5.0,10.0,0.0,Sunny
2024-01-29 09:00:00,2024-01-29,9,17.6,81,9.5,10.0,0.0,Sunny
2024-01-29 10:00:00,2024-01-29,10,19.8,84,4.4,10.0,0.0,Partly Cloudy
2024-01-29 11:00:00,2024-01-29,11,23.0,83,6.7,10.0,0.0,Partly Cloudy
2024-01-29 12:00:00,2024-01-29,12,24.5,80,13.1,10.0,0.0,Partly Cloudy
2024-01-29 13:00:00,2024-01-29,13,24.9,70,19.1,10.0,0.0,Sunny
2024-01-29 14:00:00,2024-01-29,14,25.1,71,7.6,10.0,0.0,Sunny
2024-01-29 15:00:00,2024-01-29,15,25.7,70,2.0,10.0,0.0,Partly Cloudy
2024-01-29 16:00:00,2024-01-29,16,23.5,62,2.0,10.0,0.0,Sunny
2024-01-29 17:00:00,2024-01-29,17,24.8,65,2.0,10.0,0.0,Sunny
2024-01-29 18:00:00,2024-01-29,18,25.4,52,24.3,10.0,0.0,Sunny
2024-01-29 19:00:00,2024-01-29,19,20.7,43,46.4,10.0,0.0,Clear
2024-01-29 20:00:00,2024-01-29,20,19.7,44,9.0,10.0,0.0,Clear
2024-01-29 21:00:00,2024-01-29,21,18.5,44,2.0,10.0,0.0,Clear
2024-01-29 22:00:00,2024-01-29,22,16.9,50,4.0,10.0,0.0,Clear
2024-01-29 23:00:00,2024-01-29,23,18.0,53,3.6,10.0,0.0,Clear
2024-01-30 00:00:00,2024-01-30,0,13.3,53,23.5,10.0,0.0,Clear
2024-01-30 01:00:00,2024-01-30,1,12.0,57,6.9,10.0,0.0,Clear
2024-01-30 02:00:00,2024-01-30,2,13.6,68,60.0,10.0,0.0,Clear
2024-01-30 03:00:00,2024-01-30,3,11.7,62,3.5,10.0,0.0,Clear
2024-01-30 04:00:00,2024-01-30,4,13.7,69,3.9,10.0,0.0,Clear
2024-01-30 05:00:00,2024-01-30,5,13.1,72,6.9,10.0,0.0,Clear
2024-01-30 06:00:00,2024-01-30,6,15.0,73,6.3,10.0,0.0,Clear
2024-01-30 07:00:00,2024-01-30,7,13.9,72,20.9,10.0,0.0,Sunny
2024-01-30 08:00:00,2024-01-30,8,17.9,88,10.2,10.0,0.0,Hazy
2024-01-30 09:00:00,2024-01-30,9,19.3,80,15.6,10.0,0.0,Partly Cloudy
2024-01-30 10:00:00,2024-01-30,10,20.4,81,12.3,10.0,0.0,Sunny
2024-01-30 11:00:00,2024-01-30,11,20.8,82,12.3,10.0,0.0,Sunny
2024-01-30 12:00:00,2024-01-30,12,23.9,73,8.3,10.0,0.0,Hazy
2024-01-30 13:00:00,2024-01-30,13,25.5,71,22.0,10.0,0.0,Partly Cloudy
2024-01-30 14:00:00,2024-01-30,14,24.6,70,18.8,10.0,0.0,Sunny
2024-01-30 15:00:00,2024-01-30,15,24.9,63,4.8,10.0,0.0,Sunny
2024-01-30 16:00:00,2024-01-30,16,26.2,55,7.0,10.0,0.0,Sunny
2024-01-30 17:00:00,2024-01-30,17,26.7,58,4.4,10.0,0.0,Hazy
2024-01-30 18:00:00,2024-01-30,18,24.7,50,10.6,10.0,0.0,Sunny
2024-01-30 19:00:00,2024-01-30,19,22.5,50,13.3,10.0,0.0,Clear
2024-01-30 20:00:00,2024-01-30,20,20.4,48,6.3,10.0,0.0,Clear
2024-01-30 21:00:00,2024-01-30,21,19.0,51,7.1,10.0,0.0,Clear
2024-01-30 22:00:00,2024-01-30,22,15.7,49,4.8,10.0,0.0,Clear
2024-01-30 23:00:00,2024-01-30,23,15.6,46,4.0,10.0,0.0,Clear
2024-01-31 00:00:00,2024-01-31,0,15.7,57,6.9,10.0,0.0,Clear
2024-01-31 01:00:00,2024-01-31,1,13.4,54,8.5,10.0,0.0,Clear
2024-01-31 02:00:00,2024-01-31,2,12.0,57,4.7,10.0,0.0,Clear
2024-01-31 03:00:00,2024-01-31,3,11.6,61,3.7,0.4,0.0,Fog
2024-01-31 04:00:00,2024-01-31,4,12.7,60,38.7,0.7,0.0,Fog
2024-01-31 05:00:00,2024-01-31,5,11.9,72,6.5,1.1,0.0,Fog
2024-01-31 06:00:00,2024-01-31,6,13.3,79,11.3,0.6,0.0,Fog
2024-01-31 07:00:00,2024-01-31,7,17.6,75,15.0,0.5,0.0,Fog
2024-01-31 08:00:00,2024-01-31,8,16.1,89,12.3,0.3,0.0,Fog
2024-01-31 09:00:00,2024-01-31,9,18.0,74,16.2,10.0,0.0,Sunny
2024-01-31 10:00:00,2024-01-31,10,21.0,79,10.7,10.0,0.0,Sunny
2024-01-31 11:00:00,2024-01-31,11,21.7,75,2.2,10.0,0.0,Sunny
2024-01-31 12:00:00,2024-01-31,12,23.7,81,11.1,10.0,0.0,Sunny
2024-01-31 13:00:00,2024-01-31,13,25.7,77,7.6,10.0,0.0,Sunny
2024-01-31 14:00:00,2024-01-31,14,23.4,69,4.5,10.0,0.0,Hazy
2024-01-31 15:00:00,2024-01-31,15,26.4,59,31.3,10.0,0.0,Partly Cloudy
2024-01-31 16:00:00,2024-01-31,16,24.6,56,2.0,10.0,0.0,Sunny
2024-01-31 17:00:00,2024-01-31,17,24.3,57,13.7,10.0,0.0,Sunny
2024-01-31 18:00:00,2024-01-31,18,25.9,50,13.2,10.0,0.0,Sunny
2024-01-31 19:00:00,2024-01-31,19,20.6,47,26.3,10.0,0.0,Clear
2024-01-31 20:00:00,2024-01-31,20,21.4,47,12.1,10.0,0.0,Clear
2024-01-31 21:00:00,2024-01-31,21,20.4,45,6.0,10.0,0.0,Clear
2024-01-31 22:00:00,2024-01-31,22,16.5,41,2.0,10.0,0.0,Clear
2024-01-31 23:00:00,2024-01-31,23,14.9,44,2.0,10.0,0.0,Clear
2024-02-01 00:00:00,2024-02-01,0,16.0,45,6.6,10.0,0.0,Clear
2024-02-01 01:00:00,2024-02-01,1,14.5,51,23.4,10.0,0.0,Clear
2024-02-01 02:00:00,2024-02-01,2,14.8,59,2.1,10.0,0.0,Clear
2024-02-01 03:00:00,2024-02-01,3,15.6,63,10.9,10.0,0.0,Clear
2024-02-01 04:00:00,2024-02-01,4,14.3,72,21.9,10.0,0.0,Clear
2024-02-01 05:00:00,2024-02-01,5,16.5,66,29.6,10.0,0.0,Clear
2024-02-01 06:00:00,2024-02-01,6,18.1,77,8.0,10.0,0.0,Clear
2024-02-01 07:00:00,2024-02-01,7,18.3,75,19.8,10.0,0.0,Sunny
2024-02-01 08:00:00,2024-02-01,8,19.9,88,6.6,10.0,0.0,Partly Cloudy
2024-02-01 09:00:00,2024-02-01,9,20.3,81,14.0,10.0,0.0,Partly Cloudy
2024-02-01 10:00:00,2024-02-01,10,19.5,78,14.3,10.0,0.0,Sunny
2024-02-01 11:00:00,2024-02-01,11,25.0,80,4.3,10.0,0.0,Partly Cloudy
2024-02-01 12:00:00,2024-02-01,12,26.6,77,2.0,10.0,0.0,Hazy
2024-02-01 13:00:00,2024-02-01,13,26.9,70,10.7,10.0,0.0,Sunny
2024-02-01 14:00:00,2024-02-01,14,28.4,70,17.5,10.0,0.0,Sunny
2024-02-01 15:00:00,2024-02-01,15,26.8,69,20.7,10.0,0.0,Partly Cloudy
2024-02-01 16:00:00,2024-02-01,16,27.9,62,12.8,10.0,0.0,Sunny
2024-02-01 17:00:00,2024-02-01,17,28.4,53,16.7,10.0,0.0,Hazy
2024-02-01 18:00:00,2024-02-01,18,26.4,57,5.2,10.0,0.0,Sunny
2024-02-01 19:00:00,2024-02-01,19,25.9,49,21.9,10.0,0.0,Clear
2024-02-01 20:00:00,2024-02-01,20,24.3,41,18.6,10.0,0.0,Clear
2024-02-01 21:00:00,2024-02-01,21,19.5,45,15.1,10.0,0.0,Clear
2024-02-01 22:00:00,2024-02-01,22,20.2,45,5.6,10.0,0.0,Clear
2024-02-01 23:00:00,2024-02-01,23,17.0,45,10.0,10.0,0.0,Clear
2024-02-02 00:00:00,2024-02-02,0,15.1,52,7.5,10.0,0.0,Clear
2024-02-02 01:00:00,2024-02-02,1,15.0,46,8.0,10.0,0.0,Clear
2024-02-02 02:00:00,2024-02-02,2,16.8,65,16.1,10.0,0.0,Clear
2024-02-02 03:00:00,2024-02-02,3,13.8,65,15.1,10.0,0.0,Clear
2024-02-02 04:00:00,2024-02-02,4,12.6,60,2.0,10.0,0.0,Clear
2024-02-02 05:00:00,2024-02-02,5,13.6,74,5.5,10.0,0.0,Clear
2024-02-02 06:00:00,2024-02-02,6,17.0,78,13.2,10.0,0.0,Clear
2024-02-02 07:00:00,2024-02-02,7,16.8,84,8.2,10.0,0.0,Sunny
2024-02-02 08:00:00,2024-02-02,8,16.9,87,3.3,10.0,0.0,Sunny
2024-02-02 09:00:00,2024-02-02,9,19.3,89,20.2,10.0,0.0,Sunny
2024-02-02 10:00:00,2024-02-02,10,22.9,79,60.0,10.0,0.0,Sunny
2024-02-02 11:00:00,2024-02-02,11,25.2,81,3.3,10.0,0.0,Sunny
2024-02-02 12:00:00,2024-02-02,12,25.1,74,2.0,10.0,0.0,Sunny
2024-02-02 13:00:00,2024-02-02,13,27.4,76,28.3,10.0,0.0,Sunny
2024-02-02 14:00:00,2024-02-02,14,28.4,59,4.8,10.0,0.0,Sunny
2024-02-02 15:00:00,2024-02-02,15,26.6,58,16.9,10.0,0.0,Sunny
2024-02-02 16:00:00,2024-02-02,16,27.1,57,4.7,10.0,0.0,Hazy
2024-02-02 17:00:00,2024-02-02,17,25.9,54,32.6,10.0,0.0,Partly Cloudy
2024-02-02 18:00:00,2024-02-02,18,26.2,51,17.9,10.0,0.0,Sunny
2024-02-02 19:00:00,2024-02-02,19,23.5,53,4.8,10.0,0.0,Clear
2024-02-02 20:00:00,2024-02-02,20,21.2,43,4.1,10.0,0.0,Clear
2024-02-02 21:00:00,2024-02-02,21,21.1,40,4.5,10.0,0.0,Clear
2024-02-02 22:00:00,2024-02-02,22,20.7,44,6.6,10.0,0.0,Clear
2024-02-02 23:00:00,2024-02-02,23,18.4,45,20.9,10.0,0.0,Clear
2024-02-03 00:00:00,2024-02-03,0,17.6,52,2.0,10.0,0.0,Clear
2024-02-03 01:00:00,2024-02-03,1,16.5,60,5.5,10.0,0.0,Clear
2024-02-03 02:00:00,2024-02-03,2,14.8,64,18.2,10.0,0.0,Clear
2024-02-03 03:00:00,2024-02-03,3,13.8,67,18.6,10.0,0.0,Clear
2024-02-03 04:00:00,2024-02-03,4,13.7,65,22.5,10.0,0.0,Clear
2024-02-03 05:00:00,2024-02-03,5,13.5,71,2.5,10.0,0.0,Clear
2024-02-03 06:00:00,2024-02-03,6,17.8,77,7.8,10.0,0.0,Clear
2024-02-03 07:00:00,2024-02-03,7,17.4,76,5.1,10.0,0.0,Sunny
2024-02-03 08:00:00,2024-02-03,8,17.3,78,30.1,10.0,0.0,Sunny
2024-02-03 09:00:00,2024-02-03,9,22.5,82,10.7,10.0,0.0,Sunny
2024-02-03 10:00:00,2024-02-03,10,22.8,75,4.1,10.0,0.0,Sunny
2024-02-03 11:00:00,2024-02-03,11,25.4,83,28.9,10.0,0.0,Hazy
2024-02-03 12:00:00,2024-02-03,12,25.3,74,8.6,10.0,0.0,Partly Cloudy
2024-02-03 13:00:00,2024-02-03,13,25.7,74,10.5,10.0,0.0,Partly Cloudy
2024-02-03 14:00:00,2024-02-03,14,27.8,68,33.6,10.0,0.0,Sunny
2024-02-03 15:00:00,2024-02-03,15,28.1,68,11.1,10.0,0.0,Partly Cloudy
2024-02-03 16:00:00,2024-02-03,16,26.9,50,23.9,10.0,0.0,Partly Cloudy
2024-02-03 17:00:00,2024-02-03,17,28.2,59,6.7,10.0,0.0,Sunny
2024-02-03 18:00:00,2024-02-03,18,26.7,55,17.5,10.0,0.0,Sunny
2024-02-03 19:00:00,2024-02-03,19,24.9,49,11.8,10.0,0.0,Clear
2024-02-03 20:00:00,2024-02-03,20,21.4,48,19.8,10.0,0.0,Clear
2024-02-03 21:00:00,2024-02-03,21,19.5,47,10.7,10.0,0.0,Clear
2024-02-03 22:00:00,2024-02-03,22,20.8,42,10.5,10.0,0.0,Clear
2024-02-03 23:00:00,2024-02-03,23,15.1,48,23.1,10.0,0.0,Clear
2024-02-04 00:00:00,2024-02-04,0,16.3,54,5.4,10.0,0.0,Clear
2024-02-04 01:00:00,2024-02-04,1,15.5,47,6.0,10.0,0.0,Clear
2024-02-04 02:00:00,2024-02-04,2,14.1,60,37.4,10.0,0.0,Clear
2024-02-04 03:00:00,2024-02-04,3,14.5,63,5.1,10.0,0.0,Clear
2024-02-04 04:00:00,2024-02-04,4,15.2,70,7.0,10.0,0.0,Clear
2024-02-04 05:00:00,2024-02-04,5,14.7,67,5.2,10.0,0.0,Clear
2024-02-04 06:00:00,2024-02-04,6,17.5,73,6.2,10.0,0.0,Clear
2024-02-04 07:00:00,2024-02-04,7,18.4,73,2.3,10.0,0.0,Partly Cloudy
2024-02-04 08:00:00,2024-02-04,8,19.1,75,15.0,10.0,0.0,Sunny
2024-02-04 09:00:00,2024-02-04,9,20.0,84,17.0,10.0,0.0,Sunny
2024-02-04 10:00:00,2024-02-04,10,22.6,78,2.0,10.0,0.0,Hazy
2024-02-04 11:00:00,2024-02-04,11,26.8,76,7.4,10.0,0.0,Sunny
2024-02-04 12:00:00,2024-02-04,12,24.7,80,7.2,10.0,0.0,Sunny
2024-02-04 13:00:00,2024-02-04,13,28.5,71,3.4,10.0,0.0,Sunny
2024-02-04 14:00:00,2024-02-04,14,25.2,72,3.3,10.0,0.0,Sunny
2024-02-04 15:00:00,2024-02-04,15,26.5,59,7.1,10.0,0.0,Sunny
2024-02-04 16:00:00,2024-02-04,16,26.6,57,22.8,10.0,0.0,Partly Cloudy
2024-02-04 17:00:00,2024-02-04,17,27.8,50,12.1,10.0,0.0,Sunny
2024-02-04 18:00:00,2024-02-04,18,25.7,52,12.4,10.0,0.0,Hazy
2024-02-04 19:00:00,2024-02-04,19,25.8,47,5.8,10.0,0.0,Clear
2024-02-04 20:00:00,2024-02-04,20,22.3,49,3.5,10.0,0.0,Clear
2024-02-04 21:00:00,2024-02-04,21,20.9,46,33.6,10.0,0.0,Clear
2024-02-04 22:00:00,2024-02-04,22,18.9,38,22.1,10.0,0.0,Clear
2024-02-04 23:00:00,2024-02-04,23,20.2,46,21.1,10.0,0.0,Clear
2024-02-05 00:00:00,2024-02-05,0,15.1,44,12.6,10.0,0.0,Clear
2024-02-05 01:00:00,2024-02-05,1,14.8,55,19.6,10.0,0.0,Clear
2024-02-05 02:00:00,2024-02-05,2,13.5,61,16.0,10.0,0.0,Clear
2024-02-05 03:00:00,2024-02-05,3,15.2,66,4.1,10.0,0.0,Clear
2024-02-05 04:00:00,2024-02-05,4,13.4,67,34.3,10.0,0.0,Clear
2024-02-05 05:00:00,2024-02-05,5,17.6,65,19.8,10.0,0.0,Clear
2024-02-05 06:00:00,2024-02-05,6,16.5,77,8.6,10.0,0.0,Clear
2024-02-05 07:00:00,2024-02-05,7,18.2,80,3.1,10.0,0.0,Sunny
2024-02-05 08:00:00,2024-02-05,8,19.9,80,3.3,10.0,0.0,Sunny
2024-02-05 09:00:00,2024-02-05,9,21.0,81,12.6,10.0,0.0,Partly Cloudy
2024-02-05 10:00:00,2024-02-05,10,22.8,73,9.2,10.0,0.0,Sunny
2024-02-05 11:00:00,2024-02-05,11,24.4,79,6.1,10.0,0.0,Sunny
2024-02-05 12:00:00,2024-02-05,12,26.2,75,12.3,10.0,0.0,Sunny
2024-02-05 13:00:00,2024-02-05,13,25.6,67,10.0,10.0,0.0,Sunny
2024-02-05 14:00:00,2024-02-05,14,26.1,70,8.3,10.0,0.0,Sunny
2024-02-05 15:00:00,2024-02-05,15,28.5,61,3.5,10.0,0.0,Sunny
2024-02-05 16:00:00,2024-02-05,16,27.3,59,10.0,10.0,0.0,Hazy
2024-02-05 17:00:00,2024-02-05,17,24.2,56,25.2,10.0,0.0,Sunny
2024-02-05 18:00:00,2024-02-05,18,25.0,52,3.2,10.0,0.0,Sunny
2024-02-05 19:00:00,2024-02-05,19,26.1,42,24.0,10.0,0.0,Clear
2024-02-05 20:00:00,2024-02-05,20,22.5,44,24.7,10.0,0.0,Clear
2024-02-05 21:00:00,2024-02-05,21,20.4,54,11.6,10.0,0.0,Clear
2024-02-05 22:00:00,2024-02-05,22,17.5,51,11.7,10.0,0.0,Clear
2024-02-05 23:00:00,2024-02-05,23,17.1,51,10.7,10.0,0.0,Clear
2024-02-06 00:00:00,2024-02-06,0,15.0,51,13.5,10.0,0.0,Clear
2024-02-06 01:00:00,2024-02-06,1,15.9,50,7.3,10.0,0.0,Clear
2024-02-06 02:00:00,2024-02-06,2,14.8,58,15.6,10.0,0.0,Clear
2024-02-06 03:00:00,2024-02-06,3,14.1,61,2.0,10.0,0.0,Clear
2024-02-06 04:00:00,2024-02-06,4,13.8,67,41.6,10.0,0.0,Clear
2024-02-06 05:00:00,2024-02-06,5,17.2,66,17.8,10.0,0.0,Clear
2024-02-06 06:00:00,2024-02-06,6,15.6,80,12.3,10.0,0.0,Clear
2024-02-06 07:00:00,2024-02-06,7,16.9,68,17.4,10.0,0.0,Partly Cloudy
2024-02-06 08:00:00,2024-02-06,8,19.0,84,10.8,10.0,0.0,Sunny
2024-02-06 09:00:00,2024-02-06,9,20.9,85,16.5,10.0,0.0,Sunny
2024-02-06 10:00:00,2024-02-06,10,23.3,90,10.8,10.0,0.0,Sunny
2024-02-06 11:00:00,2024-02-06,11,25.4,78,7.5,10.0,0.0,Sunny
2024-02-06 12:00:00,2024-02-06,12,26.6,74,14.4,10.0,0.0,Sunny
2024-02-06 13:00:00,2024-02-06,13,29.5,72,12.5,10.0,0.0,Sunny
2024-02-06 14:00:00,2024-02-06,14,25.2,70,15.4,10.0,0.0,Sunny
2024-02-06 15:00:00,2024-02-06,15,27.8,63,6.6,10.0,0.0,Sunny
2024-02-06 16:00:00,2024-02-06,16,26.7,54,2.0,10.0,0.0,Sunny
2024-02-06 17:00:00,2024-02-06,17,29.0,56,11.9,10.0,0.0,Sunny
2024-02-06 18:00:00,2024-02-06,18,25.8,50,17.1,10.0,0.0,Sunny
2024-02-06 19:00:00,2024-02-06,19,21.8,43,34.2,10.0,0.0,Clear
2024-02-06 20:00:00,2024-02-06,20,23.2,39,14.2,10.0,0.0,Clear
2024-02-06 21:00:00,2024-02-06,21,21.3,55,4.7,10.0,0.0,Clear
2024-02-06 22:00:00,2024-02-06,22,20.2,49,23.1,10.0,0.0,Clear
2024-02-06 23:00:00,2024-02-06,23,16.9,50,11.2,10.0,0.0,Clear
2024-02-07 00:00:00,2024-02-07,0,16.8,50,23.3,10.0,0.0,Clear
2024-02-07 01:00:00,2024-02-07,1,15.0,57,6.4,10.0,0.0,Clear
2024-02-07 02:00:00,2024-02-07,2,13.9,54,9.3,10.0,0.0,Clear
2024-02-07 03:00:00,2024-02-07,3,14.9,64,18.0,10.0,0.0,Clear
2024-02-07 04:00:00,2024-02-07,4,14.9,69,19.6,10.0,0.0,Clear
2024-02-07 05:00:00,2024-02-07,5,16.6,68,13.3,10.0,0.0,Clear
2024-02-07 06:00:00,2024-02-07,6,16.4,75,15.1,10.0,0.0,Clear
2024-02-07 07:00:00,2024-02-07,7,18.5,77,19.2,10.0,0.0,Sunny
2024-02-07 08:00:00,2024-02-07,8,17.9,77,10.2,10.0,0.0,Partly Cloudy
2024-02-07 09:00:00,2024-02-07,9,22.7,79,11.3,10.0,0.0,Partly Cloudy
2024-02-07 10:00:00,2024-02-07,10,21.7,74,33.6,10.0,0.0,Sunny
2024-02-07 11:00:00,2024-02-07,11,25.3,83,6.5,10.0,0.0,Sunny
2024-02-07 12:00:00,2024-02-07,12,25.9,82,2.7,10.0,0.0,Sunny
2024-02-07 13:00:00,2024-02-07,13,26.8,68,11.4,10.0,0.0,Sunny
2024-02-07 14:00:00,2024-02-07,14,28.2,72,11.1,10.0,0.0,Sunny
2024-02-07 15:00:00,2024-02-07,15,24.9,63,3.6,10.0,0.0,Sunny
2024-02-07 16:00:00,2024-02-07,16,26.6,58,10.6,10.0,0.0,Partly Cloudy
2024-02-07 17:00:00,2024-02-07,17,27.5,49,2.7,10.0,0.0,Sunny
2024-02-07 18:00:00,2024-02-07,18,27.9,48,6.1,10.0,0.0,Sunny
2024-02-07 19:00:00,2024-02-07,19,24.2,50,14.0,10.0,0.0,Clear
2024-02-07 20:00:00,2024-02-07,20,19.8,42,2.9,10.0,0.0,Clear
2024-02-07 21:00:00,2024-02-07,21,20.6,42,8.4,10.0,0.0,Clear
2024-02-07 22:00:00,2024-02-07,22,19.2,44,2.0,10.0,0.0,Clear
2024-02-07 23:00:00,2024-02-07,23,19.1,34,6.6,10.0,0.0,Clear
2024-02-08 00:00:00,2024-02-08,0,16.5,52,23.0,10.0,0.0,Clear
2024-02-08 01:00:00,2024-02-08,1,13.8,57,43.9,10.0,0.0,Clear
2024-02-08 02:00:00,2024-02-08,2,15.9,60,9.2,10.0,0.0,Clear
2024-02-08 03:00:00,2024-02-08,3,15.2,67,13.6,10.0,0.0,Clear
2024-02-08 04:00:00,2024-02-08,4,13.9,66,3.7,10.0,0.0,Clear
2024-02-08 05:00:00,2024-02-08,5,16.2,79,13.0,10.0,0.0,Clear
2024-02-08 06:00:00,2024-02-08,6,15.7,72,25.8,10.0,0.0,Clear
2024-02-08 07:00:00,2024-02-08,7,17.4,78,10.6,10.0,0.0,Sunny
2024-02-08 08:00:00,2024-02-08,8,18.7,79,21.1,10.0,0.0,Sunny
2024-02-08 09:00:00,2024-02-08,9,20.6,82,6.1,10.0,0.0,Hazy
2024-02-08 10:00:00,2024-02-08,10,23.8,79,2.0,10.0,0.0,Sunny
2024-02-08 11:00:00,2024-02-08,11,22.1,78,7.8,10.0,0.0,Partly Cloudy
2024-02-08 12:00:00,2024-02-08,12,26.9,73,5.9,10.0,0.0,Hazy
2024-02-08 13:00:00,2024-02-08,13,26.8,70,20.1,10.0,0.0,Sunny
2024-02-08 14:00:00,2024-02-08,14,26.8,59,20.4,10.0,0.0,Sunny
2024-02-08 15:00:00,2024-02-08,15,27.5,66,3.5,10.0,0.0,Sunny
2024-02-08 16:00:00,2024-02-08,16,26.2,54,14.6,10.0,0.0,Sunny
2024-02-08 17:00:00,2024-02-08,17,24.7,52,17.6,10.0,0.0,Sunny
2024-02-08 18:00:00,2024-02-08,18,24.5,46,6.9,10.0,0.0,Sunny
2024-02-08 19:00:00,2024-02-08,19,22.0,50,11.3,10.0,0.0,Clear
2024-02-08 20:00:00,2024-02-08,20,21.1,43,16.2,10.0,0.0,Clear
2024-02-08 21:00:00,2024-02-08,21,19.1,35,21.8,10.0,0.0,Clear
2024-02-08 22:00:00,2024-02-08,22,20.8,47,11.6,10.0,0.0,Clear
2024-02-08 23:00:00,2024-02-08,23,16.2,44,13.9,10.0,0.0,Clear
2024-02-09 00:00:00,2024-02-09,0,16.4,50,17.5,10.0,0.0,Clear
2024-02-09 01:00:00,2024-02-09,1,16.7,57,3.5,10.0,0.0,Clear
2024-02-09 02:00:00,2024-02-09,2,15.7,54,2.0,10.0,0.0,Clear
2024-02-09 03:00:00,2024-02-09,3,14.1,63,15.8,10.0,0.0,Clear
2024-02-09 04:00:00,2024-02-09,4,14.4,65,11.8,10.0,0.0,Clear
2024-02-09 05:00:00,2024-02-09,5,15.6,76,3.2,10.0,0.0,Clear
2024-02-09 06:00:00,2024-02-09,6,18.9,76,16.6,10.0,0.0,Clear
2024-02-09 07:00:00,2024-02-09,7,18.2,78,3.1,10.0,0.0,Sunny
2024-02-09 08:00:00,2024-02-09,8,20.1,75,11.1,10.0,0.0,Sunny
2024-02-09 09:00:00,2024-02-09,9,23.7,84,16.1,10.0,0.0,Sunny
2024-02-09 10:00:00,2024-02-09,10,23.0,84,20.4,10.0,0.0,Sunny
2024-02-09 11:00:00,2024-02-09,11,25.6,76,7.8,10.0,0.0,Sunny
2024-02-09 12:00:00,2024-02-09,12,26.2,76,19.4,10.0,0.0,Partly Cloudy
2024-02-09 13:00:00,2024-02-09,13,27.2,74,8.7,10.0,0.0,Sunny
2024-02-09 14:00:00,2024-02-09,14,26.1,77,4.7,10.0,0.0,Partly Cloudy
2024-02-09 15:00:00,2024-02-09,15,26.1,65,6.1,10.0,0.0,Sunny
2024-02-09 16:00:00,2024-02-09,16,26.7,58,7.0,10.0,0.0,Sunny
2024-02-09 17:00:00,2024-02-09,17,27.7,53,2.0,10.0,0.0,Sunny
2024-02-09 18:00:00,2024-02-09,18,26.6,50,17.4,10.0,0.0,Sunny
2024-02-09 19:00:00,2024-02-09,19,25.8,50,13.5,10.0,0.0,Clear
2024-02-09 20:00:00,2024-02-09,20,22.7,42,6.2,10.0,0.0,Clear
2024-02-09 21:00:00,2024-02-09,21,21.6,49,14.3,10.0,0.0,Clear
2024-02-09 22:00:00,2024-02-09,22,20.0,39,3.0,10.0,0.0,Clear
2024-02-09 23:00:00,2024-02-09,23,17.6,50,14.8,10.0,0.0,Clear
2024-02-10 00:00:00,2024-02-10,0,16.0,54,16.8,10.0,0.0,Clear
2024-02-10 01:00:00,2024-02-10,1,13.6,57,2.5,10.0,0.0,Clear
2024-02-10 02:00:00,2024-02-10,2,14.5,59,18.3,10.0,0.0,Clear
2024-02-10 03:00:00,2024-02-10,3,14.4,65,8.8,10.0,0.0,Clear
2024-02-10 04:00:00,2024-02-10,4,16.1,66,8.8,10.0,0.0,Clear
2024-02-10 05:00:00,2024-02-10,5,16.9,68,2.6,10.0,0.0,Clear
2024-02-10 06:00:00,2024-02-10,6,16.6,77,20.7,10.0,0.0,Clear
2024-02-10 07:00:00,2024-02-10,7,20.2,79,20.8,10.0,0.0,Sunny
2024-02-10 08:00:00,2024-02-10,8,19.5,84,28.2,10.0,0.0,Sunny
2024-02-10 09:00:00,2024-02-10,9,22.2,80,22.3,10.0,0.0,Sunny
2024-02-10 10:00:00,2024-02-10,10,22.6,81,11.7,10.0,0.0,Partly Cloudy
2024-02-10 11:00:00,2024-02-10,11,22.9,80,12.9,10.0,0.0,Sunny
2024-02-10 12:00:00,2024-02-10,12,25.1,78,2.0,10.0,0.0,Sunny
2024-02-10 13:00:00,2024-02-10,13,28.4,76,2.0,10.0,0.0,Sunny
2024-02-10 14:00:00,2024-02-10,14,27.0,64,9.3,10.0,0.0,Partly Cloudy
2024-02-10 15:00:00,2024-02-10,15,26.9,66,9.0,10.0,0.0,Hazy
2024-02-10 16:00:00,2024-02-10,16,27.3,58,4.5,10.0,0.0,Hazy
2024-02-10 17:00:00,2024-02-10,17,26.2,57,9.6,10.0,0.0,Partly Cloudy
2024-02-10 18:00:00,2024-02-10,18,27.0,56,5.3,10.0,0.0,Sunny
2024-02-10 19:00:00,2024-02-10,19,26.5,39,20.9,10.0,0.0,Clear
2024-02-10 20:00:00,2024-02-10,20,22.7,50,10.9,10.0,0.0,Clear
2024-02-10 21:00:00,2024-02-10,21,21.6,45,5.8,10.0,0.0,Clear
2024-02-10 22:00:00,2024-02-10,22,20.5,42,20.9,10.0,0.0,Clear
2024-02-10 23:00:00,2024-02-10,23,17.9,46,3.0,10.0,0.0,Clear
2024-02-11 00:00:00,2024-02-11,0,15.4,46,36.3,10.0,0.0,Clear
2024-02-11 01:00:00,2024-02-11,1,14.9,56,12.1,10.0,0.0,Clear
2024-02-11 02:00:00,2024-02-11,2,15.2,54,9.1,10.0,0.0,Clear
2024-02-11 03:00:00,2024-02-11,3,15.0,68,2.0,10.0,0.0,Clear
2024-02-11 04:00:00,2024-02-11,4,12.6,70,10.1,10.0,0.0,Clear
2024-02-11 05:00:00,2024-02-11,5,14.8,73,8.5,10.0,0.0,Clear
2024-02-11 06:00:00,2024-02-11,6,15.5,68,15.8,10.0,0.0,Clear
2024-02-11 07:00:00,2024-02-11,7,18.8,73,9.1,10.0,0.0,Sunny
2024-02-11 08:00:00,2024-02-11,8,18.5,80,3.1,10.0,0.0,Sunny
2024-02-11 09:00:00,2024-02-11,9,20.4,81,8.0,10.0,0.0,Partly Cloudy
2024-02-11 10:00:00,2024-02-11,10,22.1,84,5.3,10.0,0.0,Sunny
2024-02-11 11:00:00,2024-02-11,11,25.2,67,3.0,10.0,0.0,Sunny
2024-02-11 12:00:00,2024-02-11,12,26.8,73,23.2,10.0,0.0,Sunny
2024-02-11 13:00:00,2024-02-11,13,27.2,75,2.0,10.0,0.0,Sunny
2024-02-11 14:00:00,2024-02-11,14,28.6,66,21.3,10.0,0.0,Sunny
2024-02-11 15:00:00,2024-02-11,15,29.0,61,10.5,10.0,0.0,Sunny
2024-02-11 16:00:00,2024-02-11,16,25.1,52,16.9,10.0,0.0,Sunny
2024-02-11 17:00:00,2024-02-11,17,27.3,58,24.5,10.0,0.0,Sunny
2024-02-11 18:00:00,2024-02-11,18,25.2,48,5.9,10.0,0.0,Partly Cloudy
2024-02-11 19:00:00,2024-02-11,19,22.7,52,10.9,10.0,0.0,Clear
2024-02-11 20:00:00,2024-02-11,20,22.3,51,6.4,10.0,0.0,Clear
2024-02-11 21:00:00,2024-02-11,21,21.9,50,8.5,10.0,0.0,Clear
2024-02-11 22:00:00,2024-02-11,22,21.1,45,16.0,10.0,0.0,Clear
2024-02-11 23:00:00,2024-02-11,23,16.1,45,9.7,10.0,0.0,Clear
2024-02-12 00:00:00,2024-02-12,0,17.1,48,10.8,10.0,0.0,Clear
2024-02-12 01:00:00,2024-02-12,1,17.7,62,4.2,10.0,0.0,Clear
2024-02-12 02:00:00,2024-02-12,2,16.9,57,9.3,10.0,0.0,Clear
2024-02-12 03:00:00,2024-02-12,3,10.4,67,6.9,10.0,0.0,Clear
2024-02-12 04:00:00,2024-02-12,4,17.3,70,10.2,10.0,0.0,Clear
2024-02-12 05:00:00,2024-02-12,5,16.5,70,3.9,10.0,0.0,Clear
2024-02-12 06:00:00,2024-02-12,6,13.6,75,6.0,10.0,0.0,Clear
2024-02-12 07:00:00,2024-02-12,7,16.8,83,12.2,10.0,0.0,Sunny
2024-02-12 08:00:00,2024-02-12,8,20.8,81,15.3,10.0,0.0,Sunny
2024-02-12 09:00:00,2024-02-12,9,21.4,79,11.4,10.0,0.0,Sunny
2024-02-12 10:00:00,2024-02-12,10,22.0,77,7.9,10.0,0.0,Sunny
2024-02-12 11:00:00,2024-02-12,11,24.3,80,5.7,10.0,0.0,Partly Cloudy
2024-02-12 12:00:00,2024-02-12,12,26.3,74,2.0,10.0,0.0,Sunny
2024-02-12 13:00:00,2024-02-12,13,25.9,74,23.7,10.0,0.0,Partly Cloudy
2024-02-12 14:00:00,2024-02-12,14,27.1,78,20.2,10.0,0.0,Sunny
2024-02-12 15:00:00,2024-02-12,15,28.6,65,26.1,10.0,0.0,Partly Cloudy
2024-02-12 16:00:00,2024-02-12,16,26.4,66,25.6,10.0,0.0,Sunny
2024-02-12 17:00:00,2024-02-12,17,25.0,51,12.6,10.0,0.0,Sunny
2024-02-12 18:00:00,2024-02-12,18,24.8,53,41.8,10.0,0.0,Sunny
2024-02-12 19:00:00,2024-02-12,19,23.2,52,8.7,10.0,0.0,Clear
2024-02-12 20:00:00,2024-02-12,20,22.0,51,10.9,10.0,0.0,Clear
2024-02-12 21:00:00,2024-02-12,21,18.9,50,5.8,10.0,0.0,Clear
2024-02-12 22:00:00,2024-02-12,22,19.6,46,2.9,10.0,0.0,Clear
2024-02-12 23:00:00,2024-02-12,23,18.8,51,6.8,10.0,0.0,Clear
2024-02-13 00:00:00,2024-02-13,0,15.4,46,6.5,10.0,0.0,Clear
2024-02-13 01:00:00,2024-02-13,1,14.6,60,16.9,10.0,0.0,Clear
2024-02-13 02:00:00,2024-02-13,2,14.5,55,11.7,10.0,0.0,Clear
2024-02-13 03:00:00,2024-02-13,3,13.4,68,14.2,10.0,0.0,Clear
2024-02-13 04:00:00,2024-02-13,4,15.9,72,12.7,10.0,0.0,Clear
2024-02-13 05:00:00,2024-02-13,5,14.3,76,12.9,10.0,0.0,Clear
2024-02-13 06:00:00,2024-02-13,6,15.8,84,6.0,10.0,0.0,Clear
2024-02-13 07:00:00,2024-02-13,7,16.8,83,12.4,10.0,0.0,Hazy
2024-02-13 08:00:00,2024-02-13,8,20.5,75,17.7,10.0,0.0,Sunny
2024-02-13 09:00:00,2024-02-13,9,20.7,83,22.8,10.0,0.0,Partly Cloudy
2024-02-13 10:00:00,2024-02-13,10,25.1,73,20.1,10.0,0.0,Sunny
2024-02-13 11:00:00,2024-02-13,11,24.7,78,15.7,10.0,0.0,Partly Cloudy
2024-02-13 12:00:00,2024-02-13,12,27.0,74,11.6,10.0,0.0,Partly Cloudy
2024-02-13 13:00:00,2024-02-13,13,26.2,75,7.3,10.0,0.0,Sunny
2024-02-13 14:00:00,2024-02-13,14,26.1,64,12.9,10.0,0.0,Sunny
2024-02-13 15:00:00,2024-02-13,15,27.5,60,26.8,10.0,0.0,Sunny
2024-02-13 16:00:00,2024-02-13,16,26.5,60,8.2,10.0,0.0,Partly Cloudy
2024-02-13 17:00:00,2024-02-13,17,24.2,59,31.0,10.0,0.0,Sunny
2024-02-13 18:00:00,2024-02-13,18,26.8,50,13.3,10.0,0.0,Hazy
2024-02-13 19:00:00,2024-02-13,19,24.3,57,23.6,10.0,0.0,Clear
2024-02-13 20:00:00,2024-02-13,20,21.8,44,6.4,10.0,0.0,Clear
2024-02-13 21:00:00,2024-02-13,21,21.5,48,5.8,10.0,0.0,Clear
2024-02-13 22:00:00,2024-02-13,22,19.4,47,3.2,10.0,0.0,Clear
2024-02-13 23:00:00,2024-02-13,23,19.4,46,26.6,10.0,0.0,Clear
2024-02-14 00:00:00,2024-02-14,0,16.9,56,13.3,10.0,0.0,Clear
2024-02-14 01:00:00,2024-02-14,1,15.2,50,17.5,10.0,0.0,Clear
2024-02-14 02:00:00,2024-02-14,2,15.6,50,10.9,10.0,0.0,Clear
2024-02-14 03:00:00,2024-02-14,3,14.5,62,11.7,10.0,0.0,Clear
2024-02-14 04:00:00,2024-02-14,4,14.9,67,2.7,10.0,0.0,Clear
2024-02-14 05:00:00,2024-02-14,5,16.8,76,13.4,10.0,0.0,Clear
2024-02-14 06:00:00,2024-02-14,6,15.0,71,18.9,10.0,0.0,Clear
2024-02-14 07:00:00,2024-02-14,7,16.7,81,2.0,10.0,0.0,Sunny
2024-02-14 08:00:00,2024-02-14,8,18.8,82,7.3,10.0,0.0,Sunny
2024-02-14 09:00:00,2024-02-14,9,20.7,82,5.2,10.0,0.0,Sunny
2024-02-14 10:00:00,2024-02-14,10,24.1,85,15.5,10.0,0.0,Sunny
2024-02-14 11:00:00,2024-02-14,11,22.6,78,14.9,10.0,0.0,Sunny
2024-02-14 12:00:00,2024-02-14,12,25.6,76,17.5,10.0,0.0,Sunny
2024-02-14 13:00:00,2024-02-14,13,26.0,74,11.1,10.0,0.0,Sunny
2024-02-14 14:00:00,2024-02-14,14,29.3,67,2.0,10.0,0.0,Sunny
2024-02-14 15:00:00,2024-02-14,15,28.6,58,12.8,10.0,0.0,Sunny
2024-02-14 16:00:00,2024-02-14,16,27.6,57,2.9,10.0,0.0,Partly Cloudy
2024-02-14 17:00:00,2024-02-14,17,27.8,53,14.7,10.0,0.0,Sunny
2024-02-14 18:00:00,2024-02-14,18,24.0,48,3.0,10.0,0.0,Sunny
2024-02-14 19:00:00,2024-02-14,19,26.7,46,4.3,10.0,0.0,Clear
2024-02-14 20:00:00,2024-02-14,20,21.7,46,21.9,10.0,0.0,Clear
2024-02-14 21:00:00,2024-02-14,21,22.5,44,9.4,10.0,0.0,Clear
2024-02-14 22:00:00,2024-02-14,22,20.0,49,9.6,10.0,0.0,Clear
2024-02-14 23:00:00,2024-02-14,23,18.1,51,4.2,10.0,0.0,Clear
2024-02-15 00:00:00,2024-02-15,0,17.9,41,20.4,10.0,0.0,Clear
2024-02-15 01:00:00,2024-02-15,1,16.6,48,13.4,10.0,0.0,Clear
2024-02-15 02:00:00,2024-02-15,2,14.9,49,12.7,10.0,0.0,Clear
2024-02-15 03:00:00,2024-02-15,3,14.0,62,3.6,10.0,0.0,Clear
2024-02-15 04:00:00,2024-02-15,4,14.9,66,11.0,10.0,0.0,Clear
2024-02-15 05:00:00,2024-02-15,5,15.2,73,46.3,10.0,0.0,Clear
2024-02-15 06:00:00,2024-02-15,6,16.8,79,5.7,10.0,0.0,Clear
2024-02-15 07:00:00,2024-02-15,7,19.0,78,21.5,10.0,0.0,Partly Cloudy
2024-02-15 08:00:00,2024-02-15,8,19.9,78,2.0,10.0,0.0,Sunny
2024-02-15 09:00:00,2024-02-15,9,21.2,81,17.1,10.0,0.0,Sunny
2024-02-15 10:00:00,2024-02-15,10,21.9,78,13.8,10.0,0.0,Partly Cloudy
2024-02-15 11:00:00,2024-02-15,11,24.6,73,8.7,10.0,0.0,Sunny
2024-02-15 12:00:00,2024-02-15,12,23.6,80,13.3,10.0,0.0,Sunny
2024-02-15 13:00:00,2024-02-15,13,25.7,74,13.5,10.0,0.0,Sunny
2024-02-15 14:00:00,2024-02-15,14,28.0,73,13.5,10.0,0.0,Sunny
2024-02-15 15:00:00,2024-02-15,15,28.6,58,7.5,10.0,0.0,Sunny
2024-02-15 16:00:00,2024-02-15,16,27.3,52,6.8,10.0,0.0,Sunny
2024-02-15 17:00:00,2024-02-15,17,26.9,50,5.1,10.0,0.0,Sunny
2024-02-15 18:00:00,2024-02-15,18,26.0,52,2.4,10.0,0.0,Sunny
2024-02-15 19:00:00,2024-02-15,19,25.1,51,9.6,10.0,0.0,Clear
2024-02-15 20:00:00,2024-02-15,20,22.4,47,19.6,10.0,0.0,Clear
2024-02-15 21:00:00,2024-02-15,21,19.8,46,6.5,10.0,0.0,Clear
2024-02-15 22:00:00,2024-02-15,22,19.8,49,3.6,10.0,0.0,Clear
2024-02-15 23:00:00,2024-02-15,23,20.1,46,5.2,10.0,0.0,Clear
2024-02-16 00:00:00,2024-02-16,0,15.3,54,10.8,10.0,0.0,Clear
2024-02-16 01:00:00,2024-02-16,1,15.2,62,10.8,10.0,0.0,Clear
2024-02-16 02:00:00,2024-02-16,2,14.3,54,4.7,10.0,0.0,Clear
2024-02-16 03:00:00,2024-02-16,3,17.4,62,9.7,10.0,0.0,Clear
2024-02-16 04:00:00,2024-02-16,4,13.6,62,8.5,10.0,0.0,Clear
2024-02-16 05:00:00,2024-02-16,5,15.2,68,14.6,10.0,0.0,Clear
2024-02-16 06:00:00,2024-02-16,6,16.0,77,25.1,10.0,0.0,Clear
2024-02-16 07:00:00,2024-02-16,7,16.2,72,6.3,10.0,0.0,Sunny
2024-02-16 08:00:00,2024-02-16,8,17.7,77,5.5,10.0,0.0,Sunny
2024-02-16 09:00:00,2024-02-16,9,21.7,85,10.7,10.0,0.0,Sunny
2024-02-16 10:00:00,2024-02-16,10,23.5,81,12.3,10.0,0.0,Sunny
2024-02-16 11:00:00,2024-02-16,11,23.6,82,15.2,10.0,0.0,Sunny
2024-02-16 12:00:00,2024-02-16,12,27.3,71,2.0,10.0,0.0,Sunny
2024-02-16 13:00:00,2024-02-16,13,23.9,72,35.0,10.0,0.0,Hazy
2024-02-16 14:00:00,2024-02-16,14,25.8,75,7.8,10.0,0.0,Sunny
2024-02-16 15:00:00,2024-02-16,15,26.5,60,5.8,10.0,0.0,Partly Cloudy
2024-02-16 16:00:00,2024-02-16,16,27.3,56,3.6,10.0,0.0,Sunny
2024-02-16 17:00:00,2024-02-16,17,26.1,56,6.6,10.0,0.0,Sunny
2024-02-16 18:00:00,2024-02-16,18,25.4,47,2.3,10.0,0.0,Sunny
2024-02-16 19:00:00,2024-02-16,19,24.8,50,21.4,10.0,0.0,Clear
2024-02-16 20:00:00,2024-02-16,20,24.4,38,8.7,10.0,0.0,Clear
2024-02-16 21:00:00,2024-02-16,21,22.0,35,5.6,10.0,0.0,Clear
2024-02-16 22:00:00,2024-02-16,22,19.4,47,18.6,10.0,0.0,Clear
2024-02-16 23:00:00,2024-02-16,23,17.7,43,8.2,10.0,0.0,Clear
2024-02-17 00:00:00,2024-02-17,0,17.7,48,5.5,10.0,0.0,Clear
2024-02-17 01:00:00,2024-02-17,1,17.6,58,28.3,10.0,0.0,Clear
2024-02-17 02:00:00,2024-02-17,2,15.5,61,6.8,10.0,0.0,Clear
2024-02-17 03:00:00,2024-02-17,3,13.9,58,2.0,0.6,0.0,Fog
2024-02-17 04:00:00,2024-02-17,4,15.0,70,9.7,0.9,0.0,Fog
2024-02-17 05:00:00,2024-02-17,5,16.1,71,8.7,0.9,0.0,Fog
2024-02-17 06:00:00,2024-02-17,6,15.7,77,5.7,0.9,0.0,Fog
2024-02-17 07:00:00,2024-02-17,7,18.8,79,5.0,0.8,0.0,Fog
2024-02-17 08:00:00,2024-02-17,8,19.6,74,10.3,0.4,0.0,Fog
2024-02-17 09:00:00,2024-02-17,9,22.4,78,6.9,10.0,0.0,Sunny
2024-02-17 10:00:00,2024-02-17,10,21.5,71,7.8,10.0,0.0,Hazy
2024-02-17 11:00:00,2024-02-17,11,22.2,79,11.9,10.0,0.0,Sunny
2024-02-17 12:00:00,2024-02-17,12,25.1,77,7.4,10.0,0.0,Sunny
2024-02-17 13:00:00,2024-02-17,13,26.7,69,6.0,10.0,0.0,Sunny
2024-02-17 14:00:00,2024-02-17,14,25.1,67,15.4,10.0,0.0,Sunny
2024-02-17 15:00:00,2024-02-17,15,26.8,59,6.9,10.0,0.0,Sunny
2024-02-17 16:00:00,2024-02-17,16,28.8,63,5.7,10.0,0.0,Sunny
2024-02-17 17:00:00,2024-02-17,17,27.3,49,2.9,10.0,0.0,Sunny
2024-02-17 18:00:00,2024-02-17,18,25.8,49,4.6,10.0,0.0,Sunny
2024-02-17 19:00:00,2024-02-17,19,23.0,42,3.4,10.0,0.0,Clear
2024-02-17 20:00:00,2024-02-17,20,24.2,47,2.7,10.0,0.0,Clear
2024-02-17 21:00:00,2024-02-17,21,20.5,49,5.0,10.0,0.0,Clear
2024-02-17 22:00:00,2024-02-17,22,19.4,37,12.2,10.0,0.0,Clear
2024-02-17 23:00:00,2024-02-17,23,18.2,50,9.4,10.0,0.0,Clear
2024-02-18 00:00:00,2024-02-18,0,16.6,57,7.3,10.0,0.0,Clear
2024-02-18 01:00:00,2024-02-18,1,17.2,55,13.2,10.0,0.0,Clear
2024-02-18 02:00:00,2024-02-18,2,15.4,56,6.1,10.0,0.0,Clear
2024-02-18 03:00:00,2024-02-18,3,14.9,63,11.6,10.0,0.0,Clear
2024-02-18 04:00:00,2024-02-18,4,14.6,65,15.0,10.0,0.0,Clear
2024-02-18 05:00:00,2024-02-18,5,15.9,80,2.0,10.0,0.0,Clear
2024-02-18 06:00:00,2024-02-18,6,16.2,79,9.3,10.0,0.0,Clear
2024-02-18 07:00:00,2024-02-18,7,18.0,82,12.7,10.0,0.0,Sunny
2024-02-18 08:00:00,2024-02-18,8,18.9,89,12.1,10.0,0.0,Sunny
2024-02-18 09:00:00,2024-02-18,9,20.4,86,9.7,10.0,0.0,Partly Cloudy
2024-02-18 10:00:00,2024-02-18,10,21.6,80,6.4,10.0,0.0,Sunny
2024-02-18 11:00:00,2024-02-18,11,23.9,79,8.0,10.0,0.0,Sunny
2024-02-18 12:00:00,2024-02-18,12,25.2,85,22.3,10.0,0.0,Partly Cloudy
2024-02-18 13:00:00,2024-02-18,13,28.8,69,2.0,10.0,0.0,Hazy
2024-02-18 14:00:00,2024-02-18,14,28.5,67,5.3,10.0,0.0,Partly Cloudy
2024-02-18 15:00:00,2024-02-18,15,27.3,59,9.4,10.0,0.0,Sunny
2024-02-18 16:00:00,2024-02-18,16,26.8,51,2.8,10.0,0.0,Hazy
2024-02-18 17:00:00,2024-02-18,17,27.4,50,7.6,10.0,0.0,Sunny
2024-02-18 18:00:00,2024-02-18,18,27.9,47,15.5,10.0,0.0,Sunny
2024-02-18 19:00:00,2024-02-18,19,25.2,45,13.8,10.0,0.0,Clear
2024-02-18 20:00:00,2024-02-18,20,20.6,48,9.2,10.0,0.0,Clear
2024-02-18 21:00:00,2024-02-18,21,22.0,45,10.6,10.0,0.0,Clear
2024-02-18 22:00:00,2024-02-18,22,20.6,50,2.0,10.0,0.0,Clear
2024-02-18 23:00:00,2024-02-18,23,20.4,48,3.6,10.0,0.0,Clear
2024-02-19 00:00:00,2024-02-19,0,16.1,51,5.7,10.0,0.0,Clear
2024-02-19 01:00:00,2024-02-19,1,15.5,53,7.2,10.0,0.0,Clear
2024-02-19 02:00:00,2024-02-19,2,15.3,66,16.0,10.0,0.0,Clear
2024-02-19 03:00:00,2024-02-19,3,13.6,61,29.3,10.0,0.0,Clear
2024-02-19 04:00:00,2024-02-19,4,13.7,71,7.9,10.0,0.0,Clear
2024-02-19 05:00:00,2024-02-19,5,15.9,67,7.7,10.0,0.0,Clear
2024-02-19 06:00:00,2024-02-19,6,14.6,75,9.2,10.0,0.0,Clear
2024-02-19 07:00:00,2024-02-19,7,16.2,87,4.9,10.0,0.0,Sunny
2024-02-19 08:00:00,2024-02-19,8,20.3,83,24.2,10.0,0.0,Sunny
2024-02-19 09:00:00,2024-02-19,9,21.6,75,4.4,10.0,0.0,Sunny
2024-02-19 10:00:00,2024-02-19,10,24.2,76,4.6,10.0,0.0,Hazy
2024-02-19 11:00:00,2024-02-19,11,24.8,85,6.0,10.0,0.0,Partly Cloudy
2024-02-19 12:00:00,2024-02-19,12,25.6,76,26.6,10.0,0.0,Sunny
2024-02-19 13:00:00,2024-02-19,13,28.2,71,12.7,10.0,0.0,Sunny
2024-02-19 14:00:00,2024-02-19,14,26.8,65,9.1,10.0,0.0,Partly Cloudy
2024-02-19 15:00:00,2024-02-19,15,27.1,62,7.3,10.0,0.0,Sunny
2024-02-19 16:00:00,2024-02-19,16,27.2,64,8.6,10.0,0.0,Sunny
2024-02-19 17:00:00,2024-02-19,17,27.2,51,3.7,10.0,0.0,Sunny
2024-02-19 18:00:00,2024-02-19,18,25.5,48,2.0,10.0,0.0,Partly Cloudy
2024-02-19 19:00:00,2024-02-19,19,22.5,50,17.1,10.0,0.0,Clear
2024-02-19 20:00:00,2024-02-19,20,22.4,41,3.1,10.0,0.0,Clear
2024-02-19 21:00:00,2024-02-19,21,21.0,41,23.5,10.0,0.0,Clear
2024-02-19 22:00:00,2024-02-19,22,19.5,46,13.0,10.0,0.0,Clear
2024-02-19 23:00:00,2024-02-19,23,17.2,48,7.9,10.0,0.0,Clear
2024-02-20 00:00:00,2024-02-20,0,17.0,47,12.2,10.0,0.0,Clear
2024-02-20 01:00:00,2024-02-20,1,13.4,56,10.0,10.0,0.0,Clear
2024-02-20 02:00:00,2024-02-20,2,15.2,59,8.8,10.0,0.0,Clear
2024-02-20 03:00:00,2024-02-20,3,16.7,55,9.3,0.5,0.0,Fog
2024-02-20 04:00:00,2024-02-20,4,14.0,71,17.2,0.5,0.0,Fog
2024-02-20 05:00:00,2024-02-20,5,15.4,70,12.4,0.3,0.0,Fog
2024-02-20 06:00:00,2024-02-20,6,16.1,79,8.3,0.3,0.0,Fog
2024-02-20 07:00:00,2024-02-20,7,17.5,87,15.2,1.1,0.0,Fog
2024-02-20 08:00:00,2024-02-20,8,18.1,80,25.4,0.6,0.0,Fog
2024-02-20 09:00:00,2024-02-20,9,23.4,78,8.2,10.0,0.0,Sunny
2024-02-20 10:00:00,2024-02-20,10,23.1,86,5.3,10.0,0.0,Sunny
2024-02-20 11:00:00,2024-02-20,11,23.4,75,16.0,10.0,0.0,Sunny
2024-02-20 12:00:00,2024-02-20,12,24.7,83,8.3,10.0,0.0,Sunny
2024-02-20 13:00:00,2024-02-20,13,26.7,70,19.5,10.0,0.0,Hazy
2024-02-20 14:00:00,2024-02-20,14,24.7,65,3.7,10.0,0.0,Sunny
2024-02-20 15:00:00,2024-02-20,15,28.8,72,6.5,10.0,0.0,Sunny
2024-02-20 16:00:00,2024-02-20,16,26.7,60,30.9,10.0,0.0,Sunny
2024-02-20 17:00:00,2024-02-20,17,27.1,60,6.2,10.0,0.0,Sunny
2024-02-20 18:00:00,2024-02-20,18,26.1,50,19.9,10.0,0.0,Sunny
2024-02-20 19:00:00,2024-02-20,19,25.4,47,5.1,10.0,0.0,Clear
2024-02-20 20:00:00,2024-02-20,20,23.3,34,15.2,10.0,0.0,Clear
2024-02-20 21:00:00,2024-02-20,21,21.9,49,4.3,10.0,0.0,Clear
2024-02-20 22:00:00,2024-02-20,22,20.5,47,16.3,10.0,0.0,Clear
2024-02-20 23:00:00,2024-02-20,23,17.4,47,7.5,10.0,0.0,Clear
2024-02-21 00:00:00,2024-02-21,0,19.0,53,6.4,10.0,0.0,Clear
2024-02-21 01:00:00,2024-02-21,1,15.8,54,7.6,10.0,0.0,Clear
2024-02-21 02:00:00,2024-02-21,2,14.7,55,9.4,10.0,0.0,Clear
2024-02-21 03:00:00,2024-02-21,3,13.5,64,10.7,10.0,0.0,Clear
2024-02-21 04:00:00,2024-02-21,4,14.5,67,3.3,10.0,0.0,Clear
2024-02-21 05:00:00,2024-02-21,5,15.9,75,11.6,10.0,0.0,Clear
2024-02-21 06:00:00,2024-02-21,6,16.5,75,2.6,10.0,0.0,Clear
2024-02-21 07:00:00,2024-02-21,7,19.9,77,18.0,10.0,0.0,Sunny
2024-02-21 08:00:00,2024-02-21,8,18.8,78,12.2,10.0,0.0,Sunny
2024-02-21 09:00:00,2024-02-21,9,21.8,77,12.2,10.0,0.0,Hazy
2024-02-21 10:00:00,2024-02-21,10,21.3,78,16.2,10.0,0.0,Sunny
2024-02-21 11:00:00,2024-02-21,11,26.9,80,12.5,10.0,0.0,Sunny
2024-02-21 12:00:00,2024-02-21,12,24.2,73,26.2,10.0,0.0,Sunny
2024-02-21 13:00:00,2024-02-21,13,29.1,67,4.4,10.0,0.0,Sunny
2024-02-21 14:00:00,2024-02-21,14,27.1,71,3.2,10.0,0.0,Sunny
2024-02-21 15:00:00,2024-02-21,15,24.8,62,26.8,10.0,0.0,Partly Cloudy
2024-02-21 16:00:00,2024-02-21,16,28.9,61,12.5,10.0,0.0,Sunny
2024-02-21 17:00:00,2024-02-21,17,26.7,53,13.5,10.0,0.0,Hazy
2024-02-21 18:00:00,2024-02-21,18,25.1,48,4.0,10.0,0.0,Sunny
2024-02-21 19:00:00,2024-02-21,19,25.0,40,13.0,10.0,0.0,Clear
2024-02-21 20:00:00,2024-02-21,20,23.5,41,8.6,10.0,0.0,Clear
2024-02-21 21:00:00,2024-02-21,21,21.5,42,15.0,10.0,0.0,Clear
2024-02-21 22:00:00,2024-02-21,22,20.7,47,9.8,10.0,0.0,Clear
2024-02-21 23:00:00,2024-02-21,23,18.1,47,8.6,10.0,0.0,Clear
2024-02-22 00:00:00,2024-02-22,0,17.2,46,9.9,10.0,0.0,Clear
2024-02-22 01:00:00,2024-02-22,1,14.7,43,5.8,10.0,0.0,Clear
2024-02-22 02:00:00,2024-02-22,2,15.6,60,6.8,10.0,0.0,Clear
2024-02-22 03:00:00,2024-02-22,3,13.9,67,20.6,10.0,0.0,Clear
2024-02-22 04:00:00,2024-02-22,4,13.4,72,13.2,10.0,0.0,Clear
2024-02-22 05:00:00,2024-02-22,5,15.1,68,8.2,10.0,0.0,Clear
2024-02-22 06:00:00,2024-02-22,6,16.1,80,13.2,10.0,0.0,Clear
2024-02-22 07:00:00,2024-02-22,7,18.9,81,11.8,10.0,0.0,Sunny
2024-02-22 08:00:00,2024-02-22,8,17.6,83,7.0,10.0,0.0,Sunny
2024-02-22 09:00:00,2024-02-22,9,22.3,79,5.8,10.0,0.0,Sunny
2024-02-22 10:00:00,2024-02-22,10,21.9,80,6.8,10.0,0.0,Sunny
2024-02-22 11:00:00,2024-02-22,11,21.3,86,18.5,10.0,0.0,Sunny
2024-02-22 12:00:00,2024-02-22,12,24.1,82,8.2,10.0,0.0,Sunny
2024-02-22 13:00:00,2024-02-22,13,26.3,72,20.2,10.0,0.0,Sunny
2024-02-22 14:00:00,2024-02-22,14,27.8,68,6.4,10.0,0.0,Sunny
2024-02-22 15:00:00,2024-02-22,15,27.3,54,5.2,10.0,0.0,Sunny
2024-02-22 16:00:00,2024-02-22,16,25.8,63,8.5,10.0,0.0,Sunny
2024-02-22 17:00:00,2024-02-22,17,25.7,57,11.3,10.0,0.0,Hazy
2024-02-22 18:00:00,2024-02-22,18,24.2,52,9.9,10.0,0.0,Partly Cloudy
2024-02-22 19:00:00,2024-02-22,19,24.6,45,12.3,10.0,0.0,Clear
2024-02-22 20:00:00,2024-02-22,20,22.6,46,12.6,10.0,0.0,Clear
2024-02-22 21:00:00,2024-02-22,21,21.7,51,14.6,10.0,0.0,Clear
2024-02-22 22:00:00,2024-02-22,22,17.2,47,4.1,10.0,0.0,Clear
2024-02-22 23:00:00,2024-02-22,23,17.1,58,5.9,10.0,0.0,Clear
2024-02-23 00:00:00,2024-02-23,0,18.8,54,10.3,10.0,0.0,Clear
2024-02-23 01:00:00,2024-02-23,1,16.1,50,7.0,10.0,0.0,Clear
2024-02-23 02:00:00,2024-02-23,2,14.4,57,8.6,10.0,0.0,Clear
2024-02-23 03:00:00,2024-02-23,3,13.3,60,9.4,10.0,0.0,Clear
2024-02-23 04:00:00,2024-02-23,4,16.1,71,7.9,10.0,0.0,Clear
2024-02-23 05:00:00,2024-02-23,5,17.2,77,6.9,10.0,0.0,Clear
2024-02-23 06:00:00,2024-02-23,6,15.0,83,4.9,10.0,0.0,Clear
2024-02-23 07:00:00,2024-02-23,7,16.5,77,8.1,10.0,0.0,Partly Cloudy
2024-02-23 08:00:00,2024-02-23,8,19.7,82,6.7,10.0,0.0,Hazy
2024-02-23 09:00:00,2024-02-23,9,21.4,86,15.6,10.0,0.0,Sunny
2024-02-23 10:00:00,2024-02-23,10,23.3,87,13.5,10.0,0.0,Sunny
2024-02-23 11:00:00,2024-02-23,11,26.5,74,4.1,10.0,0.0,Sunny
2024-02-23 12:00:00,2024-02-23,12,24.4,78,24.1,10.0,0.0,Sunny
2024-02-23 13:00:00,2024-02-23,13,26.7,67,6.9,10.0,0.0,Partly Cloudy
2024-02-23 14:00:00,2024-02-23,14,28.1,65,3.1,10.0,0.0,Sunny
2024-02-23 15:00:00,2024-02-23,15,28.4,58,6.3,10.0,0.0,Sunny
2024-02-23 16:00:00,2024-02-23,16,26.5,56,2.7,10.0,0.0,Sunny
2024-02-23 17:00:00,2024-02-23,17,25.9,48,3.1,10.0,0.0,Sunny
2024-02-23 18:00:00,2024-02-23,18,25.0,46,42.2,10.0,0.0,Sunny
2024-02-23 19:00:00,2024-02-23,19,26.3,44,15.1,10.0,0.0,Clear
2024-02-23 20:00:00,2024-02-23,20,21.5,47,3.8,10.0,0.0,Clear
2024-02-23 21:00:00,2024-02-23,21,20.6,45,2.1,10.0,0.0,Clear
2024-02-23 22:00:00,2024-02-23,22,20.2,39,8.5,10.0,0.0,Clear
2024-02-23 23:00:00,2024-02-23,23,16.4,58,2.0,10.0,0.0,Clear
2024-02-24 00:00:00,2024-02-24,0,16.7,48,8.3,10.0,0.0,Clear
2024-02-24 01:00:00,2024-02-24,1,13.1,49,11.8,10.0,0.0,Clear
2024-02-24 02:00:00,2024-02-24,2,15.0,61,12.5,10.0,0.0,Clear
2024-02-24 03:00:00,2024-02-24,3,14.6,63,3.7,10.0,0.0,Clear
2024-02-24 04:00:00,2024-02-24,4,14.9,64,10.7,10.0,0.0,Clear
2024-02-24 05:00:00,2024-02-24,5,14.3,74,18.0,10.0,0.0,Clear
2024-02-24 06:00:00,2024-02-24,6,16.7,73,7.1,10.0,0.0,Clear
2024-02-24 07:00:00,2024-02-24,7,17.7,77,3.6,10.0,0.0,Sunny
2024-02-24 08:00:00,2024-02-24,8,20.9,86,6.8,10.0,0.0,Sunny
2024-02-24 09:00:00,2024-02-24,9,21.8,81,4.1,10.0,0.0,Sunny
2024-02-24 10:00:00,2024-02-24,10,20.9,83,50.1,10.0,0.0,Sunny
2024-02-24 11:00:00,2024-02-24,11,23.3,76,16.0,10.0,0.0,Partly Cloudy
2024-02-24 12:00:00,2024-02-24,12,24.9,76,13.8,10.0,0.0,Sunny
2024-02-24 13:00:00,2024-02-24,13,26.8,69,2.2,10.0,0.0,Sunny
2024-02-24 14:00:00,2024-02-24,14,27.1,64,7.4,10.0,0.0,Sunny
2024-02-24 15:00:00,2024-02-24,15,27.3,61,6.5,10.0,0.0,Partly Cloudy
2024-02-24 16:00:00,2024-02-24,16,30.7,56,5.5,10.0,0.0,Sunny
2024-02-24 17:00:00,2024-02-24,17,26.0,58,19.6,10.0,0.0,Sunny
2024-02-24 18:00:00,2024-02-24,18,27.3,53,36.3,10.0,0.0,Sunny
2024-02-24 19:00:00,2024-02-24,19,24.1,38,5.5,10.0,0.0,Clear
2024-02-24 20:00:00,2024-02-24,20,20.1,53,2.0,10.0,0.0,Clear
2024-02-24 21:00:00,2024-02-24,21,21.2,48,5.7,10.0,0.0,Clear
2024-02-24 22:00:00,2024-02-24,22,20.7,50,19.0,10.0,0.0,Clear
2024-02-24 23:00:00,2024-02-24,23,18.5,47,16.0,10.0,0.0,Clear
2024-02-25 00:00:00,2024-02-25,0,16.7,44,9.3,10.0,0.0,Clear
2024-02-25 01:00:00,2024-02-25,1,15.4,49,13.7,10.0,0.0,Clear
2024-02-25 02:00:00,2024-02-25,2,14.1,65,7.0,10.0,0.0,Clear
2024-02-25 03:00:00,2024-02-25,3,15.6,56,5.3,10.0,0.0,Clear
2024-02-25 04:00:00,2024-02-25,4,14.2,62,4.5,10.0,0.0,Clear
2024-02-25 05:00:00,2024-02-25,5,14.6,70,9.0,10.0,0.0,Clear
2024-02-25 06:00:00,2024-02-25,6,16.9,70,5.9,10.0,0.0,Clear
2024-02-25 07:00:00,2024-02-25,7,17.4,81,3.8,10.0,0.0,Partly Cloudy
2024-02-25 08:00:00,2024-02-25,8,20.9,83,10.3,10.0,0.0,Sunny
2024-02-25 09:00:00,2024-02-25,9,21.6,83,6.4,10.0,0.0,Hazy
2024-02-25 10:00:00,2024-02-25,10,21.7,78,19.5,10.0,0.0,Sunny
2024-02-25 11:00:00,2024-02-25,11,22.9,80,11.7,10.0,0.0,Sunny
2024-02-25 12:00:00,2024-02-25,12,24.9,83,29.4,10.0,0.0,Sunny
2024-02-25 13:00:00,2024-02-25,13,29.4,66,12.6,10.0,0.0,Sunny
2024-02-25 14:00:00,2024-02-25,14,27.0,72,8.4,10.0,0.0,Sunny
2024-02-25 15:00:00,2024-02-25,15,28.4,66,17.4,10.0,0.0,Sunny
2024-02-25 16:00:00,2024-02-25,16,25.7,58,27.1,10.0,0.0,Partly Cloudy
2024-02-25 17:00:00,2024-02-25,17,25.3,55,2.0,10.0,0.0,Hazy
2024-02-25 18:00:00,2024-02-25,18,25.4,52,17.5,10.0,0.0,Partly Cloudy
2024-02-25 19:00:00,2024-02-25,19,26.3,44,9.0,10.0,0.0,Clear
2024-02-25 20:00:00,2024-02-25,20,21.1,39,12.8,10.0,0.0,Clear
2024-02-25 21:00:00,2024-02-25,21,20.2,49,28.6,10.0,0.0,Clear
2024-02-25 22:00:00,2024-02-25,22,20.4,41,9.5,10.0,0.0,Clear
2024-02-25 23:00:00,2024-02-25,23,19.7,43,3.6,10.0,0.0,Clear
2024-02-26 00:00:00,2024-02-26,0,16.9,48,2.5,10.0,0.0,Clear
2024-02-26 01:00:00,2024-02-26,1,16.2,55,28.0,10.0,0.0,Clear
2024-02-26 02:00:00,2024-02-26,2,13.6,56,11.7,10.0,0.0,Clear
2024-02-26 03:00:00,2024-02-26,3,12.9,60,9.5,0.4,0.0,Fog
2024-02-26 04:00:00,2024-02-26,4,13.3,71,25.8,1.0,0.0,Fog
2024-02-26 05:00:00,2024-02-26,5,14.3,71,5.1,0.8,0.0,Fog
2024-02-26 06:00:00,2024-02-26,6,16.7,73,5.1,0.8,0.0,Fog
2024-02-26 07:00:00,2024-02-26,7,16.3,80,31.8,0.6,0.0,Fog
2024-02-26 08:00:00,2024-02-26,8,19.6,81,4.4,0.7,0.0,Fog
2024-02-26 09:00:00,2024-02-26,9,20.6,81,3.0,10.0,0.0,Sunny
2024-02-26 10:00:00,2024-02-26,10,22.0,82,31.4,10.0,0.0,Partly Cloudy
2024-02-26 11:00:00,2024-02-26,11,25.3,78,17.0,10.0,0.0,Partly Cloudy
2024-02-26 12:00:00,2024-02-26,12,24.4,79,8.9,10.0,0.0,Sunny
2024-02-26 13:00:00,2024-02-26,13,28.4,66,42.0,10.0,0.0,Sunny
2024-02-26 14:00:00,2024-02-26,14,28.3,73,6.2,10.0,0.0,Sunny
2024-02-26 15:00:00,2024-02-26,15,26.3,59,14.6,10.0,0.0,Sunny
2024-02-26 16:00:00,2024-02-26,16,28.7,52,13.4,10.0,0.0,Partly Cloudy
2024-02-26 17:00:00,2024-02-26,17,25.3,51,26.3,10.0,0.0,Hazy
2024-02-26 18:00:00,2024-02-26,18,27.1,49,5.0,10.0,0.0,Sunny
2024-02-26 19:00:00,2024-02-26,19,24.6,44,31.4,10.0,0.0,Clear
2024-02-26 20:00:00,2024-02-26,20,20.8,42,39.1,10.0,0.0,Clear
2024-02-26 21:00:00,2024-02-26,21,19.4,49,23.1,10.0,0.0,Clear
2024-02-26 22:00:00,2024-02-26,22,18.8,42,5.5,10.0,0.0,Clear
2024-02-26 23:00:00,2024-02-26,23,18.8,38,11.3,10.0,0.0,Clear
2024-02-27 00:00:00,2024-02-27,0,16.2,49,13.3,10.0,0.0,Clear
2024-02-27 01:00:00,2024-02-27,1,15.1,62,13.0,10.0,0.0,Clear
2024-02-27 02:00:00,2024-02-27,2,14.8,54,2.4,10.0,0.0,Clear
2024-02-27 03:00:00,2024-02-27,3,12.1,59,16.0,10.0,0.0,Clear
2024-02-27 04:00:00,2024-02-27,4,15.7,66,12.0,10.0,0.0,Clear
2024-02-27 05:00:00,2024-02-27,5,17.0,78,8.6,10.0,0.0,Clear
2024-02-27 06:00:00,2024-02-27,6,17.4,74,9.2,10.0,0.0,Clear
2024-02-27 07:00:00,2024-02-27,7,17.2,74,43.1,10.0,0.0,Sunny
2024-02-27 08:00:00,2024-02-27,8,18.3,82,23.4,10.0,0.0,Sunny
2024-02-27 09:00:00,2024-02-27,9,19.7,82,2.0,10.0,0.0,Partly Cloudy
2024-02-27 10:00:00,2024-02-27,10,21.3,82,8.7,10.0,0.0,Sunny
2024-02-27 11:00:00,2024-02-27,11,27.0,74,20.5,10.0,0.0,Sunny
2024-02-27 12:00:00,2024-02-27,12,25.5,73,23.8,10.0,0.0,Sunny
2024-02-27 13:00:00,2024-02-27,13,27.7,77,12.7,10.0,0.0,Partly Cloudy
2024-02-27 14:00:00,2024-02-27,14,28.3,69,3.8,10.0,0.0,Sunny
2024-02-27 15:00:00,2024-02-27,15,27.7,66,3.5,10.0,0.0,Sunny
2024-02-27 16:00:00,2024-02-27,16,26.2,58,15.7,10.0,0.0,Sunny
2024-02-27 17:00:00,2024-02-27,17,27.3,58,7.3,10.0,0.0,Sunny
2024-02-27 18:00:00,2024-02-27,18,24.3,51,4.5,10.0,0.0,Sunny
2024-02-27 19:00:00,2024-02-27,19,25.0,45,2.0,10.0,0.0,Clear
2024-02-27 20:00:00,2024-02-27,20,21.4,49,2.7,10.0,0.0,Clear
2024-02-27 21:00:00,2024-02-27,21,20.5,41,11.8,10.0,0.0,Clear
2024-02-27 22:00:00,2024-02-27,22,18.8,52,8.1,10.0,0.0,Clear
2024-02-27 23:00:00,2024-02-27,23,19.4,51,25.5,10.0,0.0,Clear
2024-02-28 00:00:00,2024-02-28,0,13.5,49,3.2,10.0,0.0,Clear
2024-02-28 01:00:00,2024-02-28,1,18.2,53,5.5,10.0,0.0,Clear
2024-02-28 02:00:00,2024-02-28,2,13.8,59,6.4,10.0,0.0,Clear
2024-02-28 03:00:00,2024-02-28,3,14.4,62,10.9,10.0,0.0,Clear
2024-02-28 04:00:00,2024-02-28,4,15.2,73,6.4,10.0,0.0,Clear
2024-02-28 05:00:00,2024-02-28,5,15.8,70,4.9,10.0,0.0,Clear
2024-02-28 06:00:00,2024-02-28,6,17.4,70,12.9,10.0,0.0,Clear
2024-02-28 07:00:00,2024-02-28,7,18.5,78,10.5,10.0,0.0,Sunny
2024-02-28 08:00:00,2024-02-28,8,21.8,83,17.4,10.0,0.0,Partly Cloudy
2024-02-28 09:00:00,2024-02-28,9,21.9,85,8.0,10.0,0.0,Sunny
2024-02-28 10:00:00,2024-02-28,10,22.5,81,22.2,10.0,0.0,Sunny
2024-02-28 11:00:00,2024-02-28,11,23.6,76,4.5,10.0,0.0,Partly Cloudy
2024-02-28 12:00:00,2024-02-28,12,24.9,76,15.7,10.0,0.0,Sunny
2024-02-28 13:00:00,2024-02-28,13,28.2,69,18.6,10.0,0.0,Sunny
2024-02-28 14:00:00,2024-02-28,14,29.4,58,2.0,10.0,0.0,Sunny
2024-02-28 15:00:00,2024-02-28,15,28.7,60,15.9,10.0,0.0,Sunny
2024-02-28 16:00:00,2024-02-28,16,23.5,60,8.9,10.0,0.0,Sunny
2024-02-28 17:00:00,2024-02-28,17,23.9,53,11.1,10.0,0.0,Partly Cloudy
2024-02-28 18:00:00,2024-02-28,18,25.6,49,25.1,10.0,0.0,Sunny
2024-02-28 19:00:00,2024-02-28,19,24.0,52,9.6,10.0,0.0,Clear
2024-02-28 20:00:00,2024-02-28,20,22.7,42,4.3,10.0,0.0,Clear
2024-02-28 21:00:00,2024-02-28,21,22.5,42,15.1,10.0,0.0,Clear
2024-02-28 22:00:00,2024-02-28,22,20.8,47,8.4,10.0,0.0,Clear
2024-02-28 23:00:00,2024-02-28,23,18.0,45,9.7,10.0,0.0,Clear
2024-02-29 00:00:00,2024-02-29,0,14.6,47,9.0,10.0,0.0,Clear
2024-02-29 01:00:00,2024-02-29,1,13.9,60,17.0,10.0,0.0,Clear
2024-02-29 02:00:00,2024-02-29,2,14.8,54,12.9,10.0,0.0,Clear
2024-02-29 03:00:00,2024-02-29,3,15.0,60,9.8,10.0,0.0,Clear
2024-02-29 04:00:00,2024-02-29,4,13.3,69,12.2,10.0,0.0,Clear
2024-02-29 05:00:00,2024-02-29,5,16.2,72,4.4,10.0,0.0,Clear
2024-02-29 06:00:00,2024-02-29,6,14.3,70,16.0,10.0,0.0,Clear
2024-02-29 07:00:00,2024-02-29,7,14.6,86,13.1,10.0,0.0,Hazy
2024-02-29 08:00:00,2024-02-29,8,18.3,77,27.3,10.0,0.0,Sunny
2024-02-29 09:00:00,2024-02-29,9,22.6,80,6.1,10.0,0.0,Sunny
2024-02-29 10:00:00,2024-02-29,10,24.5,82,6.2,10.0,0.0,Sunny
2024-02-29 11:00:00,2024-02-29,11,22.3,87,11.5,10.0,0.0,Partly Cloudy
2024-02-29 12:00:00,2024-02-29,12,23.8,74,9.5,10.0,0.0,Sunny
2024-02-29 13:00:00,2024-02-29,13,27.5,68,4.3,10.0,0.0,Sunny
2024-02-29 14:00:00,2024-02-29,14,26.7,70,3.5,10.0,0.0,Sunny
2024-02-29 15:00:00,2024-02-29,15,29.1,71,21.4,10.0,0.0,Sunny
2024-02-29 16:00:00,2024-02-29,16,28.2,59,5.5,10.0,0.0,Sunny
2024-02-29 17:00:00,2024-02-29,17,27.7,53,8.0,10.0,0.0,Sunny
2024-02-29 18:00:00,2024-02-29,18,24.6,52,3.3,10.0,0.0,Sunny
2024-02-29 19:00:00,2024-02-29,19,24.8,39,39.3,10.0,0.0,Clear
2024-02-29 20:00:00,2024-02-29,20,25.1,43,5.8,10.0,0.0,Clear
2024-02-29 21:00:00,2024-02-29,21,21.2,38,8.8,10.0,0.0,Clear
2024-02-29 22:00:00,2024-02-29,22,19.3,44,2.3,10.0,0.0,Clear
2024-02-29 23:00:00,2024-02-29,23,17.2,45,11.1,10.0,0.0,Clear
2024-03-01 00:00:00,2024-03-01,0,17.5,37,32.5,10.0,0.0,Clear
2024-03-01 01:00:00,2024-03-01,1,17.1,52,3.6,10.0,0.0,Clear
2024-03-01 02:00:00,2024-03-01,2,16.7,58,11.4,10.0,0.0,Clear
2024-03-01 03:00:00,2024-03-01,3,15.5,59,6.9,10.0,0.0,Clear
2024-03-01 04:00:00,2024-03-01,4,15.9,59,9.9,10.0,0.0,Clear
2024-03-01 05:00:00,2024-03-01,5,15.4,74,7.4,10.0,0.0,Clear
2024-03-01 06:00:00,2024-03-01,6,18.5,80,3.1,10.0,0.0,Clear
2024-03-01 07:00:00,2024-03-01,7,21.6,77,12.2,10.0,0.0,Partly Cloudy
2024-03-01 08:00:00,2024-03-01,8,21.9,76,17.8,10.0,0.0,Sunny
2024-03-01 09:00:00,2024-03-01,9,23.6,77,7.2,10.0,0.0,Sunny
2024-03-01 10:00:00,2024-03-01,10,26.6,79,21.3,10.0,0.0,Sunny
2024-03-01 11:00:00,2024-03-01,11,29.3,76,21.5,10.0,0.0,Partly Cloudy
2024-03-01 12:00:00,2024-03-01,12,31.3,74,17.8,10.0,0.0,Sunny
2024-03-01 13:00:00,2024-03-01,13,29.8,71,4.1,10.0,0.0,Partly Cloudy
2024-03-01 14:00:00,2024-03-01,14,29.9,62,14.8,10.0,0.0,Sunny
2024-03-01 15:00:00,2024-03-01,15,30.0,57,13.7,10.0,0.0,Sunny
2024-03-01 16:00:00,2024-03-01,16,31.0,54,4.8,10.0,0.0,Sunny
2024-03-01 17:00:00,2024-03-01,17,29.4,53,6.6,10.0,0.0,Partly Cloudy
2024-03-01 18:00:00,2024-03-01,18,28.4,41,10.0,10.0,0.0,Sunny
2024-03-01 19:00:00,2024-03-01,19,27.1,43,6.4,10.0,0.0,Clear
2024-03-01 20:00:00,2024-03-01,20,24.6,42,8.9,10.0,0.0,Clear
2024-03-01 21:00:00,2024-03-01,21,21.2,40,28.1,10.0,0.0,Clear
2024-03-01 22:00:00,2024-03-01,22,21.5,48,5.1,10.0,0.0,Clear
2024-03-01 23:00:00,2024-03-01,23,22.5,49,5.0,10.0,0.0,Clear
2024-03-02 00:00:00,2024-03-02,0,21.1,49,20.3,10.0,0.0,Clear
2024-03-02 01:00:00,2024-03-02,1,19.5,58,10.4,10.0,0.0,Clear
2024-03-02 02:00:00,2024-03-02,2,17.1,59,11.3,10.0,0.0,Clear
2024-03-02 03:00:00,2024-03-02,3,16.6,61,8.1,10.0,0.0,Clear
2024-03-02 04:00:00,2024-03-02,4,19.7,63,8.2,10.0,0.0,Clear
2024-03-02 05:00:00,2024-03-02,5,17.1,67,9.2,10.0,0.0,Clear
2024-03-02 06:00:00,2024-03-02,6,19.5,74,11.4,10.0,0.0,Clear
2024-03-02 07:00:00,2024-03-02,7,22.8,74,17.7,10.0,0.0,Sunny
2024-03-02 08:00:00,2024-03-02,8,22.5,71,4.4,10.0,0.0,Partly Cloudy
2024-03-02 09:00:00,2024-03-02,9,23.6,76,5.4,10.0,0.0,Sunny
2024-03-02 10:00:00,2024-03-02,10,27.1,81,20.6,10.0,0.0,Sunny
2024-03-02 11:00:00,2024-03-02,11,27.3,65,10.8,10.0,0.0,Sunny
2024-03-02 12:00:00,2024-03-02,12,28.8,78,7.4,10.0,0.0,Sunny
2024-03-02 13:00:00,2024-03-02,13,31.4,71,12.5,10.0,0.0,Sunny
2024-03-02 14:00:00,2024-03-02,14,27.2,64,6.5,10.0,0.0,Partly Cloudy
2024-03-02 15:00:00,2024-03-02,15,30.9,61,19.8,10.0,0.0,Sunny
2024-03-02 16:00:00,2024-03-02,16,29.4,59,5.7,10.0,0.0,Partly Cloudy
2024-03-02 17:00:00,2024-03-02,17,29.4,51,6.3,10.0,0.0,Partly Cloudy
2024-03-02 18:00:00,2024-03-02,18,28.7,51,7.2,10.0,0.0,Sunny
2024-03-02 19:00:00,2024-03-02,19,26.4,48,13.8,10.0,0.0,Clear
2024-03-02 20:00:00,2024-03-02,20,26.0,43,21.4,10.0,0.0,Clear
2024-03-02 21:00:00,2024-03-02,21,24.5,38,14.9,10.0,0.0,Clear
2024-03-02 22:00:00,2024-03-02,22,22.6,42,17.7,10.0,0.0,Clear
2024-03-02 23:00:00,2024-03-02,23,20.9,36,2.4,10.0,0.0,Clear
2024-03-03 00:00:00,2024-03-03,0,19.3,49,2.3,10.0,0.0,Clear
2024-03-03 01:00:00,2024-03-03,1,18.3,49,3.1,10.0,0.0,Clear
2024-03-03 02:00:00,2024-03-03,2,17.8,53,9.4,10.0,0.0,Clear
2024-03-03 03:00:00,2024-03-03,3,16.4,63,6.8,10.0,0.0,Clear
2024-03-03 04:00:00,2024-03-03,4,19.2,60,3.3,10.0,0.0,Clear
2024-03-03 05:00:00,2024-03-03,5,18.3,69,2.0,10.0,0.0,Clear
2024-03-03 06:00:00,2024-03-03,6,18.9,71,14.4,10.0,0.0,Clear
2024-03-03 07:00:00,2024-03-03,7,21.2,75,23.9,10.0,0.0,Sunny
2024-03-03 08:00:00,2024-03-03,8,22.2,79,18.1,10.0,0.0,Sunny
2024-03-03 09:00:00,2024-03-03,9,25.5,85,9.0,10.0,0.0,Sunny
2024-03-03 10:00:00,2024-03-03,10,26.8,79,11.6,10.0,0.0,Sunny
2024-03-03 11:00:00,2024-03-03,11,27.4,81,5.7,10.0,0.0,Sunny
2024-03-03 12:00:00,2024-03-03,12,29.7,78,9.8,10.0,0.0,Partly Cloudy
2024-03-03 13:00:00,2024-03-03,13,29.9,72,9.2,10.0,0.0,Sunny
2024-03-03 14:00:00,2024-03-03,14,28.9,57,13.2,10.0,0.0,Sunny
2024-03-03 15:00:00,2024-03-03,15,31.6,59,5.4,10.0,0.0,Sunny
2024-03-03 16:00:00,2024-03-03,16,28.0,51,38.7,10.0,0.0,Sunny
2024-03-03 17:00:00,2024-03-03,17,25.4,62,3.6,10.0,0.0,Sunny
2024-03-03 18:00:00,2024-03-03,18,29.4,43,11.5,10.0,0.0,Sunny
2024-03-03 19:00:00,2024-03-03,19,27.8,38,16.0,10.0,0.0,Clear
2024-03-03 20:00:00,2024-03-03,20,26.1,32,3.8,10.0,0.0,Clear
2024-03-03 21:00:00,2024-03-03,21,25.7,38,2.1,10.0,0.0,Clear
2024-03-03 22:00:00,2024-03-03,22,22.3,43,16.1,10.0,0.0,Clear
2024-03-03 23:00:00,2024-03-03,23,20.3,49,39.1,10.0,0.0,Clear
2024-03-04 00:00:00,2024-03-04,0,20.4,43,2.0,10.0,0.0,Clear
2024-03-04 01:00:00,2024-03-04,1,17.5,56,38.9,10.0,0.0,Clear
2024-03-04 02:00:00,2024-03-04,2,17.4,55,16.6,10.0,0.0,Clear
2024-03-04 03:00:00,2024-03-04,3,17.8,58,9.6,0.4,0.0,Fog
2024-03-04 04:00:00,2024-03-04,4,18.1,65,18.2,0.8,0.0,Fog
2024-03-04 05:00:00,2024-03-04,5,18.0,75,22.0,1.0,0.0,Fog
2024-03-04 06:00:00,2024-03-04,6,18.8,73,8.5,0.5,0.0,Fog
2024-03-04 07:00:00,2024-03-04,7,19.4,71,46.6,0.2,0.0,Fog
2024-03-04 08:00:00,2024-03-04,8,21.4,79,38.2,0.9,0.0,Fog
2024-03-04 09:00:00,2024-03-04,9,26.2,80,6.1,10.0,0.0,Sunny
2024-03-04 10:00:00,2024-03-04,10,25.4,77,12.4,10.0,0.0,Sunny
2024-03-04 11:00:00,2024-03-04,11,27.5,80,3.7,10.0,0.0,Partly Cloudy
2024-03-04 12:00:00,2024-03-04,12,26.8,64,2.8,10.0,0.0,Sunny
2024-03-04 13:00:00,2024-03-04,13,32.7,70,7.7,10.0,0.0,Sunny
2024-03-04 14:00:00,2024-03-04,14,29.2,68,12.1,10.0,0.0,Hazy
2024-03-04 15:00:00,2024-03-04,15,29.1,54,4.7,10.0,0.0,Partly Cloudy
2024-03-04 16:00:00,2024-03-04,16,30.2,49,17.8,10.0,0.0,Sunny
2024-03-04 17:00:00,2024-03-04,17,28.6,55,12.9,10.0,0.0,Sunny
2024-03-04 18:00:00,2024-03-04,18,29.0,52,10.3,10.0,0.0,Sunny
2024-03-04 19:00:00,2024-03-04,19,25.4,50,5.3,10.0,0.0,Clear
2024-03-04 20:00:00,2024-03-04,20,27.0,40,5.8,10.0,0.0,Clear
2024-03-04 21:00:00,2024-03-04,21,25.1,43,8.1,10.0,0.0,Clear
2024-03-04 22:00:00,2024-03-04,22,22.2,44,6.2,10.0,0.0,Clear
2024-03-04 23:00:00,2024-03-04,23,18.8,38,7.3,10.0,0.0,Clear
2024-03-05 00:00:00,2024-03-05,0,18.4,48,5.3,10.0,0.0,Clear
2024-03-05 01:00:00,2024-03-05,1,18.4,52,13.8,10.0,0.0,Clear
2024-03-05 02:00:00,2024-03-05,2,16.3,58,3.4,10.0,0.0,Clear
2024-03-05 03:00:00,2024-03-05,3,16.2,58,19.5,0.5,0.0,Fog
2024-03-05 04:00:00,2024-03-05,4,19.0,70,6.5,0.6,0.0,Fog
2024-03-05 05:00:00,2024-03-05,5,18.6,69,14.2,1.0,0.0,Fog
2024-03-05 06:00:00,2024-03-05,6,19.6,80,10.1,1.0,0.0,Fog
2024-03-05 07:00:00,2024-03-05,7,21.4,79,2.9,0.6,0.0,Fog
2024-03-05 08:00:00,2024-03-05,8,22.1,78,18.7,1.1,0.0,Fog
2024-03-05 09:00:00,2024-03-05,9,23.9,73,30.0,10.0,0.0,Sunny
2024-03-05 10:00:00,2024-03-05,10,26.2,72,8.7,10.0,0.0,Sunny
2024-03-05 11:00:00,2024-03-05,11,28.2,82,2.0,10.0,0.0,Partly Cloudy
2024-03-05 12:00:00,2024-03-05,12,29.2,76,13.1,10.0,0.0,Sunny
2024-03-05 13:00:00,2024-03-05,13,31.4,68,10.5,10.0,0.0,Sunny
2024-03-05 14:00:00,2024-03-05,14,30.3,63,4.9,10.0,0.0,Sunny
2024-03-05 15:00:00,2024-03-05,15,28.9,61,10.6,10.0,0.0,Partly Cloudy
2024-03-05 16:00:00,2024-03-05,16,31.6,50,24.4,10.0,0.0,Sunny
2024-03-05 17:00:00,2024-03-05,17,29.3,49,21.2,10.0,0.0,Sunny
2024-03-05 18:00:00,2024-03-05,18,27.7,50,7.6,10.0,0.0,Partly Cloudy
2024-03-05 19:00:00,2024-03-05,19,28.1,47,7.5,10.0,0.0,Clear
2024-03-05 20:00:00,2024-03-05,20,26.1,41,4.5,10.0,0.0,Clear
2024-03-05 21:00:00,2024-03-05,21,22.5,48,7.8,10.0,0.0,Clear
2024-03-05 22:00:00,2024-03-05,22,23.1,47,11.7,10.0,0.0,Clear
2024-03-05 23:00:00,2024-03-05,23,23.0,41,11.3,10.0,0.0,Clear
2024-03-06 00:00:00,2024-03-06,0,19.8,42,12.6,10.0,0.0,Clear
2024-03-06 01:00:00,2024-03-06,1,18.1,53,12.5,10.0,0.0,Clear
2024-03-06 02:00:00,2024-03-06,2,15.7,54,5.4,10.0,0.0,Clear
2024-03-06 03:00:00,2024-03-06,3,20.0,57,18.5,10.0,0.0,Clear
2024-03-06 04:00:00,2024-03-06,4,17.1,66,20.8,10.0,0.0,Clear
2024-03-06 05:00:00,2024-03-06,5,16.7,72,10.5,10.0,0.0,Clear
2024-03-06 06:00:00,2024-03-06,6,19.5,76,47.5,10.0,0.0,Clear
2024-03-06 07:00:00,2024-03-06,7,22.0,76,13.6,10.0,0.0,Sunny
2024-03-06 08:00:00,2024-03-06,8,23.8,68,3.4,10.0,0.0,Sunny
2024-03-06 09:00:00,2024-03-06,9,23.2,82,8.1,10.0,0.0,Partly Cloudy
2024-03-06 10:00:00,2024-03-06,10,25.6,74,7.7,10.0,0.0,Hazy
2024-03-06 11:00:00,2024-03-06,11,27.3,77,2.0,10.0,0.0,Sunny
2024-03-06 12:00:00,2024-03-06,12,29.8,72,8.4,10.0,0.0,Sunny
2024-03-06 13:00:00,2024-03-06,13,30.3,78,18.0,10.0,0.0,Sunny
2024-03-06 14:00:00,2024-03-06,14,30.6,73,20.2,10.0,0.0,Sunny
2024-03-06 15:00:00,2024-03-06,15,31.6,58,31.5,10.0,0.0,Sunny
2024-03-06 16:00:00,2024-03-06,16,28.6,50,14.3,10.0,0.0,Sunny
2024-03-06 17:00:00,2024-03-06,17,30.1,46,16.9,10.0,0.0,Partly Cloudy
2024-03-06 18:00:00,2024-03-06,18,28.9,48,6.2,10.0,0.0,Partly Cloudy
2024-03-06 19:00:00,2024-03-06,19,27.2,42,15.5,10.0,0.0,Clear
2024-03-06 20:00:00,2024-03-06,20,25.4,38,13.4,10.0,0.0,Clear
2024-03-06 21:00:00,2024-03-06,21,24.2,40,7.8,10.0,0.0,Clear
2024-03-06 22:00:00,2024-03-06,22,21.6,44,32.3,10.0,0.0,Clear
2024-03-06 23:00:00,2024-03-06,23,24.0,44,3.4,10.0,0.0,Clear
2024-03-07 00:00:00,2024-03-07,0,21.0,45,10.7,10.0,0.0,Clear
2024-03-07 01:00:00,2024-03-07,1,19.7,50,24.4,10.0,0.0,Clear
2024-03-07 02:00:00,2024-03-07,2,17.1,55,4.9,10.0,0.0,Clear
2024-03-07 03:00:00,2024-03-07,3,16.4,61,6.8,10.0,0.0,Clear
2024-03-07 04:00:00,2024-03-07,4,17.5,66,17.4,10.0,0.0,Clear
2024-03-07 05:00:00,2024-03-07,5,18.5,62,17.5,10.0,0.0,Clear
2024-03-07 06:00:00,2024-03-07,6,17.7,73,9.2,10.0,0.0,Clear
2024-03-07 07:00:00,2024-03-07,7,21.3,74,12.6,10.0,0.0,Sunny
2024-03-07 08:00:00,2024-03-07,8,23.6,73,10.6,10.0,0.0,Sunny
2024-03-07 09:00:00,2024-03-07,9,21.3,77,18.8,10.0,0.0,Hazy
2024-03-07 10:00:00,2024-03-07,10,24.6,82,19.4,10.0,0.0,Sunny
2024-03-07 11:00:00,2024-03-07,11,28.7,79,26.0,10.0,0.0,Hazy
2024-03-07 12:00:00,2024-03-07,12,29.0,73,25.9,10.0,0.0,Sunny
2024-03-07 13:00:00,2024-03-07,13,28.6,65,12.9,10.0,0.0,Sunny
2024-03-07 14:00:00,2024-03-07,14,31.2,59,4.0,10.0,0.0,Sunny
2024-03-07 15:00:00,2024-03-07,15,29.8,56,5.7,10.0,0.0,Partly Cloudy
2024-03-07 16:00:00,2024-03-07,16,30.0,55,6.4,10.0,0.0,Sunny
2024-03-07 17:00:00,2024-03-07,17,28.3,51,9.4,10.0,0.0,Sunny
2024-03-07 18:00:00,2024-03-07,18,28.6,45,11.2,10.0,0.0,Partly Cloudy
2024-03-07 19:00:00,2024-03-07,19,28.5,48,4.7,10.0,0.0,Clear
2024-03-07 20:00:00,2024-03-07,20,25.1,44,2.0,10.0,0.0,Clear
2024-03-07 21:00:00,2024-03-07,21,24.8,31,14.8,10.0,0.0,Clear
2024-03-07 22:00:00,2024-03-07,22,22.3,43,10.1,10.0,0.0,Clear
2024-03-07 23:00:00,2024-03-07,23,22.0,47,33.7,10.0,0.0,Clear
2024-03-08 00:00:00,2024-03-08,0,18.8,48,6.2,10.0,0.0,Clear
2024-03-08 01:00:00,2024-03-08,1,20.2,53,30.0,10.0,0.0,Clear
2024-03-08 02:00:00,2024-03-08,2,18.5,54,5.0,10.0,0.0,Clear
2024-03-08 03:00:00,2024-03-08,3,17.8,60,9.7,10.0,0.0,Clear
2024-03-08 04:00:00,2024-03-08,4,18.1,64,10.5,10.0,0.0,Clear
2024-03-08 05:00:00,2024-03-08,5,17.8,70,2.6,10.0,0.0,Clear
2024-03-08 06:00:00,2024-03-08,6,18.8,70,12.2,10.0,0.0,Clear
2024-03-08 07:00:00,2024-03-08,7,21.1,80,5.6,10.0,0.0,Sunny
2024-03-08 08:00:00,2024-03-08,8,20.9,83,22.1,10.0,0.0,Sunny
2024-03-08 09:00:00,2024-03-08,9,23.3,76,17.2,10.0,0.0,Partly Cloudy
2024-03-08 10:00:00,2024-03-08,10,24.6,73,13.6,10.0,0.0,Sunny
2024-03-08 11:00:00,2024-03-08,11,27.9,70,6.7,10.0,0.0,Sunny
2024-03-08 12:00:00,2024-03-08,12,29.3,74,3.7,10.0,0.0,Sunny
2024-03-08 13:00:00,2024-03-08,13,31.2,71,29.0,10.0,0.0,Hazy
2024-03-08 14:00:00,2024-03-08,14,29.9,66,27.4,10.0,0.0,Sunny
2024-03-08 15:00:00,2024-03-08,15,29.5,62,6.6,10.0,0.0,Hazy
2024-03-08 16:00:00,2024-03-08,16,28.5,53,19.2,10.0,0.0,Partly Cloudy
2024-03-08 17:00:00,2024-03-08,17,30.0,43,4.8,10.0,0.0,Partly Cloudy
2024-03-08 18:00:00,2024-03-08,18,30.3,45,5.7,10.0,0.0,Sunny
2024-03-08 19:00:00,2024-03-08,19,27.2,51,10.1,10.0,0.0,Clear
2024-03-08 20:00:00,2024-03-08,20,25.7,44,14.0,10.0,0.0,Clear
2024-03-08 21:00:00,2024-03-08,21,24.0,44,3.5,10.0,0.0,Clear
2024-03-08 22:00:00,2024-03-08,22,22.6,46,2.0,10.0,0.0,Clear
2024-03-08 23:00:00,2024-03-08,23,21.9,41,5.4,10.0,0.0,Clear
2024-03-09 00:00:00,2024-03-09,0,21.7,48,9.3,10.0,0.0,Clear
2024-03-09 01:00:00,2024-03-09,1,19.0,53,3.3,10.0,0.0,Clear
2024-03-09 02:00:00,2024-03-09,2,18.4,52,7.2,10.0,0.0,Clear
2024-03-09 03:00:00,2024-03-09,3,17.2,61,7.3,10.0,0.0,Clear
2024-03-09 04:00:00,2024-03-09,4,17.6,70,38.1,10.0,0.0,Clear
2024-03-09 05:00:00,2024-03-09,5,18.2,67,14.3,10.0,0.0,Clear
2024-03-09 06:00:00,2024-03-09,6,19.0,66,11.8,10.0,0.0,Clear
2024-03-09 07:00:00,2024-03-09,7,18.5,76,8.1,3.8,1.3,Heavy Rain
2024-03-09 08:00:00,2024-03-09,8,20.7,75,25.9,3.8,4.4,Heavy Rain
2024-03-09 09:00:00,2024-03-09,9,21.7,79,3.7,3.8,7.5,Heavy Rain
2024-03-09 10:00:00,2024-03-09,10,22.9,74,16.1,3.8,8.8,Heavy Rain
2024-03-09 11:00:00,2024-03-09,11,25.0,76,26.9,3.8,7.5,Heavy Rain
2024-03-09 12:00:00,2024-03-09,12,25.0,78,18.3,3.8,4.4,Heavy Rain
2024-03-09 13:00:00,2024-03-09,13,28.2,69,5.9,3.8,1.3,Heavy Rain
2024-03-09 14:00:00,2024-03-09,14,29.8,58,3.3,10.0,0.0,Sunny
2024-03-09 15:00:00,2024-03-09,15,29.1,62,18.9,10.0,0.0,Partly Cloudy
2024-03-09 16:00:00,2024-03-09,16,30.8,55,16.4,10.0,0.0,Sunny
2024-03-09 17:00:00,2024-03-09,17,30.2,52,21.4,10.0,0.0,Partly Cloudy
2024-03-09 18:00:00,2024-03-09,18,27.6,51,17.4,10.0,0.0,Sunny
2024-03-09 19:00:00,2024-03-09,19,28.0,42,22.5,10.0,0.0,Clear
2024-03-09 20:00:00,2024-03-09,20,26.4,41,8.1,10.0,0.0,Clear
2024-03-09 21:00:00,2024-03-09,21,26.4,38,10.8,10.0,0.0,Clear
2024-03-09 22:00:00,2024-03-09,22,22.0,43,3.9,10.0,0.0,Clear
2024-03-09 23:00:00,2024-03-09,23,20.7,45,3.2,10.0,0.0,Clear
2024-03-10 00:00:00,2024-03-10,0,18.7,46,13.4,10.0,0.0,Clear
2024-03-10 01:00:00,2024-03-10,1,19.0,54,6.5,10.0,0.0,Clear
2024-03-10 02:00:00,2024-03-10,2,17.7,51,27.6,10.0,0.0,Clear
2024-03-10 03:00:00,2024-03-10,3,18.7,61,16.2,10.0,0.0,Clear
2024-03-10 04:00:00,2024-03-10,4,17.2,67,11.5,10.0,0.0,Clear
2024-03-10 05:00:00,2024-03-10,5,18.9,67,2.5,10.0,0.0,Clear
2024-03-10 06:00:00,2024-03-10,6,19.1,67,4.6,10.0,0.0,Clear
2024-03-10 07:00:00,2024-03-10,7,18.5,69,5.7,10.0,0.0,Sunny
2024-03-10 08:00:00,2024-03-10,8,23.1,78,7.7,10.0,0.0,Sunny
2024-03-10 09:00:00,2024-03-10,9,21.9,85,19.8,10.0,0.0,Sunny
2024-03-10 10:00:00,2024-03-10,10,25.5,75,3.0,10.0,0.0,Partly Cloudy
2024-03-10 11:00:00,2024-03-10,11,27.1,77,37.7,10.0,0.0,Partly Cloudy
2024-03-10 12:00:00,2024-03-10,12,28.6,63,17.8,10.0,0.0,Sunny
2024-03-10 13:00:00,2024-03-10,13,29.7,70,4.1,10.0,0.0,Sunny
2024-03-10 14:00:00,2024-03-10,14,30.3,60,26.3,10.0,0.0,Sunny
2024-03-10 15:00:00,2024-03-10,15,30.9,58,16.0,10.0,0.0,Partly Cloudy
2024-03-10 16:00:00,2024-03-10,16,30.1,56,6.3,10.0,0.0,Sunny
2024-03-10 17:00:00,2024-03-10,17,32.8,44,18.0,10.0,0.0,Sunny
2024-03-10 18:00:00,2024-03-10,18,28.2,60,4.3,10.0,0.0,Sunny
2024-03-10 19:00:00,2024-03-10,19,25.8,42,10.9,10.0,0.0,Clear
2024-03-10 20:00:00,2024-03-10,20,24.0,45,15.0,10.0,0.0,Clear
2024-03-10 21:00:00,2024-03-10,21,24.8,48,4.5,10.0,0.0,Clear
2024-03-10 22:00:00,2024-03-10,22,20.4,44,11.9,10.0,0.0,Clear
2024-03-10 23:00:00,2024-03-10,23,19.3,40,13.9,10.0,0.0,Clear
2024-03-11 00:00:00,2024-03-11,0,17.8,48,7.6,10.0,0.0,Clear
2024-03-11 01:00:00,2024-03-11,1,18.9,44,5.8,10.0,0.0,Clear
2024-03-11 02:00:00,2024-03-11,2,19.3,54,11.2,10.0,0.0,Clear
2024-03-11 03:00:00,2024-03-11,3,16.4,67,8.5,10.0,0.0,Clear
2024-03-11 04:00:00,2024-03-11,4,18.2,59,29.1,10.0,0.0,Clear
2024-03-11 05:00:00,2024-03-11,5,15.2,66,15.2,10.0,0.0,Clear
2024-03-11 06:00:00,2024-03-11,6,18.5,80,8.7,10.0,0.0,Clear
2024-03-11 07:00:00,2024-03-11,7,21.5,75,10.2,10.0,0.0,Sunny
2024-03-11 08:00:00,2024-03-11,8,21.9,74,6.1,10.0,0.0,Sunny
2024-03-11 09:00:00,2024-03-11,9,25.2,80,22.0,10.0,0.0,Partly Cloudy
2024-03-11 10:00:00,2024-03-11,10,23.0,76,16.2,10.0,0.0,Hazy
2024-03-11 11:00:00,2024-03-11,11,26.4,65,30.5,10.0,0.0,Sunny
2024-03-11 12:00:00,2024-03-11,12,29.1,67,11.8,10.0,0.0,Partly Cloudy
2024-03-11 13:00:00,2024-03-11,13,30.2,77,9.0,10.0,0.0,Sunny
2024-03-11 14:00:00,2024-03-11,14,30.9,66,12.1,10.0,0.0,Sunny
2024-03-11 15:00:00,2024-03-11,15,30.7,66,29.7,10.0,0.0,Partly Cloudy
2024-03-11 16:00:00,2024-03-11,16,28.9,51,7.4,10.0,0.0,Partly Cloudy
2024-03-11 17:00:00,2024-03-11,17,28.7,51,6.8,10.0,0.0,Sunny
2024-03-11 18:00:00,2024-03-11,18,31.4,47,8.2,10.0,0.0,Partly Cloudy
2024-03-11 19:00:00,2024-03-11,19,25.7,42,6.1,10.0,0.0,Clear
2024-03-11 20:00:00,2024-03-11,20,24.0,43,12.8,10.0,0.0,Clear
2024-03-11 21:00:00,2024-03-11,21,24.8,38,7.6,10.0,0.0,Clear
2024-03-11 22:00:00,2024-03-11,22,21.0,47,25.2,10.0,0.0,Clear
2024-03-11 23:00:00,2024-03-11,23,22.9,46,4.0,10.0,0.0,Clear
2024-03-12 00:00:00,2024-03-12,0,22.7,47,16.5,10.0,0.0,Clear
2024-03-12 01:00:00,2024-03-12,1,18.1,52,23.1,10.0,0.0,Clear
2024-03-12 02:00:00,2024-03-12,2,18.1,54,3.9,10.0,0.0,Clear
2024-03-12 03:00:00,2024-03-12,3,15.3,53,14.7,10.0,0.0,Clear
2024-03-12 04:00:00,2024-03-12,4,19.0,61,20.2,10.0,0.0,Clear
2024-03-12 05:00:00,2024-03-12,5,15.7,68,2.4,10.0,0.0,Clear
2024-03-12 06:00:00,2024-03-12,6,17.8,71,5.2,10.0,0.0,Clear
2024-03-12 07:00:00,2024-03-12,7,20.9,78,22.0,10.0,0.0,Sunny
2024-03-12 08:00:00,2024-03-12,8,23.0,80,22.1,10.0,0.0,Sunny
2024-03-12 09:00:00,2024-03-12,9,22.2,76,9.9,10.0,0.0,Sunny
2024-03-12 10:00:00,2024-03-12,10,25.0,74,12.2,10.0,0.0,Sunny
2024-03-12 11:00:00,2024-03-12,11,25.3,79,15.9,10.0,0.0,Sunny
2024-03-12 12:00:00,2024-03-12,12,28.2,73,19.7,10.0,0.0,Partly Cloudy
2024-03-12 13:00:00,2024-03-12,13,28.7,67,11.4,10.0,0.0,Sunny
2024-03-12 14:00:00,2024-03-12,14,29.5,60,19.7,10.0,0.0,Sunny
2024-03-12 15:00:00,2024-03-12,15,31.3,57,2.0,10.0,0.0,Partly Cloudy
2024-03-12 16:00:00,2024-03-12,16,30.6,57,8.9,10.0,0.0,Partly Cloudy
2024-03-12 17:00:00,2024-03-12,17,30.3,58,15.7,10.0,0.0,Partly Cloudy
2024-03-12 18:00:00,2024-03-12,18,28.4,46,13.4,10.0,0.0,Sunny
2024-03-12 19:00:00,2024-03-12,19,28.1,41,26.8,10.0,0.0,Clear
2024-03-12 20:00:00,2024-03-12,20,25.6,51,5.2,10.0,0.0,Clear
2024-03-12 21:00:00,2024-03-12,21,23.4,41,4.8,10.0,0.0,Clear
2024-03-12 22:00:00,2024-03-12,22,23.0,39,29.0,10.0,0.0,Clear
2024-03-12 23:00:00,2024-03-12,23,20.2,43,2.8,10.0,0.0,Clear
2024-03-13 00:00:00,2024-03-13,0,19.0,45,17.7,10.0,0.0,Clear
2024-03-13 01:00:00,2024-03-13,1,19.7,56,16.5,10.0,0.0,Clear
2024-03-13 02:00:00,2024-03-13,2,18.9,49,7.1,10.0,0.0,Clear
2024-03-13 03:00:00,2024-03-13,3,17.1,62,28.4,0.7,0.0,Fog
2024-03-13 04:00:00,2024-03-13,4,18.8,65,10.3,0.4,0.0,Fog
2024-03-13 05:00:00,2024-03-13,5,16.8,67,11.0,0.5,0.0,Fog
2024-03-13 06:00:00,2024-03-13,6,19.1,71,5.3,0.7,0.0,Fog
2024-03-13 07:00:00,2024-03-13,7,19.8,75,5.9,1.0,0.0,Fog
2024-03-13 08:00:00,2024-03-13,8,22.3,78,4.6,0.9,0.0,Fog
2024-03-13 09:00:00,2024-03-13,9,24.9,76,14.9,10.0,0.0,Partly Cloudy
2024-03-13 10:00:00,2024-03-13,10,26.3,77,14.5,10.0,0.0,Sunny
2024-03-13 11:00:00,2024-03-13,11,27.8,72,2.0,10.0,0.0,Sunny
2024-03-13 12:00:00,2024-03-13,12,28.8,81,21.2,10.0,0.0,Sunny
2024-03-13 13:00:00,2024-03-13,13,29.4,73,9.4,10.0,0.0,Sunny
2024-03-13 14:00:00,2024-03-13,14,31.7,67,2.7,10.0,0.0,Sunny
2024-03-13 15:00:00,2024-03-13,15,28.6,58,27.1,10.0,0.0,Sunny
2024-03-13 16:00:00,2024-03-13,16,29.5,59,8.1,10.0,0.0,Sunny
2024-03-13 17:00:00,2024-03-13,17,30.1,52,8.0,10.0,0.0,Hazy
2024-03-13 18:00:00,2024-03-13,18,30.4,48,10.0,10.0,0.0,Sunny
2024-03-13 19:00:00,2024-03-13,19,26.8,42,20.0,10.0,0.0,Clear
2024-03-13 20:00:00,2024-03-13,20,25.4,44,7.0,10.0,0.0,Clear
2024-03-13 21:00:00,2024-03-13,21,22.5,49,23.9,10.0,0.0,Clear
2024-03-13 22:00:00,2024-03-13,22,21.7,43,4.6,10.0,0.0,Clear
2024-03-13 23:00:00,2024-03-13,23,21.6,43,7.6,10.0,0.0,Clear
2024-03-14 00:00:00,2024-03-14,0,21.3,48,2.0,10.0,0.0,Clear
2024-03-14 01:00:00,2024-03-14,1,18.0,51,8.2,10.0,0.0,Clear
2024-03-14 02:00:00,2024-03-14,2,16.8,53,3.2,10.0,0.0,Clear
2024-03-14 03:00:00,2024-03-14,3,17.6,57,3.8,10.0,0.0,Clear
2024-03-14 04:00:00,2024-03-14,4,15.8,68,3.4,10.0,0.0,Clear
2024-03-14 05:00:00,2024-03-14,5,19.9,74,10.2,10.0,0.0,Clear
2024-03-14 06:00:00,2024-03-14,6,17.9,82,10.0,10.0,0.0,Clear
2024-03-14 07:00:00,2024-03-14,7,21.1,77,17.4,10.0,0.0,Sunny
2024-03-14 08:00:00,2024-03-14,8,22.7,78,7.9,10.0,0.0,Partly Cloudy
2024-03-14 09:00:00,2024-03-14,9,24.8,82,15.1,10.0,0.0,Sunny
2024-03-14 10:00:00,2024-03-14,10,26.0,74,11.1,10.0,0.0,Sunny
2024-03-14 11:00:00,2024-03-14,11,27.3,78,6.5,10.0,0.0,Sunny
2024-03-14 12:00:00,2024-03-14,12,29.1,77,20.5,10.0,0.0,Partly Cloudy
2024-03-14 13:00:00,2024-03-14,13,30.6,73,5.6,10.0,0.0,Partly Cloudy
2024-03-14 14:00:00,2024-03-14,14,32.4,71,2.2,10.0,0.0,Sunny
2024-03-14 15:00:00,2024-03-14,15,29.2,58,2.0,10.0,0.0,Sunny
2024-03-14 16:00:00,2024-03-14,16,28.1,53,6.8,10.0,0.0,Sunny
2024-03-14 17:00:00,2024-03-14,17,27.8,50,8.9,10.0,0.0,Partly Cloudy
2024-03-14 18:00:00,2024-03-14,18,26.4,43,9.0,10.0,0.0,Hazy
2024-03-14 19:00:00,2024-03-14,19,25.8,47,2.0,10.0,0.0,Clear
2024-03-14 20:00:00,2024-03-14,20,24.1,45,13.2,10.0,0.0,Clear
2024-03-14 21:00:00,2024-03-14,21,23.5,44,7.8,10.0,0.0,Clear
2024-03-14 22:00:00,2024-03-14,22,23.3,43,16.7,10.0,0.0,Clear
2024-03-14 23:00:00,2024-03-14,23,21.5,48,10.2,10.0,0.0,Clear
2024-03-15 00:00:00,2024-03-15,0,18.7,50,14.8,10.0,0.0,Clear
2024-03-15 01:00:00,2024-03-15,1,17.7,49,2.9,10.0,0.0,Clear
2024-03-15 02:00:00,2024-03-15,2,20.1,44,16.7,10.0,0.0,Clear
2024-03-15 03:00:00,2024-03-15,3,18.2,59,12.5,10.0,0.0,Clear
2024-03-15 04:00:00,2024-03-15,4,17.9,65,5.8,10.0,0.0,Clear
2024-03-15 05:00:00,2024-03-15,5,18.5,69,26.7,10.0,0.0,Clear
2024-03-15 06:00:00,2024-03-15,6,19.1,72,39.6,10.0,0.0,Clear
2024-03-15 07:00:00,2024-03-15,7,23.2,73,5.9,10.0,0.0,Sunny
2024-03-15 08:00:00,2024-03-15,8,22.1,74,17.6,10.0,0.0,Sunny
2024-03-15 09:00:00,2024-03-15,9,24.2,74,9.7,10.0,0.0,Sunny
2024-03-15 10:00:00,2024-03-15,10,23.7,79,14.3,10.0,0.0,Sunny
2024-03-15 11:00:00,2024-03-15,11,26.5,80,11.7,10.0,0.0,Sunny
2024-03-15 12:00:00,2024-03-15,12,27.9,68,17.2,10.0,0.0,Sunny
2024-03-15 13:00:00,2024-03-15,13,30.2,69,2.0,10.0,0.0,Sunny
2024-03-15 14:00:00,2024-03-15,14,29.3,68,14.0,10.0,0.0,Partly Cloudy
2024-03-15 15:00:00,2024-03-15,15,30.6,59,12.2,10.0,0.0,Sunny
2024-03-15 16:00:00,2024-03-15,16,29.6,58,10.5,10.0,0.0,Sunny
2024-03-15 17:00:00,2024-03-15,17,28.3,55,22.3,10.0,0.0,Sunny
2024-03-15 18:00:00,2024-03-15,18,27.2,49,3.9,10.0,0.0,Sunny
2024-03-15 19:00:00,2024-03-15,19,27.0,42,16.6,10.0,0.0,Clear
2024-03-15 20:00:00,2024-03-15,20,25.8,48,5.4,10.0,0.0,Clear
2024-03-15 21:00:00,2024-03-15,21,23.8,41,6.7,10.0,0.0,Clear
2024-03-15 22:00:00,2024-03-15,22,21.3,42,5.9,10.0,0.0,Clear
2024-03-15 23:00:00,2024-03-15,23,20.6,46,10.4,10.0,0.0,Clear
2024-03-16 00:00:00,2024-03-16,0,19.0,46,16.8,10.0,0.0,Clear
2024-03-16 01:00:00,2024-03-16,1,17.1,50,9.7,10.0,0.0,Clear
2024-03-16 02:00:00,2024-03-16,2,17.8,54,18.7,10.0,0.0,Clear
2024-03-16 03:00:00,2024-03-16,3,19.7,59,7.5,10.0,0.0,Clear
2024-03-16 04:00:00,2024-03-16,4,17.5,65,2.5,10.0,0.0,Clear
2024-03-16 05:00:00,2024-03-16,5,16.6,61,11.7,10.0,0.0,Clear
2024-03-16 06:00:00,2024-03-16,6,21.2,72,8.5,10.0,0.0,Clear
2024-03-16 07:00:00,2024-03-16,7,22.3,69,26.2,10.0,0.0,Sunny
2024-03-16 08:00:00,2024-03-16,8,24.0,76,4.4,10.0,0.0,Sunny
2024-03-16 09:00:00,2024-03-16,9,23.9,79,13.1,10.0,0.0,Sunny
2024-03-16 10:00:00,2024-03-16,10,24.7,76,9.8,10.0,0.0,Sunny
2024-03-16 11:00:00,2024-03-16,11,26.2,78,2.7,10.0,0.0,Partly Cloudy
2024-03-16 12:00:00,2024-03-16,12,30.0,74,2.0,10.0,0.0,Sunny
2024-03-16 13:00:00,2024-03-16,13,31.6,60,2.0,10.0,0.0,Partly Cloudy
2024-03-16 14:00:00,2024-03-16,14,29.2,69,16.8,10.0,0.0,Sunny
2024-03-16 15:00:00,2024-03-16,15,27.5,61,9.5,10.0,0.0,Partly Cloudy
2024-03-16 16:00:00,2024-03-16,16,30.3,53,14.5,10.0,0.0,Sunny
2024-03-16 17:00:00,2024-03-16,17,28.5,49,15.0,10.0,0.0,Partly Cloudy
2024-03-16 18:00:00,2024-03-16,18,27.7,39,29.1,10.0,0.0,Sunny
2024-03-16 19:00:00,2024-03-16,19,27.0,45,19.5,10.0,0.0,Clear
2024-03-16 20:00:00,2024-03-16,20,26.2,45,9.5,10.0,0.0,Clear
2024-03-16 21:00:00,2024-03-16,21,23.1,39,13.8,10.0,0.0,Clear
2024-03-16 22:00:00,2024-03-16,22,22.5,39,3.5,10.0,0.0,Clear
2024-03-16 23:00:00,2024-03-16,23,20.6,45,3.0,10.0,0.0,Clear
2024-03-17 00:00:00,2024-03-17,0,16.6,52,8.6,10.0,0.0,Clear
2024-03-17 01:00:00,2024-03-17,1,19.0,55,5.6,10.0,0.0,Clear
2024-03-17 02:00:00,2024-03-17,2,17.2,59,10.0,10.0,0.0,Clear
2024-03-17 03:00:00,2024-03-17,3,16.0,68,6.8,10.0,0.0,Clear
2024-03-17 04:00:00,2024-03-17,4,16.9,68,18.5,10.0,0.0,Clear
2024-03-17 05:00:00,2024-03-17,5,18.6,74,13.6,10.0,0.0,Clear
2024-03-17 06:00:00,2024-03-17,6,19.5,73,5.9,10.0,0.0,Clear
2024-03-17 07:00:00,2024-03-17,7,21.5,74,15.2,10.0,0.0,Sunny
2024-03-17 08:00:00,2024-03-17,8,22.8,82,3.6,10.0,0.0,Sunny
2024-03-17 09:00:00,2024-03-17,9,22.6,74,9.3,10.0,0.0,Sunny
2024-03-17 10:00:00,2024-03-17,10,22.1,79,18.8,10.0,0.0,Sunny
2024-03-17 11:00:00,2024-03-17,11,27.4,73,2.0,10.0,0.0,Sunny
2024-03-17 12:00:00,2024-03-17,12,29.4,74,23.0,10.0,0.0,Sunny
2024-03-17 13:00:00,2024-03-17,13,29.4,70,7.0,10.0,0.0,Sunny
2024-03-17 14:00:00,2024-03-17,14,31.1,65,19.1,10.0,0.0,Sunny
2024-03-17 15:00:00,2024-03-17,15,29.3,60,7.0,10.0,0.0,Sunny
2024-03-17 16:00:00,2024-03-17,16,29.9,57,2.2,10.0,0.0,Sunny
2024-03-17 17:00:00,2024-03-17,17,28.5,54,6.2,10.0,0.0,Partly Cloudy
2024-03-17 18:00:00,2024-03-17,18,29.4,42,21.6,10.0,0.0,Sunny
2024-03-17 19:00:00,2024-03-17,19,26.2,44,11.0,10.0,0.0,Clear
2024-03-17 20:00:00,2024-03-17,20,28.2,41,19.4,10.0,0.0,Clear
2024-03-17 21:00:00,2024-03-17,21,23.4,43,7.2,10.0,0.0,Clear
2024-03-17 22:00:00,2024-03-17,22,23.3,41,5.0,10.0,0.0,Clear
2024-03-17 23:00:00,2024-03-17,23,20.2,50,18.6,10.0,0.0,Clear
2024-03-18 00:00:00,2024-03-18,0,21.0,47,9.4,10.0,0.0,Clear
2024-03-18 01:00:00,2024-03-18,1,19.9,55,12.3,10.0,0.0,Clear
2024-03-18 02:00:00,2024-03-18,2,17.3,52,13.1,10.0,0.0,Clear
2024-03-18 03:00:00,2024-03-18,3,17.8,59,2.0,0.3,0.0,Fog
2024-03-18 04:00:00,2024-03-18,4,19.3,62,15.6,0.4,0.0,Fog
2024-03-18 05:00:00,2024-03-18,5,18.7,71,3.7,1.0,0.0,Fog
2024-03-18 06:00:00,2024-03-18,6,18.3,68,2.0,1.1,0.0,Fog
2024-03-18 07:00:00,2024-03-18,7,20.8,69,6.4,0.8,0.0,Fog
2024-03-18 08:00:00,2024-03-18,8,21.4,75,8.3,0.2,0.0,Fog
2024-03-18 09:00:00,2024-03-18,9,24.2,80,24.7,10.0,0.0,Sunny
2024-03-18 10:00:00,2024-03-18,10,24.7,74,16.2,10.0,0.0,Sunny
2024-03-18 11:00:00,2024-03-18,11,27.7,77,2.0,10.0,0.0,Sunny
2024-03-18 12:00:00,2024-03-18,12,26.4,70,12.2,10.0,0.0,Sunny
2024-03-18 13:00:00,2024-03-18,13,28.3,62,9.4,10.0,0.0,Sunny
2024-03-18 14:00:00,2024-03-18,14,29.3,68,4.3,10.0,0.0,Sunny
2024-03-18 15:00:00,2024-03-18,15,30.3,63,15.0,10.0,0.0,Sunny
2024-03-18 16:00:00,2024-03-18,16,28.5,55,24.6,10.0,0.0,Sunny
2024-03-18 17:00:00,2024-03-18,17,28.6,51,10.1,10.0,0.0,Partly Cloudy
2024-03-18 18:00:00,2024-03-18,18,29.5,46,7.1,10.0,0.0,Sunny
2024-03-18 19:00:00,2024-03-18,19,28.3,40,10.5,10.0,0.0,Clear
2024-03-18 20:00:00,2024-03-18,20,22.6,48,12.3,10.0,0.0,Clear
2024-03-18 21:00:00,2024-03-18,21,23.3,42,33.9,10.0,0.0,Clear
2024-03-18 22:00:00,2024-03-18,22,23.8,44,5.3,10.0,0.0,Clear
2024-03-18 23:00:00,2024-03-18,23,21.2,42,5.5,10.0,0.0,Clear
2024-03-19 00:00:00,2024-03-19,0,19.9,49,18.2,10.0,0.0,Clear
2024-03-19 01:00:00,2024-03-19,1,19.0,56,6.6,10.0,0.0,Clear
2024-03-19 02:00:00,2024-03-19,2,16.6,56,2.0,10.0,0.0,Clear
2024-03-19 03:00:00,2024-03-19,3,17.8,61,24.8,10.0,0.0,Clear
2024-03-19 04:00:00,2024-03-19,4,18.3,68,23.9,10.0,0.0,Clear
2024-03-19 05:00:00,2024-03-19,5,18.5,72,3.1,10.0,0.0,Clear
2024-03-19 06:00:00,2024-03-19,6,18.9,77,10.1,10.0,0.0,Clear
2024-03-19 07:00:00,2024-03-19,7,20.7,77,2.0,10.0,0.0,Sunny
2024-03-19 08:00:00,2024-03-19,8,20.9,79,17.1,10.0,0.0,Partly Cloudy
2024-03-19 09:00:00,2024-03-19,9,24.7,79,16.6,10.0,0.0,Partly Cloudy
2024-03-19 10:00:00,2024-03-19,10,24.0,81,9.5,10.0,0.0,Sunny
2024-03-19 11:00:00,2024-03-19,11,26.3,74,20.1,10.0,0.0,Sunny
2024-03-19 12:00:00,2024-03-19,12,29.4,75,2.0,10.0,0.0,Sunny
2024-03-19 13:00:00,2024-03-19,13,30.0,78,11.5,10.0,0.0,Sunny
2024-03-19 14:00:00,2024-03-19,14,29.7,66,2.0,10.0,0.0,Partly Cloudy
2024-03-19 15:00:00,2024-03-19,15,28.4,55,4.2,10.0,0.0,Sunny
2024-03-19 16:00:00,2024-03-19,16,30.2,54,2.0,10.0,0.0,Sunny
2024-03-19 17:00:00,2024-03-19,17,28.9,53,27.3,10.0,0.0,Partly Cloudy
2024-03-19 18:00:00,2024-03-19,18,29.2,45,19.6,10.0,0.0,Sunny
2024-03-19 19:00:00,2024-03-19,19,26.6,40,2.0,10.0,0.0,Clear
2024-03-19 20:00:00,2024-03-19,20,23.6,37,12.0,10.0,0.0,Clear
2024-03-19 21:00:00,2024-03-19,21,22.3,41,2.0,10.0,0.0,Clear
2024-03-19 22:00:00,2024-03-19,22,21.8,49,15.6,10.0,0.0,Clear
2024-03-19 23:00:00,2024-03-19,23,20.9,42,18.1,10.0,0.0,Clear
2024-03-20 00:00:00,2024-03-20,0,18.0,51,15.8,10.0,0.0,Clear
2024-03-20 01:00:00,2024-03-20,1,17.5,50,12.0,10.0,0.0,Clear
2024-03-20 02:00:00,2024-03-20,2,18.7,54,8.3,10.0,0.0,Clear
2024-03-20 03:00:00,2024-03-20,3,18.8,62,11.4,10.0,0.0,Clear
2024-03-20 04:00:00,2024-03-20,4,18.1,59,4.3,10.0,0.0,Clear
2024-03-20 05:00:00,2024-03-20,5,18.0,76,12.0,10.0,0.0,Clear
2024-03-20 06:00:00,2024-03-20,6,18.7,75,7.4,10.0,0.0,Clear
2024-03-20 07:00:00,2024-03-20,7,21.4,80,2.0,10.0,0.0,Sunny
2024-03-20 08:00:00,2024-03-20,8,21.9,76,3.7,10.0,0.0,Sunny
2024-03-20 09:00:00,2024-03-20,9,25.1,80,18.0,10.0,0.0,Sunny
2024-03-20 10:00:00,2024-03-20,10,26.8,81,2.0,10.0,0.0,Sunny
2024-03-20 11:00:00,2024-03-20,11,27.7,75,10.7,10.0,0.0,Sunny
2024-03-20 12:00:00,2024-03-20,12,28.0,69,7.0,10.0,0.0,Hazy
2024-03-20 13:00:00,2024-03-20,13,29.1,65,3.7,10.0,0.0,Sunny
2024-03-20 14:00:00,2024-03-20,14,28.3,63,20.5,10.0,0.0,Sunny
2024-03-20 15:00:00,2024-03-20,15,30.4,61,22.9,10.0,0.0,Partly Cloudy
2024-03-20 16:00:00,2024-03-20,16,30.2,55,2.3,10.0,0.0,Hazy
2024-03-20 17:00:00,2024-03-20,17,28.0,49,10.9,10.0,0.0,Sunny
2024-03-20 18:00:00,2024-03-20,18,31.4,50,7.8,10.0,0.0,Partly Cloudy
2024-03-20 19:00:00,2024-03-20,19,27.9,43,10.6,10.0,0.0,Clear
2024-03-20 20:00:00,2024-03-20,20,24.7,40,47.5,10.0,0.0,Clear
2024-03-20 21:00:00,2024-03-20,21,26.5,46,7.0,10.0,0.0,Clear
2024-03-20 22:00:00,2024-03-20,22,21.7,45,4.9,10.0,0.0,Clear
2024-03-20 23:00:00,2024-03-20,23,21.7,40,8.9,10.0,0.0,Clear
2024-03-21 00:00:00,2024-03-21,0,19.5,42,12.6,10.0,0.0,Clear
2024-03-21 01:00:00,2024-03-21,1,17.8,47,6.7,10.0,0.0,Clear
2024-03-21 02:00:00,2024-03-21,2,17.3,55,44.9,10.0,0.0,Clear
2024-03-21 03:00:00,2024-03-21,3,19.2,65,4.6,10.0,0.0,Clear
2024-03-21 04:00:00,2024-03-21,4,18.8,70,15.8,10.0,0.0,Clear
2024-03-21 05:00:00,2024-03-21,5,18.2,72,26.0,10.0,0.0,Clear
2024-03-21 06:00:00,2024-03-21,6,16.9,80,2.0,10.0,0.0,Clear
2024-03-21 07:00:00,2024-03-21,7,21.1,76,13.5,10.0,0.0,Sunny
2024-03-21 08:00:00,2024-03-21,8,20.8,82,4.8,10.0,0.0,Sunny
2024-03-21 09:00:00,2024-03-21,9,24.6,76,3.7,10.0,0.0,Hazy
2024-03-21 10:00:00,2024-03-21,10,24.8,71,8.3,10.0,0.0,Hazy
2024-03-21 11:00:00,2024-03-21,11,26.5,74,24.8,10.0,0.0,Sunny
2024-03-21 12:00:00,2024-03-21,12,27.8,72,18.6,10.0,0.0,Partly Cloudy
2024-03-21 13:00:00,2024-03-21,13,30.9,79,2.0,10.0,0.0,Sunny
2024-03-21 14:00:00,2024-03-21,14,28.2,65,18.5,10.0,0.0,Sunny
2024-03-21 15:00:00,2024-03-21,15,31.4,56,4.7,10.0,0.0,Sunny
2024-03-21 16:00:00,2024-03-21,16,30.7,59,22.1,10.0,0.0,Sunny
2024-03-21 17:00:00,2024-03-21,17,29.5,48,2.0,10.0,0.0,Sunny
2024-03-21 18:00:00,2024-03-21,18,28.1,48,14.2,10.0,0.0,Sunny
2024-03-21 19:00:00,2024-03-21,19,27.8,48,4.1,10.0,0.0,Clear
2024-03-21 20:00:00,2024-03-21,20,25.2,39,18.4,10.0,0.0,Clear
2024-03-21 21:00:00,2024-03-21,21,23.5,48,29.4,10.0,0.0,Clear
2024-03-21 22:00:00,2024-03-21,22,22.4,47,8.5,10.0,0.0,Clear
2024-03-21 23:00:00,2024-03-21,23,22.8,46,5.9,10.0,0.0,Clear
2024-03-22 00:00:00,2024-03-22,0,17.6,54,7.5,10.0,0.0,Clear
2024-03-22 01:00:00,2024-03-22,1,19.0,49,9.0,10.0,0.0,Clear
2024-03-22 02:00:00,2024-03-22,2,17.5,59,13.9,10.0,0.0,Clear
2024-03-22 03:00:00,2024-03-22,3,17.2,61,2.0,10.0,0.0,Clear
2024-03-22 04:00:00,2024-03-22,4,15.9,62,3.3,10.0,0.0,Clear
2024-03-22 05:00:00,2024-03-22,5,16.3,67,10.4,10.0,0.0,Clear
2024-03-22 06:00:00,2024-03-22,6,19.8,81,9.3,10.0,0.0,Clear
2024-03-22 07:00:00,2024-03-22,7,19.2,80,3.1,10.0,0.0,Sunny
2024-03-22 08:00:00,2024-03-22,8,23.5,81,21.3,10.0,0.0,Sunny
2024-03-22 09:00:00,2024-03-22,9,22.8,75,5.3,10.0,0.0,Sunny
2024-03-22 10:00:00,2024-03-22,10,26.3,80,33.7,10.0,0.0,Hazy
2024-03-22 11:00:00,2024-03-22,11,26.6,74,13.5,10.0,0.0,Hazy
2024-03-22 12:00:00,2024-03-22,12,27.8,80,17.4,10.0,0.0,Partly Cloudy
2024-03-22 13:00:00,2024-03-22,13,28.5,74,11.4,10.0,0.0,Sunny
2024-03-22 14:00:00,2024-03-22,14,30.8,68,5.9,10.0,0.0,Partly Cloudy
2024-03-22 15:00:00,2024-03-22,15,31.4,63,11.1,10.0,0.0,Partly Cloudy
2024-03-22 16:00:00,2024-03-22,16,29.9,55,8.1,10.0,0.0,Sunny
2024-03-22 17:00:00,2024-03-22,17,30.3,53,2.4,10.0,0.0,Sunny
2024-03-22 18:00:00,2024-03-22,18,28.6,53,2.5,10.0,0.0,Sunny
2024-03-22 19:00:00,2024-03-22,19,25.6,46,7.1,10.0,0.0,Clear
2024-03-22 20:00:00,2024-03-22,20,26.1,39,14.2,10.0,0.0,Clear
2024-03-22 21:00:00,2024-03-22,21,23.6,47,7.0,10.0,0.0,Clear
2024-03-22 22:00:00,2024-03-22,22,19.2,40,7.2,10.0,0.0,Clear
2024-03-22 23:00:00,2024-03-22,23,20.3,44,14.5,10.0,0.0,Clear
2024-03-23 00:00:00,2024-03-23,0,17.4,45,7.0,10.0,0.0,Clear
2024-03-23 01:00:00,2024-03-23,1,16.9,41,42.5,10.0,0.0,Clear
2024-03-23 02:00:00,2024-03-23,2,17.4,56,5.2,10.0,0.0,Clear
2024-03-23 03:00:00,2024-03-23,3,17.4,69,18.3,10.0,0.0,Clear
2024-03-23 04:00:00,2024-03-23,4,16.7,66,10.3,10.0,0.0,Clear
2024-03-23 05:00:00,2024-03-23,5,19.0,81,60.0,10.0,0.0,Clear
2024-03-23 06:00:00,2024-03-23,6,19.3,72,6.5,10.0,0.0,Clear
2024-03-23 07:00:00,2024-03-23,7,20.2,76,16.2,10.0,0.0,Sunny
2024-03-23 08:00:00,2024-03-23,8,22.4,77,9.2,10.0,0.0,Sunny
2024-03-23 09:00:00,2024-03-23,9,25.4,78,2.0,10.0,0.0,Hazy
2024-03-23 10:00:00,2024-03-23,10,23.1,79,9.9,10.0,0.0,Sunny
2024-03-23 11:00:00,2024-03-23,11,28.8,82,6.5,10.0,0.0,Sunny
2024-03-23 12:00:00,2024-03-23,12,27.9,69,11.9,10.0,0.0,Hazy
2024-03-23 13:00:00,2024-03-23,13,28.7,69,5.0,10.0,0.0,Partly Cloudy
2024-03-23 14:00:00,2024-03-23,14,29.8,67,2.0,10.0,0.0,Sunny
2024-03-23 15:00:00,2024-03-23,15,29.4,65,27.9,10.0,0.0,Hazy
2024-03-23 16:00:00,2024-03-23,16,29.0,47,5.6,10.0,0.0,Partly Cloudy
2024-03-23 17:00:00,2024-03-23,17,30.6,45,17.7,10.0,0.0,Sunny
2024-03-23 18:00:00,2024-03-23,18,28.8,47,8.6,10.0,0.0,Partly Cloudy
2024-03-23 19:00:00,2024-03-23,19,24.9,49,11.7,10.0,0.0,Clear
2024-03-23 20:00:00,2024-03-23,20,26.5,41,11.0,10.0,0.0,Clear
2024-03-23 21:00:00,2024-03-23,21,24.6,45,7.0,10.0,0.0,Clear
2024-03-23 22:00:00,2024-03-23,22,20.5,51,9.9,10.0,0.0,Clear
2024-03-23 23:00:00,2024-03-23,23,21.0,44,17.0,10.0,0.0,Clear
2024-03-24 00:00:00,2024-03-24,0,20.1,46,10.3,10.0,0.0,Clear
2024-03-24 01:00:00,2024-03-24,1,16.4,53,19.5,10.0,0.0,Clear
2024-03-24 02:00:00,2024-03-24,2,18.1,56,6.5,10.0,0.0,Clear
2024-03-24 03:00:00,2024-03-24,3,16.7,61,9.2,10.0,0.0,Clear
2024-03-24 04:00:00,2024-03-24,4,18.4,64,3.3,10.0,0.0,Clear
2024-03-24 05:00:00,2024-03-24,5,17.3,68,12.5,10.0,0.0,Clear
2024-03-24 06:00:00,2024-03-24,6,20.7,69,8.6,10.0,0.0,Clear
2024-03-24 07:00:00,2024-03-24,7,20.5,78,10.8,10.0,0.0,Sunny
2024-03-24 08:00:00,2024-03-24,8,21.6,73,26.8,10.0,0.0,Partly Cloudy
2024-03-24 09:00:00,2024-03-24,9,23.1,75,8.7,10.0,0.0,Sunny
2024-03-24 10:00:00,2024-03-24,10,26.7,73,24.6,10.0,0.0,Sunny
2024-03-24 11:00:00,2024-03-24,11,26.4,74,4.6,10.0,0.0,Partly Cloudy
2024-03-24 12:00:00,2024-03-24,12,29.9,73,5.0,10.0,0.0,Sunny
2024-03-24 13:00:00,2024-03-24,13,29.9,65,4.7,10.0,0.0,Hazy
2024-03-24 14:00:00,2024-03-24,14,28.6,64,2.9,10.0,0.0,Sunny
2024-03-24 15:00:00,2024-03-24,15,30.5,61,10.3,10.0,0.0,Sunny
2024-03-24 16:00:00,2024-03-24,16,30.3,49,14.1,10.0,0.0,Sunny
2024-03-24 17:00:00,2024-03-24,17,27.9,48,35.0,10.0,0.0,Partly Cloudy
2024-03-24 18:00:00,2024-03-24,18,28.6,54,8.4,10.0,0.0,Sunny
2024-03-24 19:00:00,2024-03-24,19,27.9,42,26.0,10.0,0.0,Clear
2024-03-24 20:00:00,2024-03-24,20,27.0,45,3.5,10.0,0.0,Clear
2024-03-24 21:00:00,2024-03-24,21,25.3,40,5.2,10.0,0.0,Clear
2024-03-24 22:00:00,2024-03-24,22,25.2,43,8.1,10.0,0.0,Clear
2024-03-24 23:00:00,2024-03-24,23,20.8,41,3.7,10.0,0.0,Clear
2024-03-25 00:00:00,2024-03-25,0,20.1,40,11.2,10.0,0.0,Clear
2024-03-25 01:00:00,2024-03-25,1,17.6,49,2.7,10.0,0.0,Clear
2024-03-25 02:00:00,2024-03-25,2,20.0,57,9.6,10.0,0.0,Clear
2024-03-25 03:00:00,2024-03-25,3,16.4,63,9.1,10.0,0.0,Clear
2024-03-25 04:00:00,2024-03-25,4,19.9,65,12.5,10.0,0.0,Clear
2024-03-25 05:00:00,2024-03-25,5,20.4,66,24.5,10.0,0.0,Clear
2024-03-25 06:00:00,2024-03-25,6,18.5,76,5.3,10.0,0.0,Clear
2024-03-25 07:00:00,2024-03-25,7,22.0,73,31.0,10.0,0.0,Sunny
2024-03-25 08:00:00,2024-03-25,8,22.9,75,19.6,10.0,0.0,Partly Cloudy
2024-03-25 09:00:00,2024-03-25,9,23.5,74,12.4,10.0,0.0,Sunny
2024-03-25 10:00:00,2024-03-25,10,25.5,76,2.8,10.0,0.0,Hazy
2024-03-25 11:00:00,2024-03-25,11,27.6,74,11.0,10.0,0.0,Sunny
2024-03-25 12:00:00,2024-03-25,12,29.0,74,3.4,10.0,0.0,Sunny
2024-03-25 13:00:00,2024-03-25,13,31.4,64,15.0,10.0,0.0,Partly Cloudy
2024-03-25 14:00:00,2024-03-25,14,31.0,63,6.6,10.0,0.0,Partly Cloudy
2024-03-25 15:00:00,2024-03-25,15,29.6,57,22.6,10.0,0.0,Partly Cloudy
2024-03-25 16:00:00,2024-03-25,16,31.2,57,23.2,10.0,0.0,Sunny
2024-03-25 17:00:00,2024-03-25,17,27.5,52,16.0,10.0,0.0,Partly Cloudy
2024-03-25 18:00:00,2024-03-25,18,28.1,43,3.9,10.0,0.0,Sunny
2024-03-25 19:00:00,2024-03-25,19,26.9,46,7.5,10.0,0.0,Clear
2024-03-25 20:00:00,2024-03-25,20,26.5,42,23.3,10.0,0.0,Clear
2024-03-25 21:00:00,2024-03-25,21,26.1,45,44.5,10.0,0.0,Clear
2024-03-25 22:00:00,2024-03-25,22,22.6,40,6.2,10.0,0.0,Clear
2024-03-25 23:00:00,2024-03-25,23,20.3,47,11.1,10.0,0.0,Clear
2024-03-26 00:00:00,2024-03-26,0,18.6,51,6.4,10.0,0.0,Clear
2024-03-26 01:00:00,2024-03-26,1,19.4,51,4.1,10.0,0.0,Clear
2024-03-26 02:00:00,2024-03-26,2,17.5,64,4.9,10.0,0.0,Clear
2024-03-26 03:00:00,2024-03-26,3,16.9,62,9.4,10.0,0.0,Clear
2024-03-26 04:00:00,2024-03-26,4,18.9,72,2.0,10.0,0.0,Clear
2024-03-26 05:00:00,2024-03-26,5,19.8,79,20.3,10.0,0.0,Clear
2024-03-26 06:00:00,2024-03-26,6,18.3,66,7.9,10.0,0.0,Clear
2024-03-26 07:00:00,2024-03-26,7,19.0,80,11.8,10.0,0.0,Sunny
2024-03-26 08:00:00,2024-03-26,8,22.2,79,11.5,10.0,0.0,Partly Cloudy
2024-03-26 09:00:00,2024-03-26,9,22.6,79,8.1,10.0,0.0,Sunny
2024-03-26 10:00:00,2024-03-26,10,24.1,75,6.1,10.0,0.0,Partly Cloudy
2024-03-26 11:00:00,2024-03-26,11,26.0,72,5.5,10.0,0.0,Sunny
2024-03-26 12:00:00,2024-03-26,12,29.9,69,19.5,10.0,0.0,Partly Cloudy
2024-03-26 13:00:00,2024-03-26,13,30.4,78,2.8,10.0,0.0,Sunny
2024-03-26 14:00:00,2024-03-26,14,33.2,67,15.9,10.0,0.0,Sunny
2024-03-26 15:00:00,2024-03-26,15,29.7,55,16.5,10.0,0.0,Sunny
2024-03-26 16:00:00,2024-03-26,16,31.9,51,5.4,10.0,0.0,Sunny
2024-03-26 17:00:00,2024-03-26,17,30.2,43,6.9,10.0,0.0,Sunny
2024-03-26 18:00:00,2024-03-26,18,27.9,52,12.2,10.0,0.0,Partly Cloudy
2024-03-26 19:00:00,2024-03-26,19,27.1,45,11.5,10.0,0.0,Clear
2024-03-26 20:00:00,2024-03-26,20,25.0,45,19.4,10.0,0.0,Clear
2024-03-26 21:00:00,2024-03-26,21,24.3,42,16.9,10.0,0.0,Clear
2024-03-26 22:00:00,2024-03-26,22,23.5,46,4.9,10.0,0.0,Clear
2024-03-26 23:00:00,2024-03-26,23,20.3,43,22.7,10.0,0.0,Clear
2024-03-27 00:00:00,2024-03-27,0,20.4,48,6.6,10.0,0.0,Clear
2024-03-27 01:00:00,2024-03-27,1,19.9,52,2.7,10.0,0.0,Clear
2024-03-27 02:00:00,2024-03-27,2,19.5,51,2.0,10.0,0.0,Clear
2024-03-27 03:00:00,2024-03-27,3,16.1,57,15.5,10.0,0.0,Clear
2024-03-27 04:00:00,2024-03-27,4,17.7,63,37.5,10.0,0.0,Clear
2024-03-27 05:00:00,2024-03-27,5,19.2,70,4.6,10.0,0.0,Clear
2024-03-27 06:00:00,2024-03-27,6,18.1,78,2.0,10.0,0.0,Clear
2024-03-27 07:00:00,2024-03-27,7,19.2,76,14.4,10.0,0.0,Sunny
2024-03-27 08:00:00,2024-03-27,8,22.3,77,3.7,10.0,0.0,Sunny
2024-03-27 09:00:00,2024-03-27,9,23.5,79,17.9,10.0,0.0,Sunny
2024-03-27 10:00:00,2024-03-27,10,25.5,77,8.1,10.0,0.0,Partly Cloudy
2024-03-27 11:00:00,2024-03-27,11,26.7,75,4.9,10.0,0.0,Hazy
2024-03-27 12:00:00,2024-03-27,12,31.2,79,8.4,10.0,0.0,Partly Cloudy
2024-03-27 13:00:00,2024-03-27,13,29.1,68,26.3,10.0,0.0,Partly Cloudy
2024-03-27 14:00:00,2024-03-27,14,31.0,66,2.0,10.0,0.0,Sunny
2024-03-27 15:00:00,2024-03-27,15,31.1,57,18.5,10.0,0.0,Sunny
2024-03-27 16:00:00,2024-03-27,16,28.3,60,19.7,10.0,0.0,Sunny
2024-03-27 17:00:00,2024-03-27,17,31.4,47,6.7,10.0,0.0,Sunny
2024-03-27 18:00:00,2024-03-27,18,29.3,47,15.0,10.0,0.0,Partly Cloudy
2024-03-27 19:00:00,2024-03-27,19,27.4,48,12.2,10.0,0.0,Clear
2024-03-27 20:00:00,2024-03-27,20,27.0,39,19.6,10.0,0.0,Clear
2024-03-27 21:00:00,2024-03-27,21,23.9,45,8.5,10.0,0.0,Clear
2024-03-27 22:00:00,2024-03-27,22,23.4,34,2.6,10.0,0.0,Clear
2024-03-27 23:00:00,2024-03-27,23,18.5,40,23.6,10.0,0.0,Clear
2024-03-28 00:00:00,2024-03-28,0,20.4,47,5.2,10.0,0.0,Clear
2024-03-28 01:00:00,2024-03-28,1,18.6,61,6.6,10.0,0.0,Clear
2024-03-28 02:00:00,2024-03-28,2,18.0,56,7.8,10.0,0.0,Clear
2024-03-28 03:00:00,2024-03-28,3,16.5,61,21.6,10.0,0.0,Clear
2024-03-28 04:00:00,2024-03-28,4,17.5,69,33.7,10.0,0.0,Clear
2024-03-28 05:00:00,2024-03-28,5,18.1,65,7.2,10.0,0.0,Clear
2024-03-28 06:00:00,2024-03-28,6,18.0,61,7.4,10.0,0.0,Clear
2024-03-28 07:00:00,2024-03-28,7,21.2,83,11.8,10.0,0.0,Hazy
2024-03-28 08:00:00,2024-03-28,8,24.2,80,4.0,10.0,0.0,Hazy
2024-03-28 09:00:00,2024-03-28,9,22.3,76,14.5,10.0,0.0,Sunny
2024-03-28 10:00:00,2024-03-28,10,26.3,78,14.6,10.0,0.0,Sunny
2024-03-28 11:00:00,2024-03-28,11,26.7,80,12.1,10.0,0.0,Sunny
2024-03-28 12:00:00,2024-03-28,12,28.0,72,2.8,10.0,0.0,Sunny
2024-03-28 13:00:00,2024-03-28,13,29.7,70,32.8,10.0,0.0,Partly Cloudy
2024-03-28 14:00:00,2024-03-28,14,30.4,73,15.5,10.0,0.0,Sunny
2024-03-28 15:00:00,2024-03-28,15,30.7,55,29.8,10.0,0.0,Sunny
2024-03-28 16:00:00,2024-03-28,16,28.9,57,3.2,10.0,0.0,Partly Cloudy
2024-03-28 17:00:00,2024-03-28,17,30.9,46,4.5,10.0,0.0,Sunny
2024-03-28 18:00:00,2024-03-28,18,28.7,54,5.5,10.0,0.0,Hazy
2024-03-28 19:00:00,2024-03-28,19,28.0,46,33.9,10.0,0.0,Clear
2024-03-28 20:00:00,2024-03-28,20,27.1,40,11.4,10.0,0.0,Clear
2024-03-28 21:00:00,2024-03-28,21,21.7,36,9.6,10.0,0.0,Clear
2024-03-28 22:00:00,2024-03-28,22,23.1,41,2.0,10.0,0.0,Clear
2024-03-28 23:00:00,2024-03-28,23,20.6,45,7.4,10.0,0.0,Clear
2024-03-29 00:00:00,2024-03-29,0,20.6,52,8.5,10.0,0.0,Clear
2024-03-29 01:00:00,2024-03-29,1,17.4,47,12.5,10.0,0.0,Clear
2024-03-29 02:00:00,2024-03-29,2,18.8,52,34.3,10.0,0.0,Clear
2024-03-29 03:00:00,2024-03-29,3,16.2,58,25.8,10.0,0.0,Clear
2024-03-29 04:00:00,2024-03-29,4,18.2,62,8.1,10.0,0.0,Clear
2024-03-29 05:00:00,2024-03-29,5,18.7,67,4.4,10.0,0.0,Clear
2024-03-29 06:00:00,2024-03-29,6,19.2,69,8.0,10.0,0.0,Clear
2024-03-29 07:00:00,2024-03-29,7,19.5,77,10.6,10.0,0.0,Sunny
2024-03-29 08:00:00,2024-03-29,8,21.9,75,15.0,10.0,0.0,Sunny
2024-03-29 09:00:00,2024-03-29,9,25.1,78,2.0,10.0,0.0,Partly Cloudy
2024-03-29 10:00:00,2024-03-29,10,27.5,79,8.1,10.0,0.0,Partly Cloudy
2024-03-29 11:00:00,2024-03-29,11,29.6,70,8.6,10.0,0.0,Sunny
2024-03-29 12:00:00,2024-03-29,12,29.2,75,7.9,10.0,0.0,Sunny
2024-03-29 13:00:00,2024-03-29,13,29.9,70,34.1,10.0,0.0,Sunny
2024-03-29 14:00:00,2024-03-29,14,30.8,66,9.0,10.0,0.0,Sunny
2024-03-29 15:00:00,2024-03-29,15,32.8,59,10.0,10.0,0.0,Partly Cloudy
2024-03-29 16:00:00,2024-03-29,16,30.9,54,31.5,10.0,0.0,Sunny
2024-03-29 17:00:00,2024-03-29,17,29.7,51,25.5,10.0,0.0,Partly Cloudy
2024-03-29 18:00:00,2024-03-29,18,28.3,48,23.1,10.0,0.0,Sunny
2024-03-29 19:00:00,2024-03-29,19,27.1,40,12.1,10.0,0.0,Clear
2024-03-29 20:00:00,2024-03-29,20,26.1,49,7.0,10.0,0.0,Clear
2024-03-29 21:00:00,2024-03-29,21,23.1,39,4.3,10.0,0.0,Clear
2024-03-29 22:00:00,2024-03-29,22,21.6,43,19.7,10.0,0.0,Clear
2024-03-29 23:00:00,2024-03-29,23,20.7,49,29.6,10.0,0.0,Clear
2024-03-30 00:00:00,2024-03-30,0,18.9,46,15.1,10.0,0.0,Clear
2024-03-30 01:00:00,2024-03-30,1,19.1,52,3.6,10.0,0.0,Clear
2024-03-30 02:00:00,2024-03-30,2,18.5,47,11.4,10.0,0.0,Clear
2024-03-30 03:00:00,2024-03-30,3,17.8,52,22.6,10.0,0.0,Clear
2024-03-30 04:00:00,2024-03-30,4,18.3,65,4.7,10.0,0.0,Clear
2024-03-30 05:00:00,2024-03-30,5,18.5,70,4.9,10.0,0.0,Clear
2024-03-30 06:00:00,2024-03-30,6,14.9,77,14.3,10.0,0.0,Clear
2024-03-30 07:00:00,2024-03-30,7,19.7,79,15.2,10.0,0.0,Sunny
2024-03-30 08:00:00,2024-03-30,8,23.2,71,13.8,10.0,0.0,Sunny
2024-03-30 09:00:00,2024-03-30,9,23.0,83,24.5,10.0,0.0,Partly Cloudy
2024-03-30 10:00:00,2024-03-30,10,26.7,73,9.8,10.0,0.0,Sunny
2024-03-30 11:00:00,2024-03-30,11,28.3,79,6.5,10.0,0.0,Sunny
2024-03-30 12:00:00,2024-03-30,12,28.3,71,18.7,10.0,0.0,Sunny
2024-03-30 13:00:00,2024-03-30,13,28.9,80,39.0,10.0,0.0,Sunny
2024-03-30 14:00:00,2024-03-30,14,30.3,62,6.9,10.0,0.0,Hazy
2024-03-30 15:00:00,2024-03-30,15,30.4,60,16.9,10.0,0.0,Sunny
2024-03-30 16:00:00,2024-03-30,16,31.0,56,26.7,10.0,0.0,Sunny
2024-03-30 17:00:00,2024-03-30,17,26.8,50,12.8,10.0,0.0,Partly Cloudy
2024-03-30 18:00:00,2024-03-30,18,27.7,43,3.8,10.0,0.0,Sunny
2024-03-30 19:00:00,2024-03-30,19,26.0,53,13.0,10.0,0.0,Clear
2024-03-30 20:00:00,2024-03-30,20,22.7,40,14.6,10.0,0.0,Clear
2024-03-30 21:00:00,2024-03-30,21,23.4,39,8.3,10.0,0.0,Clear
2024-03-30 22:00:00,2024-03-30,22,20.5,42,8.1,10.0,0.0,Clear
2024-03-30 23:00:00,2024-03-30,23,20.3,45,2.9,10.0,0.0,Clear
2024-03-31 00:00:00,2024-03-31,0,18.8,45,5.6,10.0,0.0,Clear
2024-03-31 01:00:00,2024-03-31,1,18.9,55,6.3,10.0,0.0,Clear
2024-03-31 02:00:00,2024-03-31,2,17.4,56,4.9,10.0,0.0,Clear
2024-03-31 03:00:00,2024-03-31,3,15.5,60,9.4,10.0,0.0,Clear
2024-03-31 04:00:00,2024-03-31,4,18.1,67,20.6,10.0,0.0,Clear
2024-03-31 05:00:00,2024-03-31,5,21.3,66,6.1,10.0,0.0,Clear
2024-03-31 06:00:00,2024-03-31,6,20.7,70,28.1,10.0,0.0,Clear
2024-03-31 07:00:00,2024-03-31,7,21.6,76,14.1,10.0,0.0,Sunny
2024-03-31 08:00:00,2024-03-31,8,22.1,81,47.7,10.0,0.0,Partly Cloudy
2024-03-31 09:00:00,2024-03-31,9,23.4,77,17.0,10.0,0.0,Sunny
2024-03-31 10:00:00,2024-03-31,10,25.0,76,2.4,10.0,0.0,Partly Cloudy
2024-03-31 11:00:00,2024-03-31,11,27.5,67,24.8,10.0,0.0,Sunny
2024-03-31 12:00:00,2024-03-31,12,27.2,70,2.0,10.0,0.0,Sunny
2024-03-31 13:00:00,2024-03-31,13,29.9,62,2.0,10.0,0.0,Sunny
2024-03-31 14:00:00,2024-03-31,14,29.5,59,20.6,10.0,0.0,Partly Cloudy
2024-03-31 15:00:00,2024-03-31,15,28.4,61,35.9,10.0,0.0,Sunny
2024-03-31 16:00:00,2024-03-31,16,29.5,69,36.0,10.0,0.0,Sunny
2024-03-31 17:00:00,2024-03-31,17,31.1,52,13.1,10.0,0.0,Sunny
2024-03-31 18:00:00,2024-03-31,18,28.8,49,8.0,10.0,0.0,Sunny
2024-03-31 19:00:00,2024-03-31,19,23.0,41,9.7,10.0,0.0,Clear
2024-03-31 20:00:00,2024-03-31,20,24.9,38,9.8,10.0,0.0,Clear
2024-03-31 21:00:00,2024-03-31,21,25.1,50,11.2,10.0,0.0,Clear
2024-03-31 22:00:00,2024-03-31,22,22.0,39,5.4,10.0,0.0,Clear
2024-03-31 23:00:00,2024-03-31,23,21.4,36,10.8,10.0,0.0,Clear
2024-04-01 00:00:00,2024-04-01,0,22.9,43,6.9,10.0,0.0,Clear
2024-04-01 01:00:00,2024-04-01,1,22.6,44,4.9,10.0,0.0,Clear
2024-04-01 02:00:00,2024-04-01,2,21.8,53,28.8,10.0,0.0,Clear
2024-04-01 03:00:00,2024-04-01,3,20.7,61,15.2,10.0,0.0,Clear
2024-04-01 04:00:00,2024-04-01,4,22.4,61,15.0,10.0,0.0,Clear
2024-04-01 05:00:00,2024-04-01,5,24.2,65,11.4,10.0,0.0,Clear
2024-04-01 06:00:00,2024-04-01,6,23.9,70,5.4,10.0,0.0,Clear
2024-04-01 07:00:00,2024-04-01,7,24.9,81,10.6,10.0,0.0,Sunny
2024-04-01 08:00:00,2024-04-01,8,25.3,82,35.1,10.0,0.0,Sunny
2024-04-01 09:00:00,2024-04-01,9,29.1,72,15.2,10.0,0.0,Sunny
2024-04-01 10:00:00,2024-04-01,10,29.1,76,9.4,10.0,0.0,Sunny
2024-04-01 11:00:00,2024-04-01,11,31.9,78,13.7,10.0,0.0,Sunny
2024-04-01 12:00:00,2024-04-01,12,33.5,71,7.9,10.0,0.0,Hazy
2024-04-01 13:00:00,2024-04-01,13,34.8,64,7.6,10.0,0.0,Hazy
2024-04-01 14:00:00,2024-04-01,14,35.5,58,21.4,10.0,0.0,Partly Cloudy
2024-04-01 15:00:00,2024-04-01,15,35.7,55,11.4,10.0,0.0,Partly Cloudy
2024-04-01 16:00:00,2024-04-01,16,32.8,46,15.7,10.0,0.0,Partly Cloudy
2024-04-01 17:00:00,2024-04-01,17,32.6,50,10.9,10.0,0.0,Partly Cloudy
2024-04-01 18:00:00,2024-04-01,18,30.9,48,18.1,10.0,0.0,Sunny
2024-04-01 19:00:00,2024-04-01,19,29.5,38,7.5,10.0,0.0,Clear
2024-04-01 20:00:00,2024-04-01,20,31.5,36,8.5,10.0,0.0,Clear
2024-04-01 21:00:00,2024-04-01,21,26.8,33,32.9,10.0,0.0,Clear
2024-04-01 22:00:00,2024-04-01,22,25.0,39,2.0,10.0,0.0,Clear
2024-04-01 23:00:00,2024-04-01,23,24.7,39,17.8,10.0,0.0,Clear
2024-04-02 00:00:00,2024-04-02,0,22.5,36,12.2,10.0,0.0,Clear
2024-04-02 01:00:00,2024-04-02,1,25.1,58,8.9,10.0,0.0,Clear
2024-04-02 02:00:00,2024-04-02,2,21.4,43,5.6,10.0,0.0,Clear
2024-04-02 03:00:00,2024-04-02,3,22.0,49,24.0,10.0,0.0,Clear
2024-04-02 04:00:00,2024-04-02,4,20.8,63,35.7,10.0,0.0,Clear
2024-04-02 05:00:00,2024-04-02,5,20.4,67,8.5,10.0,0.0,Clear
2024-04-02 06:00:00,2024-04-02,6,22.5,65,16.6,10.0,0.0,Clear
2024-04-02 07:00:00,2024-04-02,7,23.9,67,16.1,10.0,0.0,Sunny
2024-04-02 08:00:00,2024-04-02,8,25.4,74,17.0,10.0,0.0,Partly Cloudy
2024-04-02 09:00:00,2024-04-02,9,26.1,75,3.5,10.0,0.0,Sunny
2024-04-02 10:00:00,2024-04-02,10,29.8,70,22.3,10.0,0.0,Partly Cloudy
2024-04-02 11:00:00,2024-04-02,11,30.8,75,2.5,10.0,0.0,Hazy
2024-04-02 12:00:00,2024-04-02,12,30.7,70,16.0,10.0,0.0,Sunny
2024-04-02 13:00:00,2024-04-02,13,33.8,69,25.8,10.0,0.0,Partly Cloudy
2024-04-02 14:00:00,2024-04-02,14,35.2,59,7.1,10.0,0.0,Sunny
2024-04-02 15:00:00,2024-04-02,15,35.9,58,12.0,10.0,0.0,Sunny
2024-04-02 16:00:00,2024-04-02,16,31.4,49,18.4,10.0,0.0,Sunny
2024-04-02 17:00:00,2024-04-02,17,32.8,48,8.8,10.0,0.0,Hazy
2024-04-02 18:00:00,2024-04-02,18,31.0,44,5.1,10.0,0.0,Hazy
2024-04-02 19:00:00,2024-04-02,19,30.5,43,16.9,10.0,0.0,Clear
2024-04-02 20:00:00,2024-04-02,20,31.3,40,4.2,10.0,0.0,Clear
2024-04-02 21:00:00,2024-04-02,21,27.1,29,2.0,10.0,0.0,Clear
2024-04-02 22:00:00,2024-04-02,22,25.7,35,11.6,10.0,0.0,Clear
2024-04-02 23:00:00,2024-04-02,23,23.8,40,8.8,10.0,0.0,Clear
2024-04-03 00:00:00,2024-04-03,0,25.4,44,17.1,10.0,0.0,Clear
2024-04-03 01:00:00,2024-04-03,1,19.6,49,12.3,10.0,0.0,Clear
2024-04-03 02:00:00,2024-04-03,2,21.1,53,39.5,10.0,0.0,Clear
2024-04-03 03:00:00,2024-04-03,3,20.5,52,24.6,10.0,0.0,Clear
2024-04-03 04:00:00,2024-04-03,4,19.7,63,13.3,10.0,0.0,Clear
2024-04-03 05:00:00,2024-04-03,5,23.7,61,22.6,10.0,0.0,Clear
2024-04-03 06:00:00,2024-04-03,6,21.2,73,27.1,10.0,0.0,Clear
2024-04-03 07:00:00,2024-04-03,7,24.2,76,27.1,10.0,0.0,Sunny
2024-04-03 08:00:00,2024-04-03,8,26.2,72,4.6,10.0,0.0,Sunny
2024-04-03 09:00:00,2024-04-03,9,27.1,70,5.6,10.0,0.0,Sunny
2024-04-03 10:00:00,2024-04-03,10,27.6,70,30.4,10.0,0.0,Partly Cloudy
2024-04-03 11:00:00,2024-04-03,11,31.0,66,11.9,10.0,0.0,Partly Cloudy
2024-04-03 12:00:00,2024-04-03,12,31.7,64,12.4,10.0,0.0,Sunny
2024-04-03 13:00:00,2024-04-03,13,34.6,63,15.5,10.0,0.0,Sunny
2024-04-03 14:00:00,2024-04-03,14,34.9,57,9.9,10.0,0.0,Sunny
2024-04-03 15:00:00,2024-04-03,15,36.8,49,32.5,10.0,0.0,Partly Cloudy
2024-04-03 16:00:00,2024-04-03,16,34.4,48,14.1,10.0,0.0,Partly Cloudy
2024-04-03 17:00:00,2024-04-03,17,34.3,46,21.0,10.0,0.0,Sunny
2024-04-03 18:00:00,2024-04-03,18,32.2,41,8.2,10.0,0.0,Partly Cloudy
2024-04-03 19:00:00,2024-04-03,19,33.3,36,9.2,10.0,0.0,Clear
2024-04-03 20:00:00,2024-04-03,20,29.7,28,5.4,10.0,0.0,Clear
2024-04-03 21:00:00,2024-04-03,21,27.9,42,19.2,10.0,0.0,Clear
2024-04-03 22:00:00,2024-04-03,22,27.0,37,10.4,10.0,0.0,Clear
2024-04-03 23:00:00,2024-04-03,23,24.0,41,19.3,10.0,0.0,Clear
2024-04-04 00:00:00,2024-04-04,0,22.8,43,18.0,10.0,0.0,Clear
2024-04-04 01:00:00,2024-04-04,1,23.0,48,5.0,10.0,0.0,Clear
2024-04-04 02:00:00,2024-04-04,2,22.6,51,9.5,10.0,0.0,Clear
2024-04-04 03:00:00,2024-04-04,3,22.2,55,4.5,10.0,0.0,Clear
2024-04-04 04:00:00,2024-04-04,4,21.6,63,5.0,10.0,0.0,Clear
2024-04-04 05:00:00,2024-04-04,5,22.7,68,4.1,10.0,0.0,Clear
2024-04-04 06:00:00,2024-04-04,6,24.6,73,5.8,10.0,0.0,Clear
2024-04-04 07:00:00,2024-04-04,7,23.4,67,6.7,10.0,0.0,Sunny
2024-04-04 08:00:00,2024-04-04,8,26.3,73,45.4,10.0,0.0,Sunny
2024-04-04 09:00:00,2024-04-04,9,24.5,67,8.7,10.0,0.0,Sunny
2024-04-04 10:00:00,2024-04-04,10,30.6,70,20.1,10.0,0.0,Sunny
2024-04-04 11:00:00,2024-04-04,11,30.3,70,16.3,10.0,0.0,Sunny
2024-04-04 12:00:00,2024-04-04,12,31.7,71,14.0,10.0,0.0,Hazy
2024-04-04 13:00:00,2024-04-04,13,33.5,64,21.8,10.0,0.0,Partly Cloudy
2024-04-04 14:00:00,2024-04-04,14,35.0,62,13.3,10.0,0.0,Sunny
2024-04-04 15:00:00,2024-04-04,15,37.4,54,5.4,10.0,0.0,Sunny
2024-04-04 16:00:00,2024-04-04,16,32.4,48,15.2,10.0,0.0,Sunny
2024-04-04 17:00:00,2024-04-04,17,32.6,43,17.9,10.0,0.0,Sunny
2024-04-04 18:00:00,2024-04-04,18,32.9,45,4.4,10.0,0.0,Sunny
2024-04-04 19:00:00,2024-04-04,19,30.4,38,13.2,10.0,0.0,Clear
2024-04-04 20:00:00,2024-04-04,20,30.7,28,21.1,10.0,0.0,Clear
2024-04-04 21:00:00,2024-04-04,21,27.8,40,11.1,10.0,0.0,Clear
2024-04-04 22:00:00,2024-04-04,22,27.4,34,36.5,10.0,0.0,Clear
2024-04-04 23:00:00,2024-04-04,23,24.5,40,7.0,10.0,0.0,Clear
2024-04-05 00:00:00,2024-04-05,0,24.1,38,8.9,10.0,0.0,Clear
2024-04-05 01:00:00,2024-04-05,1,21.2,46,15.7,10.0,0.0,Clear
2024-04-05 02:00:00,2024-04-05,2,24.0,39,7.4,10.0,0.0,Clear
2024-04-05 03:00:00,2024-04-05,3,19.5,55,7.3,10.0,0.0,Clear
2024-04-05 04:00:00,2024-04-05,4,20.9,56,25.7,10.0,0.0,Clear
2024-04-05 05:00:00,2024-04-05,5,20.7,59,9.1,10.0,0.0,Clear
2024-04-05 06:00:00,2024-04-05,6,24.4,71,21.2,10.0,0.0,Clear
2024-04-05 07:00:00,2024-04-05,7,25.4,70,4.8,10.0,0.0,Sunny
2024-04-05 08:00:00,2024-04-05,8,24.9,71,8.9,10.0,0.0,Partly Cloudy
2024-04-05 09:00:00,2024-04-05,9,29.2,70,8.6,10.0,0.0,Sunny
2024-04-05 10:00:00,2024-04-05,10,28.8,76,9.1,10.0,0.0,Sunny
2024-04-05 11:00:00,2024-04-05,11,31.7,69,4.9,10.0,0.0,Sunny
2024-04-05 12:00:00,2024-04-05,12,33.3,74,8.1,10.0,0.0,Sunny
2024-04-05 13:00:00,2024-04-05,13,33.3,69,11.0,10.0,0.0,Hazy
2024-04-05 14:00:00,2024-04-05,14,35.4,65,2.1,10.0,0.0,Sunny
2024-04-05 15:00:00,2024-04-05,15,34.3,59,7.1,10.0,0.0,Sunny
2024-04-05 16:00:00,2024-04-05,16,34.7,48,15.6,10.0,0.0,Sunny
2024-04-05 17:00:00,2024-04-05,17,33.3,46,6.2,10.0,0.0,Sunny
2024-04-05 18:00:00,2024-04-05,18,30.4,41,12.8,10.0,0.0,Partly Cloudy
2024-04-05 19:00:00,2024-04-05,19,31.1,43,5.9,10.0,0.0,Clear
2024-04-05 20:00:00,2024-04-05,20,28.6,38,10.3,10.0,0.0,Clear
2024-04-05 21:00:00,2024-04-05,21,29.7,36,2.0,10.0,0.0,Clear
2024-04-05 22:00:00,2024-04-05,22,24.7,44,15.3,10.0,0.0,Clear
2024-04-05 23:00:00,2024-04-05,23,26.2,38,7.3,10.0,0.0,Clear
2024-04-06 00:00:00,2024-04-06,0,23.2,40,19.6,10.0,0.0,Clear
2024-04-06 01:00:00,2024-04-06,1,22.9,44,9.5,10.0,0.0,Clear
2024-04-06 02:00:00,2024-04-06,2,20.1,55,7.8,10.0,0.0,Clear
2024-04-06 03:00:00,2024-04-06,3,21.1,56,6.5,10.0,0.0,Clear
2024-04-06 04:00:00,2024-04-06,4,20.9,61,7.2,10.0,0.0,Clear
2024-04-06 05:00:00,2024-04-06,5,24.9,65,7.0,10.0,0.0,Clear
2024-04-06 06:00:00,2024-04-06,6,22.6,59,5.8,10.0,0.0,Clear
2024-04-06 07:00:00,2024-04-06,7,26.1,66,6.2,10.0,0.0,Sunny
2024-04-06 08:00:00,2024-04-06,8,27.7,71,34.9,10.0,0.0,Partly Cloudy
2024-04-06 09:00:00,2024-04-06,9,29.4,74,9.7,10.0,0.0,Sunny
2024-04-06 10:00:00,2024-04-06,10,29.0,68,2.2,10.0,0.0,Partly Cloudy
2024-04-06 11:00:00,2024-04-06,11,33.4,67,2.2,10.0,0.0,Sunny
2024-04-06 12:00:00,2024-04-06,12,35.0,66,35.5,10.0,0.0,Sunny
2024-04-06 13:00:00,2024-04-06,13,34.1,69,9.4,10.0,0.0,Hazy
2024-04-06 14:00:00,2024-04-06,14,33.7,51,4.1,10.0,0.0,Hazy
2024-04-06 15:00:00,2024-04-06,15,33.5,44,21.2,10.0,0.0,Sunny
2024-04-06 16:00:00,2024-04-06,16,34.8,57,6.3,10.0,0.0,Partly Cloudy
2024-04-06 17:00:00,2024-04-06,17,33.7,40,10.7,10.0,0.0,Sunny
2024-04-06 18:00:00,2024-04-06,18,32.8,41,12.0,10.0,0.0,Sunny
2024-04-06 19:00:00,2024-04-06,19,29.6,33,4.3,10.0,0.0,Clear
2024-04-06 20:00:00,2024-04-06,20,29.7,36,6.4,10.0,0.0,Clear
2024-04-06 21:00:00,2024-04-06,21,29.4,36,17.0,10.0,0.0,Clear
2024-04-06 22:00:00,2024-04-06,22,27.3,44,25.9,10.0,0.0,Clear
2024-04-06 23:00:00,2024-04-06,23,24.3,42,18.2,10.0,0.0,Clear
2024-04-07 00:00:00,2024-04-07,0,23.3,37,13.4,10.0,0.0,Clear
2024-04-07 01:00:00,2024-04-07,1,20.6,38,7.8,10.0,0.0,Clear
2024-04-07 02:00:00,2024-04-07,2,20.9,52,14.7,10.0,0.0,Clear
2024-04-07 03:00:00,2024-04-07,3,21.1,53,16.6,10.0,0.0,Clear
2024-04-07 04:00:00,2024-04-07,4,22.5,57,25.4,10.0,0.0,Clear
2024-04-07 05:00:00,2024-04-07,5,21.5,69,10.3,10.0,0.0,Clear
2024-04-07 06:00:00,2024-04-07,6,22.2,61,43.4,10.0,0.0,Clear
2024-04-07 07:00:00,2024-04-07,7,25.7,69,20.1,10.0,0.0,Partly Cloudy
2024-04-07 08:00:00,2024-04-07,8,25.8,75,9.6,10.0,0.0,Sunny
2024-04-07 09:00:00,2024-04-07,9,27.0,68,22.7,10.0,0.0,Partly Cloudy
2024-04-07 10:00:00,2024-04-07,10,30.7,78,8.0,10.0,0.0,Sunny
2024-04-07 11:00:00,2024-04-07,11,31.8,67,6.4,10.0,0.0,Sunny
2024-04-07 12:00:00,2024-04-07,12,32.3,67,2.2,10.0,0.0,Partly Cloudy
2024-04-07 13:00:00,2024-04-07,13,33.2,61,34.5,10.0,0.0,Sunny
2024-04-07 14:00:00,2024-04-07,14,34.7,49,7.8,10.0,0.0,Partly Cloudy
2024-04-07 15:00:00,2024-04-07,15,35.1,53,16.4,10.0,0.0,Sunny
2024-04-07 16:00:00,2024-04-07,16,34.5,54,20.3,10.0,0.0,Sunny
2024-04-07 17:00:00,2024-04-07,17,33.8,42,8.1,10.0,0.0,Sunny
2024-04-07 18:00:00,2024-04-07,18,31.9,40,8.7,10.0,0.0,Partly Cloudy
2024-04-07 19:00:00,2024-04-07,19,30.6,37,2.2,10.0,0.0,Clear
2024-04-07 20:00:00,2024-04-07,20,29.5,40,4.6,10.0,0.0,Clear
2024-04-07 21:00:00,2024-04-07,21,26.8,36,2.9,10.0,0.0,Clear
2024-04-07 22:00:00,2024-04-07,22,25.0,38,40.2,10.0,0.0,Clear
2024-04-07 23:00:00,2024-04-07,23,24.6,40,9.2,10.0,0.0,Clear
2024-04-08 00:00:00,2024-04-08,0,24.6,40,6.2,10.0,0.0,Clear
2024-04-08 01:00:00,2024-04-08,1,19.9,53,7.5,10.0,0.0,Clear
2024-04-08 02:00:00,2024-04-08,2,21.3,46,10.6,10.0,0.0,Clear
2024-04-08 03:00:00,2024-04-08,3,21.8,58,5.4,10.0,0.0,Clear
2024-04-08 04:00:00,2024-04-08,4,23.0,65,16.1,10.0,0.0,Clear
2024-04-08 05:00:00,2024-04-08,5,24.5,63,20.3,10.0,0.0,Clear
2024-04-08 06:00:00,2024-04-08,6,23.1,68,9.3,10.0,0.0,Clear
2024-04-08 07:00:00,2024-04-08,7,27.1,73,6.6,10.0,0.0,Partly Cloudy
2024-04-08 08:00:00,2024-04-08,8,26.9,71,8.0,10.0,0.0,Sunny
2024-04-08 09:00:00,2024-04-08,9,29.0,65,4.7,10.0,0.0,Partly Cloudy
2024-04-08 10:00:00,2024-04-08,10,28.4,71,8.8,10.0,0.0,Partly Cloudy
2024-04-08 11:00:00,2024-04-08,11,31.8,77,17.2,10.0,0.0,Sunny
2024-04-08 12:00:00,2024-04-08,12,33.7,70,29.6,10.0,0.0,Sunny
2024-04-08 13:00:00,2024-04-08,13,32.8,64,13.4,10.0,0.0,Sunny
2024-04-08 14:00:00,2024-04-08,14,31.2,63,17.0,10.0,0.0,Sunny
2024-04-08 15:00:00,2024-04-08,15,34.7,54,9.4,10.0,0.0,Sunny
2024-04-08 16:00:00,2024-04-08,16,34.0,50,21.7,10.0,0.0,Partly Cloudy
2024-04-08 17:00:00,2024-04-08,17,35.2,44,5.7,10.0,0.0,Hazy
2024-04-08 18:00:00,2024-04-08,18,32.0,44,3.6,10.0,0.0,Partly Cloudy
2024-04-08 19:00:00,2024-04-08,19,30.4,37,9.1,10.0,0.0,Clear
2024-04-08 20:00:00,2024-04-08,20,28.3,36,14.5,10.0,0.0,Clear
2024-04-08 21:00:00,2024-04-08,21,27.2,41,3.4,10.0,0.0,Clear
2024-04-08 22:00:00,2024-04-08,22,29.5,37,33.1,10.0,0.0,Clear
2024-04-08 23:00:00,2024-04-08,23,22.8,42,4.8,10.0,0.0,Clear
2024-04-09 00:00:00,2024-04-09,0,21.8,45,7.4,10.0,0.0,Clear
2024-04-09 01:00:00,2024-04-09,1,22.3,46,14.5,10.0,0.0,Clear
2024-04-09 02:00:00,2024-04-09,2,24.1,49,13.1,10.0,0.0,Clear
2024-04-09 03:00:00,2024-04-09,3,22.4,50,22.2,10.0,0.0,Clear
2024-04-09 04:00:00,2024-04-09,4,23.6,55,17.6,10.0,0.0,Clear
2024-04-09 05:00:00,2024-04-09,5,21.9,66,5.0,10.0,0.0,Clear
2024-04-09 06:00:00,2024-04-09,6,21.7,70,7.6,10.0,0.0,Clear
2024-04-09 07:00:00,2024-04-09,7,24.2,67,15.5,10.0,0.0,Sunny
2024-04-09 08:00:00,2024-04-09,8,26.2,74,9.4,10.0,0.0,Sunny
2024-04-09 09:00:00,2024-04-09,9,28.0,74,4.9,10.0,0.0,Sunny
2024-04-09 10:00:00,2024-04-09,10,29.4,76,2.0,10.0,0.0,Sunny
2024-04-09 11:00:00,2024-04-09,11,32.0,79,25.8,10.0,0.0,Sunny
2024-04-09 12:00:00,2024-04-09,12,31.7,70,7.3,10.0,0.0,Sunny
2024-04-09 13:00:00,2024-04-09,13,32.5,61,15.3,10.0,0.0,Sunny
2024-04-09 14:00:00,2024-04-09,14,32.8,63,5.2,10.0,0.0,Sunny
2024-04-09 15:00:00,2024-04-09,15,34.7,51,13.5,10.0,0.0,Hazy
2024-04-09 16:00:00,2024-04-09,16,34.4,59,2.0,10.0,0.0,Partly Cloudy
2024-04-09 17:00:00,2024-04-09,17,34.9,41,5.1,10.0,0.0,Sunny
2024-04-09 18:00:00,2024-04-09,18,34.5,44,8.2,10.0,0.0,Sunny
2024-04-09 19:00:00,2024-04-09,19,29.8,39,5.7,10.0,0.0,Clear
2024-04-09 20:00:00,2024-04-09,20,29.7,36,6.4,10.0,0.0,Clear
2024-04-09 21:00:00,2024-04-09,21,27.8,35,18.0,10.0,0.0,Clear
2024-04-09 22:00:00,2024-04-09,22,24.5,43,7.2,10.0,0.0,Clear
2024-04-09 23:00:00,2024-04-09,23,24.1,42,4.3,10.0,0.0,Clear
2024-04-10 00:00:00,2024-04-10,0,25.3,42,7.3,10.0,0.0,Clear
2024-04-10 01:00:00,2024-04-10,1,21.6,53,2.0,10.0,0.0,Clear
2024-04-10 02:00:00,2024-04-10,2,20.8,50,8.5,10.0,0.0,Clear
2024-04-10 03:00:00,2024-04-10,3,21.4,58,8.0,10.0,0.0,Clear
2024-04-10 04:00:00,2024-04-10,4,22.8,54,8.4,10.0,0.0,Clear
2024-04-10 05:00:00,2024-04-10,5,22.0,59,3.0,10.0,0.0,Clear
2024-04-10 06:00:00,2024-04-10,6,23.6,71,12.1,10.0,0.0,Clear
2024-04-10 07:00:00,2024-04-10,7,22.0,72,9.0,10.0,0.0,Hazy
2024-04-10 08:00:00,2024-04-10,8,27.0,81,25.2,10.0,0.0,Sunny
2024-04-10 09:00:00,2024-04-10,9,28.3,70,19.1,10.0,0.0,Sunny
2024-04-10 10:00:00,2024-04-10,10,30.7,75,5.2,10.0,0.0,Sunny
2024-04-10 11:00:00,2024-04-10,11,29.0,70,5.1,10.0,0.0,Sunny
2024-04-10 12:00:00,2024-04-10,12,32.2,71,19.5,10.0,0.0,Hazy
2024-04-10 13:00:00,2024-04-10,13,34.8,67,4.5,10.0,0.0,Sunny
2024-04-10 14:00:00,2024-04-10,14,33.6,60,4.8,10.0,0.0,Partly Cloudy
2024-04-10 15:00:00,2024-04-10,15,34.6,52,12.8,10.0,0.0,Partly Cloudy
2024-04-10 16:00:00,2024-04-10,16,33.8,49,6.4,10.0,0.0,Sunny
2024-04-10 17:00:00,2024-04-10,17,33.2,42,12.9,10.0,0.0,Hazy
2024-04-10 18:00:00,2024-04-10,18,34.0,44,2.0,10.0,0.0,Sunny
2024-04-10 19:00:00,2024-04-10,19,29.5,28,7.3,10.0,0.0,Clear
2024-04-10 20:00:00,2024-04-10,20,29.6,35,20.8,10.0,0.0,Clear
2024-04-10 21:00:00,2024-04-10,21,28.3,41,5.0,10.0,0.0,Clear
2024-04-10 22:00:00,2024-04-10,22,27.4,41,6.6,10.0,0.0,Clear
2024-04-10 23:00:00,2024-04-10,23,24.6,33,8.3,10.0,0.0,Clear
2024-04-11 00:00:00,2024-04-11,0,24.6,45,6.9,10.0,0.0,Clear
2024-04-11 01:00:00,2024-04-11,1,22.3,41,2.0,10.0,0.0,Clear
2024-04-11 02:00:00,2024-04-11,2,21.9,49,19.7,10.0,0.0,Clear
2024-04-11 03:00:00,2024-04-11,3,21.6,58,8.8,10.0,0.0,Clear
2024-04-11 04:00:00,2024-04-11,4,22.5,56,13.6,10.0,0.0,Clear
2024-04-11 05:00:00,2024-04-11,5,23.0,70,21.8,10.0,0.0,Clear
2024-04-11 06:00:00,2024-04-11,6,22.1,69,6.6,10.0,0.0,Clear
2024-04-11 07:00:00,2024-04-11,7,25.0,72,12.2,10.0,0.0,Partly Cloudy
2024-04-11 08:00:00,2024-04-11,8,27.0,77,2.0,10.0,0.0,Sunny
2024-04-11 09:00:00,2024-04-11,9,29.8,77,2.0,10.0,0.0,Sunny
2024-04-11 10:00:00,2024-04-11,10,28.5,76,9.7,10.0,0.0,Sunny
2024-04-11 11:00:00,2024-04-11,11,31.9,68,2.6,10.0,0.0,Sunny
2024-04-11 12:00:00,2024-04-11,12,32.2,63,13.8,10.0,0.0,Partly Cloudy
2024-04-11 13:00:00,2024-04-11,13,33.9,63,15.7,10.0,0.0,Sunny
2024-04-11 14:00:00,2024-04-11,14,33.0,62,5.6,10.0,0.0,Sunny
2024-04-11 15:00:00,2024-04-11,15,34.5,50,14.9,10.0,0.0,Sunny
2024-04-11 16:00:00,2024-04-11,16,34.7,53,7.8,10.0,0.0,Sunny
2024-04-11 17:00:00,2024-04-11,17,32.5,47,24.2,10.0,0.0,Sunny
2024-04-11 18:00:00,2024-04-11,18,34.3,42,3.3,10.0,0.0,Sunny
2024-04-11 19:00:00,2024-04-11,19,29.4,40,8.8,10.0,0.0,Clear
2024-04-11 20:00:00,2024-04-11,20,30.3,38,11.7,10.0,0.0,Clear
2024-04-11 21:00:00,2024-04-11,21,25.1,39,17.3,10.0,0.0,Clear
2024-04-11 22:00:00,2024-04-11,22,26.0,41,16.4,10.0,0.0,Clear
2024-04-11 23:00:00,2024-04-11,23,25.3,51,7.0,10.0,0.0,Clear
2024-04-12 00:00:00,2024-04-12,0,24.3,43,8.0,10.0,0.0,Clear
2024-04-12 01:00:00,2024-04-12,1,22.2,43,4.8,10.0,0.0,Clear
2024-04-12 02:00:00,2024-04-12,2,21.4,43,22.5,10.0,0.0,Clear
2024-04-12 03:00:00,2024-04-12,3,22.2,49,29.1,10.0,0.0,Clear
2024-04-12 04:00:00,2024-04-12,4,22.9,57,2.0,10.0,0.0,Clear
2024-04-12 05:00:00,2024-04-12,5,24.0,67,19.2,10.0,0.0,Clear
2024-04-12 06:00:00,2024-04-12,6,21.9,66,15.7,10.0,0.0,Clear
2024-04-12 07:00:00,2024-04-12,7,24.5,72,2.0,10.0,0.0,Sunny
2024-04-12 08:00:00,2024-04-12,8,23.7,69,18.2,10.0,0.0,Partly Cloudy
2024-04-12 09:00:00,2024-04-12,9,26.4,75,25.1,10.0,0.0,Sunny
2024-04-12 10:00:00,2024-04-12,10,28.8,76,17.0,10.0,0.0,Sunny
2024-04-12 11:00:00,2024-04-12,11,32.3,69,4.5,10.0,0.0,Sunny
2024-04-12 12:00:00,2024-04-12,12,32.0,69,32.5,10.0,0.0,Sunny
2024-04-12 13:00:00,2024-04-12,13,33.3,62,20.1,10.0,0.0,Sunny
2024-04-12 14:00:00,2024-04-12,14,34.6,55,4.8,10.0,0.0,Partly Cloudy
2024-04-12 15:00:00,2024-04-12,15,33.7,57,14.1,10.0,0.0,Sunny
2024-04-12 16:00:00,2024-04-12,16,31.9,52,13.5,10.0,0.0,Sunny
2024-04-12 17:00:00,2024-04-12,17,32.7,48,3.2,10.0,0.0,Sunny
2024-04-12 18:00:00,2024-04-12,18,32.5,46,10.8,10.0,0.0,Partly Cloudy
2024-04-12 19:00:00,2024-04-12,19,31.8,38,13.0,10.0,0.0,Clear
2024-04-12 20:00:00,2024-04-12,20,29.4,37,6.8,10.0,0.0,Clear
2024-04-12 21:00:00,2024-04-12,21,28.5,36,27.0,10.0,0.0,Clear
2024-04-12 22:00:00,2024-04-12,22,27.4,39,8.4,10.0,0.0,Clear
2024-04-12 23:00:00,2024-04-12,23,26.1,39,14.9,10.0,0.0,Clear
2024-04-13 00:00:00,2024-04-13,0,23.6,43,10.4,10.0,0.0,Clear
2024-04-13 01:00:00,2024-04-13,1,21.0,43,5.6,10.0,0.0,Clear
2024-04-13 02:00:00,2024-04-13,2,20.2,46,12.3,10.0,0.0,Clear
2024-04-13 03:00:00,2024-04-13,3,20.1,51,9.5,10.0,0.0,Clear
2024-04-13 04:00:00,2024-04-13,4,20.4,61,32.1,10.0,0.0,Clear
2024-04-13 05:00:00,2024-04-13,5,22.5,64,19.4,10.0,0.0,Clear
2024-04-13 06:00:00,2024-04-13,6,25.7,66,2.4,10.0,0.0,Clear
2024-04-13 07:00:00,2024-04-13,7,25.0,73,5.4,10.0,0.0,Sunny
2024-04-13 08:00:00,2024-04-13,8,26.2,78,4.7,10.0,0.0,Hazy
2024-04-13 09:00:00,2024-04-13,9,29.2,71,2.0,10.0,0.0,Sunny
2024-04-13 10:00:00,2024-04-13,10,28.7,68,15.9,10.0,0.0,Sunny
2024-04-13 11:00:00,2024-04-13,11,32.5,74,13.8,10.0,0.0,Sunny
2024-04-13 12:00:00,2024-04-13,12,33.8,68,3.9,10.0,0.0,Sunny
2024-04-13 13:00:00,2024-04-13,13,33.7,63,4.0,10.0,0.0,Sunny
2024-04-13 14:00:00,2024-04-13,14,36.8,64,2.0,10.0,0.0,Sunny
2024-04-13 15:00:00,2024-04-13,15,35.8,54,5.0,10.0,0.0,Partly Cloudy
2024-04-13 16:00:00,2024-04-13,16,34.3,52,13.4,10.0,0.0,Sunny
2024-04-13 17:00:00,2024-04-13,17,33.5,47,34.7,10.0,0.0,Sunny
2024-04-13 18:00:00,2024-04-13,18,32.1,55,2.5,10.0,0.0,Sunny
2024-04-13 19:00:00,2024-04-13,19,31.1,39,12.5,10.0,0.0,Clear
2024-04-13 20:00:00,2024-04-13,20,29.6,41,38.0,10.0,0.0,Clear
2024-04-13 21:00:00,2024-04-13,21,27.6,36,8.9,10.0,0.0,Clear
2024-04-13 22:00:00,2024-04-13,22,26.1,39,8.7,10.0,0.0,Clear
2024-04-13 23:00:00,2024-04-13,23,23.3,39,10.2,10.0,0.0,Clear
2024-04-14 00:00:00,2024-04-14,0,22.7,45,9.3,10.0,0.0,Clear
2024-04-14 01:00:00,2024-04-14,1,20.5,46,16.5,10.0,0.0,Clear
2024-04-14 02:00:00,2024-04-14,2,22.2,52,46.0,10.0,0.0,Clear
2024-04-14 03:00:00,2024-04-14,3,21.6,52,5.5,10.0,0.0,Clear
2024-04-14 04:00:00,2024-04-14,4,21.6,56,3.0,10.0,0.0,Clear
2024-04-14 05:00:00,2024-04-14,5,23.4,56,4.1,10.0,0.0,Clear
2024-04-14 06:00:00,2024-04-14,6,22.4,69,17.4,10.0,0.0,Clear
2024-04-14 07:00:00,2024-04-14,7,23.9,68,11.6,10.0,0.0,Sunny
2024-04-14 08:00:00,2024-04-14,8,24.5,81,19.6,10.0,0.0,Sunny
2024-04-14 09:00:00,2024-04-14,9,29.2,71,2.0,10.0,0.0,Partly Cloudy
2024-04-14 10:00:00,2024-04-14,10,30.4,77,8.4,10.0,0.0,Partly Cloudy
2024-04-14 11:00:00,2024-04-14,11,32.8,75,16.1,10.0,0.0,Partly Cloudy
2024-04-14 12:00:00,2024-04-14,12,34.5,67,2.0,10.0,0.0,Sunny
2024-04-14 13:00:00,2024-04-14,13,33.1,61,12.4,10.0,0.0,Sunny
2024-04-14 14:00:00,2024-04-14,14,33.4,59,8.7,10.0,0.0,Sunny
2024-04-14 15:00:00,2024-04-14,15,32.3,60,29.2,10.0,0.0,Partly Cloudy
2024-04-14 16:00:00,2024-04-14,16,33.0,59,2.7,10.0,0.0,Sunny
2024-04-14 17:00:00,2024-04-14,17,33.2,41,20.7,10.0,0.0,Partly Cloudy
2024-04-14 18:00:00,2024-04-14,18,30.1,42,6.9,10.0,0.0,Partly Cloudy
2024-04-14 19:00:00,2024-04-14,19,30.0,37,2.0,10.0,0.0,Clear
2024-04-14 20:00:00,2024-04-14,20,29.6,36,5.8,10.0,0.0,Clear
2024-04-14 21:00:00,2024-04-14,21,29.1,44,19.0,10.0,0.0,Clear
2024-04-14 22:00:00,2024-04-14,22,25.5,35,17.8,10.0,0.0,Clear
2024-04-14 23:00:00,2024-04-14,23,24.9,33,14.9,10.0,0.0,Clear
2024-04-15 00:00:00,2024-04-15,0,25.6,43,4.1,10.0,0.0,Clear
2024-04-15 01:00:00,2024-04-15,1,20.2,48,29.7,10.0,0.0,Clear
2024-04-15 02:00:00,2024-04-15,2,23.0,49,10.1,10.0,0.0,Clear
2024-04-15 03:00:00,2024-04-15,3,22.0,52,8.4,10.0,0.0,Clear
2024-04-15 04:00:00,2024-04-15,4,23.2,60,10.1,10.0,0.0,Clear
2024-04-15 05:00:00,2024-04-15,5,23.5,59,3.0,10.0,0.0,Clear
2024-04-15 06:00:00,2024-04-15,6,22.6,69,2.0,10.0,0.0,Clear
2024-04-15 07:00:00,2024-04-15,7,24.8,69,8.8,10.0,0.0,Sunny
2024-04-15 08:00:00,2024-04-15,8,24.6,78,2.0,10.0,0.0,Sunny
2024-04-15 09:00:00,2024-04-15,9,27.4,74,18.4,10.0,0.0,Sunny
2024-04-15 10:00:00,2024-04-15,10,29.7,72,26.0,10.0,0.0,Sunny
2024-04-15 11:00:00,2024-04-15,11,31.6,70,44.1,10.0,0.0,Sunny
2024-04-15 12:00:00,2024-04-15,12,33.5,60,5.4,10.0,0.0,Sunny
2024-04-15 13:00:00,2024-04-15,13,35.5,64,17.9,10.0,0.0,Partly Cloudy
2024-04-15 14:00:00,2024-04-15,14,33.8,59,17.2,10.0,0.0,Sunny
2024-04-15 15:00:00,2024-04-15,15,35.9,55,9.0,10.0,0.0,Hazy
2024-04-15 16:00:00,2024-04-15,16,34.6,50,14.2,10.0,0.0,Sunny
2024-04-15 17:00:00,2024-04-15,17,32.1,52,23.4,10.0,0.0,Partly Cloudy
2024-04-15 18:00:00,2024-04-15,18,32.4,41,7.4,10.0,0.0,Sunny
2024-04-15 19:00:00,2024-04-15,19,31.4,36,15.3,10.0,0.0,Clear
2024-04-15 20:00:00,2024-04-15,20,28.7,31,13.9,10.0,0.0,Clear
2024-04-15 21:00:00,2024-04-15,21,26.8,35,12.0,10.0,0.0,Clear
2024-04-15 22:00:00,2024-04-15,22,25.0,33,4.8,10.0,0.0,Clear
2024-04-15 23:00:00,2024-04-15,23,24.1,34,3.9,10.0,0.0,Clear
2024-04-16 00:00:00,2024-04-16,0,22.4,41,7.5,10.0,0.0,Clear
2024-04-16 01:00:00,2024-04-16,1,23.8,51,18.6,10.0,0.0,Clear
2024-04-16 02:00:00,2024-04-16,2,18.8,54,12.0,10.0,0.0,Clear
2024-04-16 03:00:00,2024-04-16,3,21.6,50,15.0,10.0,0.0,Clear
2024-04-16 04:00:00,2024-04-16,4,22.4,60,14.2,10.0,0.0,Clear
2024-04-16 05:00:00,2024-04-16,5,21.2,66,42.0,10.0,0.0,Clear
2024-04-16 06:00:00,2024-04-16,6,23.1,70,17.3,10.0,0.0,Clear
2024-04-16 07:00:00,2024-04-16,7,24.3,77,4.8,10.0,0.0,Sunny
2024-04-16 08:00:00,2024-04-16,8,26.2,68,8.9,10.0,0.0,Sunny
2024-04-16 09:00:00,2024-04-16,9,24.8,69,19.8,1.0,2.3,Thunderstorm
2024-04-16 10:00:00,2024-04-16,10,26.4,70,2.0,1.0,8.5,Thunderstorm
2024-04-16 11:00:00,2024-04-16,11,26.5,72,9.8,1.0,16.6,Thunderstorm
2024-04-16 12:00:00,2024-04-16,12,26.8,57,7.2,1.0,24.1,Thunderstorm
2024-04-16 13:00:00,2024-04-16,13,29.8,63,4.2,1.0,28.5,Thunderstorm
2024-04-16 14:00:00,2024-04-16,14,29.5,53,4.0,1.0,28.5,Thunderstorm
2024-04-16 15:00:00,2024-04-16,15,29.9,55,16.8,1.0,24.1,Thunderstorm
2024-04-16 16:00:00,2024-04-16,16,30.5,59,18.5,1.0,16.6,Thunderstorm
2024-04-16 17:00:00,2024-04-16,17,29.1,50,7.3,1.0,8.5,Thunderstorm
2024-04-16 18:00:00,2024-04-16,18,29.0,37,7.9,1.0,2.3,Thunderstorm
2024-04-16 19:00:00,2024-04-16,19,34.3,38,9.2,10.0,0.0,Clear
2024-04-16 20:00:00,2024-04-16,20,30.5,34,2.0,10.0,0.0,Clear
2024-04-16 21:00:00,2024-04-16,21,29.6,42,32.8,10.0,0.0,Clear
2024-04-16 22:00:00,2024-04-16,22,26.9,29,16.0,10.0,0.0,Clear
2024-04-16 23:00:00,2024-04-16,23,24.8,38,19.7,10.0,0.0,Clear
2024-04-17 00:00:00,2024-04-17,0,24.0,39,7.4,10.0,0.0,Clear
2024-04-17 01:00:00,2024-04-17,1,22.9,41,15.9,10.0,0.0,Clear
2024-04-17 02:00:00,2024-04-17,2,22.8,57,3.2,10.0,0.0,Clear
2024-04-17 03:00:00,2024-04-17,3,21.6,49,15.3,10.0,0.0,Clear
2024-04-17 04:00:00,2024-04-17,4,20.2,55,10.3,10.0,0.0,Clear
2024-04-17 05:00:00,2024-04-17,5,17.4,70,3.3,2.4,1.0,Thunderstorm
2024-04-17 06:00:00,2024-04-17,6,20.8,67,28.6,2.4,3.7,Thunderstorm
2024-04-17 07:00:00,2024-04-17,7,20.2,70,16.4,2.4,6.7,Thunderstorm
2024-04-17 08:00:00,2024-04-17,8,23.9,70,44.7,2.4,8.6,Thunderstorm
2024-04-17 09:00:00,2024-04-17,9,26.4,73,4.7,2.4,8.6,Thunderstorm
2024-04-17 10:00:00,2024-04-17,10,26.2,71,8.6,2.4,6.7,Thunderstorm
2024-04-17 11:00:00,2024-04-17,11,29.5,68,16.6,2.4,3.7,Thunderstorm
2024-04-17 12:00:00,2024-04-17,12,29.7,62,2.0,2.4,1.0,Thunderstorm
2024-04-17 13:00:00,2024-04-17,13,33.7,64,12.3,10.0,0.0,Partly Cloudy
2024-04-17 14:00:00,2024-04-17,14,34.4,57,16.8,10.0,0.0,Sunny
2024-04-17 15:00:00,2024-04-17,15,33.5,53,4.1,10.0,0.0,Partly Cloudy
2024-04-17 16:00:00,2024-04-17,16,33.1,53,10.5,10.0,0.0,Sunny
2024-04-17 17:00:00,2024-04-17,17,31.7,44,5.6,10.0,0.0,Sunny
2024-04-17 18:00:00,2024-04-17,18,31.7,42,13.3,10.0,0.0,Partly Cloudy
2024-04-17 19:00:00,2024-04-17,19,33.8,46,15.6,10.0,0.0,Clear
2024-04-17 20:00:00,2024-04-17,20,27.9,39,10.1,10.0,0.0,Clear
2024-04-17 21:00:00,2024-04-17,21,26.6,35,18.3,10.0,0.0,Clear
2024-04-17 22:00:00,2024-04-17,22,25.4,33,3.2,10.0,0.0,Clear
2024-04-17 23:00:00,2024-04-17,23,23.8,39,18.8,10.0,0.0,Clear
2024-04-18 00:00:00,2024-04-18,0,23.7,45,32.7,10.0,0.0,Clear
2024-04-18 01:00:00,2024-04-18,1,21.6,44,3.7,10.0,0.0,Clear
2024-04-18 02:00:00,2024-04-18,2,21.5,50,3.5,10.0,0.0,Clear
2024-04-18 03:00:00,2024-04-18,3,20.5,53,26.2,10.0,0.0,Clear
2024-04-18 04:00:00,2024-04-18,4,21.2,58,12.0,10.0,0.0,Clear
2024-04-18 05:00:00,2024-04-18,5,22.3,59,17.2,10.0,0.0,Clear
2024-04-18 06:00:00,2024-04-18,6,23.2,69,5.8,10.0,0.0,Clear
2024-04-18 07:00:00,2024-04-18,7,27.1,71,7.0,10.0,0.0,Sunny
2024-04-18 08:00:00,2024-04-18,8,26.3,78,22.6,10.0,0.0,Sunny
2024-04-18 09:00:00,2024-04-18,9,27.7,73,7.9,10.0,0.0,Sunny
2024-04-18 10:00:00,2024-04-18,10,26.7,69,6.4,10.0,0.0,Sunny
2024-04-18 11:00:00,2024-04-18,11,31.5,76,2.0,10.0,0.0,Sunny
2024-04-18 12:00:00,2024-04-18,12,30.2,69,6.9,10.0,0.0,Sunny
2024-04-18 13:00:00,2024-04-18,13,34.3,64,3.5,10.0,0.0,Sunny
2024-04-18 14:00:00,2024-04-18,14,34.4,59,4.3,10.0,0.0,Sunny
2024-04-18 15:00:00,2024-04-18,15,35.5,55,5.3,10.0,0.0,Hazy
2024-04-18 16:00:00,2024-04-18,16,33.5,47,19.6,10.0,0.0,Sunny
2024-04-18 17:00:00,2024-04-18,17,33.7,45,2.0,10.0,0.0,Sunny
2024-04-18 18:00:00,2024-04-18,18,33.4,41,11.0,10.0,0.0,Sunny
2024-04-18 19:00:00,2024-04-18,19,30.1,41,7.3,10.0,0.0,Clear
2024-04-18 20:00:00,2024-04-18,20,30.4,42,12.7,10.0,0.0,Clear
2024-04-18 21:00:00,2024-04-18,21,28.7,41,14.2,10.0,0.0,Clear
2024-04-18 22:00:00,2024-04-18,22,26.2,39,5.2,10.0,0.0,Clear
2024-04-18 23:00:00,2024-04-18,23,26.6,32,20.2,10.0,0.0,Clear
2024-04-19 00:00:00,2024-04-19,0,24.0,40,33.7,10.0,0.0,Clear
2024-04-19 01:00:00,2024-04-19,1,20.4,38,3.3,10.0,0.0,Clear
2024-04-19 02:00:00,2024-04-19,2,22.9,54,16.2,10.0,0.0,Clear
2024-04-19 03:00:00,2024-04-19,3,20.7,54,9.1,10.0,0.0,Clear
2024-04-19 04:00:00,2024-04-19,4,22.7,59,10.3,10.0,0.0,Clear
2024-04-19 05:00:00,2024-04-19,5,22.7,61,20.6,10.0,0.0,Clear
2024-04-19 06:00:00,2024-04-19,6,20.2,72,16.1,10.0,0.0,Clear
2024-04-19 07:00:00,2024-04-19,7,25.5,71,7.8,10.0,0.0,Hazy
2024-04-19 08:00:00,2024-04-19,8,26.1,72,22.4,10.0,0.0,Sunny
2024-04-19 09:00:00,2024-04-19,9,27.4,73,9.3,10.0,0.0,Sunny
2024-04-19 10:00:00,2024-04-19,10,29.2,73,5.3,10.0,0.0,Sunny
2024-04-19 11:00:00,2024-04-19,11,32.2,70,11.5,10.0,0.0,Sunny
2024-04-19 12:00:00,2024-04-19,12,31.5,72,24.4,10.0,0.0,Sunny
2024-04-19 13:00:00,2024-04-19,13,35.0,69,2.4,10.0,0.0,Sunny
2024-04-19 14:00:00,2024-04-19,14,32.5,60,15.2,10.0,0.0,Sunny
2024-04-19 15:00:00,2024-04-19,15,34.9,52,2.0,10.0,0.0,Partly Cloudy
2024-04-19 16:00:00,2024-04-19,16,35.2,51,17.1,10.0,0.0,Sunny
2024-04-19 17:00:00,2024-04-19,17,34.5,43,13.5,10.0,0.0,Partly Cloudy
2024-04-19 18:00:00,2024-04-19,18,32.8,48,28.0,10.0,0.0,Hazy
2024-04-19 19:00:00,2024-04-19,19,31.0,45,2.8,10.0,0.0,Clear
2024-04-19 20:00:00,2024-04-19,20,29.0,40,12.3,10.0,0.0,Clear
2024-04-19 21:00:00,2024-04-19,21,26.5,32,5.1,10.0,0.0,Clear
2024-04-19 22:00:00,2024-04-19,22,25.5,35,7.5,10.0,0.0,Clear
2024-04-19 23:00:00,2024-04-19,23,23.6,38,31.3,10.0,0.0,Clear
2024-04-20 00:00:00,2024-04-20,0,22.1,39,12.8,10.0,0.0,Clear
2024-04-20 01:00:00,2024-04-20,1,24.5,45,15.1,10.0,0.0,Clear
2024-04-20 02:00:00,2024-04-20,2,19.7,51,7.3,10.0,0.0,Clear
2024-04-20 03:00:00,2024-04-20,3,22.9,57,9.9,10.0,0.0,Clear
2024-04-20 04:00:00,2024-04-20,4,20.2,65,20.9,10.0,0.0,Clear
2024-04-20 05:00:00,2024-04-20,5,21.1,64,27.9,10.0,0.0,Clear
2024-04-20 06:00:00,2024-04-20,6,22.2,66,10.1,10.0,0.0,Clear
2024-04-20 07:00:00,2024-04-20,7,23.4,65,24.3,10.0,0.0,Partly Cloudy
2024-04-20 08:00:00,2024-04-20,8,27.4,74,9.8,10.0,0.0,Partly Cloudy
2024-04-20 09:00:00,2024-04-20,9,28.7,71,5.4,10.0,0.0,Partly Cloudy
2024-04-20 10:00:00,2024-04-20,10,29.4,71,11.8,10.0,0.0,Sunny
2024-04-20 11:00:00,2024-04-20,11,34.5,68,4.9,10.0,0.0,Sunny
2024-04-20 12:00:00,2024-04-20,12,32.6,65,12.5,10.0,0.0,Sunny
2024-04-20 13:00:00,2024-04-20,13,33.7,67,3.3,10.0,0.0,Sunny
2024-04-20 14:00:00,2024-04-20,14,33.5,59,16.5,10.0,0.0,Sunny
2024-04-20 15:00:00,2024-04-20,15,33.5,61,3.5,10.0,0.0,Sunny
2024-04-20 16:00:00,2024-04-20,16,33.6,46,5.5,10.0,0.0,Partly Cloudy
2024-04-20 17:00:00,2024-04-20,17,34.7,51,6.3,10.0,0.0,Sunny
2024-04-20 18:00:00,2024-04-20,18,33.3,40,3.9,10.0,0.0,Partly Cloudy
2024-04-20 19:00:00,2024-04-20,19,32.8,39,9.7,10.0,0.0,Clear
2024-04-20 20:00:00,2024-04-20,20,28.8,39,2.0,10.0,0.0,Clear
2024-04-20 21:00:00,2024-04-20,21,28.7,41,8.8,10.0,0.0,Clear
2024-04-20 22:00:00,2024-04-20,22,26.7,42,2.0,10.0,0.0,Clear
2024-04-20 23:00:00,2024-04-20,23,25.3,43,12.8,10.0,0.0,Clear
2024-04-21 00:00:00,2024-04-21,0,22.4,41,3.2,10.0,0.0,Clear
2024-04-21 01:00:00,2024-04-21,1,21.1,53,13.7,10.0,0.0,Clear
2024-04-21 02:00:00,2024-04-21,2,22.4,53,23.6,10.0,0.0,Clear
2024-04-21 03:00:00,2024-04-21,3,22.5,43,6.4,10.0,0.0,Clear
2024-04-21 04:00:00,2024-04-21,4,21.0,60,10.6,10.0,0.0,Clear
2024-04-21 05:00:00,2024-04-21,5,23.1,62,2.7,10.0,0.0,Clear
2024-04-21 06:00:00,2024-04-21,6,24.8,66,13.7,10.0,0.0,Clear
2024-04-21 07:00:00,2024-04-21,7,24.3,73,16.0,10.0,0.0,Sunny
2024-04-21 08:00:00,2024-04-21,8,24.6,73,2.3,10.0,0.0,Sunny
2024-04-21 09:00:00,2024-04-21,9,26.4,70,16.3,10.0,0.0,Sunny
2024-04-21 10:00:00,2024-04-21,10,28.9,78,7.8,10.0,0.0,Sunny
2024-04-21 11:00:00,2024-04-21,11,30.7,65,6.6,10.0,0.0,Sunny
2024-04-21 12:00:00,2024-04-21,12,32.6,62,20.3,10.0,0.0,Partly Cloudy
2024-04-21 13:00:00,2024-04-21,13,33.6,59,6.2,10.0,0.0,Partly Cloudy
2024-04-21 14:00:00,2024-04-21,14,34.0,61,2.9,10.0,0.0,Partly Cloudy
2024-04-21 15:00:00,2024-04-21,15,35.3,56,9.0,10.0,0.0,Sunny
2024-04-21 16:00:00,2024-04-21,16,33.4,47,17.6,10.0,0.0,Sunny
2024-04-21 17:00:00,2024-04-21,17,35.1,43,9.3,10.0,0.0,Sunny
2024-04-21 18:00:00,2024-04-21,18,33.7,42,7.8,10.0,0.0,Sunny
2024-04-21 19:00:00,2024-04-21,19,32.3,35,14.4,10.0,0.0,Clear
2024-04-21 20:00:00,2024-04-21,20,28.9,41,4.6,10.0,0.0,Clear
2024-04-21 21:00:00,2024-04-21,21,27.9,43,11.0,10.0,0.0,Clear
2024-04-21 22:00:00,2024-04-21,22,27.2,37,2.0,10.0,0.0,Clear
2024-04-21 23:00:00,2024-04-21,23,24.5,41,13.8,10.0,0.0,Clear
2024-04-22 00:00:00,2024-04-22,0,22.6,43,21.3,10.0,0.0,Clear
2024-04-22 01:00:00,2024-04-22,1,21.5,51,27.0,10.0,0.0,Clear
2024-04-22 02:00:00,2024-04-22,2,20.9,58,18.7,10.0,0.0,Clear
2024-04-22 03:00:00,2024-04-22,3,20.1,53,15.8,10.0,0.0,Clear
2024-04-22 04:00:00,2024-04-22,4,25.2,60,9.3,10.0,0.0,Clear
2024-04-22 05:00:00,2024-04-22,5,20.0,67,16.5,10.0,0.0,Clear
2024-04-22 06:00:00,2024-04-22,6,22.2,69,10.2,10.0,0.0,Clear
2024-04-22 07:00:00,2024-04-22,7,25.5,67,3.2,10.0,0.0,Sunny
2024-04-22 08:00:00,2024-04-22,8,25.5,65,22.1,10.0,0.0,Sunny
2024-04-22 09:00:00,2024-04-22,9,27.6,70,2.0,10.0,0.0,Partly Cloudy
2024-04-22 10:00:00,2024-04-22,10,30.2,74,6.8,10.0,0.0,Partly Cloudy
2024-04-22 11:00:00,2024-04-22,11,32.5,69,5.2,10.0,0.0,Partly Cloudy
2024-04-22 12:00:00,2024-04-22,12,32.3,63,10.4,10.0,0.0,Sunny
2024-04-22 13:00:00,2024-04-22,13,34.7,62,18.2,10.0,0.0,Sunny
2024-04-22 14:00:00,2024-04-22,14,32.2,67,15.4,10.0,0.0,Partly Cloudy
2024-04-22 15:00:00,2024-04-22,15,33.8,50,2.0,10.0,0.0,Sunny
2024-04-22 16:00:00,2024-04-22,16,34.9,49,3.3,10.0,0.0,Sunny
2024-04-22 17:00:00,2024-04-22,17,36.0,44,15.9,10.0,0.0,Sunny
2024-04-22 18:00:00,2024-04-22,18,31.4,50,40.7,10.0,0.0,Sunny
2024-04-22 19:00:00,2024-04-22,19,29.9,33,6.1,10.0,0.0,Clear
2024-04-22 20:00:00,2024-04-22,20,30.1,34,3.0,10.0,0.0,Clear
2024-04-22 21:00:00,2024-04-22,21,28.1,37,7.3,10.0,0.0,Clear
2024-04-22 22:00:00,2024-04-22,22,25.5,38,2.6,10.0,0.0,Clear
2024-04-22 23:00:00,2024-04-22,23,23.3,44,8.6,10.0,0.0,Clear
2024-04-23 00:00:00,2024-04-23,0,22.8,46,10.6,10.0,0.0,Clear
2024-04-23 01:00:00,2024-04-23,1,23.0,43,21.1,10.0,0.0,Clear
2024-04-23 02:00:00,2024-04-23,2,21.3,51,14.5,10.0,0.0,Clear
2024-04-23 03:00:00,2024-04-23,3,22.9,54,17.7,10.0,0.0,Clear
2024-04-23 04:00:00,2024-04-23,4,21.6,58,8.6,10.0,0.0,Clear
2024-04-23 05:00:00,2024-04-23,5,23.1,68,31.7,10.0,0.0,Clear
2024-04-23 06:00:00,2024-04-23,6,23.7,69,2.6,10.0,0.0,Clear
2024-04-23 07:00:00,2024-04-23,7,24.3,77,8.9,10.0,0.0,Partly Cloudy
2024-04-23 08:00:00,2024-04-23,8,27.3,74,8.6,10.0,0.0,Partly Cloudy
2024-04-23 09:00:00,2024-04-23,9,26.5,77,5.4,10.0,0.0,Sunny
2024-04-23 10:00:00,2024-04-23,10,29.0,61,23.8,10.0,0.0,Sunny
2024-04-23 11:00:00,2024-04-23,11,30.8,71,2.0,10.0,0.0,Sunny
2024-04-23 12:00:00,2024-04-23,12,33.1,69,3.8,10.0,0.0,Partly Cloudy
2024-04-23 13:00:00,2024-04-23,13,34.4,66,10.6,10.0,0.0,Sunny
2024-04-23 14:00:00,2024-04-23,14,33.3,66,7.6,10.0,0.0,Partly Cloudy
2024-04-23 15:00:00,2024-04-23,15,33.4,57,9.1,10.0,0.0,Sunny
2024-04-23 16:00:00,2024-04-23,16,34.4,45,4.2,10.0,0.0,Hazy
2024-04-23 17:00:00,2024-04-23,17,31.8,48,6.2,10.0,0.0,Hazy
2024-04-23 18:00:00,2024-04-23,18,33.8,45,20.4,10.0,0.0,Hazy
2024-04-23 19:00:00,2024-04-23,19,31.0,37,15.3,10.0,0.0,Clear
2024-04-23 20:00:00,2024-04-23,20,28.3,36,9.6,10.0,0.0,Clear
2024-04-23 21:00:00,2024-04-23,21,26.6,40,17.1,10.0,0.0,Clear
2024-04-23 22:00:00,2024-04-23,22,26.7,38,19.8,10.0,0.0,Clear
2024-04-23 23:00:00,2024-04-23,23,25.1,44,35.6,10.0,0.0,Clear
2024-04-24 00:00:00,2024-04-24,0,22.5,43,16.5,10.0,0.0,Clear
2024-04-24 01:00:00,2024-04-24,1,22.2,37,19.2,10.0,0.0,Clear
2024-04-24 02:00:00,2024-04-24,2,20.4,50,5.0,10.0,0.0,Clear
2024-04-24 03:00:00,2024-04-24,3,21.2,53,13.6,10.0,0.0,Clear
2024-04-24 04:00:00,2024-04-24,4,23.5,62,10.2,10.0,0.0,Clear
2024-04-24 05:00:00,2024-04-24,5,24.9,66,19.6,10.0,0.0,Clear
2024-04-24 06:00:00,2024-04-24,6,23.1,64,18.9,10.0,0.0,Clear
2024-04-24 07:00:00,2024-04-24,7,25.3,71,18.4,10.0,0.0,Sunny
2024-04-24 08:00:00,2024-04-24,8,26.8,74,23.0,10.0,0.0,Partly Cloudy
2024-04-24 09:00:00,2024-04-24,9,25.9,75,14.5,10.0,0.0,Sunny
2024-04-24 10:00:00,2024-04-24,10,28.3,76,5.4,10.0,0.0,Sunny
2024-04-24 11:00:00,2024-04-24,11,28.5,66,15.6,10.0,0.0,Sunny
2024-04-24 12:00:00,2024-04-24,12,33.1,67,19.4,10.0,0.0,Partly Cloudy
2024-04-24 13:00:00,2024-04-24,13,36.0,55,19.9,10.0,0.0,Sunny
2024-04-24 14:00:00,2024-04-24,14,35.6,64,6.9,10.0,0.0,Sunny
2024-04-24 15:00:00,2024-04-24,15,34.6,55,2.0,10.0,0.0,Sunny
2024-04-24 16:00:00,2024-04-24,16,34.2,50,26.0,10.0,0.0,Partly Cloudy
2024-04-24 17:00:00,2024-04-24,17,33.2,45,6.4,10.0,0.0,Sunny
2024-04-24 18:00:00,2024-04-24,18,33.9,44,8.8,10.0,0.0,Sunny
2024-04-24 19:00:00,2024-04-24,19,31.5,44,7.6,10.0,0.0,Clear
2024-04-24 20:00:00,2024-04-24,20,29.8,36,11.6,10.0,0.0,Clear
2024-04-24 21:00:00,2024-04-24,21,26.7,39,7.7,10.0,0.0,Clear
2024-04-24 22:00:00,2024-04-24,22,27.0,39,10.8,10.0,0.0,Clear
2024-04-24 23:00:00,2024-04-24,23,24.6,31,4.9,10.0,0.0,Clear
2024-04-25 00:00:00,2024-04-25,0,23.9,39,23.9,10.0,0.0,Clear
2024-04-25 01:00:00,2024-04-25,1,23.6,48,15.0,10.0,0.0,Clear
2024-04-25 02:00:00,2024-04-25,2,19.8,55,10.7,10.0,0.0,Clear
2024-04-25 03:00:00,2024-04-25,3,21.1,60,2.0,10.0,0.0,Clear
2024-04-25 04:00:00,2024-04-25,4,21.2,55,4.2,10.0,0.0,Clear
2024-04-25 05:00:00,2024-04-25,5,21.7,68,17.1,10.0,0.0,Clear
2024-04-25 06:00:00,2024-04-25,6,22.1,72,4.8,10.0,0.0,Clear
2024-04-25 07:00:00,2024-04-25,7,23.9,72,13.9,10.0,0.0,Sunny
2024-04-25 08:00:00,2024-04-25,8,25.0,64,7.9,10.0,0.0,Sunny
2024-04-25 09:00:00,2024-04-25,9,29.0,71,10.7,10.0,0.0,Sunny
2024-04-25 10:00:00,2024-04-25,10,30.1,73,8.1,10.0,0.0,Sunny
2024-04-25 11:00:00,2024-04-25,11,31.6,70,8.7,10.0,0.0,Sunny
2024-04-25 12:00:00,2024-04-25,12,30.3,59,16.7,10.0,0.0,Sunny
2024-04-25 13:00:00,2024-04-25,13,36.0,63,17.1,10.0,0.0,Sunny
2024-04-25 14:00:00,2024-04-25,14,33.8,56,11.5,10.0,0.0,Sunny
2024-04-25 15:00:00,2024-04-25,15,36.6,57,17.4,10.0,0.0,Sunny
2024-04-25 16:00:00,2024-04-25,16,35.2,52,3.0,10.0,0.0,Hazy
2024-04-25 17:00:00,2024-04-25,17,33.4,48,10.0,10.0,0.0,Sunny
2024-04-25 18:00:00,2024-04-25,18,35.0,41,7.1,10.0,0.0,Sunny
2024-04-25 19:00:00,2024-04-25,19,31.9,39,6.9,10.0,0.0,Clear
2024-04-25 20:00:00,2024-04-25,20,29.4,37,6.3,10.0,0.0,Clear
2024-04-25 21:00:00,2024-04-25,21,27.5,41,22.0,10.0,0.0,Clear
2024-04-25 22:00:00,2024-04-25,22,27.6,35,4.0,10.0,0.0,Clear
2024-04-25 23:00:00,2024-04-25,23,24.1,36,6.3,10.0,0.0,Clear
2024-04-26 00:00:00,2024-04-26,0,22.9,46,11.5,10.0,0.0,Clear
2024-04-26 01:00:00,2024-04-26,1,21.7,49,6.6,10.0,0.0,Clear
2024-04-26 02:00:00,2024-04-26,2,20.8,52,6.6,10.0,0.0,Clear
2024-04-26 03:00:00,2024-04-26,3,20.7,61,7.4,10.0,0.0,Clear
2024-04-26 04:00:00,2024-04-26,4,23.8,68,15.2,10.0,0.0,Clear
2024-04-26 05:00:00,2024-04-26,5,23.6,69,22.9,10.0,0.0,Clear
2024-04-26 06:00:00,2024-04-26,6,23.7,65,17.0,10.0,0.0,Clear
2024-04-26 07:00:00,2024-04-26,7,24.1,74,33.8,10.0,0.0,Partly Cloudy
2024-04-26 08:00:00,2024-04-26,8,25.7,73,29.4,10.0,0.0,Sunny
2024-04-26 09:00:00,2024-04-26,9,27.6,71,2.0,10.0,0.0,Sunny
2024-04-26 10:00:00,2024-04-26,10,31.8,69,22.3,10.0,0.0,Sunny
2024-04-26 11:00:00,2024-04-26,11,31.6,72,28.8,10.0,0.0,Sunny
2024-04-26 12:00:00,2024-04-26,12,33.5,71,14.7,10.0,0.0,Partly Cloudy
2024-04-26 13:00:00,2024-04-26,13,33.9,70,8.8,10.0,0.0,Hazy
2024-04-26 14:00:00,2024-04-26,14,33.2,62,4.8,10.0,0.0,Sunny
2024-04-26 15:00:00,2024-04-26,15,34.6,57,16.1,10.0,0.0,Sunny
2024-04-26 16:00:00,2024-04-26,16,33.0,50,3.2,10.0,0.0,Sunny
2024-04-26 17:00:00,2024-04-26,17,35.1,47,11.1,10.0,0.0,Sunny
2024-04-26 18:00:00,2024-04-26,18,31.7,36,48.5,10.0,0.0,Sunny
2024-04-26 19:00:00,2024-04-26,19,30.6,42,2.6,10.0,0.0,Clear
2024-04-26 20:00:00,2024-04-26,20,30.7,39,11.3,10.0,0.0,Clear
2024-04-26 21:00:00,2024-04-26,21,27.2,45,19.9,10.0,0.0,Clear
2024-04-26 22:00:00,2024-04-26,22,26.1,37,12.4,10.0,0.0,Clear
2024-04-26 23:00:00,2024-04-26,23,21.6,44,16.3,10.0,0.0,Clear
2024-04-27 00:00:00,2024-04-27,0,23.0,40,2.7,10.0,0.0,Clear
2024-04-27 01:00:00,2024-04-27,1,23.1,53,33.0,10.0,0.0,Clear
2024-04-27 02:00:00,2024-04-27,2,21.0,56,12.1,10.0,0.0,Clear
2024-04-27 03:00:00,2024-04-27,3,22.2,60,3.4,10.0,0.0,Clear
2024-04-27 04:00:00,2024-04-27,4,21.7,60,19.2,10.0,0.0,Clear
2024-04-27 05:00:00,2024-04-27,5,23.7,63,32.5,10.0,0.0,Clear
2024-04-27 06:00:00,2024-04-27,6,22.5,66,8.1,10.0,0.0,Clear
2024-04-27 07:00:00,2024-04-27,7,24.5,67,9.6,10.0,0.0,Sunny
2024-04-27 08:00:00,2024-04-27,8,24.6,74,22.4,10.0,0.0,Sunny
2024-04-27 09:00:00,2024-04-27,9,27.9,72,18.5,10.0,0.0,Sunny
2024-04-27 10:00:00,2024-04-27,10,29.2,74,5.4,10.0,0.0,Sunny
2024-04-27 11:00:00,2024-04-27,11,32.4,71,2.0,10.0,0.0,Hazy
2024-04-27 12:00:00,2024-04-27,12,31.8,63,32.9,10.0,0.0,Partly Cloudy
2024-04-27 13:00:00,2024-04-27,13,33.1,68,7.4,10.0,0.0,Sunny
2024-04-27 14:00:00,2024-04-27,14,33.5,60,3.8,10.0,0.0,Sunny
2024-04-27 15:00:00,2024-04-27,15,34.5,58,5.8,10.0,0.0,Hazy
2024-04-27 16:00:00,2024-04-27,16,36.7,46,25.9,10.0,0.0,Hazy
2024-04-27 17:00:00,2024-04-27,17,29.4,43,2.0,10.0,0.0,Partly Cloudy
2024-04-27 18:00:00,2024-04-27,18,32.5,41,22.0,10.0,0.0,Sunny
2024-04-27 19:00:00,2024-04-27,19,32.7,40,14.8,10.0,0.0,Clear
2024-04-27 20:00:00,2024-04-27,20,29.1,37,8.5,10.0,0.0,Clear
2024-04-27 21:00:00,2024-04-27,21,28.6,42,11.4,10.0,0.0,Clear
2024-04-27 22:00:00,2024-04-27,22,27.7,42,17.7,10.0,0.0,Clear
2024-04-27 23:00:00,2024-04-27,23,24.4,36,7.8,10.0,0.0,Clear
2024-04-28 00:00:00,2024-04-28,0,22.6,54,5.8,10.0,0.0,Clear
2024-04-28 01:00:00,2024-04-28,1,23.5,46,17.0,10.0,0.0,Clear
2024-04-28 02:00:00,2024-04-28,2,22.3,56,12.4,10.0,0.0,Clear
2024-04-28 03:00:00,2024-04-28,3,21.4,54,27.1,10.0,0.0,Clear
2024-04-28 04:00:00,2024-04-28,4,22.5,62,25.5,10.0,0.0,Clear
2024-04-28 05:00:00,2024-04-28,5,23.5,68,8.6,10.0,0.0,Clear
2024-04-28 06:00:00,2024-04-28,6,23.3,62,10.3,10.0,0.0,Clear
2024-04-28 07:00:00,2024-04-28,7,25.1,78,24.5,10.0,0.0,Sunny
2024-04-28 08:00:00,2024-04-28,8,26.9,69,20.1,10.0,0.0,Sunny
2024-04-28 09:00:00,2024-04-28,9,27.4,72,15.2,10.0,0.0,Sunny
2024-04-28 10:00:00,2024-04-28,10,31.1,70,22.6,10.0,0.0,Sunny
2024-04-28 11:00:00,2024-04-28,11,30.0,68,3.0,10.0,0.0,Sunny
2024-04-28 12:00:00,2024-04-28,12,32.4,66,15.1,10.0,0.0,Partly Cloudy
2024-04-28 13:00:00,2024-04-28,13,34.6,59,5.0,10.0,0.0,Sunny
2024-04-28 14:00:00,2024-04-28,14,33.0,63,19.0,10.0,0.0,Hazy
2024-04-28 15:00:00,2024-04-28,15,35.5,55,14.9,10.0,0.0,Partly Cloudy
2024-04-28 16:00:00,2024-04-28,16,34.5,50,22.0,10.0,0.0,Sunny
2024-04-28 17:00:00,2024-04-28,17,35.2,50,25.9,10.0,0.0,Partly Cloudy
2024-04-28 18:00:00,2024-04-28,18,33.3,49,3.6,10.0,0.0,Sunny
2024-04-28 19:00:00,2024-04-28,19,31.1,33,15.2,10.0,0.0,Clear
2024-04-28 20:00:00,2024-04-28,20,30.0,44,6.8,10.0,0.0,Clear
2024-04-28 21:00:00,2024-04-28,21,28.3,37,17.7,10.0,0.0,Clear
2024-04-28 22:00:00,2024-04-28,22,28.7,32,6.6,10.0,0.0,Clear
2024-04-28 23:00:00,2024-04-28,23,24.9,41,7.0,10.0,0.0,Clear
2024-04-29 00:00:00,2024-04-29,0,23.2,42,12.0,10.0,0.0,Clear
2024-04-29 01:00:00,2024-04-29,1,22.1,49,3.4,10.0,0.0,Clear
2024-04-29 02:00:00,2024-04-29,2,21.9,51,5.1,10.0,0.0,Clear
2024-04-29 03:00:00,2024-04-29,3,20.1,56,16.2,10.0,0.0,Clear
2024-04-29 04:00:00,2024-04-29,4,21.3,58,30.2,10.0,0.0,Clear
2024-04-29 05:00:00,2024-04-29,5,21.2,60,2.0,10.0,0.0,Clear
2024-04-29 06:00:00,2024-04-29,6,22.3,71,6.3,10.0,0.0,Clear
2024-04-29 07:00:00,2024-04-29,7,25.7,68,14.1,10.0,0.0,Sunny
2024-04-29 08:00:00,2024-04-29,8,26.3,74,2.3,10.0,0.0,Sunny
2024-04-29 09:00:00,2024-04-29,9,27.1,79,8.8,10.0,0.0,Partly Cloudy
2024-04-29 10:00:00,2024-04-29,10,29.5,72,13.1,10.0,0.0,Sunny
2024-04-29 11:00:00,2024-04-29,11,31.0,73,10.6,10.0,0.0,Sunny
2024-04-29 12:00:00,2024-04-29,12,32.7,68,7.4,10.0,0.0,Partly Cloudy
2024-04-29 13:00:00,2024-04-29,13,31.8,63,3.0,10.0,0.0,Hazy
2024-04-29 14:00:00,2024-04-29,14,33.0,53,43.3,10.0,0.0,Partly Cloudy
2024-04-29 15:00:00,2024-04-29,15,32.8,55,6.0,10.0,0.0,Sunny
2024-04-29 16:00:00,2024-04-29,16,33.2,50,18.6,10.0,0.0,Hazy
2024-04-29 17:00:00,2024-04-29,17,32.8,43,16.4,10.0,0.0,Sunny
2024-04-29 18:00:00,2024-04-29,18,31.4,34,8.9,10.0,0.0,Sunny
2024-04-29 19:00:00,2024-04-29,19,32.2,33,7.5,10.0,0.0,Clear
2024-04-29 20:00:00,2024-04-29,20,31.9,45,3.2,10.0,0.0,Clear
2024-04-29 21:00:00,2024-04-29,21,29.0,37,20.7,10.0,0.0,Clear
2024-04-29 22:00:00,2024-04-29,22,25.6,32,21.9,10.0,0.0,Clear
2024-04-29 23:00:00,2024-04-29,23,25.0,37,9.2,10.0,0.0,Clear
2024-04-30 00:00:00,2024-04-30,0,23.3,42,6.4,10.0,0.0,Clear
2024-04-30 01:00:00,2024-04-30,1,21.6,48,4.7,10.0,0.0,Clear
2024-04-30 02:00:00,2024-04-30,2,23.3,49,9.7,10.0,0.0,Clear
2024-04-30 03:00:00,2024-04-30,3,23.9,63,5.4,10.0,0.0,Clear
2024-04-30 04:00:00,2024-04-30,4,20.0,68,12.0,10.0,0.0,Clear
2024-04-30 05:00:00,2024-04-30,5,24.1,66,13.3,10.0,0.0,Clear
2024-04-30 06:00:00,2024-04-30,6,22.7,66,13.4,10.0,0.0,Clear
2024-04-30 07:00:00,2024-04-30,7,24.4,72,4.8,10.0,0.0,Sunny
2024-04-30 08:00:00,2024-04-30,8,26.7,67,5.2,10.0,0.0,Sunny
2024-04-30 09:00:00,2024-04-30,9,29.9,77,9.1,10.0,0.0,Sunny
2024-04-30 10:00:00,2024-04-30,10,30.0,73,20.3,10.0,0.0,Partly Cloudy
2024-04-30 11:00:00,2024-04-30,11,31.7,66,13.3,10.0,0.0,Sunny
2024-04-30 12:00:00,2024-04-30,12,33.6,65,4.5,10.0,0.0,Sunny
2024-04-30 13:00:00,2024-04-30,13,34.8,66,13.6,10.0,0.0,Sunny
2024-04-30 14:00:00,2024-04-30,14,34.9,53,17.3,10.0,0.0,Partly Cloudy
2024-04-30 15:00:00,2024-04-30,15,35.7,51,22.6,10.0,0.0,Sunny
2024-04-30 16:00:00,2024-04-30,16,33.6,48,7.1,10.0,0.0,Sunny
2024-04-30 17:00:00,2024-04-30,17,31.5,50,11.1,10.0,0.0,Partly Cloudy
2024-04-30 18:00:00,2024-04-30,18,34.8,49,5.1,10.0,0.0,Sunny
2024-04-30 19:00:00,2024-04-30,19,30.0,41,4.0,10.0,0.0,Clear
2024-04-30 20:00:00,2024-04-30,20,29.0,25,19.8,10.0,0.0,Clear
2024-04-30 21:00:00,2024-04-30,21,27.6,33,5.3,10.0,0.0,Clear
2024-04-30 22:00:00,2024-04-30,22,25.7,52,10.8,10.0,0.0,Clear
2024-04-30 23:00:00,2024-04-30,23,23.9,40,15.4,10.0,0.0,Clear
2024-05-01 00:00:00,2024-05-01,0,29.0,27,12.0,10.0,0.0,Clear
2024-05-01 01:00:00,2024-05-01,1,27.9,50,2.9,10.0,0.0,Clear
2024-05-01 02:00:00,2024-05-01,2,27.5,40,9.3,10.0,0.0,Clear
2024-05-01 03:00:00,2024-05-01,3,27.2,52,17.0,10.0,0.0,Clear
2024-05-01 04:00:00,2024-05-01,4,26.2,50,9.4,10.0,0.0,Clear
2024-05-01 05:00:00,2024-05-01,5,26.9,68,9.7,10.0,0.0,Clear
2024-05-01 06:00:00,2024-05-01,6,29.7,57,18.8,10.0,0.0,Clear
2024-05-01 07:00:00,2024-05-01,7,29.1,63,16.0,10.0,0.0,Sunny
2024-05-01 08:00:00,2024-05-01,8,30.7,72,7.2,10.0,0.0,Sunny
2024-05-01 09:00:00,2024-05-01,9,34.1,66,26.3,10.0,0.0,Sunny
2024-05-01 10:00:00,2024-05-01,10,34.7,69,5.5,10.0,0.0,Sunny
2024-05-01 11:00:00,2024-05-01,11,35.6,69,6.9,10.0,0.0,Sunny
2024-05-01 12:00:00,2024-05-01,12,37.0,63,10.7,10.0,0.0,Sunny
2024-05-01 13:00:00,2024-05-01,13,40.0,55,15.4,10.0,0.0,Sunny
2024-05-01 14:00:00,2024-05-01,14,40.0,52,23.7,10.0,0.0,Hazy
2024-05-01 15:00:00,2024-05-01,15,39.8,48,7.1,10.0,0.0,Sunny
2024-05-01 16:00:00,2024-05-01,16,37.9,48,11.0,10.0,0.0,Partly Cloudy
2024-05-01 17:00:00,2024-05-01,17,38.9,44,26.3,10.0,0.0,Sunny
2024-05-01 18:00:00,2024-05-01,18,37.3,38,19.7,10.0,0.0,Sunny
2024-05-01 19:00:00,2024-05-01,19,35.2,37,13.8,10.0,0.0,Clear
2024-05-01 20:00:00,2024-05-01,20,34.0,26,12.0,10.0,0.0,Clear
2024-05-01 21:00:00,2024-05-01,21,33.8,33,2.5,10.0,0.0,Clear
2024-05-01 22:00:00,2024-05-01,22,32.8,32,15.2,10.0,0.0,Clear
2024-05-01 23:00:00,2024-05-01,23,28.5,36,7.6,10.0,0.0,Clear
2024-05-02 00:00:00,2024-05-02,0,27.3,40,21.4,10.0,0.0,Clear
2024-05-02 01:00:00,2024-05-02,1,28.2,37,11.6,10.0,0.0,Clear
2024-05-02 02:00:00,2024-05-02,2,26.2,45,3.4,10.0,0.0,Clear
2024-05-02 03:00:00,2024-05-02,3,27.2,55,4.5,10.0,0.0,Clear
2024-05-02 04:00:00,2024-05-02,4,26.2,56,36.5,10.0,0.0,Clear
2024-05-02 05:00:00,2024-05-02,5,28.1,59,15.9,10.0,0.0,Clear
2024-05-02 06:00:00,2024-05-02,6,26.8,58,6.9,10.0,0.0,Clear
2024-05-02 07:00:00,2024-05-02,7,30.4,68,12.1,10.0,0.0,Sunny
2024-05-02 08:00:00,2024-05-02,8,28.8,62,9.0,10.0,0.0,Sunny
2024-05-02 09:00:00,2024-05-02,9,34.1,67,21.2,10.0,0.0,Sunny
2024-05-02 10:00:00,2024-05-02,10,34.6,65,17.1,10.0,0.0,Sunny
2024-05-02 11:00:00,2024-05-02,11,36.8,67,48.0,10.0,0.0,Sunny
2024-05-02 12:00:00,2024-05-02,12,37.9,60,13.3,10.0,0.0,Partly Cloudy
2024-05-02 13:00:00,2024-05-02,13,36.6,58,3.9,10.0,0.0,Partly Cloudy
2024-05-02 14:00:00,2024-05-02,14,40.9,51,2.0,10.0,0.0,Sunny
2024-05-02 15:00:00,2024-05-02,15,39.9,49,2.0,10.0,0.0,Sunny
2024-05-02 16:00:00,2024-05-02,16,40.2,46,19.9,10.0,0.0,Sunny
2024-05-02 17:00:00,2024-05-02,17,37.7,40,11.5,10.0,0.0,Sunny
2024-05-02 18:00:00,2024-05-02,18,37.9,36,9.0,10.0,0.0,Sunny
2024-05-02 19:00:00,2024-05-02,19,34.7,35,4.8,10.0,0.0,Clear
2024-05-02 20:00:00,2024-05-02,20,34.9,37,10.0,10.0,0.0,Clear
2024-05-02 21:00:00,2024-05-02,21,31.9,35,17.0,10.0,0.0,Clear
2024-05-02 22:00:00,2024-05-02,22,37.3,27,9.2,10.0,0.0,Clear
2024-05-02 23:00:00,2024-05-02,23,30.5,37,22.2,10.0,0.0,Clear
2024-05-03 00:00:00,2024-05-03,0,30.0,43,31.0,10.0,0.0,Clear
2024-05-03 01:00:00,2024-05-03,1,27.1,44,12.1,10.0,0.0,Clear
2024-05-03 02:00:00,2024-05-03,2,27.2,36,8.6,10.0,0.0,Clear
2024-05-03 03:00:00,2024-05-03,3,27.6,51,8.0,10.0,0.0,Clear
2024-05-03 04:00:00,2024-05-03,4,25.4,60,11.6,10.0,0.0,Clear
2024-05-03 05:00:00,2024-05-03,5,26.6,57,12.0,10.0,0.0,Clear
2024-05-03 06:00:00,2024-05-03,6,29.6,74,13.3,10.0,0.0,Clear
2024-05-03 07:00:00,2024-05-03,7,29.5,57,2.5,10.0,0.0,Hazy
2024-05-03 08:00:00,2024-05-03,8,30.4,68,13.0,10.0,0.0,Partly Cloudy
2024-05-03 09:00:00,2024-05-03,9,32.2,71,12.8,10.0,0.0,Hazy
2024-05-03 10:00:00,2024-05-03,10,33.2,68,16.6,10.0,0.0,Sunny
2024-05-03 11:00:00,2024-05-03,11,33.9,66,18.4,10.0,0.0,Partly Cloudy
2024-05-03 12:00:00,2024-05-03,12,35.6,59,23.3,10.0,0.0,Partly Cloudy
2024-05-03 13:00:00,2024-05-03,13,38.7,57,13.7,10.0,0.0,Sunny
2024-05-03 14:00:00,2024-05-03,14,40.1,57,18.5,10.0,0.0,Sunny
2024-05-03 15:00:00,2024-05-03,15,42.5,42,13.8,10.0,0.0,Sunny
2024-05-03 16:00:00,2024-05-03,16,39.2,49,23.0,10.0,0.0,Sunny
2024-05-03 17:00:00,2024-05-03,17,37.1,41,10.3,10.0,0.0,Sunny
2024-05-03 18:00:00,2024-05-03,18,37.6,39,7.0,10.0,0.0,Sunny
2024-05-03 19:00:00,2024-05-03,19,37.1,38,11.3,10.0,0.0,Clear
2024-05-03 20:00:00,2024-05-03,20,35.9,48,26.5,10.0,0.0,Clear
2024-05-03 21:00:00,2024-05-03,21,34.1,38,7.4,10.0,0.0,Clear
2024-05-03 22:00:00,2024-05-03,22,32.0,28,26.2,10.0,0.0,Clear
2024-05-03 23:00:00,2024-05-03,23,29.9,43,14.2,10.0,0.0,Clear
2024-05-04 00:00:00,2024-05-04,0,29.3,26,19.8,10.0,0.0,Clear
2024-05-04 01:00:00,2024-05-04,1,25.9,39,15.1,10.0,0.0,Clear
2024-05-04 02:00:00,2024-05-04,2,24.3,46,11.9,10.0,0.0,Clear
2024-05-04 03:00:00,2024-05-04,3,29.0,49,7.0,10.0,0.0,Clear
2024-05-04 04:00:00,2024-05-04,4,26.7,56,45.2,10.0,0.0,Clear
2024-05-04 05:00:00,2024-05-04,5,28.0,58,3.1,10.0,0.0,Clear
2024-05-04 06:00:00,2024-05-04,6,25.0,68,21.8,10.0,0.0,Clear
2024-05-04 07:00:00,2024-05-04,7,31.6,64,2.1,10.0,0.0,Partly Cloudy
2024-05-04 08:00:00,2024-05-04,8,32.7,67,29.3,10.0,0.0,Sunny
2024-05-04 09:00:00,2024-05-04,9,31.1,75,17.0,10.0,0.0,Sunny
2024-05-04 10:00:00,2024-05-04,10,34.3,71,5.5,10.0,0.0,Partly Cloudy
2024-05-04 11:00:00,2024-05-04,11,36.6,65,5.8,10.0,0.0,Partly Cloudy
2024-05-04 12:00:00,2024-05-04,12,36.1,65,11.3,10.0,0.0,Hazy
2024-05-04 13:00:00,2024-05-04,13,39.2,66,2.0,10.0,0.0,Hazy
2024-05-04 14:00:00,2024-05-04,14,40.5,49,22.7,10.0,0.0,Sunny
2024-05-04 15:00:00,2024-05-04,15,39.9,46,6.5,10.0,0.0,Sunny
2024-05-04 16:00:00,2024-05-04,16,37.4,43,3.5,10.0,0.0,Sunny
2024-05-04 17:00:00,2024-05-04,17,37.4,42,20.3,10.0,0.0,Sunny
2024-05-04 18:00:00,2024-05-04,18,37.4,41,2.0,10.0,0.0,Partly Cloudy
2024-05-04 19:00:00,2024-05-04,19,36.0,31,10.4,10.0,0.0,Clear
2024-05-04 20:00:00,2024-05-04,20,34.4,29,4.6,10.0,0.0,Clear
2024-05-04 21:00:00,2024-05-04,21,32.7,27,14.8,10.0,0.0,Clear
2024-05-04 22:00:00,2024-05-04,22,29.2,29,23.1,10.0,0.0,Clear
2024-05-04 23:00:00,2024-05-04,23,30.7,32,2.0,10.0,0.0,Clear
2024-05-05 00:00:00,2024-05-05,0,29.2,29,23.2,10.0,0.0,Clear
2024-05-05 01:00:00,2024-05-05,1,28.0,39,9.3,10.0,0.0,Clear
2024-05-05 02:00:00,2024-05-05,2,27.2,41,4.1,10.0,0.0,Clear
2024-05-05 03:00:00,2024-05-05,3,26.2,49,3.8,10.0,0.0,Clear
2024-05-05 04:00:00,2024-05-05,4,26.0,61,9.4,10.0,0.0,Clear
2024-05-05 05:00:00,2024-05-05,5,26.1,53,2.0,10.0,0.0,Clear
2024-05-05 06:00:00,2024-05-05,6,30.3,67,9.1,10.0,0.0,Clear
2024-05-05 07:00:00,2024-05-05,7,29.7,72,10.0,10.0,0.0,Hazy
2024-05-05 08:00:00,2024-05-05,8,29.3,71,15.6,10.0,0.0,Hazy
2024-05-05 09:00:00,2024-05-05,9,33.0,69,21.7,10.0,0.0,Sunny
2024-05-05 10:00:00,2024-05-05,10,32.2,73,16.6,10.0,0.0,Sunny
2024-05-05 11:00:00,2024-05-05,11,36.5,68,26.7,10.0,0.0,Sunny
2024-05-05 12:00:00,2024-05-05,12,37.8,67,4.7,10.0,0.0,Sunny
2024-05-05 13:00:00,2024-05-05,13,38.0,59,14.2,10.0,0.0,Sunny
2024-05-05 14:00:00,2024-05-05,14,38.2,50,15.1,10.0,0.0,Sunny
2024-05-05 15:00:00,2024-05-05,15,40.2,55,26.3,10.0,0.0,Sunny
2024-05-05 16:00:00,2024-05-05,16,39.2,56,14.9,10.0,0.0,Sunny
2024-05-05 17:00:00,2024-05-05,17,36.3,40,5.9,10.0,0.0,Hazy
2024-05-05 18:00:00,2024-05-05,18,39.0,37,10.6,10.0,0.0,Sunny
2024-05-05 19:00:00,2024-05-05,19,35.1,35,14.3,10.0,0.0,Clear
2024-05-05 20:00:00,2024-05-05,20,33.1,27,2.7,10.0,0.0,Clear
2024-05-05 21:00:00,2024-05-05,21,34.6,29,28.6,10.0,0.0,Clear
2024-05-05 22:00:00,2024-05-05,22,32.6,34,10.7,10.0,0.0,Clear
2024-05-05 23:00:00,2024-05-05,23,29.2,34,37.0,10.0,0.0,Clear
2024-05-06 00:00:00,2024-05-06,0,26.9,37,3.2,10.0,0.0,Clear
2024-05-06 01:00:00,2024-05-06,1,26.3,41,4.9,10.0,0.0,Clear
2024-05-06 02:00:00,2024-05-06,2,26.2,45,15.5,10.0,0.0,Clear
2024-05-06 03:00:00,2024-05-06,3,28.0,47,8.0,10.0,0.0,Clear
2024-05-06 04:00:00,2024-05-06,4,28.3,56,21.1,10.0,0.0,Clear
2024-05-06 05:00:00,2024-05-06,5,27.6,60,11.4,10.0,0.0,Clear
2024-05-06 06:00:00,2024-05-06,6,29.2,59,10.9,10.0,0.0,Clear
2024-05-06 07:00:00,2024-05-06,7,29.5,67,10.6,10.0,0.0,Sunny
2024-05-06 08:00:00,2024-05-06,8,30.3,65,3.6,10.0,0.0,Sunny
2024-05-06 09:00:00,2024-05-06,9,31.2,71,11.6,10.0,0.0,Sunny
2024-05-06 10:00:00,2024-05-06,10,35.1,67,4.7,10.0,0.0,Partly Cloudy
2024-05-06 11:00:00,2024-05-06,11,37.3,67,38.0,10.0,0.0,Partly Cloudy
2024-05-06 12:00:00,2024-05-06,12,37.0,63,2.0,10.0,0.0,Sunny
2024-05-06 13:00:00,2024-05-06,13,40.1,59,12.8,10.0,0.0,Sunny
2024-05-06 14:00:00,2024-05-06,14,38.8,56,13.9,10.0,0.0,Sunny
2024-05-06 15:00:00,2024-05-06,15,39.6,53,15.6,10.0,0.0,Hazy
2024-05-06 16:00:00,2024-05-06,16,39.0,46,18.5,10.0,0.0,Sunny
2024-05-06 17:00:00,2024-05-06,17,40.1,41,2.2,10.0,0.0,Partly Cloudy
2024-05-06 18:00:00,2024-05-06,18,38.2,36,14.3,10.0,0.0,Partly Cloudy
2024-05-06 19:00:00,2024-05-06,19,36.2,27,10.1,10.0,0.0,Clear
2024-05-06 20:00:00,2024-05-06,20,34.8,33,9.0,10.0,0.0,Clear
2024-05-06 21:00:00,2024-05-06,21,31.6,27,20.2,10.0,0.0,Clear
2024-05-06 22:00:00,2024-05-06,22,28.6,30,24.6,10.0,0.0,Clear
2024-05-06 23:00:00,2024-05-06,23,29.1,31,3.0,10.0,0.0,Clear
2024-05-07 00:00:00,2024-05-07,0,28.2,34,10.7,10.0,0.0,Clear
2024-05-07 01:00:00,2024-05-07,1,28.0,38,17.9,10.0,0.0,Clear
2024-05-07 02:00:00,2024-05-07,2,26.5,47,11.5,10.0,0.0,Clear
2024-05-07 03:00:00,2024-05-07,3,25.9,51,23.3,10.0,0.0,Clear
2024-05-07 04:00:00,2024-05-07,4,23.2,55,5.7,10.0,0.0,Clear
2024-05-07 05:00:00,2024-05-07,5,28.0,64,22.0,10.0,0.0,Clear
2024-05-07 06:00:00,2024-05-07,6,28.7,75,8.1,10.0,0.0,Clear
2024-05-07 07:00:00,2024-05-07,7,30.7,68,4.6,10.0,0.0,Partly Cloudy
2024-05-07 08:00:00,2024-05-07,8,31.4,71,11.6,10.0,0.0,Sunny
2024-05-07 09:00:00,2024-05-07,9,34.4,69,9.4,10.0,0.0,Sunny
2024-05-07 10:00:00,2024-05-07,10,34.0,70,2.7,10.0,0.0,Sunny
2024-05-07 11:00:00,2024-05-07,11,36.2,59,10.8,10.0,0.0,Sunny
2024-05-07 12:00:00,2024-05-07,12,37.9,52,19.6,10.0,0.0,Sunny
2024-05-07 13:00:00,2024-05-07,13,39.4,51,25.6,10.0,0.0,Partly Cloudy
2024-05-07 14:00:00,2024-05-07,14,39.8,52,17.8,10.0,0.0,Sunny
2024-05-07 15:00:00,2024-05-07,15,40.1,55,5.4,10.0,0.0,Hazy
2024-05-07 16:00:00,2024-05-07,16,39.6,46,13.7,10.0,0.0,Sunny
2024-05-07 17:00:00,2024-05-07,17,38.4,39,2.3,10.0,0.0,Sunny
2024-05-07 18:00:00,2024-05-07,18,38.7,40,16.2,10.0,0.0,Sunny
2024-05-07 19:00:00,2024-05-07,19,34.2,36,15.2,10.0,0.0,Clear
2024-05-07 20:00:00,2024-05-07,20,33.9,27,5.3,10.0,0.0,Clear
2024-05-07 21:00:00,2024-05-07,21,34.9,34,7.9,10.0,0.0,Clear
2024-05-07 22:00:00,2024-05-07,22,30.5,36,12.8,10.0,0.0,Clear
2024-05-07 23:00:00,2024-05-07,23,29.7,43,15.1,10.0,0.0,Clear
2024-05-08 00:00:00,2024-05-08,0,30.1,37,20.2,10.0,0.0,Clear
2024-05-08 01:00:00,2024-05-08,1,27.2,48,2.3,10.0,0.0,Clear
2024-05-08 02:00:00,2024-05-08,2,25.7,44,2.1,10.0,0.0,Clear
2024-05-08 03:00:00,2024-05-08,3,27.9,59,13.1,10.0,0.0,Clear
2024-05-08 04:00:00,2024-05-08,4,26.4,52,17.4,10.0,0.0,Clear
2024-05-08 05:00:00,2024-05-08,5,27.1,62,8.4,10.0,0.0,Clear
2024-05-08 06:00:00,2024-05-08,6,26.0,64,7.7,10.0,0.0,Clear
2024-05-08 07:00:00,2024-05-08,7,29.6,72,4.5,10.0,0.0,Sunny
2024-05-08 08:00:00,2024-05-08,8,32.1,73,18.4,10.0,0.0,Partly Cloudy
2024-05-08 09:00:00,2024-05-08,9,32.5,64,12.1,10.0,0.0,Sunny
2024-05-08 10:00:00,2024-05-08,10,33.1,66,14.7,10.0,0.0,Sunny
2024-05-08 11:00:00,2024-05-08,11,35.7,74,9.0,10.0,0.0,Sunny
2024-05-08 12:00:00,2024-05-08,12,36.9,63,8.1,10.0,0.0,Sunny
2024-05-08 13:00:00,2024-05-08,13,38.3,62,10.2,10.0,0.0,Sunny
2024-05-08 14:00:00,2024-05-08,14,38.7,50,9.5,10.0,0.0,Sunny
2024-05-08 15:00:00,2024-05-08,15,41.5,49,24.3,10.0,0.0,Hazy
2024-05-08 16:00:00,2024-05-08,16,39.6,43,4.1,10.0,0.0,Sunny
2024-05-08 17:00:00,2024-05-08,17,36.5,45,18.6,10.0,0.0,Sunny
2024-05-08 18:00:00,2024-05-08,18,37.7,40,6.5,10.0,0.0,Sunny
2024-05-08 19:00:00,2024-05-08,19,36.2,39,7.8,10.0,0.0,Clear
2024-05-08 20:00:00,2024-05-08,20,36.1,28,13.0,10.0,0.0,Clear
2024-05-08 21:00:00,2024-05-08,21,32.8,34,17.1,10.0,0.0,Clear
2024-05-08 22:00:00,2024-05-08,22,31.1,33,9.2,10.0,0.0,Clear
2024-05-08 23:00:00,2024-05-08,23,32.0,25,3.8,10.0,0.0,Clear
2024-05-09 00:00:00,2024-05-09,0,27.1,39,30.3,10.0,0.0,Clear
2024-05-09 01:00:00,2024-05-09,1,28.3,46,2.5,10.0,0.0,Clear
2024-05-09 02:00:00,2024-05-09,2,26.8,52,4.0,10.0,0.0,Clear
2024-05-09 03:00:00,2024-05-09,3,25.9,50,26.3,10.0,0.0,Clear
2024-05-09 04:00:00,2024-05-09,4,25.9,58,21.9,10.0,0.0,Clear
2024-05-09 05:00:00,2024-05-09,5,29.0,61,27.8,10.0,0.0,Clear
2024-05-09 06:00:00,2024-05-09,6,29.0,60,6.4,10.0,0.0,Clear
2024-05-09 07:00:00,2024-05-09,7,30.5,62,5.0,10.0,0.0,Partly Cloudy
2024-05-09 08:00:00,2024-05-09,8,32.4,67,19.8,10.0,0.0,Hazy
2024-05-09 09:00:00,2024-05-09,9,33.4,67,3.7,10.0,0.0,Sunny
2024-05-09 10:00:00,2024-05-09,10,33.4,68,5.1,10.0,0.0,Partly Cloudy
2024-05-09 11:00:00,2024-05-09,11,34.4,64,2.7,10.0,0.0,Sunny
2024-05-09 12:00:00,2024-05-09,12,39.4,64,6.1,10.0,0.0,Sunny
2024-05-09 13:00:00,2024-05-09,13,38.9,55,4.5,10.0,0.0,Partly Cloudy
2024-05-09 14:00:00,2024-05-09,14,39.4,61,3.2,10.0,0.0,Sunny
2024-05-09 15:00:00,2024-05-09,15,41.7,43,10.9,10.0,0.0,Partly Cloudy
2024-05-09 16:00:00,2024-05-09,16,38.0,45,7.5,10.0,0.0,Sunny
2024-05-09 17:00:00,2024-05-09,17,35.6,40,14.4,10.0,0.0,Sunny
2024-05-09 18:00:00,2024-05-09,18,35.4,37,3.9,10.0,0.0,Sunny
2024-05-09 19:00:00,2024-05-09,19,35.6,31,6.0,10.0,0.0,Clear
2024-05-09 20:00:00,2024-05-09,20,34.8,27,2.2,10.0,0.0,Clear
2024-05-09 21:00:00,2024-05-09,21,34.7,33,7.2,10.0,0.0,Clear
2024-05-09 22:00:00,2024-05-09,22,32.3,32,19.8,10.0,0.0,Clear
2024-05-09 23:00:00,2024-05-09,23,26.7,36,17.3,10.0,0.0,Clear
2024-05-10 00:00:00,2024-05-10,0,31.8,31,9.3,10.0,0.0,Clear
2024-05-10 01:00:00,2024-05-10,1,26.9,48,36.9,10.0,0.0,Clear
2024-05-10 02:00:00,2024-05-10,2,28.2,45,2.4,10.0,0.0,Clear
2024-05-10 03:00:00,2024-05-10,3,27.2,38,21.6,10.0,0.0,Clear
2024-05-10 04:00:00,2024-05-10,4,26.7,55,4.1,10.0,0.0,Clear
2024-05-10 05:00:00,2024-05-10,5,27.1,57,9.9,10.0,0.0,Clear
2024-05-10 06:00:00,2024-05-10,6,27.1,58,15.6,10.0,0.0,Clear
2024-05-10 07:00:00,2024-05-10,7,28.2,71,5.5,10.0,0.0,Sunny
2024-05-10 08:00:00,2024-05-10,8,31.1,71,6.4,10.0,0.0,Sunny
2024-05-10 09:00:00,2024-05-10,9,31.3,69,21.7,10.0,0.0,Sunny
2024-05-10 10:00:00,2024-05-10,10,36.7,68,10.8,10.0,0.0,Sunny
2024-05-10 11:00:00,2024-05-10,11,36.4,68,2.7,10.0,0.0,Sunny
2024-05-10 12:00:00,2024-05-10,12,40.1,56,7.6,10.0,0.0,Partly Cloudy
2024-05-10 13:00:00,2024-05-10,13,38.1,60,5.8,10.0,0.0,Sunny
2024-05-10 14:00:00,2024-05-10,14,38.6,60,2.0,10.0,0.0,Sunny
2024-05-10 15:00:00,2024-05-10,15,40.2,54,2.7,10.0,0.0,Sunny
2024-05-10 16:00:00,2024-05-10,16,39.0,41,12.7,10.0,0.0,Sunny
2024-05-10 17:00:00,2024-05-10,17,39.8,42,4.6,10.0,0.0,Partly Cloudy
2024-05-10 18:00:00,2024-05-10,18,39.3,33,38.9,10.0,0.0,Sunny
2024-05-10 19:00:00,2024-05-10,19,37.6,35,13.4,10.0,0.0,Clear
2024-05-10 20:00:00,2024-05-10,20,36.3,30,20.0,10.0,0.0,Clear
2024-05-10 21:00:00,2024-05-10,21,34.0,29,2.0,10.0,0.0,Clear
2024-05-10 22:00:00,2024-05-10,22,30.7,34,13.4,10.0,0.0,Clear
2024-05-10 23:00:00,2024-05-10,23,31.1,32,11.2,10.0,0.0,Clear
2024-05-11 00:00:00,2024-05-11,0,29.2,34,15.0,10.0,0.0,Clear
2024-05-11 01:00:00,2024-05-11,1,26.6,42,2.0,10.0,0.0,Clear
2024-05-11 02:00:00,2024-05-11,2,26.1,39,32.0,10.0,0.0,Clear
2024-05-11 03:00:00,2024-05-11,3,26.4,49,9.4,10.0,0.0,Clear
2024-05-11 04:00:00,2024-05-11,4,28.1,49,9.3,10.0,0.0,Clear
2024-05-11 05:00:00,2024-05-11,5,27.5,54,10.7,10.0,0.0,Clear
2024-05-11 06:00:00,2024-05-11,6,28.4,67,5.2,10.0,0.0,Clear
2024-05-11 07:00:00,2024-05-11,7,29.6,64,28.6,10.0,0.0,Sunny
2024-05-11 08:00:00,2024-05-11,8,30.9,65,2.0,10.0,0.0,Sunny
2024-05-11 09:00:00,2024-05-11,9,31.6,71,7.0,10.0,0.0,Sunny
2024-05-11 10:00:00,2024-05-11,10,35.6,74,7.2,10.0,0.0,Hazy
2024-05-11 11:00:00,2024-05-11,11,35.0,67,5.2,10.0,0.0,Sunny
2024-05-11 12:00:00,2024-05-11,12,37.7,67,8.5,10.0,0.0,Sunny
2024-05-11 13:00:00,2024-05-11,13,38.1,57,7.0,10.0,0.0,Hazy
2024-05-11 14:00:00,2024-05-11,14,40.2,55,4.4,10.0,0.0,Hazy
2024-05-11 15:00:00,2024-05-11,15,39.1,50,9.8,10.0,0.0,Sunny
2024-05-11 16:00:00,2024-05-11,16,38.1,47,11.3,10.0,0.0,Sunny
2024-05-11 17:00:00,2024-05-11,17,39.8,45,42.5,10.0,0.0,Hazy
2024-05-11 18:00:00,2024-05-11,18,36.6,31,4.3,10.0,0.0,Sunny
2024-05-11 19:00:00,2024-05-11,19,36.4,31,13.3,10.0,0.0,Clear
2024-05-11 20:00:00,2024-05-11,20,36.2,31,13.1,10.0,0.0,Clear
2024-05-11 21:00:00,2024-05-11,21,32.1,28,18.9,10.0,0.0,Clear
2024-05-11 22:00:00,2024-05-11,22,31.2,34,17.0,10.0,0.0,Clear
2024-05-11 23:00:00,2024-05-11,23,29.2,35,2.0,10.0,0.0,Clear
2024-05-12 00:00:00,2024-05-12,0,28.6,38,8.2,10.0,0.0,Clear
2024-05-12 01:00:00,2024-05-12,1,27.3,39,4.0,10.0,0.0,Clear
2024-05-12 02:00:00,2024-05-12,2,27.8,51,2.7,10.0,0.0,Clear
2024-05-12 03:00:00,2024-05-12,3,25.8,51,8.1,10.0,0.0,Clear
2024-05-12 04:00:00,2024-05-12,4,28.3,54,13.8,10.0,0.0,Clear
2024-05-12 05:00:00,2024-05-12,5,29.3,59,26.0,10.0,0.0,Clear
2024-05-12 06:00:00,2024-05-12,6,28.7,66,10.5,10.0,0.0,Clear
2024-05-12 07:00:00,2024-05-12,7,28.8,66,4.7,10.0,0.0,Partly Cloudy
2024-05-12 08:00:00,2024-05-12,8,31.3,64,11.5,10.0,0.0,Sunny
2024-05-12 09:00:00,2024-05-12,9,32.9,75,14.7,10.0,0.0,Partly Cloudy
2024-05-12 10:00:00,2024-05-12,10,36.8,69,23.4,10.0,0.0,Sunny
2024-05-12 11:00:00,2024-05-12,11,36.1,61,4.1,10.0,0.0,Partly Cloudy
2024-05-12 12:00:00,2024-05-12,12,39.3,55,2.7,10.0,0.0,Sunny
2024-05-12 13:00:00,2024-05-12,13,38.8,62,12.2,10.0,0.0,Hazy
2024-05-12 14:00:00,2024-05-12,14,39.3,60,9.7,10.0,0.0,Sunny
2024-05-12 15:00:00,2024-05-12,15,39.1,52,7.6,10.0,0.0,Sunny
2024-05-12 16:00:00,2024-05-12,16,39.0,48,9.3,10.0,0.0,Partly Cloudy
2024-05-12 17:00:00,2024-05-12,17,39.7,44,4.2,10.0,0.0,Sunny
2024-05-12 18:00:00,2024-05-12,18,36.7,37,2.0,10.0,0.0,Sunny
2024-05-12 19:00:00,2024-05-12,19,37.4,28,16.6,10.0,0.0,Clear
2024-05-12 20:00:00,2024-05-12,20,36.4,30,15.9,10.0,0.0,Clear
2024-05-12 21:00:00,2024-05-12,21,32.3,35,3.0,10.0,0.0,Clear
2024-05-12 22:00:00,2024-05-12,22,32.8,35,8.9,10.0,0.0,Clear
2024-05-12 23:00:00,2024-05-12,23,31.0,34,15.3,10.0,0.0,Clear
2024-05-13 00:00:00,2024-05-13,0,29.4,35,14.0,10.0,0.0,Clear
2024-05-13 01:00:00,2024-05-13,1,26.6,42,5.3,10.0,0.0,Clear
2024-05-13 02:00:00,2024-05-13,2,26.6,44,11.3,10.0,0.0,Clear
2024-05-13 03:00:00,2024-05-13,3,26.4,50,3.7,10.0,0.0,Clear
2024-05-13 04:00:00,2024-05-13,4,29.2,55,17.8,10.0,0.0,Clear
2024-05-13 05:00:00,2024-05-13,5,27.4,56,8.4,10.0,0.0,Clear
2024-05-13 06:00:00,2024-05-13,6,28.2,66,11.6,10.0,0.0,Clear
2024-05-13 07:00:00,2024-05-13,7,28.4,65,13.1,10.0,0.0,Sunny
2024-05-13 08:00:00,2024-05-13,8,30.2,69,8.5,10.0,0.0,Partly Cloudy
2024-05-13 09:00:00,2024-05-13,9,32.2,68,13.1,10.0,0.0,Sunny
2024-05-13 10:00:00,2024-05-13,10,35.1,74,18.2,10.0,0.0,Sunny
2024-05-13 11:00:00,2024-05-13,11,34.5,68,4.1,10.0,0.0,Sunny
2024-05-13 12:00:00,2024-05-13,12,36.8,64,21.2,10.0,0.0,Sunny
2024-05-13 13:00:00,2024-05-13,13,36.4,60,6.6,10.0,0.0,Sunny
2024-05-13 14:00:00,2024-05-13,14,41.0,63,13.6,10.0,0.0,Sunny
2024-05-13 15:00:00,2024-05-13,15,39.6,50,8.3,10.0,0.0,Partly Cloudy
2024-05-13 16:00:00,2024-05-13,16,39.7,46,12.1,10.0,0.0,Hazy
2024-05-13 17:00:00,2024-05-13,17,37.3,41,20.1,10.0,0.0,Partly Cloudy
2024-05-13 18:00:00,2024-05-13,18,39.0,29,9.8,10.0,0.0,Sunny
2024-05-13 19:00:00,2024-05-13,19,38.1,35,13.0,10.0,0.0,Clear
2024-05-13 20:00:00,2024-05-13,20,34.8,37,24.1,10.0,0.0,Clear
2024-05-13 21:00:00,2024-05-13,21,32.4,34,6.8,10.0,0.0,Clear
2024-05-13 22:00:00,2024-05-13,22,32.0,39,4.9,10.0,0.0,Clear
2024-05-13 23:00:00,2024-05-13,23,30.6,38,19.1,10.0,0.0,Clear
2024-05-14 00:00:00,2024-05-14,0,29.4,39,8.6,10.0,0.0,Clear
2024-05-14 01:00:00,2024-05-14,1,28.2,45,7.7,10.0,0.0,Clear
2024-05-14 02:00:00,2024-05-14,2,27.9,47,21.4,10.0,0.0,Clear
2024-05-14 03:00:00,2024-05-14,3,25.7,49,5.4,10.0,0.0,Clear
2024-05-14 04:00:00,2024-05-14,4,27.8,54,13.7,10.0,0.0,Clear
2024-05-14 05:00:00,2024-05-14,5,26.8,49,27.0,10.0,0.0,Clear
2024-05-14 06:00:00,2024-05-14,6,25.4,69,3.8,10.0,0.0,Clear
2024-05-14 07:00:00,2024-05-14,7,29.2,65,27.5,10.0,0.0,Sunny
2024-05-14 08:00:00,2024-05-14,8,30.7,63,7.3,10.0,0.0,Sunny
2024-05-14 09:00:00,2024-05-14,9,33.3,67,7.7,10.0,0.0,Sunny
2024-05-14 10:00:00,2024-05-14,10,35.7,74,2.5,10.0,0.0,Partly Cloudy
2024-05-14 11:00:00,2024-05-14,11,36.5,66,11.9,10.0,0.0,Partly Cloudy
2024-05-14 12:00:00,2024-05-14,12,40.0,64,4.2,10.0,0.0,Sunny
2024-05-14 13:00:00,2024-05-14,13,38.0,67,14.2,10.0,0.0,Sunny
2024-05-14 14:00:00,2024-05-14,14,36.9,58,9.2,10.0,0.0,Sunny
2024-05-14 15:00:00,2024-05-14,15,39.8,49,11.8,10.0,0.0,Sunny
2024-05-14 16:00:00,2024-05-14,16,38.6,39,15.7,10.0,0.0,Sunny
2024-05-14 17:00:00,2024-05-14,17,37.3,44,32.1,10.0,0.0,Partly Cloudy
2024-05-14 18:00:00,2024-05-14,18,37.2,35,9.9,10.0,0.0,Sunny
2024-05-14 19:00:00,2024-05-14,19,35.3,37,14.3,10.0,0.0,Clear
2024-05-14 20:00:00,2024-05-14,20,33.9,32,12.8,10.0,0.0,Clear
2024-05-14 21:00:00,2024-05-14,21,34.8,34,11.6,10.0,0.0,Clear
2024-05-14 22:00:00,2024-05-14,22,31.5,36,3.0,10.0,0.0,Clear
2024-05-14 23:00:00,2024-05-14,23,29.4,27,5.1,10.0,0.0,Clear
2024-05-15 00:00:00,2024-05-15,0,30.3,38,3.2,10.0,0.0,Clear
2024-05-15 01:00:00,2024-05-15,1,27.0,41,25.2,10.0,0.0,Clear
2024-05-15 02:00:00,2024-05-15,2,25.2,46,25.5,10.0,0.0,Clear
2024-05-15 03:00:00,2024-05-15,3,24.9,52,15.7,10.0,0.0,Clear
2024-05-15 04:00:00,2024-05-15,4,26.6,55,19.2,10.0,0.0,Clear
2024-05-15 05:00:00,2024-05-15,5,25.4,56,3.3,10.0,0.0,Clear
2024-05-15 06:00:00,2024-05-15,6,27.0,58,14.3,10.0,0.0,Clear
2024-05-15 07:00:00,2024-05-15,7,29.3,59,6.0,10.0,0.0,Sunny
2024-05-15 08:00:00,2024-05-15,8,32.7,68,4.1,10.0,0.0,Partly Cloudy
2024-05-15 09:00:00,2024-05-15,9,34.6,70,19.2,10.0,0.0,Sunny
2024-05-15 10:00:00,2024-05-15,10,35.5,66,14.2,10.0,0.0,Sunny
2024-05-15 11:00:00,2024-05-15,11,36.2,69,3.6,10.0,0.0,Sunny
2024-05-15 12:00:00,2024-05-15,12,36.9,62,23.6,10.0,0.0,Sunny
2024-05-15 13:00:00,2024-05-15,13,39.1,59,9.2,10.0,0.0,Partly Cloudy
2024-05-15 14:00:00,2024-05-15,14,41.4,49,16.3,10.0,0.0,Sunny
2024-05-15 15:00:00,2024-05-15,15,39.7,48,6.7,10.0,0.0,Partly Cloudy
2024-05-15 16:00:00,2024-05-15,16,38.7,49,12.0,10.0,0.0,Hazy
2024-05-15 17:00:00,2024-05-15,17,38.4,47,17.0,10.0,0.0,Sunny
2024-05-15 18:00:00,2024-05-15,18,37.3,37,3.9,10.0,0.0,Sunny
2024-05-15 19:00:00,2024-05-15,19,36.9,38,28.1,10.0,0.0,Clear
2024-05-15 20:00:00,2024-05-15,20,33.8,38,15.9,10.0,0.0,Clear
2024-05-15 21:00:00,2024-05-15,21,33.5,28,12.9,10.0,0.0,Clear
2024-05-15 22:00:00,2024-05-15,22,32.0,34,2.0,10.0,0.0,Clear
2024-05-15 23:00:00,2024-05-15,23,30.2,35,9.9,10.0,0.0,Clear
2024-05-16 00:00:00,2024-05-16,0,27.1,42,19.4,10.0,0.0,Clear
2024-05-16 01:00:00,2024-05-16,1,27.2,38,2.0,10.0,0.0,Clear
2024-05-16 02:00:00,2024-05-16,2,26.1,47,25.4,10.0,0.0,Clear
2024-05-16 03:00:00,2024-05-16,3,26.4,49,2.5,10.0,0.0,Clear
2024-05-16 04:00:00,2024-05-16,4,25.9,56,11.9,10.0,0.0,Clear
2024-05-16 05:00:00,2024-05-16,5,28.9,64,29.1,10.0,0.0,Clear
2024-05-16 06:00:00,2024-05-16,6,28.6,69,13.3,10.0,0.0,Clear
2024-05-16 07:00:00,2024-05-16,7,27.8,71,17.8,10.0,0.0,Sunny
2024-05-16 08:00:00,2024-05-16,8,29.7,63,19.2,10.0,0.0,Partly Cloudy
2024-05-16 09:00:00,2024-05-16,9,34.4,66,14.8,10.0,0.0,Sunny
2024-05-16 10:00:00,2024-05-16,10,34.5,71,4.9,10.0,0.0,Partly Cloudy
2024-05-16 11:00:00,2024-05-16,11,35.8,68,8.2,10.0,0.0,Sunny
2024-05-16 12:00:00,2024-05-16,12,39.0,62,4.9,10.0,0.0,Partly Cloudy
2024-05-16 13:00:00,2024-05-16,13,38.4,55,27.2,10.0,0.0,Partly Cloudy
2024-05-16 14:00:00,2024-05-16,14,37.8,39,8.4,10.0,0.0,Partly Cloudy
2024-05-16 15:00:00,2024-05-16,15,38.1,44,20.5,10.0,0.0,Sunny
2024-05-16 16:00:00,2024-05-16,16,40.0,44,16.2,10.0,0.0,Partly Cloudy
2024-05-16 17:00:00,2024-05-16,17,41.1,40,11.5,10.0,0.0,Sunny
2024-05-16 18:00:00,2024-05-16,18,38.6,39,4.7,10.0,0.0,Sunny
2024-05-16 19:00:00,2024-05-16,19,35.8,37,5.7,10.0,0.0,Clear
2024-05-16 20:00:00,2024-05-16,20,34.4,42,6.4,10.0,0.0,Clear
2024-05-16 21:00:00,2024-05-16,21,33.1,29,3.4,10.0,0.0,Clear
2024-05-16 22:00:00,2024-05-16,22,28.9,25,34.1,10.0,0.0,Clear
2024-05-16 23:00:00,2024-05-16,23,29.8,31,15.5,10.0,0.0,Clear
2024-05-17 00:00:00,2024-05-17,0,29.1,44,11.5,10.0,0.0,Clear
2024-05-17 01:00:00,2024-05-17,1,29.5,41,2.0,10.0,0.0,Clear
2024-05-17 02:00:00,2024-05-17,2,28.0,49,8.9,10.0,0.0,Clear
2024-05-17 03:00:00,2024-05-17,3,28.8,48,9.4,10.0,0.0,Clear
2024-05-17 04:00:00,2024-05-17,4,28.7,53,10.8,10.0,0.0,Clear
2024-05-17 05:00:00,2024-05-17,5,29.0,52,11.0,10.0,0.0,Clear
2024-05-17 06:00:00,2024-05-17,6,28.4,61,14.8,10.0,0.0,Clear
2024-05-17 07:00:00,2024-05-17,7,30.2,66,3.2,10.0,0.0,Partly Cloudy
2024-05-17 08:00:00,2024-05-17,8,29.3,71,6.9,10.0,0.0,Sunny
2024-05-17 09:00:00,2024-05-17,9,33.2,70,14.1,10.0,0.0,Sunny
2024-05-17 10:00:00,2024-05-17,10,35.4,75,14.3,10.0,0.0,Sunny
2024-05-17 11:00:00,2024-05-17,11,35.9,65,11.8,10.0,0.0,Partly Cloudy
2024-05-17 12:00:00,2024-05-17,12,35.7,64,18.1,10.0,0.0,Hazy
2024-05-17 13:00:00,2024-05-17,13,40.5,59,8.2,10.0,0.0,Sunny
2024-05-17 14:00:00,2024-05-17,14,39.8,52,10.0,10.0,0.0,Sunny
2024-05-17 15:00:00,2024-05-17,15,41.6,52,18.3,10.0,0.0,Sunny
2024-05-17 16:00:00,2024-05-17,16,40.2,44,3.5,10.0,0.0,Hazy
2024-05-17 17:00:00,2024-05-17,17,40.3,48,27.6,10.0,0.0,Sunny
2024-05-17 18:00:00,2024-05-17,18,39.0,34,16.8,10.0,0.0,Partly Cloudy
2024-05-17 19:00:00,2024-05-17,19,35.4,33,6.4,10.0,0.0,Clear
2024-05-17 20:00:00,2024-05-17,20,34.1,28,18.8,10.0,0.0,Clear
2024-05-17 21:00:00,2024-05-17,21,32.5,33,3.9,10.0,0.0,Clear
2024-05-17 22:00:00,2024-05-17,22,30.2,27,24.8,10.0,0.0,Clear
2024-05-17 23:00:00,2024-05-17,23,31.9,34,2.0,10.0,0.0,Clear
2024-05-18 00:00:00,2024-05-18,0,28.5,33,3.1,10.0,0.0,Clear
2024-05-18 01:00:00,2024-05-18,1,27.9,37,5.3,10.0,0.0,Clear
2024-05-18 02:00:00,2024-05-18,2,25.1,42,5.7,10.0,0.0,Clear
2024-05-18 03:00:00,2024-05-18,3,27.5,53,12.6,10.0,0.0,Clear
2024-05-18 04:00:00,2024-05-18,4,26.2,54,17.8,10.0,0.0,Clear
2024-05-18 05:00:00,2024-05-18,5,28.9,59,2.3,10.0,0.0,Clear
2024-05-18 06:00:00,2024-05-18,6,27.6,65,25.9,10.0,0.0,Clear
2024-05-18 07:00:00,2024-05-18,7,31.3,63,14.3,10.0,0.0,Partly Cloudy
2024-05-18 08:00:00,2024-05-18,8,32.4,60,33.7,10.0,0.0,Sunny
2024-05-18 09:00:00,2024-05-18,9,32.4,64,9.6,10.0,0.0,Partly Cloudy
2024-05-18 10:00:00,2024-05-18,10,36.4,66,27.8,10.0,0.0,Partly Cloudy
2024-05-18 11:00:00,2024-05-18,11,37.6,65,35.7,10.0,0.0,Hazy
2024-05-18 12:00:00,2024-05-18,12,38.2,65,5.7,10.0,0.0,Sunny
2024-05-18 13:00:00,2024-05-18,13,37.4,58,5.1,10.0,0.0,Partly Cloudy
2024-05-18 14:00:00,2024-05-18,14,40.2,59,7.9,10.0,0.0,Sunny
2024-05-18 15:00:00,2024-05-18,15,39.6,51,7.4,10.0,0.0,Sunny
2024-05-18 16:00:00,2024-05-18,16,39.3,40,12.4,10.0,0.0,Sunny
2024-05-18 17:00:00,2024-05-18,17,38.7,31,7.6,10.0,0.0,Sunny
2024-05-18 18:00:00,2024-05-18,18,37.6,33,18.7,10.0,0.0,Sunny
2024-05-18 19:00:00,2024-05-18,19,35.2,35,15.3,10.0,0.0,Clear
2024-05-18 20:00:00,2024-05-18,20,32.9,34,5.3,10.0,0.0,Clear
2024-05-18 21:00:00,2024-05-18,21,30.9,32,9.6,10.0,0.0,Clear
2024-05-18 22:00:00,2024-05-18,22,31.7,33,19.5,10.0,0.0,Clear
2024-05-18 23:00:00,2024-05-18,23,26.8,40,13.4,10.0,0.0,Clear
2024-05-19 00:00:00,2024-05-19,0,29.3,37,16.1,10.0,0.0,Clear
2024-05-19 01:00:00,2024-05-19,1,28.0,42,5.1,10.0,0.0,Clear
2024-05-19 02:00:00,2024-05-19,2,26.4,52,10.5,10.0,0.0,Clear
2024-05-19 03:00:00,2024-05-19,3,27.7,43,3.7,10.0,0.0,Clear
2024-05-19 04:00:00,2024-05-19,4,26.4,61,11.5,10.0,0.0,Clear
2024-05-19 05:00:00,2024-05-19,5,27.9,49,9.2,10.0,0.0,Clear
2024-05-19 06:00:00,2024-05-19,6,26.1,59,12.1,10.0,0.0,Clear
2024-05-19 07:00:00,2024-05-19,7,27.1,63,4.8,10.0,0.0,Partly Cloudy
2024-05-19 08:00:00,2024-05-19,8,31.0,61,14.3,10.0,0.0,Sunny
2024-05-19 09:00:00,2024-05-19,9,33.5,67,19.9,10.0,0.0,Sunny
2024-05-19 10:00:00,2024-05-19,10,35.8,67,2.0,10.0,0.0,Hazy
2024-05-19 11:00:00,2024-05-19,11,36.0,69,2.8,10.0,0.0,Sunny
2024-05-19 12:00:00,2024-05-19,12,37.9,66,5.6,10.0,0.0,Sunny
2024-05-19 13:00:00,2024-05-19,13,39.6,60,7.8,10.0,0.0,Sunny
2024-05-19 14:00:00,2024-05-19,14,39.1,59,6.4,10.0,0.0,Hazy
2024-05-19 15:00:00,2024-05-19,15,40.2,53,3.5,10.0,0.0,Hazy
2024-05-19 16:00:00,2024-05-19,16,37.9,44,12.2,10.0,0.0,Sunny
2024-05-19 17:00:00,2024-05-19,17,36.6,41,11.7,10.0,0.0,Sunny
2024-05-19 18:00:00,2024-05-19,18,37.0,35,6.4,10.0,0.0,Sunny
2024-05-19 19:00:00,2024-05-19,19,37.2,30,13.5,10.0,0.0,Clear
2024-05-19 20:00:00,2024-05-19,20,33.8,34,8.9,10.0,0.0,Clear
2024-05-19 21:00:00,2024-05-19,21,33.8,26,28.7,10.0,0.0,Clear
2024-05-19 22:00:00,2024-05-19,22,30.1,32,2.4,10.0,0.0,Clear
2024-05-19 23:00:00,2024-05-19,23,29.1,25,4.9,10.0,0.0,Clear
2024-05-20 00:00:00,2024-05-20,0,28.7,38,8.2,10.0,0.0,Clear
2024-05-20 01:00:00,2024-05-20,1,26.6,38,20.5,10.0,0.0,Clear
2024-05-20 02:00:00,2024-05-20,2,26.1,48,16.9,10.0,0.0,Clear
2024-05-20 03:00:00,2024-05-20,3,23.4,49,14.3,10.0,0.0,Clear
2024-05-20 04:00:00,2024-05-20,4,27.7,54,3.0,10.0,0.0,Clear
2024-05-20 05:00:00,2024-05-20,5,27.2,59,5.9,10.0,0.0,Clear
2024-05-20 06:00:00,2024-05-20,6,27.3,60,8.9,10.0,0.0,Clear
2024-05-20 07:00:00,2024-05-20,7,31.9,63,18.7,10.0,0.0,Sunny
2024-05-20 08:00:00,2024-05-20,8,30.4,65,9.4,10.0,0.0,Sunny
2024-05-20 09:00:00,2024-05-20,9,32.4,67,15.2,10.0,0.0,Sunny
2024-05-20 10:00:00,2024-05-20,10,33.5,65,13.7,10.0,0.0,Partly Cloudy
2024-05-20 11:00:00,2024-05-20,11,37.6,67,15.3,10.0,0.0,Partly Cloudy
2024-05-20 12:00:00,2024-05-20,12,39.3,56,5.5,10.0,0.0,Partly Cloudy
2024-05-20 13:00:00,2024-05-20,13,40.2,53,17.2,10.0,0.0,Sunny
2024-05-20 14:00:00,2024-05-20,14,40.9,62,14.6,10.0,0.0,Sunny
2024-05-20 15:00:00,2024-05-20,15,38.8,48,27.3,10.0,0.0,Hazy
2024-05-20 16:00:00,2024-05-20,16,41.3,41,7.3,10.0,0.0,Sunny
2024-05-20 17:00:00,2024-05-20,17,38.4,41,11.5,10.0,0.0,Sunny
2024-05-20 18:00:00,2024-05-20,18,35.7,40,3.4,10.0,0.0,Sunny
2024-05-20 19:00:00,2024-05-20,19,35.7,37,2.3,10.0,0.0,Clear
2024-05-20 20:00:00,2024-05-20,20,35.1,30,30.0,10.0,0.0,Clear
2024-05-20 21:00:00,2024-05-20,21,32.2,30,13.3,10.0,0.0,Clear
2024-05-20 22:00:00,2024-05-20,22,31.5,31,2.1,10.0,0.0,Clear
2024-05-20 23:00:00,2024-05-20,23,30.4,36,14.4,10.0,0.0,Clear
2024-05-21 00:00:00,2024-05-21,0,28.9,37,7.3,10.0,0.0,Clear
2024-05-21 01:00:00,2024-05-21,1,28.2,37,15.1,10.0,0.0,Clear
2024-05-21 02:00:00,2024-05-21,2,26.5,43,17.7,10.0,0.0,Clear
2024-05-21 03:00:00,2024-05-21,3,25.6,49,12.4,10.0,0.0,Clear
2024-05-21 04:00:00,2024-05-21,4,25.0,61,8.0,10.0,0.0,Clear
2024-05-21 05:00:00,2024-05-21,5,27.3,58,10.2,10.0,0.0,Clear
2024-05-21 06:00:00,2024-05-21,6,27.8,76,15.5,10.0,0.0,Clear
2024-05-21 07:00:00,2024-05-21,7,29.6,65,17.1,10.0,0.0,Sunny
2024-05-21 08:00:00,2024-05-21,8,28.8,61,5.3,10.0,0.0,Sunny
2024-05-21 09:00:00,2024-05-21,9,31.2,69,2.8,10.0,0.0,Sunny
2024-05-21 10:00:00,2024-05-21,10,35.3,72,3.7,10.0,0.0,Sunny
2024-05-21 11:00:00,2024-05-21,11,34.3,67,8.4,10.0,0.0,Sunny
2024-05-21 12:00:00,2024-05-21,12,37.4,64,16.7,10.0,0.0,Sunny
2024-05-21 13:00:00,2024-05-21,13,37.6,57,8.8,10.0,0.0,Partly Cloudy
2024-05-21 14:00:00,2024-05-21,14,38.2,54,3.3,10.0,0.0,Sunny
2024-05-21 15:00:00,2024-05-21,15,39.6,41,12.2,10.0,0.0,Sunny
2024-05-21 16:00:00,2024-05-21,16,39.3,49,9.5,10.0,0.0,Sunny
2024-05-21 17:00:00,2024-05-21,17,39.3,39,17.5,10.0,0.0,Sunny
2024-05-21 18:00:00,2024-05-21,18,36.3,42,4.4,10.0,0.0,Sunny
2024-05-21 19:00:00,2024-05-21,19,35.2,32,13.0,10.0,0.0,Clear
2024-05-21 20:00:00,2024-05-21,20,36.0,32,11.9,10.0,0.0,Clear
2024-05-21 21:00:00,2024-05-21,21,32.7,37,14.8,10.0,0.0,Clear
2024-05-21 22:00:00,2024-05-21,22,31.8,38,19.3,10.0,0.0,Clear
2024-05-21 23:00:00,2024-05-21,23,29.2,38,2.0,10.0,0.0,Clear
2024-05-22 00:00:00,2024-05-22,0,29.0,30,6.0,10.0,0.0,Clear
2024-05-22 01:00:00,2024-05-22,1,24.4,36,9.0,10.0,0.0,Clear
2024-05-22 02:00:00,2024-05-22,2,28.1,48,5.9,10.0,0.0,Clear
2024-05-22 03:00:00,2024-05-22,3,26.0,47,11.2,10.0,0.0,Clear
2024-05-22 04:00:00,2024-05-22,4,25.2,55,9.1,10.0,0.0,Clear
2024-05-22 05:00:00,2024-05-22,5,26.1,60,3.3,10.0,0.0,Clear
2024-05-22 06:00:00,2024-05-22,6,28.1,64,15.3,10.0,0.0,Clear
2024-05-22 07:00:00,2024-05-22,7,29.6,61,4.2,10.0,0.0,Sunny
2024-05-22 08:00:00,2024-05-22,8,31.5,71,11.3,10.0,0.0,Hazy
2024-05-22 09:00:00,2024-05-22,9,31.6,66,3.7,10.0,0.0,Sunny
2024-05-22 10:00:00,2024-05-22,10,35.7,70,11.3,10.0,0.0,Sunny
2024-05-22 11:00:00,2024-05-22,11,35.6,65,9.0,10.0,0.0,Sunny
2024-05-22 12:00:00,2024-05-22,12,36.9,70,10.0,10.0,0.0,Sunny
2024-05-22 13:00:00,2024-05-22,13,38.4,65,11.8,10.0,0.0,Sunny
2024-05-22 14:00:00,2024-05-22,14,40.1,63,18.0,10.0,0.0,Partly Cloudy
2024-05-22 15:00:00,2024-05-22,15,39.5,57,6.9,10.0,0.0,Sunny
2024-05-22 16:00:00,2024-05-22,16,38.6,45,3.1,10.0,0.0,Sunny
2024-05-22 17:00:00,2024-05-22,17,38.2,39,8.4,10.0,0.0,Partly Cloudy
2024-05-22 18:00:00,2024-05-22,18,39.1,33,18.3,10.0,0.0,Sunny
2024-05-22 19:00:00,2024-05-22,19,37.5,35,2.0,10.0,0.0,Clear
2024-05-22 20:00:00,2024-05-22,20,35.1,33,3.1,10.0,0.0,Clear
2024-05-22 21:00:00,2024-05-22,21,33.2,32,8.7,10.0,0.0,Clear
2024-05-22 22:00:00,2024-05-22,22,34.1,29,19.6,10.0,0.0,Clear
2024-05-22 23:00:00,2024-05-22,23,30.3,36,6.3,10.0,0.0,Clear
2024-05-23 00:00:00,2024-05-23,0,28.6,36,8.5,10.0,0.0,Clear
2024-05-23 01:00:00,2024-05-23,1,27.1,39,5.7,10.0,0.0,Clear
2024-05-23 02:00:00,2024-05-23,2,27.1,46,7.1,10.0,0.0,Clear
2024-05-23 03:00:00,2024-05-23,3,22.8,50,15.8,10.0,0.0,Clear
2024-05-23 04:00:00,2024-05-23,4,28.0,49,17.5,10.0,0.0,Clear
2024-05-23 05:00:00,2024-05-23,5,25.8,56,16.5,10.0,0.0,Clear
2024-05-23 06:00:00,2024-05-23,6,27.5,65,14.8,10.0,0.0,Clear
2024-05-23 07:00:00,2024-05-23,7,28.1,65,3.9,10.0,0.0,Partly Cloudy
2024-05-23 08:00:00,2024-05-23,8,30.4,60,27.6,10.0,0.0,Sunny
2024-05-23 09:00:00,2024-05-23,9,32.6,71,26.0,10.0,0.0,Sunny
2024-05-23 10:00:00,2024-05-23,10,35.7,67,9.0,10.0,0.0,Hazy
2024-05-23 11:00:00,2024-05-23,11,37.8,61,19.1,10.0,0.0,Partly Cloudy
2024-05-23 12:00:00,2024-05-23,12,39.9,60,2.0,10.0,0.0,Sunny
2024-05-23 13:00:00,2024-05-23,13,38.8,60,20.4,10.0,0.0,Partly Cloudy
2024-05-23 14:00:00,2024-05-23,14,39.0,46,11.1,10.0,0.0,Sunny
2024-05-23 15:00:00,2024-05-23,15,40.4,52,4.3,10.0,0.0,Sunny
2024-05-23 16:00:00,2024-05-23,16,38.3,49,21.0,10.0,0.0,Sunny
2024-05-23 17:00:00,2024-05-23,17,37.5,45,2.0,10.0,0.0,Hazy
2024-05-23 18:00:00,2024-05-23,18,37.2,42,16.5,10.0,0.0,Sunny
2024-05-23 19:00:00,2024-05-23,19,36.2,31,20.8,10.0,0.0,Clear
2024-05-23 20:00:00,2024-05-23,20,32.2,37,23.2,10.0,0.0,Clear
2024-05-23 21:00:00,2024-05-23,21,34.3,33,2.0,10.0,0.0,Clear
2024-05-23 22:00:00,2024-05-23,22,31.6,29,2.4,10.0,0.0,Clear
2024-05-23 23:00:00,2024-05-23,23,30.7,36,2.7,10.0,0.0,Clear
2024-05-24 00:00:00,2024-05-24,0,26.5,39,15.5,10.0,0.0,Clear
2024-05-24 01:00:00,2024-05-24,1,26.6,47,26.8,10.0,0.0,Clear
2024-05-24 02:00:00,2024-05-24,2,25.9,50,13.2,10.0,0.0,Clear
2024-05-24 03:00:00,2024-05-24,3,26.3,47,6.5,10.0,0.0,Clear
2024-05-24 04:00:00,2024-05-24,4,26.7,56,25.0,10.0,0.0,Clear
2024-05-24 05:00:00,2024-05-24,5,28.4,60,25.7,10.0,0.0,Clear
2024-05-24 06:00:00,2024-05-24,6,28.5,64,28.5,10.0,0.0,Clear
2024-05-24 07:00:00,2024-05-24,7,28.9,64,4.3,10.0,0.0,Sunny
2024-05-24 08:00:00,2024-05-24,8,33.9,74,3.1,10.0,0.0,Sunny
2024-05-24 09:00:00,2024-05-24,9,32.7,66,2.1,10.0,0.0,Partly Cloudy
2024-05-24 10:00:00,2024-05-24,10,33.6,74,3.1,10.0,0.0,Sunny
2024-05-24 11:00:00,2024-05-24,11,34.0,60,2.0,10.0,0.0,Sunny
2024-05-24 12:00:00,2024-05-24,12,37.7,61,18.9,10.0,0.0,Hazy
2024-05-24 13:00:00,2024-05-24,13,39.5,62,12.9,10.0,0.0,Hazy
2024-05-24 14:00:00,2024-05-24,14,37.9,50,56.9,10.0,0.0,Sunny
2024-05-24 15:00:00,2024-05-24,15,40.2,47,9.6,10.0,0.0,Partly Cloudy
2024-05-24 16:00:00,2024-05-24,16,39.4,47,10.5,10.0,0.0,Sunny
2024-05-24 17:00:00,2024-05-24,17,36.5,34,21.3,10.0,0.0,Sunny
2024-05-24 18:00:00,2024-05-24,18,38.3,42,7.1,10.0,0.0,Sunny
2024-05-24 19:00:00,2024-05-24,19,35.9,40,4.4,10.0,0.0,Clear
2024-05-24 20:00:00,2024-05-24,20,33.3,39,12.4,10.0,0.0,Clear
2024-05-24 21:00:00,2024-05-24,21,34.1,33,9.0,10.0,0.0,Clear
2024-05-24 22:00:00,2024-05-24,22,32.4,31,12.0,10.0,0.0,Clear
2024-05-24 23:00:00,2024-05-24,23,28.4,33,28.7,10.0,0.0,Clear
2024-05-25 00:00:00,2024-05-25,0,28.8,38,5.3,10.0,0.0,Clear
2024-05-25 01:00:00,2024-05-25,1,27.6,42,5.5,10.0,0.0,Clear
2024-05-25 02:00:00,2024-05-25,2,26.6,44,17.6,10.0,0.0,Clear
2024-05-25 03:00:00,2024-05-25,3,25.9,56,5.7,10.0,0.0,Clear
2024-05-25 04:00:00,2024-05-25,4,26.5,54,50.5,10.0,0.0,Clear
2024-05-25 05:00:00,2024-05-25,5,28.5,65,8.6,10.0,0.0,Clear
2024-05-25 06:00:00,2024-05-25,6,28.9,63,12.9,10.0,0.0,Clear
2024-05-25 07:00:00,2024-05-25,7,27.4,66,21.5,10.0,0.0,Partly Cloudy
2024-05-25 08:00:00,2024-05-25,8,28.7,69,10.9,10.0,0.0,Partly Cloudy
2024-05-25 09:00:00,2024-05-25,9,30.8,70,9.0,10.0,0.0,Hazy
2024-05-25 10:00:00,2024-05-25,10,33.1,67,19.6,10.0,0.0,Partly Cloudy
2024-05-25 11:00:00,2024-05-25,11,35.3,68,5.1,10.0,0.0,Partly Cloudy
2024-05-25 12:00:00,2024-05-25,12,37.1,65,12.5,10.0,0.0,Partly Cloudy
2024-05-25 13:00:00,2024-05-25,13,38.6,66,4.2,10.0,0.0,Sunny
2024-05-25 14:00:00,2024-05-25,14,39.2,55,18.5,10.0,0.0,Partly Cloudy
2024-05-25 15:00:00,2024-05-25,15,39.4,47,8.5,10.0,0.0,Sunny
2024-05-25 16:00:00,2024-05-25,16,40.7,43,12.7,10.0,0.0,Sunny
2024-05-25 17:00:00,2024-05-25,17,36.6,50,22.7,10.0,0.0,Sunny
2024-05-25 18:00:00,2024-05-25,18,38.0,30,4.7,10.0,0.0,Partly Cloudy
2024-05-25 19:00:00,2024-05-25,19,36.6,30,14.3,10.0,0.0,Clear
2024-05-25 20:00:00,2024-05-25,20,33.2,33,18.7,10.0,0.0,Clear
2024-05-25 21:00:00,2024-05-25,21,33.6,30,17.0,10.0,0.0,Clear
2024-05-25 22:00:00,2024-05-25,22,31.8,36,8.4,10.0,0.0,Clear
2024-05-25 23:00:00,2024-05-25,23,29.7,37,2.7,10.0,0.0,Clear
2024-05-26 00:00:00,2024-05-26,0,25.5,35,23.3,10.0,0.0,Clear
2024-05-26 01:00:00,2024-05-26,1,28.5,47,2.7,10.0,0.0,Clear
2024-05-26 02:00:00,2024-05-26,2,27.0,41,2.2,10.0,0.0,Clear
2024-05-26 03:00:00,2024-05-26,3,27.0,47,9.9,10.0,0.0,Clear
2024-05-26 04:00:00,2024-05-26,4,22.7,61,5.8,10.0,0.0,Clear
2024-05-26 05:00:00,2024-05-26,5,26.7,54,13.4,10.0,0.0,Clear
2024-05-26 06:00:00,2024-05-26,6,26.7,64,17.7,10.0,0.0,Clear
2024-05-26 07:00:00,2024-05-26,7,31.3,72,8.3,10.0,0.0,Hazy
2024-05-26 08:00:00,2024-05-26,8,30.0,57,39.0,10.0,0.0,Sunny
2024-05-26 09:00:00,2024-05-26,9,34.8,67,4.9,10.0,0.0,Hazy
2024-05-26 10:00:00,2024-05-26,10,35.8,71,2.0,10.0,0.0,Partly Cloudy
2024-05-26 11:00:00,2024-05-26,11,36.5,65,9.7,10.0,0.0,Sunny
2024-05-26 12:00:00,2024-05-26,12,39.0,63,10.4,10.0,0.0,Partly Cloudy
2024-05-26 13:00:00,2024-05-26,13,37.5,60,15.1,10.0,0.0,Sunny
2024-05-26 14:00:00,2024-05-26,14,38.4,56,7.3,10.0,0.0,Sunny
2024-05-26 15:00:00,2024-05-26,15,40.6,47,2.6,10.0,0.0,Sunny
2024-05-26 16:00:00,2024-05-26,16,38.2,48,10.8,10.0,0.0,Sunny
2024-05-26 17:00:00,2024-05-26,17,37.0,42,13.4,10.0,0.0,Sunny
2024-05-26 18:00:00,2024-05-26,18,37.2,33,11.4,10.0,0.0,Sunny
2024-05-26 19:00:00,2024-05-26,19,35.2,33,13.8,10.0,0.0,Clear
2024-05-26 20:00:00,2024-05-26,20,36.9,27,12.4,10.0,0.0,Clear
2024-05-26 21:00:00,2024-05-26,21,33.9,33,11.4,10.0,0.0,Clear
2024-05-26 22:00:00,2024-05-26,22,30.6,35,6.6,10.0,0.0,Clear
2024-05-26 23:00:00,2024-05-26,23,28.5,35,6.2,10.0,0.0,Clear
2024-05-27 00:00:00,2024-05-27,0,28.8,39,29.8,10.0,0.0,Clear
2024-05-27 01:00:00,2024-05-27,1,28.8,42,4.5,10.0,0.0,Clear
2024-05-27 02:00:00,2024-05-27,2,27.1,48,30.2,10.0,0.0,Clear
2024-05-27 03:00:00,2024-05-27,3,25.4,49,5.6,10.0,0.0,Clear
2024-05-27 04:00:00,2024-05-27,4,25.0,57,25.3,10.0,0.0,Clear
2024-05-27 05:00:00,2024-05-27,5,26.9,54,18.3,10.0,0.0,Clear
2024-05-27 06:00:00,2024-05-27,6,28.8,57,15.5,10.0,0.0,Clear
2024-05-27 07:00:00,2024-05-27,7,29.2,66,2.0,10.0,0.0,Partly Cloudy
2024-05-27 08:00:00,2024-05-27,8,32.5,70,6.4,10.0,0.0,Sunny
2024-05-27 09:00:00,2024-05-27,9,33.6,67,12.1,10.0,0.0,Sunny
2024-05-27 10:00:00,2024-05-27,10,35.0,70,19.3,10.0,0.0,Sunny
2024-05-27 11:00:00,2024-05-27,11,36.9,67,9.6,10.0,0.0,Sunny
2024-05-27 12:00:00,2024-05-27,12,35.9,55,3.1,10.0,0.0,Partly Cloudy
2024-05-27 13:00:00,2024-05-27,13,38.0,68,10.2,10.0,0.0,Partly Cloudy
2024-05-27 14:00:00,2024-05-27,14,38.0,50,13.8,10.0,0.0,Partly Cloudy
2024-05-27 15:00:00,2024-05-27,15,40.0,46,8.6,10.0,0.0,Sunny
2024-05-27 16:00:00,2024-05-27,16,38.0,50,28.4,10.0,0.0,Hazy
2024-05-27 17:00:00,2024-05-27,17,38.7,41,10.7,10.0,0.0,Sunny
2024-05-27 18:00:00,2024-05-27,18,37.4,34,20.3,10.0,0.0,Sunny
2024-05-27 19:00:00,2024-05-27,19,37.0,33,6.4,10.0,0.0,Clear
2024-05-27 20:00:00,2024-05-27,20,33.2,29,16.9,10.0,0.0,Clear
2024-05-27 21:00:00,2024-05-27,21,33.5,29,5.5,10.0,0.0,Clear
2024-05-27 22:00:00,2024-05-27,22,30.0,36,17.2,10.0,0.0,Clear
2024-05-27 23:00:00,2024-05-27,23,28.6,32,8.4,10.0,0.0,Clear
2024-05-28 00:00:00,2024-05-28,0,28.2,33,3.2,10.0,0.0,Clear
2024-05-28 01:00:00,2024-05-28,1,28.8,38,7.4,10.0,0.0,Clear
2024-05-28 02:00:00,2024-05-28,2,25.7,45,4.7,10.0,0.0,Clear
2024-05-28 03:00:00,2024-05-28,3,24.4,47,7.9,10.0,0.0,Clear
2024-05-28 04:00:00,2024-05-28,4,25.6,53,3.3,10.0,0.0,Clear
2024-05-28 05:00:00,2024-05-28,5,26.9,60,2.7,10.0,0.0,Clear
2024-05-28 06:00:00,2024-05-28,6,30.6,61,4.5,10.0,0.0,Clear
2024-05-28 07:00:00,2024-05-28,7,30.2,62,2.0,10.0,0.0,Partly Cloudy
2024-05-28 08:00:00,2024-05-28,8,30.4,65,22.2,10.0,0.0,Sunny
2024-05-28 09:00:00,2024-05-28,9,32.8,74,16.1,1.5,0.0,Dust/Sandstorm
2024-05-28 10:00:00,2024-05-28,10,36.6,76,17.5,1.3,0.0,Dust/Sandstorm
2024-05-28 11:00:00,2024-05-28,11,36.0,66,12.9,1.5,0.0,Dust/Sandstorm
2024-05-28 12:00:00,2024-05-28,12,37.3,66,6.2,1.6,0.0,Dust/Sandstorm
2024-05-28 13:00:00,2024-05-28,13,38.1,55,22.1,1.8,0.0,Dust/Sandstorm
2024-05-28 14:00:00,2024-05-28,14,40.1,52,20.0,1.6,0.0,Dust/Sandstorm
2024-05-28 15:00:00,2024-05-28,15,38.9,52,6.5,1.5,0.0,Dust/Sandstorm
2024-05-28 16:00:00,2024-05-28,16,40.3,36,28.0,1.3,0.0,Dust/Sandstorm
2024-05-28 17:00:00,2024-05-28,17,39.9,44,5.4,1.8,0.0,Dust/Sandstorm
2024-05-28 18:00:00,2024-05-28,18,38.3,35,17.1,2.0,0.0,Dust/Sandstorm
2024-05-28 19:00:00,2024-05-28,19,36.0,30,31.1,1.8,0.0,Dust/Sandstorm
2024-05-28 20:00:00,2024-05-28,20,33.0,34,39.9,1.8,0.0,Dust/Sandstorm
2024-05-28 21:00:00,2024-05-28,21,32.7,38,8.6,10.0,0.0,Clear
2024-05-28 22:00:00,2024-05-28,22,30.5,31,5.1,10.0,0.0,Clear
2024-05-28 23:00:00,2024-05-28,23,28.8,36,2.3,10.0,0.0,Clear
2024-05-29 00:00:00,2024-05-29,0,28.1,39,7.5,10.0,0.0,Clear
2024-05-29 01:00:00,2024-05-29,1,27.9,42,7.3,10.0,0.0,Clear
2024-05-29 02:00:00,2024-05-29,2,26.0,41,20.3,10.0,0.0,Clear
2024-05-29 03:00:00,2024-05-29,3,24.9,51,10.8,10.0,0.0,Clear
2024-05-29 04:00:00,2024-05-29,4,25.6,55,3.2,10.0,0.0,Clear
2024-05-29 05:00:00,2024-05-29,5,29.4,48,17.3,10.0,0.0,Clear
2024-05-29 06:00:00,2024-05-29,6,29.1,66,19.7,10.0,0.0,Clear
2024-05-29 07:00:00,2024-05-29,7,28.6,60,11.8,10.0,0.0,Sunny
2024-05-29 08:00:00,2024-05-29,8,32.9,68,17.7,10.0,0.0,Sunny
2024-05-29 09:00:00,2024-05-29,9,32.7,74,9.7,10.0,0.0,Sunny
2024-05-29 10:00:00,2024-05-29,10,37.4,66,16.4,10.0,0.0,Sunny
2024-05-29 11:00:00,2024-05-29,11,36.6,61,6.4,10.0,0.0,Sunny
2024-05-29 12:00:00,2024-05-29,12,38.3,65,25.5,10.0,0.0,Sunny
2024-05-29 13:00:00,2024-05-29,13,39.6,65,3.5,10.0,0.0,Partly Cloudy
2024-05-29 14:00:00,2024-05-29,14,41.1,50,46.7,10.0,0.0,Partly Cloudy
2024-05-29 15:00:00,2024-05-29,15,39.0,41,33.4,10.0,0.0,Sunny
2024-05-29 16:00:00,2024-05-29,16,41.0,50,26.1,10.0,0.0,Sunny
2024-05-29 17:00:00,2024-05-29,17,37.9,44,5.1,10.0,0.0,Sunny
2024-05-29 18:00:00,2024-05-29,18,37.2,39,7.7,10.0,0.0,Sunny
2024-05-29 19:00:00,2024-05-29,19,36.3,27,6.7,10.0,0.0,Clear
2024-05-29 20:00:00,2024-05-29,20,35.8,35,5.4,10.0,0.0,Clear
2024-05-29 21:00:00,2024-05-29,21,32.6,36,6.4,10.0,0.0,Clear
2024-05-29 22:00:00,2024-05-29,22,33.3,41,14.6,10.0,0.0,Clear
2024-05-29 23:00:00,2024-05-29,23,31.3,33,8.0,10.0,0.0,Clear
2024-05-30 00:00:00,2024-05-30,0,28.5,38,4.1,10.0,0.0,Clear
2024-05-30 01:00:00,2024-05-30,1,26.2,32,2.0,10.0,0.0,Clear
2024-05-30 02:00:00,2024-05-30,2,27.9,49,18.5,10.0,0.0,Clear
2024-05-30 03:00:00,2024-05-30,3,24.0,54,11.4,10.0,0.0,Clear
2024-05-30 04:00:00,2024-05-30,4,27.6,56,10.2,10.0,0.0,Clear
2024-05-30 05:00:00,2024-05-30,5,26.4,64,2.0,10.0,0.0,Clear
2024-05-30 06:00:00,2024-05-30,6,29.9,60,4.1,10.0,0.0,Clear
2024-05-30 07:00:00,2024-05-30,7,28.1,65,10.4,10.0,0.0,Sunny
2024-05-30 08:00:00,2024-05-30,8,30.5,67,13.9,10.0,0.0,Sunny
2024-05-30 09:00:00,2024-05-30,9,33.5,72,2.0,10.0,0.0,Partly Cloudy
2024-05-30 10:00:00,2024-05-30,10,35.4,72,10.1,10.0,0.0,Sunny
2024-05-30 11:00:00,2024-05-30,11,35.5,67,12.2,10.0,0.0,Sunny
2024-05-30 12:00:00,2024-05-30,12,37.2,64,4.6,10.0,0.0,Sunny
2024-05-30 13:00:00,2024-05-30,13,39.8,61,21.8,10.0,0.0,Sunny
2024-05-30 14:00:00,2024-05-30,14,40.5,53,3.2,10.0,0.0,Sunny
2024-05-30 15:00:00,2024-05-30,15,39.1,55,12.4,10.0,0.0,Sunny
2024-05-30 16:00:00,2024-05-30,16,38.5,44,6.9,10.0,0.0,Sunny
2024-05-30 17:00:00,2024-05-30,17,37.0,43,14.9,10.0,0.0,Sunny
2024-05-30 18:00:00,2024-05-30,18,37.9,35,9.8,10.0,0.0,Sunny
2024-05-30 19:00:00,2024-05-30,19,37.2,38,20.3,10.0,0.0,Clear
2024-05-30 20:00:00,2024-05-30,20,34.9,32,4.1,10.0,0.0,Clear
2024-05-30 21:00:00,2024-05-30,21,31.9,40,6.9,10.0,0.0,Clear
2024-05-30 22:00:00,2024-05-30,22,33.5,32,15.1,10.0,0.0,Clear
2024-05-30 23:00:00,2024-05-30,23,27.2,38,11.0,10.0,0.0,Clear
2024-05-31 00:00:00,2024-05-31,0,29.5,35,15.3,10.0,0.0,Clear
2024-05-31 01:00:00,2024-05-31,1,27.6,40,17.2,10.0,0.0,Clear
2024-05-31 02:00:00,2024-05-31,2,27.3,45,16.7,10.0,0.0,Clear
2024-05-31 03:00:00,2024-05-31,3,25.6,51,12.1,10.0,0.0,Clear
2024-05-31 04:00:00,2024-05-31,4,26.5,52,17.0,10.0,0.0,Clear
2024-05-31 05:00:00,2024-05-31,5,27.7,57,9.1,10.0,0.0,Clear
2024-05-31 06:00:00,2024-05-31,6,28.3,63,14.4,10.0,0.0,Clear
2024-05-31 07:00:00,2024-05-31,7,27.6,67,3.7,10.0,0.0,Partly Cloudy
2024-05-31 08:00:00,2024-05-31,8,33.4,67,11.3,10.0,0.0,Sunny
2024-05-31 09:00:00,2024-05-31,9,33.8,67,11.7,10.0,0.0,Partly Cloudy
2024-05-31 10:00:00,2024-05-31,10,34.7,62,27.6,10.0,0.0,Hazy
2024-05-31 11:00:00,2024-05-31,11,36.4,68,8.3,10.0,0.0,Sunny
2024-05-31 12:00:00,2024-05-31,12,39.6,66,2.8,10.0,0.0,Partly Cloudy
2024-05-31 13:00:00,2024-05-31,13,37.7,63,2.7,10.0,0.0,Partly Cloudy
2024-05-31 14:00:00,2024-05-31,14,38.1,55,27.5,10.0,0.0,Partly Cloudy
2024-05-31 15:00:00,2024-05-31,15,40.5,48,23.9,10.0,0.0,Sunny
2024-05-31 16:00:00,2024-05-31,16,39.8,44,12.9,10.0,0.0,Sunny
2024-05-31 17:00:00,2024-05-31,17,37.4,42,2.1,10.0,0.0,Sunny
2024-05-31 18:00:00,2024-05-31,18,38.9,37,13.0,10.0,0.0,Sunny
2024-05-31 19:00:00,2024-05-31,19,36.6,31,13.9,10.0,0.0,Clear
2024-05-31 20:00:00,2024-05-31,20,33.6,26,10.2,10.0,0.0,Clear
2024-05-31 21:00:00,2024-05-31,21,33.6,30,13.0,10.0,0.0,Clear
2024-05-31 22:00:00,2024-05-31,22,31.7,32,7.4,10.0,0.0,Clear
2024-05-31 23:00:00,2024-05-31,23,29.6,36,2.1,10.0,0.0,Clear
2024-06-01 00:00:00,2024-06-01,0,30.9,41,18.3,10.0,0.0,Clear
2024-06-01 01:00:00,2024-06-01,1,30.1,45,12.6,10.0,0.0,Clear
2024-06-01 02:00:00,2024-06-01,2,29.8,51,24.0,10.0,0.0,Clear
2024-06-01 03:00:00,2024-06-01,3,28.6,61,16.4,10.0,0.0,Clear
2024-06-01 04:00:00,2024-06-01,4,28.4,59,5.1,10.0,0.0,Clear
2024-06-01 05:00:00,2024-06-01,5,29.7,58,2.0,10.0,0.0,Clear
2024-06-01 06:00:00,2024-06-01,6,31.8,65,13.6,10.0,0.0,Clear
2024-06-01 07:00:00,2024-06-01,7,32.5,78,10.2,10.0,0.0,Sunny
2024-06-01 08:00:00,2024-06-01,8,32.9,78,10.8,10.0,0.0,Partly Cloudy
2024-06-01 09:00:00,2024-06-01,9,35.1,77,12.7,10.0,0.0,Partly Cloudy
2024-06-01 10:00:00,2024-06-01,10,38.7,75,2.0,10.0,0.0,Sunny
2024-06-01 11:00:00,2024-06-01,11,39.1,73,9.0,10.0,0.0,Sunny
2024-06-01 12:00:00,2024-06-01,12,39.8,67,5.0,10.0,0.0,Sunny
2024-06-01 13:00:00,2024-06-01,13,42.0,67,11.3,10.0,0.0,Sunny
2024-06-01 14:00:00,2024-06-01,14,40.6,63,5.3,10.0,0.0,Sunny
2024-06-01 15:00:00,2024-06-01,15,41.9,58,7.4,10.0,0.0,Partly Cloudy
2024-06-01 16:00:00,2024-06-01,16,43.5,48,7.1,10.0,0.0,Hazy
2024-06-01 17:00:00,2024-06-01,17,41.4,45,7.5,10.0,0.0,Sunny
2024-06-01 18:00:00,2024-06-01,18,41.5,40,17.6,10.0,0.0,Sunny
2024-06-01 19:00:00,2024-06-01,19,38.1,43,7.0,10.0,0.0,Clear
2024-06-01 20:00:00,2024-06-01,20,36.1,39,18.6,10.0,0.0,Clear
2024-06-01 21:00:00,2024-06-01,21,36.4,39,2.0,10.0,0.0,Clear
2024-06-01 22:00:00,2024-06-01,22,31.1,40,5.4,10.0,0.0,Clear
2024-06-01 23:00:00,2024-06-01,23,32.0,34,2.0,10.0,0.0,Clear
2024-06-02 00:00:00,2024-06-02,0,31.6,46,15.8,10.0,0.0,Clear
2024-06-02 01:00:00,2024-06-02,1,30.0,44,9.4,10.0,0.0,Clear
2024-06-02 02:00:00,2024-06-02,2,26.2,49,8.1,10.0,0.0,Clear
2024-06-02 03:00:00,2024-06-02,3,26.9,52,6.1,10.0,0.0,Clear
2024-06-02 04:00:00,2024-06-02,4,28.6,60,17.7,10.0,0.0,Clear
2024-06-02 05:00:00,2024-06-02,5,29.9,64,11.9,10.0,0.0,Clear
2024-06-02 06:00:00,2024-06-02,6,31.0,62,6.2,10.0,0.0,Clear
2024-06-02 07:00:00,2024-06-02,7,31.7,63,34.8,10.0,0.0,Sunny
2024-06-02 08:00:00,2024-06-02,8,34.2,72,7.3,10.0,0.0,Hazy
2024-06-02 09:00:00,2024-06-02,9,35.5,76,2.0,10.0,0.0,Sunny
2024-06-02 10:00:00,2024-06-02,10,36.5,75,20.2,10.0,0.0,Sunny
2024-06-02 11:00:00,2024-06-02,11,38.9,75,6.4,10.0,0.0,Sunny
2024-06-02 12:00:00,2024-06-02,12,38.8,67,4.4,10.0,0.0,Sunny
2024-06-02 13:00:00,2024-06-02,13,41.4,63,15.2,10.0,0.0,Sunny
2024-06-02 14:00:00,2024-06-02,14,40.3,59,12.7,10.0,0.0,Sunny
2024-06-02 15:00:00,2024-06-02,15,42.1,58,5.9,10.0,0.0,Sunny
2024-06-02 16:00:00,2024-06-02,16,41.8,57,5.6,10.0,0.0,Partly Cloudy
2024-06-02 17:00:00,2024-06-02,17,40.3,44,17.1,10.0,0.0,Sunny
2024-06-02 18:00:00,2024-06-02,18,40.4,41,10.6,10.0,0.0,Sunny
2024-06-02 19:00:00,2024-06-02,19,40.1,40,17.1,10.0,0.0,Clear
2024-06-02 20:00:00,2024-06-02,20,35.5,37,9.0,10.0,0.0,Clear
2024-06-02 21:00:00,2024-06-02,21,36.1,35,3.8,10.0,0.0,Clear
2024-06-02 22:00:00,2024-06-02,22,34.6,37,12.7,10.0,0.0,Clear
2024-06-02 23:00:00,2024-06-02,23,31.5,36,14.0,10.0,0.0,Clear
2024-06-03 00:00:00,2024-06-03,0,31.4,45,8.0,10.0,0.0,Clear
2024-06-03 01:00:00,2024-06-03,1,29.1,52,9.0,10.0,0.0,Clear
2024-06-03 02:00:00,2024-06-03,2,30.2,49,4.4,10.0,0.0,Clear
2024-06-03 03:00:00,2024-06-03,3,25.2,62,2.5,10.0,0.0,Clear
2024-06-03 04:00:00,2024-06-03,4,30.5,59,15.6,10.0,0.0,Clear
2024-06-03 05:00:00,2024-06-03,5,28.0,61,3.6,10.0,0.0,Clear
2024-06-03 06:00:00,2024-06-03,6,30.5,70,12.5,10.0,0.0,Clear
2024-06-03 07:00:00,2024-06-03,7,30.8,67,18.0,10.0,0.0,Sunny
2024-06-03 08:00:00,2024-06-03,8,35.1,75,14.2,10.0,0.0,Sunny
2024-06-03 09:00:00,2024-06-03,9,34.7,74,16.3,10.0,0.0,Sunny
2024-06-03 10:00:00,2024-06-03,10,36.0,71,21.8,10.0,0.0,Sunny
2024-06-03 11:00:00,2024-06-03,11,39.6,69,2.0,10.0,0.0,Sunny
2024-06-03 12:00:00,2024-06-03,12,40.5,64,14.1,10.0,0.0,Hazy
2024-06-03 13:00:00,2024-06-03,13,40.2,68,10.9,10.0,0.0,Hazy
2024-06-03 14:00:00,2024-06-03,14,40.1,59,10.8,10.0,0.0,Sunny
2024-06-03 15:00:00,2024-06-03,15,40.1,56,14.1,10.0,0.0,Sunny
2024-06-03 16:00:00,2024-06-03,16,42.8,50,2.9,10.0,0.0,Partly Cloudy
2024-06-03 17:00:00,2024-06-03,17,41.1,45,24.0,10.0,0.0,Partly Cloudy
2024-06-03 18:00:00,2024-06-03,18,39.8,44,13.1,10.0,0.0,Sunny
2024-06-03 19:00:00,2024-06-03,19,38.8,41,2.0,10.0,0.0,Clear
2024-06-03 20:00:00,2024-06-03,20,34.3,38,14.9,10.0,0.0,Clear
2024-06-03 21:00:00,2024-06-03,21,34.6,36,2.0,10.0,0.0,Clear
2024-06-03 22:00:00,2024-06-03,22,33.0,33,18.1,10.0,0.0,Clear
2024-06-03 23:00:00,2024-06-03,23,32.9,37,17.8,10.0,0.0,Clear
2024-06-04 00:00:00,2024-06-04,0,28.6,41,3.6,10.0,0.0,Clear
2024-06-04 01:00:00,2024-06-04,1,30.6,46,2.1,10.0,0.0,Clear
2024-06-04 02:00:00,2024-06-04,2,30.9,43,13.7,10.0,0.0,Clear
2024-06-04 03:00:00,2024-06-04,3,26.4,57,2.0,10.0,0.0,Clear
2024-06-04 04:00:00,2024-06-04,4,28.7,61,8.0,10.0,0.0,Clear
2024-06-04 05:00:00,2024-06-04,5,30.0,62,26.3,10.0,0.0,Clear
2024-06-04 06:00:00,2024-06-04,6,31.5,64,8.6,10.0,0.0,Clear
2024-06-04 07:00:00,2024-06-04,7,29.2,68,17.5,10.0,0.0,Sunny
2024-06-04 08:00:00,2024-06-04,8,33.7,67,22.5,10.0,0.0,Sunny
2024-06-04 09:00:00,2024-06-04,9,34.7,72,20.4,10.0,0.0,Sunny
2024-06-04 10:00:00,2024-06-04,10,36.3,72,11.2,10.0,0.0,Partly Cloudy
2024-06-04 11:00:00,2024-06-04,11,40.7,74,5.0,10.0,0.0,Partly Cloudy
2024-06-04 12:00:00,2024-06-04,12,39.3,70,22.5,10.0,0.0,Sunny
2024-06-04 13:00:00,2024-06-04,13,41.2,69,2.0,10.0,0.0,Sunny
2024-06-04 14:00:00,2024-06-04,14,41.1,60,2.6,10.0,0.0,Sunny
2024-06-04 15:00:00,2024-06-04,15,41.8,51,10.8,10.0,0.0,Sunny
2024-06-04 16:00:00,2024-06-04,16,41.9,57,25.7,10.0,0.0,Sunny
2024-06-04 17:00:00,2024-06-04,17,41.7,45,21.9,10.0,0.0,Sunny
2024-06-04 18:00:00,2024-06-04,18,38.7,36,8.1,10.0,0.0,Sunny
2024-06-04 19:00:00,2024-06-04,19,38.4,40,18.0,10.0,0.0,Clear
2024-06-04 20:00:00,2024-06-04,20,36.9,31,9.4,10.0,0.0,Clear
2024-06-04 21:00:00,2024-06-04,21,33.0,37,7.0,10.0,0.0,Clear
2024-06-04 22:00:00,2024-06-04,22,32.2,36,14.0,10.0,0.0,Clear
2024-06-04 23:00:00,2024-06-04,23,32.8,42,8.4,10.0,0.0,Clear
2024-06-05 00:00:00,2024-06-05,0,29.8,46,13.3,10.0,0.0,Clear
2024-06-05 01:00:00,2024-06-05,1,32.5,45,19.2,10.0,0.0,Clear
2024-06-05 02:00:00,2024-06-05,2,29.9,49,15.4,10.0,0.0,Clear
2024-06-05 03:00:00,2024-06-05,3,29.0,58,3.5,10.0,0.0,Clear
2024-06-05 04:00:00,2024-06-05,4,30.5,57,5.7,10.0,0.0,Clear
2024-06-05 05:00:00,2024-06-05,5,30.3,64,26.0,10.0,0.0,Clear
2024-06-05 06:00:00,2024-06-05,6,30.6,70,18.2,10.0,0.0,Clear
2024-06-05 07:00:00,2024-06-05,7,30.1,67,11.2,10.0,0.0,Sunny
2024-06-05 08:00:00,2024-06-05,8,34.1,71,7.3,10.0,0.0,Sunny
2024-06-05 09:00:00,2024-06-05,9,36.7,73,17.7,10.0,0.0,Sunny
2024-06-05 10:00:00,2024-06-05,10,36.0,78,6.4,10.0,0.0,Partly Cloudy
2024-06-05 11:00:00,2024-06-05,11,36.1,66,13.6,10.0,0.0,Sunny
2024-06-05 12:00:00,2024-06-05,12,38.3,67,9.0,10.0,0.0,Sunny
2024-06-05 13:00:00,2024-06-05,13,42.7,69,11.4,10.0,0.0,Sunny
2024-06-05 14:00:00,2024-06-05,14,41.4,64,7.9,10.0,0.0,Sunny
2024-06-05 15:00:00,2024-06-05,15,43.3,54,16.2,10.0,0.0,Sunny
2024-06-05 16:00:00,2024-06-05,16,41.3,50,2.0,10.0,0.0,Hazy
2024-06-05 17:00:00,2024-06-05,17,40.0,48,3.2,10.0,0.0,Partly Cloudy
2024-06-05 18:00:00,2024-06-05,18,42.2,44,8.1,10.0,0.0,Sunny
2024-06-05 19:00:00,2024-06-05,19,37.8,45,10.6,10.0,0.0,Clear
2024-06-05 20:00:00,2024-06-05,20,36.4,42,23.4,10.0,0.0,Clear
2024-06-05 21:00:00,2024-06-05,21,35.6,31,18.8,10.0,0.0,Clear
2024-06-05 22:00:00,2024-06-05,22,33.0,31,2.4,10.0,0.0,Clear
2024-06-05 23:00:00,2024-06-05,23,32.7,37,11.5,10.0,0.0,Clear
2024-06-06 00:00:00,2024-06-06,0,30.9,35,10.3,10.0,0.0,Clear
2024-06-06 01:00:00,2024-06-06,1,30.0,51,2.0,10.0,0.0,Clear
2024-06-06 02:00:00,2024-06-06,2,28.0,44,13.6,10.0,0.0,Clear
2024-06-06 03:00:00,2024-06-06,3,26.5,54,11.7,10.0,0.0,Clear
2024-06-06 04:00:00,2024-06-06,4,27.7,56,19.1,10.0,0.0,Clear
2024-06-06 05:00:00,2024-06-06,5,28.5,58,10.7,10.0,0.0,Clear
2024-06-06 06:00:00,2024-06-06,6,30.8,72,5.0,10.0,0.0,Clear
2024-06-06 07:00:00,2024-06-06,7,30.8,68,10.7,10.0,0.0,Sunny
2024-06-06 08:00:00,2024-06-06,8,31.6,80,3.4,10.0,0.0,Sunny
2024-06-06 09:00:00,2024-06-06,9,33.6,79,8.2,10.0,0.0,Sunny
2024-06-06 10:00:00,2024-06-06,10,37.1,72,4.5,10.0,0.0,Sunny
2024-06-06 11:00:00,2024-06-06,11,39.1,62,22.9,10.0,0.0,Sunny
2024-06-06 12:00:00,2024-06-06,12,39.0,66,9.2,10.0,0.0,Sunny
2024-06-06 13:00:00,2024-06-06,13,40.1,73,4.5,10.0,0.0,Partly Cloudy
2024-06-06 14:00:00,2024-06-06,14,42.0,61,27.2,10.0,0.0,Sunny
2024-06-06 15:00:00,2024-06-06,15,41.7,54,9.8,10.0,0.0,Partly Cloudy
2024-06-06 16:00:00,2024-06-06,16,42.7,48,5.3,10.0,0.0,Sunny
2024-06-06 17:00:00,2024-06-06,17,40.4,50,7.4,10.0,0.0,Sunny
2024-06-06 18:00:00,2024-06-06,18,38.6,44,16.7,10.0,0.0,Partly Cloudy
2024-06-06 19:00:00,2024-06-06,19,39.6,41,13.8,10.0,0.0,Clear
2024-06-06 20:00:00,2024-06-06,20,36.3,42,11.4,10.0,0.0,Clear
2024-06-06 21:00:00,2024-06-06,21,34.1,41,3.1,10.0,0.0,Clear
2024-06-06 22:00:00,2024-06-06,22,34.4,39,25.9,10.0,0.0,Clear
2024-06-06 23:00:00,2024-06-06,23,33.5,33,18.5,10.0,0.0,Clear
2024-06-07 00:00:00,2024-06-07,0,30.6,38,35.8,10.0,0.0,Clear
2024-06-07 01:00:00,2024-06-07,1,28.2,44,9.2,10.0,0.0,Clear
2024-06-07 02:00:00,2024-06-07,2,30.6,50,9.8,10.0,0.0,Clear
2024-06-07 03:00:00,2024-06-07,3,29.0,61,2.0,10.0,0.0,Clear
2024-06-07 04:00:00,2024-06-07,4,29.0,68,8.2,10.0,0.0,Clear
2024-06-07 05:00:00,2024-06-07,5,28.9,66,2.1,10.0,0.0,Clear
2024-06-07 06:00:00,2024-06-07,6,31.8,70,7.6,10.0,0.0,Clear
2024-06-07 07:00:00,2024-06-07,7,30.4,65,21.1,10.0,0.0,Sunny
2024-06-07 08:00:00,2024-06-07,8,31.9,71,13.6,10.0,0.0,Partly Cloudy
2024-06-07 09:00:00,2024-06-07,9,37.3,71,22.3,10.0,0.0,Sunny
2024-06-07 10:00:00,2024-06-07,10,35.6,70,17.5,10.0,0.0,Sunny
2024-06-07 11:00:00,2024-06-07,11,39.4,73,8.1,10.0,0.0,Sunny
2024-06-07 12:00:00,2024-06-07,12,41.3,66,3.6,10.0,0.0,Sunny
2024-06-07 13:00:00,2024-06-07,13,40.9,56,18.1,10.0,0.0,Partly Cloudy
2024-06-07 14:00:00,2024-06-07,14,40.2,63,9.2,10.0,0.0,Sunny
2024-06-07 15:00:00,2024-06-07,15,42.3,60,20.2,10.0,0.0,Partly Cloudy
2024-06-07 16:00:00,2024-06-07,16,42.9,51,12.1,10.0,0.0,Sunny
2024-06-07 17:00:00,2024-06-07,17,41.0,45,13.7,10.0,0.0,Sunny
2024-06-07 18:00:00,2024-06-07,18,38.7,39,17.2,10.0,0.0,Sunny
2024-06-07 19:00:00,2024-06-07,19,38.6,36,24.0,10.0,0.0,Clear
2024-06-07 20:00:00,2024-06-07,20,35.0,42,9.0,10.0,0.0,Clear
2024-06-07 21:00:00,2024-06-07,21,33.8,34,9.2,10.0,0.0,Clear
2024-06-07 22:00:00,2024-06-07,22,33.0,46,16.6,10.0,0.0,Clear
2024-06-07 23:00:00,2024-06-07,23,31.8,43,5.3,10.0,0.0,Clear
2024-06-08 00:00:00,2024-06-08,0,29.0,44,15.8,10.0,0.0,Clear
2024-06-08 01:00:00,2024-06-08,1,29.7,57,17.6,10.0,0.0,Clear
2024-06-08 02:00:00,2024-06-08,2,29.3,55,38.9,10.0,0.0,Clear
2024-06-08 03:00:00,2024-06-08,3,28.2,53,15.3,10.0,0.0,Clear
2024-06-08 04:00:00,2024-06-08,4,26.1,56,22.8,10.0,0.0,Clear
2024-06-08 05:00:00,2024-06-08,5,29.5,62,7.9,10.0,0.0,Clear
2024-06-08 06:00:00,2024-06-08,6,32.6,67,7.4,10.0,0.0,Clear
2024-06-08 07:00:00,2024-06-08,7,32.3,68,9.8,10.0,0.0,Partly Cloudy
2024-06-08 08:00:00,2024-06-08,8,33.3,68,6.3,10.0,0.0,Partly Cloudy
2024-06-08 09:00:00,2024-06-08,9,34.6,74,15.7,10.0,0.0,Sunny
2024-06-08 10:00:00,2024-06-08,10,37.4,76,4.9,10.0,0.0,Sunny
2024-06-08 11:00:00,2024-06-08,11,38.5,78,4.7,10.0,0.0,Sunny
2024-06-08 12:00:00,2024-06-08,12,40.4,68,4.3,10.0,0.0,Partly Cloudy
2024-06-08 13:00:00,2024-06-08,13,39.3,66,13.9,10.0,0.0,Sunny
2024-06-08 14:00:00,2024-06-08,14,41.4,52,4.7,10.0,0.0,Hazy
2024-06-08 15:00:00,2024-06-08,15,40.9,58,4.7,10.0,0.0,Sunny
2024-06-08 16:00:00,2024-06-08,16,41.7,46,4.8,10.0,0.0,Sunny
2024-06-08 17:00:00,2024-06-08,17,38.3,47,2.0,10.0,0.0,Sunny
2024-06-08 18:00:00,2024-06-08,18,39.1,42,7.1,10.0,0.0,Partly Cloudy
2024-06-08 19:00:00,2024-06-08,19,38.9,38,16.0,10.0,0.0,Clear
2024-06-08 20:00:00,2024-06-08,20,37.5,32,14.8,10.0,0.0,Clear
2024-06-08 21:00:00,2024-06-08,21,35.0,34,15.1,10.0,0.0,Clear
2024-06-08 22:00:00,2024-06-08,22,30.7,34,17.5,10.0,0.0,Clear
2024-06-08 23:00:00,2024-06-08,23,32.5,37,16.3,10.0,0.0,Clear
2024-06-09 00:00:00,2024-06-09,0,32.3,47,7.9,10.0,0.0,Clear
2024-06-09 01:00:00,2024-06-09,1,28.4,45,16.6,10.0,0.0,Clear
2024-06-09 02:00:00,2024-06-09,2,28.2,48,4.2,10.0,0.0,Clear
2024-06-09 03:00:00,2024-06-09,3,29.5,58,11.2,10.0,0.0,Clear
2024-06-09 04:00:00,2024-06-09,4,29.7,61,4.3,10.0,0.0,Clear
2024-06-09 05:00:00,2024-06-09,5,30.7,72,6.4,10.0,0.0,Clear
2024-06-09 06:00:00,2024-06-09,6,31.6,72,23.9,10.0,0.0,Clear
2024-06-09 07:00:00,2024-06-09,7,29.9,63,8.0,10.0,0.0,Sunny
2024-06-09 08:00:00,2024-06-09,8,32.7,76,6.4,10.0,0.0,Sunny
2024-06-09 09:00:00,2024-06-09,9,35.8,76,19.1,10.0,0.0,Sunny
2024-06-09 10:00:00,2024-06-09,10,36.6,79,5.9,10.0,0.0,Sunny
2024-06-09 11:00:00,2024-06-09,11,38.7,70,14.5,10.0,0.0,Sunny
2024-06-09 12:00:00,2024-06-09,12,39.4,72,12.1,10.0,0.0,Sunny
2024-06-09 13:00:00,2024-06-09,13,40.1,63,9.5,10.0,0.0,Partly Cloudy
2024-06-09 14:00:00,2024-06-09,14,41.0,61,5.4,10.0,0.0,Partly Cloudy
2024-06-09 15:00:00,2024-06-09,15,40.2,51,28.3,10.0,0.0,Partly Cloudy
2024-06-09 16:00:00,2024-06-09,16,40.4,45,6.2,10.0,0.0,Sunny
2024-06-09 17:00:00,2024-06-09,17,40.5,49,24.7,10.0,0.0,Sunny
2024-06-09 18:00:00,2024-06-09,18,39.5,42,15.1,10.0,0.0,Hazy
2024-06-09 19:00:00,2024-06-09,19,38.9,34,18.9,10.0,0.0,Clear
2024-06-09 20:00:00,2024-06-09,20,36.3,41,11.9,10.0,0.0,Clear
2024-06-09 21:00:00,2024-06-09,21,37.0,26,29.0,10.0,0.0,Clear
2024-06-09 22:00:00,2024-06-09,22,34.8,34,34.0,10.0,0.0,Clear
2024-06-09 23:00:00,2024-06-09,23,31.1,33,8.8,10.0,0.0,Clear
2024-06-10 00:00:00,2024-06-10,0,30.6,47,6.5,10.0,0.0,Clear
2024-06-10 01:00:00,2024-06-10,1,30.8,44,11.1,10.0,0.0,Clear
2024-06-10 02:00:00,2024-06-10,2,28.0,51,8.5,10.0,0.0,Clear
2024-06-10 03:00:00,2024-06-10,3,27.6,56,22.2,10.0,0.0,Clear
2024-06-10 04:00:00,2024-06-10,4,30.3,63,15.7,10.0,0.0,Clear
2024-06-10 05:00:00,2024-06-10,5,30.2,67,3.8,10.0,0.0,Clear
2024-06-10 06:00:00,2024-06-10,6,31.7,71,3.7,10.0,0.0,Clear
2024-06-10 07:00:00,2024-06-10,7,32.1,70,12.4,10.0,0.0,Sunny
2024-06-10 08:00:00,2024-06-10,8,33.0,76,22.1,10.0,0.0,Sunny
2024-06-10 09:00:00,2024-06-10,9,33.4,70,5.6,10.0,0.0,Sunny
2024-06-10 10:00:00,2024-06-10,10,36.8,71,14.8,10.0,0.0,Partly Cloudy
2024-06-10 11:00:00,2024-06-10,11,39.7,64,17.6,10.0,0.0,Sunny
2024-06-10 12:00:00,2024-06-10,12,41.1,74,15.4,10.0,0.0,Sunny
2024-06-10 13:00:00,2024-06-10,13,41.9,60,3.1,10.0,0.0,Sunny
2024-06-10 14:00:00,2024-06-10,14,42.2,65,7.7,10.0,0.0,Sunny
2024-06-10 15:00:00,2024-06-10,15,44.2,57,7.7,10.0,0.0,Partly Cloudy
2024-06-10 16:00:00,2024-06-10,16,39.4,51,17.6,10.0,0.0,Partly Cloudy
2024-06-10 17:00:00,2024-06-10,17,40.9,47,7.1,10.0,0.0,Partly Cloudy
2024-06-10 18:00:00,2024-06-10,18,38.5,38,4.0,10.0,0.0,Sunny
2024-06-10 19:00:00,2024-06-10,19,40.1,46,16.8,10.0,0.0,Clear
2024-06-10 20:00:00,2024-06-10,20,36.0,36,5.0,10.0,0.0,Clear
2024-06-10 21:00:00,2024-06-10,21,36.2,41,2.2,10.0,0.0,Clear
2024-06-10 22:00:00,2024-06-10,22,32.8,35,7.5,10.0,0.0,Clear
2024-06-10 23:00:00,2024-06-10,23,32.3,34,2.5,10.0,0.0,Clear
2024-06-11 00:00:00,2024-06-11,0,30.3,50,2.0,10.0,0.0,Clear
2024-06-11 01:00:00,2024-06-11,1,29.4,44,2.0,10.0,0.0,Clear
2024-06-11 02:00:00,2024-06-11,2,29.1,52,14.1,10.0,0.0,Clear
2024-06-11 03:00:00,2024-06-11,3,29.6,43,10.5,10.0,0.0,Clear
2024-06-11 04:00:00,2024-06-11,4,28.6,59,38.1,10.0,0.0,Clear
2024-06-11 05:00:00,2024-06-11,5,30.4,66,6.5,10.0,0.0,Clear
2024-06-11 06:00:00,2024-06-11,6,31.6,68,26.7,10.0,0.0,Clear
2024-06-11 07:00:00,2024-06-11,7,31.2,70,14.7,10.0,0.0,Sunny
2024-06-11 08:00:00,2024-06-11,8,35.6,72,6.9,10.0,0.0,Sunny
2024-06-11 09:00:00,2024-06-11,9,35.9,76,4.2,10.0,0.0,Sunny
2024-06-11 10:00:00,2024-06-11,10,36.2,67,12.4,10.0,0.0,Sunny
2024-06-11 11:00:00,2024-06-11,11,39.0,70,4.8,10.0,0.0,Partly Cloudy
2024-06-11 12:00:00,2024-06-11,12,40.8,73,12.2,10.0,0.0,Sunny
2024-06-11 13:00:00,2024-06-11,13,41.3,58,4.7,10.0,0.0,Sunny
2024-06-11 14:00:00,2024-06-11,14,41.5,59,3.6,10.0,0.0,Partly Cloudy
2024-06-11 15:00:00,2024-06-11,15,37.4,51,2.0,10.0,0.0,Sunny
2024-06-11 16:00:00,2024-06-11,16,40.1,52,11.5,10.0,0.0,Partly Cloudy
2024-06-11 17:00:00,2024-06-11,17,41.4,46,9.7,10.0,0.0,Sunny
2024-06-11 18:00:00,2024-06-11,18,38.4,38,3.5,10.0,0.0,Sunny
2024-06-11 19:00:00,2024-06-11,19,38.9,40,9.0,10.0,0.0,Clear
2024-06-11 20:00:00,2024-06-11,20,37.7,38,2.5,10.0,0.0,Clear
2024-06-11 21:00:00,2024-06-11,21,34.9,35,10.3,10.0,0.0,Clear
2024-06-11 22:00:00,2024-06-11,22,31.2,36,9.2,10.0,0.0,Clear
2024-06-11 23:00:00,2024-06-11,23,30.9,37,16.3,10.0,0.0,Clear
2024-06-12 00:00:00,2024-06-12,0,31.2,33,2.4,10.0,0.0,Clear
2024-06-12 01:00:00,2024-06-12,1,30.9,50,2.0,10.0,0.0,Clear
2024-06-12 02:00:00,2024-06-12,2,26.2,55,25.2,10.0,0.0,Clear
2024-06-12 03:00:00,2024-06-12,3,28.6,48,13.2,10.0,0.0,Clear
2024-06-12 04:00:00,2024-06-12,4,27.0,64,5.6,10.0,0.0,Clear
2024-06-12 05:00:00,2024-06-12,5,29.5,66,23.8,10.0,0.0,Clear
2024-06-12 06:00:00,2024-06-12,6,30.2,63,37.5,10.0,0.0,Clear
2024-06-12 07:00:00,2024-06-12,7,34.6,70,13.8,10.0,0.0,Sunny
2024-06-12 08:00:00,2024-06-12,8,32.7,70,9.0,10.0,0.0,Sunny
2024-06-12 09:00:00,2024-06-12,9,36.3,77,3.1,10.0,0.0,Partly Cloudy
2024-06-12 10:00:00,2024-06-12,10,37.9,69,7.2,10.0,0.0,Partly Cloudy
2024-06-12 11:00:00,2024-06-12,11,38.0,79,3.1,10.0,0.0,Sunny
2024-06-12 12:00:00,2024-06-12,12,39.7,72,13.6,10.0,0.0,Sunny
2024-06-12 13:00:00,2024-06-12,13,40.6,59,45.2,10.0,0.0,Sunny
2024-06-12 14:00:00,2024-06-12,14,40.4,66,14.7,10.0,0.0,Partly Cloudy
2024-06-12 15:00:00,2024-06-12,15,40.5,58,23.9,10.0,0.0,Sunny
2024-06-12 16:00:00,2024-06-12,16,40.8,50,8.8,10.0,0.0,Sunny
2024-06-12 17:00:00,2024-06-12,17,39.3,49,13.3,10.0,0.0,Partly Cloudy
2024-06-12 18:00:00,2024-06-12,18,39.0,46,7.8,10.0,0.0,Sunny
2024-06-12 19:00:00,2024-06-12,19,38.0,36,2.3,10.0,0.0,Clear
2024-06-12 20:00:00,2024-06-12,20,36.9,41,2.0,10.0,0.0,Clear
2024-06-12 21:00:00,2024-06-12,21,35.5,35,42.5,10.0,0.0,Clear
2024-06-12 22:00:00,2024-06-12,22,33.1,41,6.2,10.0,0.0,Clear
2024-06-12 23:00:00,2024-06-12,23,30.8,39,8.9,10.0,0.0,Clear
2024-06-13 00:00:00,2024-06-13,0,30.9,38,2.0,10.0,0.0,Clear
2024-06-13 01:00:00,2024-06-13,1,30.3,49,7.9,10.0,0.0,Clear
2024-06-13 02:00:00,2024-06-13,2,28.1,49,16.9,10.0,0.0,Clear
2024-06-13 03:00:00,2024-06-13,3,27.3,56,15.9,10.0,0.0,Clear
2024-06-13 04:00:00,2024-06-13,4,28.2,61,10.4,10.0,0.0,Clear
2024-06-13 05:00:00,2024-06-13,5,29.2,70,17.7,10.0,0.0,Clear
2024-06-13 06:00:00,2024-06-13,6,31.8,66,6.3,10.0,0.0,Clear
2024-06-13 07:00:00,2024-06-13,7,32.6,67,24.5,10.0,0.0,Sunny
2024-06-13 08:00:00,2024-06-13,8,33.3,79,54.5,10.0,0.0,Sunny
2024-06-13 09:00:00,2024-06-13,9,37.3,73,21.8,10.0,0.0,Partly Cloudy
2024-06-13 10:00:00,2024-06-13,10,36.6,70,9.0,10.0,0.0,Sunny
2024-06-13 11:00:00,2024-06-13,11,39.9,72,5.1,10.0,0.0,Hazy
2024-06-13 12:00:00,2024-06-13,12,41.1,66,3.3,10.0,0.0,Sunny
2024-06-13 13:00:00,2024-06-13,13,42.0,63,10.0,10.0,0.0,Sunny
2024-06-13 14:00:00,2024-06-13,14,41.7,70,3.3,10.0,0.0,Sunny
2024-06-13 15:00:00,2024-06-13,15,41.6,51,12.2,10.0,0.0,Sunny
2024-06-13 16:00:00,2024-06-13,16,41.3,45,9.3,10.0,0.0,Sunny
2024-06-13 17:00:00,2024-06-13,17,41.6,51,5.1,10.0,0.0,Sunny
2024-06-13 18:00:00,2024-06-13,18,38.6,41,10.9,10.0,0.0,Sunny
2024-06-13 19:00:00,2024-06-13,19,37.9,41,11.8,10.0,0.0,Clear
2024-06-13 20:00:00,2024-06-13,20,38.7,40,14.7,10.0,0.0,Clear
2024-06-13 21:00:00,2024-06-13,21,35.7,30,9.7,10.0,0.0,Clear
2024-06-13 22:00:00,2024-06-13,22,34.5,42,13.8,10.0,0.0,Clear
2024-06-13 23:00:00,2024-06-13,23,30.3,37,23.1,10.0,0.0,Clear
2024-06-14 00:00:00,2024-06-14,0,29.9,50,3.6,10.0,0.0,Clear
2024-06-14 01:00:00,2024-06-14,1,29.8,43,3.4,10.0,0.0,Clear
2024-06-14 02:00:00,2024-06-14,2,28.7,57,17.2,10.0,0.0,Clear
2024-06-14 03:00:00,2024-06-14,3,27.0,62,6.2,10.0,0.0,Clear
2024-06-14 04:00:00,2024-06-14,4,29.6,58,23.5,10.0,0.0,Clear
2024-06-14 05:00:00,2024-06-14,5,30.7,63,19.7,10.0,0.0,Clear
2024-06-14 06:00:00,2024-06-14,6,30.1,66,24.0,10.0,0.0,Clear
2024-06-14 07:00:00,2024-06-14,7,32.7,77,2.2,10.0,0.0,Sunny
2024-06-14 08:00:00,2024-06-14,8,35.8,73,9.3,10.0,0.0,Sunny
2024-06-14 09:00:00,2024-06-14,9,36.8,75,13.9,10.0,0.0,Sunny
2024-06-14 10:00:00,2024-06-14,10,36.4,72,4.1,10.0,0.0,Sunny
2024-06-14 11:00:00,2024-06-14,11,36.9,72,9.0,10.0,0.0,Partly Cloudy
2024-06-14 12:00:00,2024-06-14,12,39.9,70,12.7,10.0,0.0,Sunny
2024-06-14 13:00:00,2024-06-14,13,43.4,62,5.4,10.0,0.0,Partly Cloudy
2024-06-14 14:00:00,2024-06-14,14,42.9,67,4.0,10.0,0.0,Sunny
2024-06-14 15:00:00,2024-06-14,15,41.5,54,7.5,10.0,0.0,Sunny
2024-06-14 16:00:00,2024-06-14,16,43.2,54,24.9,10.0,0.0,Hazy
2024-06-14 17:00:00,2024-06-14,17,42.0,41,14.6,10.0,0.0,Sunny
2024-06-14 18:00:00,2024-06-14,18,37.3,45,11.5,10.0,0.0,Hazy
2024-06-14 19:00:00,2024-06-14,19,39.5,44,18.9,10.0,0.0,Clear
2024-06-14 20:00:00,2024-06-14,20,36.8,39,9.6,10.0,0.0,Clear
2024-06-14 21:00:00,2024-06-14,21,34.0,41,6.7,10.0,0.0,Clear
2024-06-14 22:00:00,2024-06-14,22,33.4,35,4.3,10.0,0.0,Clear
2024-06-14 23:00:00,2024-06-14,23,32.2,41,8.3,10.0,0.0,Clear
2024-06-15 00:00:00,2024-06-15,0,29.5,36,16.4,10.0,0.0,Clear
2024-06-15 01:00:00,2024-06-15,1,29.2,47,2.0,10.0,0.0,Clear
2024-06-15 02:00:00,2024-06-15,2,28.3,47,6.7,10.0,0.0,Clear
2024-06-15 03:00:00,2024-06-15,3,29.5,55,8.8,10.0,0.0,Clear
2024-06-15 04:00:00,2024-06-15,4,28.4,65,6.6,10.0,0.0,Clear
2024-06-15 05:00:00,2024-06-15,5,27.3,71,19.4,10.0,0.0,Clear
2024-06-15 06:00:00,2024-06-15,6,29.9,63,14.0,10.0,0.0,Clear
2024-06-15 07:00:00,2024-06-15,7,30.6,76,7.0,10.0,0.0,Hazy
2024-06-15 08:00:00,2024-06-15,8,31.8,78,18.3,10.0,0.0,Sunny
2024-06-15 09:00:00,2024-06-15,9,36.4,74,2.6,10.0,0.0,Sunny
2024-06-15 10:00:00,2024-06-15,10,37.6,78,14.3,10.0,0.0,Sunny
2024-06-15 11:00:00,2024-06-15,11,37.1,69,4.8,10.0,0.0,Sunny
2024-06-15 12:00:00,2024-06-15,12,38.1,66,15.1,10.0,0.0,Sunny
2024-06-15 13:00:00,2024-06-15,13,40.5,62,12.0,10.0,0.0,Partly Cloudy
2024-06-15 14:00:00,2024-06-15,14,39.7,63,12.2,10.0,0.0,Hazy
2024-06-15 15:00:00,2024-06-15,15,41.2,55,12.6,10.0,0.0,Sunny
2024-06-15 16:00:00,2024-06-15,16,41.4,47,8.8,10.0,0.0,Sunny
2024-06-15 17:00:00,2024-06-15,17,41.0,43,12.0,10.0,0.0,Hazy
2024-06-15 18:00:00,2024-06-15,18,40.0,42,3.4,10.0,0.0,Sunny
2024-06-15 19:00:00,2024-06-15,19,37.3,36,8.9,10.0,0.0,Clear
2024-06-15 20:00:00,2024-06-15,20,36.8,40,3.2,10.0,0.0,Clear
2024-06-15 21:00:00,2024-06-15,21,36.5,42,29.4,10.0,0.0,Clear
2024-06-15 22:00:00,2024-06-15,22,30.8,42,4.8,10.0,0.0,Clear
2024-06-15 23:00:00,2024-06-15,23,32.1,51,26.0,10.0,0.0,Clear
2024-06-16 00:00:00,2024-06-16,0,29.0,44,20.3,10.0,0.0,Clear
2024-06-16 01:00:00,2024-06-16,1,31.1,53,7.5,10.0,0.0,Clear
2024-06-16 02:00:00,2024-06-16,2,29.7,51,5.7,10.0,0.0,Clear
2024-06-16 03:00:00,2024-06-16,3,29.4,54,8.2,10.0,0.0,Clear
2024-06-16 04:00:00,2024-06-16,4,27.7,60,35.6,10.0,0.0,Clear
2024-06-16 05:00:00,2024-06-16,5,29.7,65,7.0,10.0,0.0,Clear
2024-06-16 06:00:00,2024-06-16,6,30.9,67,23.0,10.0,0.0,Clear
2024-06-16 07:00:00,2024-06-16,7,28.9,66,25.8,10.0,0.0,Sunny
2024-06-16 08:00:00,2024-06-16,8,33.5,68,6.1,10.0,0.0,Sunny
2024-06-16 09:00:00,2024-06-16,9,35.7,78,8.8,10.0,0.0,Partly Cloudy
2024-06-16 10:00:00,2024-06-16,10,35.0,76,2.1,10.0,0.0,Sunny
2024-06-16 11:00:00,2024-06-16,11,39.0,78,11.7,10.0,0.0,Sunny
2024-06-16 12:00:00,2024-06-16,12,39.7,66,11.7,10.0,0.0,Sunny
2024-06-16 13:00:00,2024-06-16,13,42.3,62,9.4,10.0,0.0,Sunny
2024-06-16 14:00:00,2024-06-16,14,40.8,55,8.4,10.0,0.0,Sunny
2024-06-16 15:00:00,2024-06-16,15,41.7,59,17.1,10.0,0.0,Sunny
2024-06-16 16:00:00,2024-06-16,16,41.7,47,20.6,10.0,0.0,Sunny
2024-06-16 17:00:00,2024-06-16,17,37.3,46,18.4,10.0,0.0,Sunny
2024-06-16 18:00:00,2024-06-16,18,39.2,44,9.5,10.0,0.0,Sunny
2024-06-16 19:00:00,2024-06-16,19,38.4,33,15.7,10.0,0.0,Clear
2024-06-16 20:00:00,2024-06-16,20,33.9,41,10.1,10.0,0.0,Clear
2024-06-16 21:00:00,2024-06-16,21,35.8,41,8.0,10.0,0.0,Clear
2024-06-16 22:00:00,2024-06-16,22,33.4,39,10.7,10.0,0.0,Clear
2024-06-16 23:00:00,2024-06-16,23,31.8,39,7.0,10.0,0.0,Clear
2024-06-17 00:00:00,2024-06-17,0,31.3,42,4.4,10.0,0.0,Clear
2024-06-17 01:00:00,2024-06-17,1,28.9,52,23.9,10.0,0.0,Clear
2024-06-17 02:00:00,2024-06-17,2,28.8,51,17.3,10.0,0.0,Clear
2024-06-17 03:00:00,2024-06-17,3,29.5,55,4.8,10.0,0.0,Clear
2024-06-17 04:00:00,2024-06-17,4,28.8,57,5.3,10.0,0.0,Clear
2024-06-17 05:00:00,2024-06-17,5,27.2,53,12.1,10.0,0.0,Clear
2024-06-17 06:00:00,2024-06-17,6,30.5,72,10.0,10.0,0.0,Clear
2024-06-17 07:00:00,2024-06-17,7,31.8,71,6.5,10.0,0.0,Sunny
2024-06-17 08:00:00,2024-06-17,8,34.4,69,7.5,10.0,0.0,Sunny
2024-06-17 09:00:00,2024-06-17,9,34.6,81,5.8,10.0,0.0,Sunny
2024-06-17 10:00:00,2024-06-17,10,35.5,74,12.6,10.0,0.0,Sunny
2024-06-17 11:00:00,2024-06-17,11,37.1,70,19.5,10.0,0.0,Sunny
2024-06-17 12:00:00,2024-06-17,12,41.3,72,10.6,10.0,0.0,Sunny
2024-06-17 13:00:00,2024-06-17,13,41.0,65,8.6,10.0,0.0,Hazy
2024-06-17 14:00:00,2024-06-17,14,42.9,61,4.3,10.0,0.0,Sunny
2024-06-17 15:00:00,2024-06-17,15,43.3,53,2.7,10.0,0.0,Partly Cloudy
2024-06-17 16:00:00,2024-06-17,16,40.4,53,3.3,10.0,0.0,Sunny
2024-06-17 17:00:00,2024-06-17,17,39.6,50,12.7,10.0,0.0,Sunny
2024-06-17 18:00:00,2024-06-17,18,39.4,40,13.0,10.0,0.0,Partly Cloudy
2024-06-17 19:00:00,2024-06-17,19,39.0,32,2.0,10.0,0.0,Clear
2024-06-17 20:00:00,2024-06-17,20,35.0,41,3.2,10.0,0.0,Clear
2024-06-17 21:00:00,2024-06-17,21,35.5,40,6.9,10.0,0.0,Clear
2024-06-17 22:00:00,2024-06-17,22,33.8,41,7.3,10.0,0.0,Clear
2024-06-17 23:00:00,2024-06-17,23,30.4,40,40.6,10.0,0.0,Clear
2024-06-18 00:00:00,2024-06-18,0,29.1,46,2.0,10.0,0.0,Clear
2024-06-18 01:00:00,2024-06-18,1,29.9,43,8.1,10.0,0.0,Clear
2024-06-18 02:00:00,2024-06-18,2,31.2,50,2.8,10.0,0.0,Clear
2024-06-18 03:00:00,2024-06-18,3,28.1,51,12.2,10.0,0.0,Clear
2024-06-18 04:00:00,2024-06-18,4,29.1,64,6.2,10.0,0.0,Clear
2024-06-18 05:00:00,2024-06-18,5,28.6,64,7.2,10.0,0.0,Clear
2024-06-18 06:00:00,2024-06-18,6,30.7,69,2.0,10.0,0.0,Clear
2024-06-18 07:00:00,2024-06-18,7,31.0,72,16.3,10.0,0.0,Partly Cloudy
2024-06-18 08:00:00,2024-06-18,8,33.0,71,36.8,10.0,0.0,Sunny
2024-06-18 09:00:00,2024-06-18,9,37.9,76,9.3,10.0,0.0,Partly Cloudy
2024-06-18 10:00:00,2024-06-18,10,36.8,79,10.4,10.0,0.0,Sunny
2024-06-18 11:00:00,2024-06-18,11,36.4,75,17.8,10.0,0.0,Sunny
2024-06-18 12:00:00,2024-06-18,12,40.4,61,9.9,10.0,0.0,Sunny
2024-06-18 13:00:00,2024-06-18,13,42.0,64,9.7,10.0,0.0,Sunny
2024-06-18 14:00:00,2024-06-18,14,42.1,60,16.2,10.0,0.0,Sunny
2024-06-18 15:00:00,2024-06-18,15,41.3,60,2.0,10.0,0.0,Partly Cloudy
2024-06-18 16:00:00,2024-06-18,16,40.2,48,12.0,10.0,0.0,Sunny
2024-06-18 17:00:00,2024-06-18,17,39.6,42,6.1,10.0,0.0,Sunny
2024-06-18 18:00:00,2024-06-18,18,39.4,46,23.4,10.0,0.0,Sunny
2024-06-18 19:00:00,2024-06-18,19,37.8,39,12.0,10.0,0.0,Clear
2024-06-18 20:00:00,2024-06-18,20,36.0,35,6.1,10.0,0.0,Clear
2024-06-18 21:00:00,2024-06-18,21,36.5,36,14.5,10.0,0.0,Clear
2024-06-18 22:00:00,2024-06-18,22,34.4,32,17.9,10.0,0.0,Clear
2024-06-18 23:00:00,2024-06-18,23,33.3,40,10.0,10.0,0.0,Clear
2024-06-19 00:00:00,2024-06-19,0,29.5,41,25.9,10.0,0.0,Clear
2024-06-19 01:00:00,2024-06-19,1,28.3,48,22.3,10.0,0.0,Clear
2024-06-19 02:00:00,2024-06-19,2,28.8,50,11.7,10.0,0.0,Clear
2024-06-19 03:00:00,2024-06-19,3,29.0,55,6.7,10.0,0.0,Clear
2024-06-19 04:00:00,2024-06-19,4,28.8,58,2.0,10.0,0.0,Clear
2024-06-19 05:00:00,2024-06-19,5,29.8,63,8.0,10.0,0.0,Clear
2024-06-19 06:00:00,2024-06-19,6,32.3,63,6.2,10.0,0.0,Clear
2024-06-19 07:00:00,2024-06-19,7,31.5,75,11.5,10.0,0.0,Sunny
2024-06-19 08:00:00,2024-06-19,8,34.3,72,9.2,10.0,0.0,Sunny
2024-06-19 09:00:00,2024-06-19,9,35.6,65,10.2,10.0,0.0,Sunny
2024-06-19 10:00:00,2024-06-19,10,36.8,66,11.6,10.0,0.0,Sunny
2024-06-19 11:00:00,2024-06-19,11,39.2,75,20.6,10.0,0.0,Partly Cloudy
2024-06-19 12:00:00,2024-06-19,12,38.7,68,7.0,10.0,0.0,Sunny
2024-06-19 13:00:00,2024-06-19,13,39.5,64,7.3,10.0,0.0,Partly Cloudy
2024-06-19 14:00:00,2024-06-19,14,41.8,60,16.0,10.0,0.0,Sunny
2024-06-19 15:00:00,2024-06-19,15,39.5,57,26.7,10.0,0.0,Sunny
2024-06-19 16:00:00,2024-06-19,16,41.9,56,13.4,10.0,0.0,Sunny
2024-06-19 17:00:00,2024-06-19,17,39.3,48,40.3,10.0,0.0,Partly Cloudy
2024-06-19 18:00:00,2024-06-19,18,41.4,44,9.6,10.0,0.0,Sunny
2024-06-19 19:00:00,2024-06-19,19,37.8,37,14.1,10.0,0.0,Clear
2024-06-19 20:00:00,2024-06-19,20,38.4,31,7.1,10.0,0.0,Clear
2024-06-19 21:00:00,2024-06-19,21,34.7,39,47.2,10.0,0.0,Clear
2024-06-19 22:00:00,2024-06-19,22,33.0,40,18.2,10.0,0.0,Clear
2024-06-19 23:00:00,2024-06-19,23,32.8,44,12.7,10.0,0.0,Clear
2024-06-20 00:00:00,2024-06-20,0,30.8,49,49.1,10.0,0.0,Clear
2024-06-20 01:00:00,2024-06-20,1,29.3,41,6.5,10.0,0.0,Clear
2024-06-20 02:00:00,2024-06-20,2,28.2,48,2.0,10.0,0.0,Clear
2024-06-20 03:00:00,2024-06-20,3,28.0,58,4.8,10.0,0.0,Clear
2024-06-20 04:00:00,2024-06-20,4,31.6,60,6.0,10.0,0.0,Clear
2024-06-20 05:00:00,2024-06-20,5,27.4,70,13.3,10.0,0.0,Clear
2024-06-20 06:00:00,2024-06-20,6,29.0,67,17.5,10.0,0.0,Clear
2024-06-20 07:00:00,2024-06-20,7,33.2,79,2.8,10.0,0.0,Sunny
2024-06-20 08:00:00,2024-06-20,8,34.6,73,14.6,10.0,0.0,Sunny
2024-06-20 09:00:00,2024-06-20,9,33.9,80,2.0,10.0,0.0,Partly Cloudy
2024-06-20 10:00:00,2024-06-20,10,34.6,63,4.1,10.0,0.0,Partly Cloudy
2024-06-20 11:00:00,2024-06-20,11,39.8,73,19.5,10.0,0.0,Partly Cloudy
2024-06-20 12:00:00,2024-06-20,12,38.3,68,26.8,10.0,0.0,Sunny
2024-06-20 13:00:00,2024-06-20,13,40.0,56,19.9,10.0,0.0,Sunny
2024-06-20 14:00:00,2024-06-20,14,41.4,60,7.8,10.0,0.0,Sunny
2024-06-20 15:00:00,2024-06-20,15,40.2,50,5.5,10.0,0.0,Sunny
2024-06-20 16:00:00,2024-06-20,16,42.4,48,21.7,10.0,0.0,Sunny
2024-06-20 17:00:00,2024-06-20,17,40.7,47,4.8,10.0,0.0,Sunny
2024-06-20 18:00:00,2024-06-20,18,38.5,42,14.7,10.0,0.0,Partly Cloudy
2024-06-20 19:00:00,2024-06-20,19,37.3,41,6.7,10.0,0.0,Clear
2024-06-20 20:00:00,2024-06-20,20,38.2,38,13.7,10.0,0.0,Clear
2024-06-20 21:00:00,2024-06-20,21,34.7,46,2.6,10.0,0.0,Clear
2024-06-20 22:00:00,2024-06-20,22,34.1,39,28.2,10.0,0.0,Clear
2024-06-20 23:00:00,2024-06-20,23,31.7,40,3.0,10.0,0.0,Clear
2024-06-21 00:00:00,2024-06-21,0,28.3,44,4.5,10.0,0.0,Clear
2024-06-21 01:00:00,2024-06-21,1,30.3,46,11.5,10.0,0.0,Clear
2024-06-21 02:00:00,2024-06-21,2,30.0,44,25.3,10.0,0.0,Clear
2024-06-21 03:00:00,2024-06-21,3,30.7,58,3.8,10.0,0.0,Clear
2024-06-21 04:00:00,2024-06-21,4,26.4,65,7.9,10.0,0.0,Clear
2024-06-21 05:00:00,2024-06-21,5,25.6,70,9.9,10.0,0.0,Clear
2024-06-21 06:00:00,2024-06-21,6,31.2,70,20.1,10.0,0.0,Clear
2024-06-21 07:00:00,2024-06-21,7,31.0,70,3.3,10.0,0.0,Sunny
2024-06-21 08:00:00,2024-06-21,8,31.6,73,15.9,10.0,0.0,Sunny
2024-06-21 09:00:00,2024-06-21,9,35.1,80,23.3,10.0,0.0,Sunny
2024-06-21 10:00:00,2024-06-21,10,36.1,71,12.3,10.0,0.0,Sunny
2024-06-21 11:00:00,2024-06-21,11,36.7,66,2.1,10.0,0.0,Sunny
2024-06-21 12:00:00,2024-06-21,12,39.5,77,16.9,10.0,0.0,Sunny
2024-06-21 13:00:00,2024-06-21,13,41.3,60,24.5,10.0,0.0,Sunny
2024-06-21 14:00:00,2024-06-21,14,41.5,53,7.8,10.0,0.0,Sunny
2024-06-21 15:00:00,2024-06-21,15,41.7,56,2.7,10.0,0.0,Sunny
2024-06-21 16:00:00,2024-06-21,16,41.8,52,12.6,10.0,0.0,Sunny
2024-06-21 17:00:00,2024-06-21,17,38.6,48,9.6,10.0,0.0,Sunny
2024-06-21 18:00:00,2024-06-21,18,39.5,46,3.6,10.0,0.0,Sunny
2024-06-21 19:00:00,2024-06-21,19,38.5,39,16.5,10.0,0.0,Clear
2024-06-21 20:00:00,2024-06-21,20,36.2,37,12.9,10.0,0.0,Clear
2024-06-21 21:00:00,2024-06-21,21,34.0,35,9.4,10.0,0.0,Clear
2024-06-21 22:00:00,2024-06-21,22,32.4,38,8.6,10.0,0.0,Clear
2024-06-21 23:00:00,2024-06-21,23,31.4,42,12.7,10.0,0.0,Clear
2024-06-22 00:00:00,2024-06-22,0,31.5,46,4.1,10.0,0.0,Clear
2024-06-22 01:00:00,2024-06-22,1,31.2,42,20.0,10.0,0.0,Clear
2024-06-22 02:00:00,2024-06-22,2,30.3,45,23.4,10.0,0.0,Clear
2024-06-22 03:00:00,2024-06-22,3,26.6,59,8.7,10.0,0.0,Clear
2024-06-22 04:00:00,2024-06-22,4,27.6,58,7.4,10.0,0.0,Clear
2024-06-22 05:00:00,2024-06-22,5,30.2,60,4.9,10.0,0.0,Clear
2024-06-22 06:00:00,2024-06-22,6,32.0,60,2.9,10.0,0.0,Clear
2024-06-22 07:00:00,2024-06-22,7,30.6,76,6.8,10.0,0.0,Sunny
2024-06-22 08:00:00,2024-06-22,8,33.5,73,10.7,10.0,0.0,Sunny
2024-06-22 09:00:00,2024-06-22,9,33.6,75,16.9,10.0,0.0,Hazy
2024-06-22 10:00:00,2024-06-22,10,37.0,74,3.4,10.0,0.0,Sunny
2024-06-22 11:00:00,2024-06-22,11,37.5,71,9.0,10.0,0.0,Sunny
2024-06-22 12:00:00,2024-06-22,12,39.8,68,9.4,10.0,0.0,Partly Cloudy
2024-06-22 13:00:00,2024-06-22,13,39.2,64,14.3,10.0,0.0,Sunny
2024-06-22 14:00:00,2024-06-22,14,39.3,56,6.1,10.0,0.0,Sunny
2024-06-22 15:00:00,2024-06-22,15,45.2,48,25.7,10.0,0.0,Sunny
2024-06-22 16:00:00,2024-06-22,16,41.4,59,19.4,10.0,0.0,Sunny
2024-06-22 17:00:00,2024-06-22,17,43.2,46,11.4,10.0,0.0,Partly Cloudy
2024-06-22 18:00:00,2024-06-22,18,41.4,41,23.9,10.0,0.0,Partly Cloudy
2024-06-22 19:00:00,2024-06-22,19,36.3,36,14.9,10.0,0.0,Clear
2024-06-22 20:00:00,2024-06-22,20,37.1,42,21.9,10.0,0.0,Clear
2024-06-22 21:00:00,2024-06-22,21,33.4,38,18.2,10.0,0.0,Clear
2024-06-22 22:00:00,2024-06-22,22,33.0,34,13.5,10.0,0.0,Clear
2024-06-22 23:00:00,2024-06-22,23,29.5,38,13.8,10.0,0.0,Clear
2024-06-23 00:00:00,2024-06-23,0,28.5,44,11.7,10.0,0.0,Clear
2024-06-23 01:00:00,2024-06-23,1,28.3,44,41.7,10.0,0.0,Clear
2024-06-23 02:00:00,2024-06-23,2,28.1,54,20.2,10.0,0.0,Clear
2024-06-23 03:00:00,2024-06-23,3,28.5,63,11.0,10.0,0.0,Clear
2024-06-23 04:00:00,2024-06-23,4,27.5,58,25.1,10.0,0.0,Clear
2024-06-23 05:00:00,2024-06-23,5,29.6,63,6.1,10.0,0.0,Clear
2024-06-23 06:00:00,2024-06-23,6,31.8,64,12.2,10.0,0.0,Clear
2024-06-23 07:00:00,2024-06-23,7,32.1,70,6.2,10.0,0.0,Hazy
2024-06-23 08:00:00,2024-06-23,8,33.2,65,10.4,10.0,0.0,Sunny
2024-06-23 09:00:00,2024-06-23,9,35.4,77,7.7,10.0,0.0,Sunny
2024-06-23 10:00:00,2024-06-23,10,35.0,67,10.9,10.0,0.0,Sunny
2024-06-23 11:00:00,2024-06-23,11,39.4,67,6.1,10.0,0.0,Sunny
2024-06-23 12:00:00,2024-06-23,12,38.2,68,12.4,10.0,0.0,Sunny
2024-06-23 13:00:00,2024-06-23,13,42.5,70,3.1,10.0,0.0,Sunny
2024-06-23 14:00:00,2024-06-23,14,42.2,56,8.3,10.0,0.0,Sunny
2024-06-23 15:00:00,2024-06-23,15,42.2,54,6.7,10.0,0.0,Hazy
2024-06-23 16:00:00,2024-06-23,16,42.0,52,2.0,10.0,0.0,Partly Cloudy
2024-06-23 17:00:00,2024-06-23,17,40.6,43,21.0,10.0,0.0,Partly Cloudy
2024-06-23 18:00:00,2024-06-23,18,38.7,42,30.8,10.0,0.0,Partly Cloudy
2024-06-23 19:00:00,2024-06-23,19,37.1,33,14.2,10.0,0.0,Clear
2024-06-23 20:00:00,2024-06-23,20,38.8,36,10.0,10.0,0.0,Clear
2024-06-23 21:00:00,2024-06-23,21,35.1,42,6.7,10.0,0.0,Clear
2024-06-23 22:00:00,2024-06-23,22,32.0,41,12.1,10.0,0.0,Clear
2024-06-23 23:00:00,2024-06-23,23,32.4,38,16.8,10.0,0.0,Clear
2024-06-24 00:00:00,2024-06-24,0,30.8,38,20.5,10.0,0.0,Clear
2024-06-24 01:00:00,2024-06-24,1,29.0,45,17.0,10.0,0.0,Clear
2024-06-24 02:00:00,2024-06-24,2,27.6,44,5.9,10.0,0.0,Clear
2024-06-24 03:00:00,2024-06-24,3,29.4,54,7.3,10.0,0.0,Clear
2024-06-24 04:00:00,2024-06-24,4,29.9,58,4.1,10.0,0.0,Clear
2024-06-24 05:00:00,2024-06-24,5,29.8,62,5.3,10.0,0.0,Clear
2024-06-24 06:00:00,2024-06-24,6,30.5,67,16.6,10.0,0.0,Clear
2024-06-24 07:00:00,2024-06-24,7,30.8,73,9.9,10.0,0.0,Partly Cloudy
2024-06-24 08:00:00,2024-06-24,8,33.9,68,17.1,10.0,0.0,Sunny
2024-06-24 09:00:00,2024-06-24,9,34.2,77,19.1,10.0,0.0,Sunny
2024-06-24 10:00:00,2024-06-24,10,35.2,77,11.2,10.0,0.0,Sunny
2024-06-24 11:00:00,2024-06-24,11,39.6,79,17.7,10.0,0.0,Sunny
2024-06-24 12:00:00,2024-06-24,12,38.4,69,8.5,10.0,0.0,Sunny
2024-06-24 13:00:00,2024-06-24,13,38.4,70,11.5,10.0,0.0,Sunny
2024-06-24 14:00:00,2024-06-24,14,42.8,64,3.0,10.0,0.0,Sunny
2024-06-24 15:00:00,2024-06-24,15,39.4,56,8.1,10.0,0.0,Partly Cloudy
2024-06-24 16:00:00,2024-06-24,16,40.8,45,5.5,10.0,0.0,Sunny
2024-06-24 17:00:00,2024-06-24,17,39.3,50,2.4,10.0,0.0,Sunny
2024-06-24 18:00:00,2024-06-24,18,38.7,43,13.0,10.0,0.0,Partly Cloudy
2024-06-24 19:00:00,2024-06-24,19,40.9,47,9.1,10.0,0.0,Clear
2024-06-24 20:00:00,2024-06-24,20,36.6,41,7.5,10.0,0.0,Clear
2024-06-24 21:00:00,2024-06-24,21,35.4,41,7.8,10.0,0.0,Clear
2024-06-24 22:00:00,2024-06-24,22,34.3,35,3.3,10.0,0.0,Clear
2024-06-24 23:00:00,2024-06-24,23,31.0,40,15.4,10.0,0.0,Clear
2024-06-25 00:00:00,2024-06-25,0,31.7,35,15.4,10.0,0.0,Clear
2024-06-25 01:00:00,2024-06-25,1,29.8,48,5.9,10.0,0.0,Clear
2024-06-25 02:00:00,2024-06-25,2,29.6,55,3.9,10.0,0.0,Clear
2024-06-25 03:00:00,2024-06-25,3,27.6,61,13.1,10.0,0.0,Clear
2024-06-25 04:00:00,2024-06-25,4,29.3,58,26.6,10.0,0.0,Clear
2024-06-25 05:00:00,2024-06-25,5,29.4,57,10.4,10.0,0.0,Clear
2024-06-25 06:00:00,2024-06-25,6,31.8,66,16.8,10.0,0.0,Clear
2024-06-25 07:00:00,2024-06-25,7,31.1,70,7.1,10.0,0.0,Partly Cloudy
2024-06-25 08:00:00,2024-06-25,8,35.8,74,11.8,10.0,0.0,Partly Cloudy
2024-06-25 09:00:00,2024-06-25,9,35.4,65,2.0,10.0,0.0,Sunny
2024-06-25 10:00:00,2024-06-25,10,36.5,72,6.7,10.0,0.0,Sunny
2024-06-25 11:00:00,2024-06-25,11,38.0,66,3.8,10.0,0.0,Sunny
2024-06-25 12:00:00,2024-06-25,12,39.6,74,34.7,10.0,0.0,Sunny
2024-06-25 13:00:00,2024-06-25,13,39.9,55,9.9,10.0,0.0,Sunny
2024-06-25 14:00:00,2024-06-25,14,42.1,64,46.3,10.0,0.0,Sunny
2024-06-25 15:00:00,2024-06-25,15,41.5,54,9.8,10.0,0.0,Hazy
2024-06-25 16:00:00,2024-06-25,16,43.6,42,13.0,10.0,0.0,Sunny
2024-06-25 17:00:00,2024-06-25,17,40.1,53,9.0,10.0,0.0,Sunny
2024-06-25 18:00:00,2024-06-25,18,39.5,48,7.4,10.0,0.0,Partly Cloudy
2024-06-25 19:00:00,2024-06-25,19,37.7,44,12.7,10.0,0.0,Clear
2024-06-25 20:00:00,2024-06-25,20,38.9,38,16.3,10.0,0.0,Clear
2024-06-25 21:00:00,2024-06-25,21,33.3,34,4.8,10.0,0.0,Clear
2024-06-25 22:00:00,2024-06-25,22,33.4,38,7.3,10.0,0.0,Clear
2024-06-25 23:00:00,2024-06-25,23,32.1,42,2.9,10.0,0.0,Clear
2024-06-26 00:00:00,2024-06-26,0,29.1,40,2.0,10.0,0.0,Clear
2024-06-26 01:00:00,2024-06-26,1,32.5,43,16.3,10.0,0.0,Clear
2024-06-26 02:00:00,2024-06-26,2,27.6,52,15.1,10.0,0.0,Clear
2024-06-26 03:00:00,2024-06-26,3,28.5,56,8.5,10.0,0.0,Clear
2024-06-26 04:00:00,2024-06-26,4,30.7,63,15.1,10.0,0.0,Clear
2024-06-26 05:00:00,2024-06-26,5,28.9,70,16.8,10.0,0.0,Clear
2024-06-26 06:00:00,2024-06-26,6,30.6,71,20.9,10.0,0.0,Clear
2024-06-26 07:00:00,2024-06-26,7,31.3,66,2.0,10.0,0.0,Sunny
2024-06-26 08:00:00,2024-06-26,8,33.3,72,10.1,10.0,0.0,Sunny
2024-06-26 09:00:00,2024-06-26,9,36.3,75,3.8,10.0,0.0,Sunny
2024-06-26 10:00:00,2024-06-26,10,36.2,76,5.4,10.0,0.0,Sunny
2024-06-26 11:00:00,2024-06-26,11,35.1,74,5.0,10.0,0.0,Sunny
2024-06-26 12:00:00,2024-06-26,12,39.6,67,12.3,10.0,0.0,Partly Cloudy
2024-06-26 13:00:00,2024-06-26,13,40.7,62,6.4,10.0,0.0,Partly Cloudy
2024-06-26 14:00:00,2024-06-26,14,41.5,64,2.0,10.0,0.0,Partly Cloudy
2024-06-26 15:00:00,2024-06-26,15,41.3,57,13.8,10.0,0.0,Sunny
2024-06-26 16:00:00,2024-06-26,16,40.2,51,3.8,10.0,0.0,Sunny
2024-06-26 17:00:00,2024-06-26,17,40.3,43,3.9,10.0,0.0,Sunny
2024-06-26 18:00:00,2024-06-26,18,41.7,51,50.5,10.0,0.0,Sunny
2024-06-26 19:00:00,2024-06-26,19,38.2,40,24.5,10.0,0.0,Clear
2024-06-26 20:00:00,2024-06-26,20,37.5,37,6.4,10.0,0.0,Clear
2024-06-26 21:00:00,2024-06-26,21,33.8,38,4.5,10.0,0.0,Clear
2024-06-26 22:00:00,2024-06-26,22,33.0,37,15.8,10.0,0.0,Clear
2024-06-26 23:00:00,2024-06-26,23,30.5,34,58.6,10.0,0.0,Clear
2024-06-27 00:00:00,2024-06-27,0,32.0,43,28.5,10.0,0.0,Clear
2024-06-27 01:00:00,2024-06-27,1,27.5,40,16.9,10.0,0.0,Clear
2024-06-27 02:00:00,2024-06-27,2,29.2,51,28.3,10.0,0.0,Clear
2024-06-27 03:00:00,2024-06-27,3,28.9,49,14.4,10.0,0.0,Clear
2024-06-27 04:00:00,2024-06-27,4,29.1,51,27.1,10.0,0.0,Clear
2024-06-27 05:00:00,2024-06-27,5,26.6,66,5.7,10.0,0.0,Clear
2024-06-27 06:00:00,2024-06-27,6,28.0,63,20.6,10.0,0.0,Clear
2024-06-27 07:00:00,2024-06-27,7,31.9,72,9.5,10.0,0.0,Partly Cloudy
2024-06-27 08:00:00,2024-06-27,8,32.2,73,16.5,10.0,0.0,Sunny
2024-06-27 09:00:00,2024-06-27,9,34.2,74,29.3,10.0,0.0,Sunny
2024-06-27 10:00:00,2024-06-27,10,36.2,70,8.0,10.0,0.0,Sunny
2024-06-27 11:00:00,2024-06-27,11,37.0,70,5.4,10.0,0.0,Partly Cloudy
2024-06-27 12:00:00,2024-06-27,12,38.1,65,21.9,10.0,0.0,Partly Cloudy
2024-06-27 13:00:00,2024-06-27,13,40.6,68,12.2,10.0,0.0,Partly Cloudy
2024-06-27 14:00:00,2024-06-27,14,39.0,58,13.0,10.0,0.0,Sunny
2024-06-27 15:00:00,2024-06-27,15,40.9,54,5.2,10.0,0.0,Sunny
2024-06-27 16:00:00,2024-06-27,16,40.5,53,15.7,10.0,0.0,Partly Cloudy
2024-06-27 17:00:00,2024-06-27,17,40.6,44,19.1,10.0,0.0,Partly Cloudy
2024-06-27 18:00:00,2024-06-27,18,42.5,35,6.4,10.0,0.0,Sunny
2024-06-27 19:00:00,2024-06-27,19,37.1,35,9.4,10.0,0.0,Clear
2024-06-27 20:00:00,2024-06-27,20,37.2,42,6.5,10.0,0.0,Clear
2024-06-27 21:00:00,2024-06-27,21,35.3,37,14.7,10.0,0.0,Clear
2024-06-27 22:00:00,2024-06-27,22,34.0,39,24.4,10.0,0.0,Clear
2024-06-27 23:00:00,2024-06-27,23,31.5,41,2.0,10.0,0.0,Clear
2024-06-28 00:00:00,2024-06-28,0,32.1,49,7.0,10.0,0.0,Clear
2024-06-28 01:00:00,2024-06-28,1,30.2,38,34.1,10.0,0.0,Clear
2024-06-28 02:00:00,2024-06-28,2,29.6,50,8.8,10.0,0.0,Clear
2024-06-28 03:00:00,2024-06-28,3,26.8,55,12.2,10.0,0.0,Clear
2024-06-28 04:00:00,2024-06-28,4,28.8,60,47.3,10.0,0.0,Clear
2024-06-28 05:00:00,2024-06-28,5,28.8,67,31.6,10.0,0.0,Clear
2024-06-28 06:00:00,2024-06-28,6,29.4,71,15.3,10.0,0.0,Clear
2024-06-28 07:00:00,2024-06-28,7,31.0,70,9.1,10.0,0.0,Sunny
2024-06-28 08:00:00,2024-06-28,8,33.3,66,18.8,10.0,0.0,Sunny
2024-06-28 09:00:00,2024-06-28,9,35.5,83,6.4,10.0,0.0,Sunny
2024-06-28 10:00:00,2024-06-28,10,37.9,72,6.8,10.0,0.0,Sunny
2024-06-28 11:00:00,2024-06-28,11,39.4,71,3.8,10.0,0.0,Partly Cloudy
2024-06-28 12:00:00,2024-06-28,12,39.9,73,5.8,10.0,0.0,Sunny
2024-06-28 13:00:00,2024-06-28,13,40.7,62,8.9,10.0,0.0,Sunny
2024-06-28 14:00:00,2024-06-28,14,40.9,65,14.4,10.0,0.0,Sunny
2024-06-28 15:00:00,2024-06-28,15,41.2,54,15.5,10.0,0.0,Sunny
2024-06-28 16:00:00,2024-06-28,16,40.3,58,8.2,10.0,0.0,Sunny
2024-06-28 17:00:00,2024-06-28,17,40.1,48,12.4,10.0,0.0,Sunny
2024-06-28 18:00:00,2024-06-28,18,40.0,40,25.7,10.0,0.0,Partly Cloudy
2024-06-28 19:00:00,2024-06-28,19,40.1,48,18.0,10.0,0.0,Clear
2024-06-28 20:00:00,2024-06-28,20,36.5,40,5.3,10.0,0.0,Clear
2024-06-28 21:00:00,2024-06-28,21,34.0,35,10.3,10.0,0.0,Clear
2024-06-28 22:00:00,2024-06-28,22,34.5,32,23.4,10.0,0.0,Clear
2024-06-28 23:00:00,2024-06-28,23,29.3,42,6.0,10.0,0.0,Clear
2024-06-29 00:00:00,2024-06-29,0,31.7,48,4.9,10.0,0.0,Clear
2024-06-29 01:00:00,2024-06-29,1,27.7,48,6.4,10.0,0.0,Clear
2024-06-29 02:00:00,2024-06-29,2,29.5,52,9.1,10.0,0.0,Clear
2024-06-29 03:00:00,2024-06-29,3,27.9,61,5.2,10.0,0.0,Clear
2024-06-29 04:00:00,2024-06-29,4,29.1,62,6.6,10.0,0.0,Clear
2024-06-29 05:00:00,2024-06-29,5,31.9,61,26.3,10.0,0.0,Clear
2024-06-29 06:00:00,2024-06-29,6,29.4,65,23.8,10.0,0.0,Clear
2024-06-29 07:00:00,2024-06-29,7,30.5,73,2.0,10.0,0.0,Sunny
2024-06-29 08:00:00,2024-06-29,8,33.4,74,2.3,10.0,0.0,Partly Cloudy
2024-06-29 09:00:00,2024-06-29,9,36.8,77,18.0,10.0,0.0,Sunny
2024-06-29 10:00:00,2024-06-29,10,36.9,74,6.2,10.0,0.0,Hazy
2024-06-29 11:00:00,2024-06-29,11,38.3,73,4.7,10.0,0.0,Sunny
2024-06-29 12:00:00,2024-06-29,12,39.8,69,13.7,10.0,0.0,Hazy
2024-06-29 13:00:00,2024-06-29,13,39.4,68,16.4,10.0,0.0,Partly Cloudy
2024-06-29 14:00:00,2024-06-29,14,41.5,63,17.9,10.0,0.0,Sunny
2024-06-29 15:00:00,2024-06-29,15,41.0,54,16.9,10.0,0.0,Sunny
2024-06-29 16:00:00,2024-06-29,16,42.9,50,14.3,10.0,0.0,Sunny
2024-06-29 17:00:00,2024-06-29,17,41.6,47,8.6,10.0,0.0,Sunny
2024-06-29 18:00:00,2024-06-29,18,38.0,43,20.0,10.0,0.0,Sunny
2024-06-29 19:00:00,2024-06-29,19,37.9,45,19.1,10.0,0.0,Clear
2024-06-29 20:00:00,2024-06-29,20,37.3,38,21.8,10.0,0.0,Clear
2024-06-29 21:00:00,2024-06-29,21,33.8,31,5.0,10.0,0.0,Clear
2024-06-29 22:00:00,2024-06-29,22,32.0,33,4.8,10.0,0.0,Clear
2024-06-29 23:00:00,2024-06-29,23,31.2,38,48.4,10.0,0.0,Clear
2024-06-30 00:00:00,2024-06-30,0,30.8,45,21.9,10.0,0.0,Clear
2024-06-30 01:00:00,2024-06-30,1,30.6,43,6.4,10.0,0.0,Clear
2024-06-30 02:00:00,2024-06-30,2,29.0,53,8.5,10.0,0.0,Clear
2024-06-30 03:00:00,2024-06-30,3,31.5,52,16.6,10.0,0.0,Clear
2024-06-30 04:00:00,2024-06-30,4,27.9,60,18.2,10.0,0.0,Clear
2024-06-30 05:00:00,2024-06-30,5,30.3,66,2.0,10.0,0.0,Clear
2024-06-30 06:00:00,2024-06-30,6,29.1,63,13.3,10.0,0.0,Clear
2024-06-30 07:00:00,2024-06-30,7,33.7,72,19.1,10.0,0.0,Sunny
2024-06-30 08:00:00,2024-06-30,8,34.9,79,6.7,10.0,0.0,Sunny
2024-06-30 09:00:00,2024-06-30,9,35.9,72,2.0,10.0,0.0,Sunny
2024-06-30 10:00:00,2024-06-30,10,34.6,73,17.3,10.0,0.0,Partly Cloudy
2024-06-30 11:00:00,2024-06-30,11,39.1,72,3.1,10.0,0.0,Partly Cloudy
2024-06-30 12:00:00,2024-06-30,12,38.6,68,24.7,10.0,0.0,Partly Cloudy
2024-06-30 13:00:00,2024-06-30,13,41.2,64,4.4,10.0,0.0,Sunny
2024-06-30 14:00:00,2024-06-30,14,39.5,59,12.3,10.0,0.0,Hazy
2024-06-30 15:00:00,2024-06-30,15,41.8,49,2.1,10.0,0.0,Sunny
2024-06-30 16:00:00,2024-06-30,16,40.9,52,12.0,10.0,0.0,Sunny
2024-06-30 17:00:00,2024-06-30,17,39.7,42,10.3,10.0,0.0,Sunny
2024-06-30 18:00:00,2024-06-30,18,40.3,44,8.3,10.0,0.0,Sunny
2024-06-30 19:00:00,2024-06-30,19,38.2,42,6.6,10.0,0.0,Clear
2024-06-30 20:00:00,2024-06-30,20,36.4,39,8.6,10.0,0.0,Clear
2024-06-30 21:00:00,2024-06-30,21,35.9,33,6.8,10.0,0.0,Clear
2024-06-30 22:00:00,2024-06-30,22,35.6,39,16.4,10.0,0.0,Clear
2024-06-30 23:00:00,2024-06-30,23,32.1,39,12.5,10.0,0.0,Clear
2024-07-01 00:00:00,2024-07-01,0,30.2,43,11.5,10.0,0.0,Clear
2024-07-01 01:00:00,2024-07-01,1,29.5,57,12.1,10.0,0.0,Clear
2024-07-01 02:00:00,2024-07-01,2,30.8,50,7.5,10.0,0.0,Clear
2024-07-01 03:00:00,2024-07-01,3,31.7,60,13.9,10.0,0.0,Clear
2024-07-01 04:00:00,2024-07-01,4,30.9,69,19.2,10.0,0.0,Clear
2024-07-01 05:00:00,2024-07-01,5,32.0,69,15.2,10.0,0.0,Clear
2024-07-01 06:00:00,2024-07-01,6,32.3,68,18.9,10.0,0.0,Clear
2024-07-01 07:00:00,2024-07-01,7,34.9,71,16.2,10.0,0.0,Sunny
2024-07-01 08:00:00,2024-07-01,8,36.1,70,13.5,10.0,0.0,Hazy
2024-07-01 09:00:00,2024-07-01,9,35.8,76,3.8,10.0,0.0,Partly Cloudy
2024-07-01 10:00:00,2024-07-01,10,39.2,76,5.8,10.0,0.0,Sunny
2024-07-01 11:00:00,2024-07-01,11,38.4,73,2.1,10.0,0.0,Sunny
2024-07-01 12:00:00,2024-07-01,12,42.1,76,19.2,10.0,0.0,Sunny
2024-07-01 13:00:00,2024-07-01,13,42.3,67,3.8,10.0,0.0,Sunny
2024-07-01 14:00:00,2024-07-01,14,43.5,56,5.3,10.0,0.0,Partly Cloudy
2024-07-01 15:00:00,2024-07-01,15,43.9,64,7.9,10.0,0.0,Sunny
2024-07-01 16:00:00,2024-07-01,16,43.6,49,7.9,10.0,0.0,Sunny
2024-07-01 17:00:00,2024-07-01,17,44.3,51,9.0,10.0,0.0,Sunny
2024-07-01 18:00:00,2024-07-01,18,41.6,48,19.5,10.0,0.0,Partly Cloudy
2024-07-01 19:00:00,2024-07-01,19,40.5,42,13.4,10.0,0.0,Clear
2024-07-01 20:00:00,2024-07-01,20,40.3,45,15.6,10.0,0.0,Clear
2024-07-01 21:00:00,2024-07-01,21,39.3,40,4.8,10.0,0.0,Clear
2024-07-01 22:00:00,2024-07-01,22,35.3,39,15.8,10.0,0.0,Clear
2024-07-01 23:00:00,2024-07-01,23,33.1,34,4.6,10.0,0.0,Clear
2024-07-02 00:00:00,2024-07-02,0,31.8,39,8.8,10.0,0.0,Clear
2024-07-02 01:00:00,2024-07-02,1,31.9,60,6.4,10.0,0.0,Clear
2024-07-02 02:00:00,2024-07-02,2,30.5,56,6.8,10.0,0.0,Clear
2024-07-02 03:00:00,2024-07-02,3,28.4,63,40.7,10.0,0.0,Clear
2024-07-02 04:00:00,2024-07-02,4,32.1,73,7.2,10.0,0.0,Clear
2024-07-02 05:00:00,2024-07-02,5,32.3,66,2.0,10.0,0.0,Clear
2024-07-02 06:00:00,2024-07-02,6,33.8,70,18.7,10.0,0.0,Clear
2024-07-02 07:00:00,2024-07-02,7,35.4,67,9.4,10.0,0.0,Sunny
2024-07-02 08:00:00,2024-07-02,8,35.5,74,15.1,10.0,0.0,Partly Cloudy
2024-07-02 09:00:00,2024-07-02,9,37.3,75,5.3,10.0,0.0,Sunny
2024-07-02 10:00:00,2024-07-02,10,39.9,74,9.0,10.0,0.0,Sunny
2024-07-02 11:00:00,2024-07-02,11,38.8,78,10.1,10.0,0.0,Sunny
2024-07-02 12:00:00,2024-07-02,12,41.2,74,10.1,10.0,0.0,Partly Cloudy
2024-07-02 13:00:00,2024-07-02,13,42.6,71,9.4,10.0,0.0,Sunny
2024-07-02 14:00:00,2024-07-02,14,44.4,58,17.9,10.0,0.0,Sunny
2024-07-02 15:00:00,2024-07-02,15,42.9,58,19.7,10.0,0.0,Sunny
2024-07-02 16:00:00,2024-07-02,16,42.4,55,5.1,10.0,0.0,Sunny
2024-07-02 17:00:00,2024-07-02,17,42.1,57,18.9,10.0,0.0,Sunny
2024-07-02 18:00:00,2024-07-02,18,42.2,46,5.6,10.0,0.0,Sunny
2024-07-02 19:00:00,2024-07-02,19,40.2,42,14.5,10.0,0.0,Clear
2024-07-02 20:00:00,2024-07-02,20,36.9,45,2.0,10.0,0.0,Clear
2024-07-02 21:00:00,2024-07-02,21,35.5,39,18.0,10.0,0.0,Clear
2024-07-02 22:00:00,2024-07-02,22,35.5,43,13.5,10.0,0.0,Clear
2024-07-02 23:00:00,2024-07-02,23,34.0,44,5.9,10.0,0.0,Clear
2024-07-03 00:00:00,2024-07-03,0,32.4,43,10.8,10.0,0.0,Clear
2024-07-03 01:00:00,2024-07-03,1,30.8,46,9.4,10.0,0.0,Clear
2024-07-03 02:00:00,2024-07-03,2,31.7,53,11.6,10.0,0.0,Clear
2024-07-03 03:00:00,2024-07-03,3,30.9,56,11.9,10.0,0.0,Clear
2024-07-03 04:00:00,2024-07-03,4,31.1,57,9.5,10.0,0.0,Clear
2024-07-03 05:00:00,2024-07-03,5,31.8,70,27.0,10.0,0.0,Clear
2024-07-03 06:00:00,2024-07-03,6,34.3,73,7.2,10.0,0.0,Clear
2024-07-03 07:00:00,2024-07-03,7,32.5,71,14.2,10.0,0.0,Sunny
2024-07-03 08:00:00,2024-07-03,8,34.8,72,12.9,10.0,0.0,Sunny
2024-07-03 09:00:00,2024-07-03,9,36.6,78,7.8,10.0,0.0,Sunny
2024-07-03 10:00:00,2024-07-03,10,40.2,82,24.9,10.0,0.0,Sunny
2024-07-03 11:00:00,2024-07-03,11,39.8,78,4.8,10.0,0.0,Sunny
2024-07-03 12:00:00,2024-07-03,12,40.6,76,16.2,10.0,0.0,Sunny
2024-07-03 13:00:00,2024-07-03,13,42.5,66,14.2,10.0,0.0,Sunny
2024-07-03 14:00:00,2024-07-03,14,43.4,64,13.3,10.0,0.0,Sunny
2024-07-03 15:00:00,2024-07-03,15,44.9,57,10.7,10.0,0.0,Sunny
2024-07-03 16:00:00,2024-07-03,16,42.8,50,18.8,10.0,0.0,Sunny
2024-07-03 17:00:00,2024-07-03,17,41.8,50,3.6,10.0,0.0,Sunny
2024-07-03 18:00:00,2024-07-03,18,40.5,42,5.7,10.0,0.0,Sunny
2024-07-03 19:00:00,2024-07-03,19,39.8,39,13.7,10.0,0.0,Clear
2024-07-03 20:00:00,2024-07-03,20,41.8,39,6.1,10.0,0.0,Clear
2024-07-03 21:00:00,2024-07-03,21,37.5,39,5.2,10.0,0.0,Clear
2024-07-03 22:00:00,2024-07-03,22,36.0,40,22.9,10.0,0.0,Clear
2024-07-03 23:00:00,2024-07-03,23,33.7,34,23.7,10.0,0.0,Clear
2024-07-04 00:00:00,2024-07-04,0,32.6,42,14.3,10.0,0.0,Clear
2024-07-04 01:00:00,2024-07-04,1,32.3,55,6.2,10.0,0.0,Clear
2024-07-04 02:00:00,2024-07-04,2,31.4,53,7.4,10.0,0.0,Clear
2024-07-04 03:00:00,2024-07-04,3,30.9,60,12.1,10.0,0.0,Clear
2024-07-04 04:00:00,2024-07-04,4,30.7,64,9.0,10.0,0.0,Clear
2024-07-04 05:00:00,2024-07-04,5,30.9,67,16.6,10.0,0.0,Clear
2024-07-04 06:00:00,2024-07-04,6,32.9,67,4.2,10.0,0.0,Clear
2024-07-04 07:00:00,2024-07-04,7,33.9,71,4.3,10.0,0.0,Sunny
2024-07-04 08:00:00,2024-07-04,8,37.9,83,9.5,10.0,0.0,Sunny
2024-07-04 09:00:00,2024-07-04,9,38.3,74,23.8,10.0,0.0,Sunny
2024-07-04 10:00:00,2024-07-04,10,37.9,82,14.0,10.0,0.0,Sunny
2024-07-04 11:00:00,2024-07-04,11,38.8,72,11.3,10.0,0.0,Partly Cloudy
2024-07-04 12:00:00,2024-07-04,12,41.1,69,11.3,10.0,0.0,Hazy
2024-07-04 13:00:00,2024-07-04,13,41.3,67,23.1,10.0,0.0,Sunny
2024-07-04 14:00:00,2024-07-04,14,42.7,62,31.0,10.0,0.0,Sunny
2024-07-04 15:00:00,2024-07-04,15,42.3,54,4.1,10.0,0.0,Partly Cloudy
2024-07-04 16:00:00,2024-07-04,16,42.9,53,12.3,10.0,0.0,Sunny
2024-07-04 17:00:00,2024-07-04,17,42.3,43,13.1,10.0,0.0,Sunny
2024-07-04 18:00:00,2024-07-04,18,41.8,47,7.4,10.0,0.0,Sunny
2024-07-04 19:00:00,2024-07-04,19,40.0,43,5.5,10.0,0.0,Clear
2024-07-04 20:00:00,2024-07-04,20,37.6,44,2.0,10.0,0.0,Clear
2024-07-04 21:00:00,2024-07-04,21,38.5,38,10.8,10.0,0.0,Clear
2024-07-04 22:00:00,2024-07-04,22,35.8,44,29.9,10.0,0.0,Clear
2024-07-04 23:00:00,2024-07-04,23,33.1,44,18.9,10.0,0.0,Clear
2024-07-05 00:00:00,2024-07-05,0,31.3,46,10.8,10.0,0.0,Clear
2024-07-05 01:00:00,2024-07-05,1,29.6,57,13.7,10.0,0.0,Clear
2024-07-05 02:00:00,2024-07-05,2,28.9,55,10.6,10.0,0.0,Clear
2024-07-05 03:00:00,2024-07-05,3,31.8,56,10.5,10.0,0.0,Clear
2024-07-05 04:00:00,2024-07-05,4,31.9,69,18.9,10.0,0.0,Clear
2024-07-05 05:00:00,2024-07-05,5,30.7,69,11.1,10.0,0.0,Clear
2024-07-05 06:00:00,2024-07-05,6,34.0,78,4.0,10.0,0.0,Clear
2024-07-05 07:00:00,2024-07-05,7,34.5,66,4.9,10.0,0.0,Sunny
2024-07-05 08:00:00,2024-07-05,8,35.6,74,7.6,10.0,0.0,Sunny
2024-07-05 09:00:00,2024-07-05,9,38.0,75,13.4,10.0,0.0,Sunny
2024-07-05 10:00:00,2024-07-05,10,39.4,68,5.1,10.0,0.0,Sunny
2024-07-05 11:00:00,2024-07-05,11,40.4,74,2.0,10.0,0.0,Sunny
2024-07-05 12:00:00,2024-07-05,12,41.3,69,8.1,10.0,0.0,Sunny
2024-07-05 13:00:00,2024-07-05,13,42.5,59,14.9,10.0,0.0,Sunny
2024-07-05 14:00:00,2024-07-05,14,41.3,60,20.0,10.0,0.0,Partly Cloudy
2024-07-05 15:00:00,2024-07-05,15,42.5,64,5.6,10.0,0.0,Partly Cloudy
2024-07-05 16:00:00,2024-07-05,16,45.4,57,9.3,10.0,0.0,Sunny
2024-07-05 17:00:00,2024-07-05,17,41.6,46,4.3,10.0,0.0,Partly Cloudy
2024-07-05 18:00:00,2024-07-05,18,39.4,42,7.1,10.0,0.0,Sunny
2024-07-05 19:00:00,2024-07-05,19,41.3,46,2.2,10.0,0.0,Clear
2024-07-05 20:00:00,2024-07-05,20,39.0,33,3.4,10.0,0.0,Clear
2024-07-05 21:00:00,2024-07-05,21,37.4,42,3.3,10.0,0.0,Clear
2024-07-05 22:00:00,2024-07-05,22,35.1,33,20.7,10.0,0.0,Clear
2024-07-05 23:00:00,2024-07-05,23,34.8,49,5.1,10.0,0.0,Clear
2024-07-06 00:00:00,2024-07-06,0,34.2,48,16.9,10.0,0.0,Clear
2024-07-06 01:00:00,2024-07-06,1,30.7,42,3.4,10.0,0.0,Clear
2024-07-06 02:00:00,2024-07-06,2,31.5,52,9.9,10.0,0.0,Clear
2024-07-06 03:00:00,2024-07-06,3,31.8,59,12.4,10.0,0.0,Clear
2024-07-06 04:00:00,2024-07-06,4,30.0,55,14.1,10.0,0.0,Clear
2024-07-06 05:00:00,2024-07-06,5,33.2,67,2.0,10.0,0.0,Clear
2024-07-06 06:00:00,2024-07-06,6,33.7,73,14.4,10.0,0.0,Clear
2024-07-06 07:00:00,2024-07-06,7,32.3,65,15.9,10.0,0.0,Sunny
2024-07-06 08:00:00,2024-07-06,8,37.2,78,4.6,10.0,0.0,Sunny
2024-07-06 09:00:00,2024-07-06,9,35.6,76,15.1,10.0,0.0,Sunny
2024-07-06 10:00:00,2024-07-06,10,37.9,79,28.8,10.0,0.0,Sunny
2024-07-06 11:00:00,2024-07-06,11,41.1,73,14.9,10.0,0.0,Sunny
2024-07-06 12:00:00,2024-07-06,12,42.8,66,2.0,10.0,0.0,Sunny
2024-07-06 13:00:00,2024-07-06,13,42.7,62,14.3,10.0,0.0,Sunny
2024-07-06 14:00:00,2024-07-06,14,42.5,61,3.4,10.0,0.0,Sunny
2024-07-06 15:00:00,2024-07-06,15,43.2,57,12.4,10.0,0.0,Sunny
2024-07-06 16:00:00,2024-07-06,16,42.8,58,15.2,10.0,0.0,Sunny
2024-07-06 17:00:00,2024-07-06,17,43.6,48,12.3,10.0,0.0,Sunny
2024-07-06 18:00:00,2024-07-06,18,41.1,39,18.0,10.0,0.0,Sunny
2024-07-06 19:00:00,2024-07-06,19,39.5,41,5.5,10.0,0.0,Clear
2024-07-06 20:00:00,2024-07-06,20,36.9,35,15.6,10.0,0.0,Clear
2024-07-06 21:00:00,2024-07-06,21,36.3,41,7.7,10.0,0.0,Clear
2024-07-06 22:00:00,2024-07-06,22,35.2,43,15.3,10.0,0.0,Clear
2024-07-06 23:00:00,2024-07-06,23,32.4,45,3.9,10.0,0.0,Clear
2024-07-07 00:00:00,2024-07-07,0,30.3,44,5.9,10.0,0.0,Clear
2024-07-07 01:00:00,2024-07-07,1,32.5,46,17.0,10.0,0.0,Clear
2024-07-07 02:00:00,2024-07-07,2,29.5,51,9.5,10.0,0.0,Clear
2024-07-07 03:00:00,2024-07-07,3,28.9,58,5.3,10.0,0.0,Clear
2024-07-07 04:00:00,2024-07-07,4,32.6,61,17.5,10.0,0.0,Clear
2024-07-07 05:00:00,2024-07-07,5,32.4,73,5.9,10.0,0.0,Clear
2024-07-07 06:00:00,2024-07-07,6,33.6,69,13.7,10.0,0.0,Clear
2024-07-07 07:00:00,2024-07-07,7,34.4,73,6.2,10.0,0.0,Sunny
2024-07-07 08:00:00,2024-07-07,8,36.9,72,28.7,10.0,0.0,Partly Cloudy
2024-07-07 09:00:00,2024-07-07,9,38.1,73,11.2,10.0,0.0,Hazy
2024-07-07 10:00:00,2024-07-07,10,38.3,70,9.9,10.0,0.0,Sunny
2024-07-07 11:00:00,2024-07-07,11,39.0,69,19.8,10.0,0.0,Partly Cloudy
2024-07-07 12:00:00,2024-07-07,12,40.1,78,5.6,10.0,0.0,Sunny
2024-07-07 13:00:00,2024-07-07,13,42.5,69,16.5,10.0,0.0,Sunny
2024-07-07 14:00:00,2024-07-07,14,42.0,61,5.1,10.0,0.0,Sunny
2024-07-07 15:00:00,2024-07-07,15,42.5,55,9.4,10.0,0.0,Sunny
2024-07-07 16:00:00,2024-07-07,16,43.1,58,6.7,10.0,0.0,Sunny
2024-07-07 17:00:00,2024-07-07,17,44.3,46,3.6,10.0,0.0,Sunny
2024-07-07 18:00:00,2024-07-07,18,39.8,38,3.6,10.0,0.0,Sunny
2024-07-07 19:00:00,2024-07-07,19,40.3,44,6.7,10.0,0.0,Clear
2024-07-07 20:00:00,2024-07-07,20,37.2,37,15.9,10.0,0.0,Clear
2024-07-07 21:00:00,2024-07-07,21,36.3,35,48.4,10.0,0.0,Clear
2024-07-07 22:00:00,2024-07-07,22,36.4,36,3.7,10.0,0.0,Clear
2024-07-07 23:00:00,2024-07-07,23,32.7,44,9.3,10.0,0.0,Clear
2024-07-08 00:00:00,2024-07-08,0,32.1,45,7.8,10.0,0.0,Clear
2024-07-08 01:00:00,2024-07-08,1,31.5,45,16.3,10.0,0.0,Clear
2024-07-08 02:00:00,2024-07-08,2,31.6,55,23.6,10.0,0.0,Clear
2024-07-08 03:00:00,2024-07-08,3,29.8,55,11.7,10.0,0.0,Clear
2024-07-08 04:00:00,2024-07-08,4,32.2,56,3.9,10.0,0.0,Clear
2024-07-08 05:00:00,2024-07-08,5,30.8,62,7.8,10.0,0.0,Clear
2024-07-08 06:00:00,2024-07-08,6,33.0,71,14.1,10.0,0.0,Clear
2024-07-08 07:00:00,2024-07-08,7,33.5,70,8.1,10.0,0.0,Sunny
2024-07-08 08:00:00,2024-07-08,8,36.2,76,4.5,10.0,0.0,Sunny
2024-07-08 09:00:00,2024-07-08,9,39.4,80,10.1,10.0,0.0,Partly Cloudy
2024-07-08 10:00:00,2024-07-08,10,38.3,73,8.4,10.0,0.0,Sunny
2024-07-08 11:00:00,2024-07-08,11,40.2,84,12.2,10.0,0.0,Sunny
2024-07-08 12:00:00,2024-07-08,12,41.1,72,16.9,10.0,0.0,Partly Cloudy
2024-07-08 13:00:00,2024-07-08,13,41.9,66,22.8,10.0,0.0,Hazy
2024-07-08 14:00:00,2024-07-08,14,42.4,57,31.8,10.0,0.0,Sunny
2024-07-08 15:00:00,2024-07-08,15,43.5,57,40.5,10.0,0.0,Sunny
2024-07-08 16:00:00,2024-07-08,16,42.3,52,2.9,10.0,0.0,Partly Cloudy
2024-07-08 17:00:00,2024-07-08,17,41.7,52,13.1,10.0,0.0,Sunny
2024-07-08 18:00:00,2024-07-08,18,37.8,43,2.0,10.0,0.0,Sunny
2024-07-08 19:00:00,2024-07-08,19,41.9,44,11.8,10.0,0.0,Clear
2024-07-08 20:00:00,2024-07-08,20,40.7,41,15.6,10.0,0.0,Clear
2024-07-08 21:00:00,2024-07-08,21,37.8,44,3.1,10.0,0.0,Clear
2024-07-08 22:00:00,2024-07-08,22,34.3,45,32.8,10.0,0.0,Clear
2024-07-08 23:00:00,2024-07-08,23,32.2,44,3.3,10.0,0.0,Clear
2024-07-09 00:00:00,2024-07-09,0,30.5,48,4.3,10.0,0.0,Clear
2024-07-09 01:00:00,2024-07-09,1,32.1,53,15.8,10.0,0.0,Clear
2024-07-09 02:00:00,2024-07-09,2,32.2,55,13.2,10.0,0.0,Clear
2024-07-09 03:00:00,2024-07-09,3,30.7,59,13.4,10.0,0.0,Clear
2024-07-09 04:00:00,2024-07-09,4,31.8,64,2.0,10.0,0.0,Clear
2024-07-09 05:00:00,2024-07-09,5,31.9,73,14.0,10.0,0.0,Clear
2024-07-09 06:00:00,2024-07-09,6,31.5,71,12.6,10.0,0.0,Clear
2024-07-09 07:00:00,2024-07-09,7,35.0,77,6.5,10.0,0.0,Sunny
2024-07-09 08:00:00,2024-07-09,8,36.5,73,2.3,10.0,0.0,Partly Cloudy
2024-07-09 09:00:00,2024-07-09,9,35.8,82,9.9,10.0,0.0,Sunny
2024-07-09 10:00:00,2024-07-09,10,39.7,77,17.1,10.0,0.0,Sunny
2024-07-09 11:00:00,2024-07-09,11,40.1,72,21.2,10.0,0.0,Sunny
2024-07-09 12:00:00,2024-07-09,12,41.3,70,7.9,10.0,0.0,Sunny
2024-07-09 13:00:00,2024-07-09,13,43.1,66,23.4,10.0,0.0,Sunny
2024-07-09 14:00:00,2024-07-09,14,43.7,63,2.1,10.0,0.0,Sunny
2024-07-09 15:00:00,2024-07-09,15,44.6,59,17.3,10.0,0.0,Partly Cloudy
2024-07-09 16:00:00,2024-07-09,16,42.3,53,9.6,10.0,0.0,Sunny
2024-07-09 17:00:00,2024-07-09,17,43.3,43,2.0,10.0,0.0,Sunny
2024-07-09 18:00:00,2024-07-09,18,40.2,52,20.7,10.0,0.0,Sunny
2024-07-09 19:00:00,2024-07-09,19,40.0,43,9.7,10.0,0.0,Clear
2024-07-09 20:00:00,2024-07-09,20,38.5,42,18.2,10.0,0.0,Clear
2024-07-09 21:00:00,2024-07-09,21,38.2,40,9.0,10.0,0.0,Clear
2024-07-09 22:00:00,2024-07-09,22,35.3,44,8.8,10.0,0.0,Clear
2024-07-09 23:00:00,2024-07-09,23,33.4,43,6.4,10.0,0.0,Clear
2024-07-10 00:00:00,2024-07-10,0,34.1,44,10.1,10.0,0.0,Clear
2024-07-10 01:00:00,2024-07-10,1,30.9,48,13.7,10.0,0.0,Clear
2024-07-10 02:00:00,2024-07-10,2,30.2,58,9.3,10.0,0.0,Clear
2024-07-10 03:00:00,2024-07-10,3,28.2,59,3.4,10.0,0.0,Clear
2024-07-10 04:00:00,2024-07-10,4,30.5,63,12.9,10.0,0.0,Clear
2024-07-10 05:00:00,2024-07-10,5,30.2,65,12.9,10.0,0.0,Clear
2024-07-10 06:00:00,2024-07-10,6,32.1,69,3.3,10.0,0.0,Clear
2024-07-10 07:00:00,2024-07-10,7,34.0,78,5.9,10.0,0.0,Sunny
2024-07-10 08:00:00,2024-07-10,8,34.0,72,3.1,10.0,0.0,Sunny
2024-07-10 09:00:00,2024-07-10,9,36.0,79,10.3,10.0,0.0,Sunny
2024-07-10 10:00:00,2024-07-10,10,36.8,78,15.6,10.0,0.0,Sunny
2024-07-10 11:00:00,2024-07-10,11,39.6,74,14.3,10.0,0.0,Sunny
2024-07-10 12:00:00,2024-07-10,12,40.5,70,2.3,10.0,0.0,Partly Cloudy
2024-07-10 13:00:00,2024-07-10,13,45.2,61,9.8,10.0,0.0,Sunny
2024-07-10 14:00:00,2024-07-10,14,45.1,65,4.0,10.0,0.0,Sunny
2024-07-10 15:00:00,2024-07-10,15,45.1,52,2.9,10.0,0.0,Sunny
2024-07-10 16:00:00,2024-07-10,16,41.7,54,9.9,10.0,0.0,Hazy
2024-07-10 17:00:00,2024-07-10,17,42.4,49,6.6,10.0,0.0,Sunny
2024-07-10 18:00:00,2024-07-10,18,40.2,48,29.5,10.0,0.0,Sunny
2024-07-10 19:00:00,2024-07-10,19,42.5,39,31.6,10.0,0.0,Clear
2024-07-10 20:00:00,2024-07-10,20,39.7,37,15.6,10.0,0.0,Clear
2024-07-10 21:00:00,2024-07-10,21,35.7,42,6.2,10.0,0.0,Clear
2024-07-10 22:00:00,2024-07-10,22,35.8,40,2.0,10.0,0.0,Clear
2024-07-10 23:00:00,2024-07-10,23,32.0,34,6.0,10.0,0.0,Clear
2024-07-11 00:00:00,2024-07-11,0,32.2,45,17.3,10.0,0.0,Clear
2024-07-11 01:00:00,2024-07-11,1,31.2,56,7.1,10.0,0.0,Clear
2024-07-11 02:00:00,2024-07-11,2,31.6,56,2.3,10.0,0.0,Clear
2024-07-11 03:00:00,2024-07-11,3,31.7,53,26.2,10.0,0.0,Clear
2024-07-11 04:00:00,2024-07-11,4,30.7,65,4.6,10.0,0.0,Clear
2024-07-11 05:00:00,2024-07-11,5,31.1,71,5.1,10.0,0.0,Clear
2024-07-11 06:00:00,2024-07-11,6,28.5,64,22.3,10.0,0.0,Clear
2024-07-11 07:00:00,2024-07-11,7,35.6,72,11.5,10.0,0.0,Sunny
2024-07-11 08:00:00,2024-07-11,8,34.5,81,11.9,10.0,0.0,Partly Cloudy
2024-07-11 09:00:00,2024-07-11,9,37.1,70,12.1,10.0,0.0,Hazy
2024-07-11 10:00:00,2024-07-11,10,41.4,74,4.1,10.0,0.0,Hazy
2024-07-11 11:00:00,2024-07-11,11,38.8,73,15.0,10.0,0.0,Sunny
2024-07-11 12:00:00,2024-07-11,12,41.6,69,19.3,10.0,0.0,Sunny
2024-07-11 13:00:00,2024-07-11,13,43.2,73,10.5,10.0,0.0,Sunny
2024-07-11 14:00:00,2024-07-11,14,44.6,68,8.5,10.0,0.0,Sunny
2024-07-11 15:00:00,2024-07-11,15,43.5,57,23.6,10.0,0.0,Partly Cloudy
2024-07-11 16:00:00,2024-07-11,16,44.7,49,17.9,10.0,0.0,Partly Cloudy
2024-07-11 17:00:00,2024-07-11,17,42.1,54,4.8,10.0,0.0,Sunny
2024-07-11 18:00:00,2024-07-11,18,42.2,48,16.4,10.0,0.0,Sunny
2024-07-11 19:00:00,2024-07-11,19,40.7,42,8.8,10.0,0.0,Clear
2024-07-11 20:00:00,2024-07-11,20,38.6,43,11.9,10.0,0.0,Clear
2024-07-11 21:00:00,2024-07-11,21,37.4,43,30.4,10.0,0.0,Clear
2024-07-11 22:00:00,2024-07-11,22,34.3,37,2.3,10.0,0.0,Clear
2024-07-11 23:00:00,2024-07-11,23,33.4,40,2.0,10.0,0.0,Clear
2024-07-12 00:00:00,2024-07-12,0,30.9,45,5.9,10.0,0.0,Clear
2024-07-12 01:00:00,2024-07-12,1,30.8,41,8.5,10.0,0.0,Clear
2024-07-12 02:00:00,2024-07-12,2,32.1,52,5.1,10.0,0.0,Clear
2024-07-12 03:00:00,2024-07-12,3,31.0,55,15.2,10.0,0.0,Clear
2024-07-12 04:00:00,2024-07-12,4,31.1,63,13.6,10.0,0.0,Clear
2024-07-12 05:00:00,2024-07-12,5,29.5,62,10.1,10.0,0.0,Clear
2024-07-12 06:00:00,2024-07-12,6,32.8,72,12.6,10.0,0.0,Clear
2024-07-12 07:00:00,2024-07-12,7,33.7,74,12.1,10.0,0.0,Sunny
2024-07-12 08:00:00,2024-07-12,8,36.0,75,25.0,10.0,0.0,Partly Cloudy
2024-07-12 09:00:00,2024-07-12,9,38.7,78,4.3,10.0,0.0,Partly Cloudy
2024-07-12 10:00:00,2024-07-12,10,38.2,78,11.6,10.0,0.0,Sunny
2024-07-12 11:00:00,2024-07-12,11,39.9,73,22.0,10.0,0.0,Sunny
2024-07-12 12:00:00,2024-07-12,12,42.7,71,8.1,10.0,0.0,Sunny
2024-07-12 13:00:00,2024-07-12,13,41.9,64,9.9,10.0,0.0,Sunny
2024-07-12 14:00:00,2024-07-12,14,43.4,60,17.5,10.0,0.0,Partly Cloudy
2024-07-12 15:00:00,2024-07-12,15,41.1,64,2.0,10.0,0.0,Partly Cloudy
2024-07-12 16:00:00,2024-07-12,16,42.9,53,19.5,10.0,0.0,Sunny
2024-07-12 17:00:00,2024-07-12,17,44.2,49,12.9,10.0,0.0,Sunny
2024-07-12 18:00:00,2024-07-12,18,42.0,45,16.2,10.0,0.0,Sunny
2024-07-12 19:00:00,2024-07-12,19,41.3,44,15.4,10.0,0.0,Clear
2024-07-12 20:00:00,2024-07-12,20,39.8,38,2.6,10.0,0.0,Clear
2024-07-12 21:00:00,2024-07-12,21,38.6,38,2.9,10.0,0.0,Clear
2024-07-12 22:00:00,2024-07-12,22,34.9,44,2.0,10.0,0.0,Clear
2024-07-12 23:00:00,2024-07-12,23,34.9,36,2.6,10.0,0.0,Clear
2024-07-13 00:00:00,2024-07-13,0,35.1,46,4.0,10.0,0.0,Clear
2024-07-13 01:00:00,2024-07-13,1,31.3,46,10.3,10.0,0.0,Clear
2024-07-13 02:00:00,2024-07-13,2,29.1,45,22.9,10.0,0.0,Clear
2024-07-13 03:00:00,2024-07-13,3,29.8,58,7.7,10.0,0.0,Clear
2024-07-13 04:00:00,2024-07-13,4,31.3,58,9.6,10.0,0.0,Clear
2024-07-13 05:00:00,2024-07-13,5,29.4,62,8.9,10.0,0.0,Clear
2024-07-13 06:00:00,2024-07-13,6,31.5,81,13.9,10.0,0.0,Clear
2024-07-13 07:00:00,2024-07-13,7,33.4,76,5.8,10.0,0.0,Sunny
2024-07-13 08:00:00,2024-07-13,8,35.4,78,9.3,10.0,0.0,Sunny
2024-07-13 09:00:00,2024-07-13,9,39.2,76,18.3,10.0,0.0,Sunny
2024-07-13 10:00:00,2024-07-13,10,39.5,71,23.4,10.0,0.0,Sunny
2024-07-13 11:00:00,2024-07-13,11,38.9,73,22.2,10.0,0.0,Sunny
2024-07-13 12:00:00,2024-07-13,12,46.2,69,20.2,10.0,0.0,Partly Cloudy
2024-07-13 13:00:00,2024-07-13,13,42.6,59,21.4,10.0,0.0,Sunny
2024-07-13 14:00:00,2024-07-13,14,41.3,70,10.1,10.0,0.0,Partly Cloudy
2024-07-13 15:00:00,2024-07-13,15,42.3,58,5.6,10.0,0.0,Hazy
2024-07-13 16:00:00,2024-07-13,16,42.0,50,12.6,10.0,0.0,Sunny
2024-07-13 17:00:00,2024-07-13,17,41.0,49,13.7,10.0,0.0,Sunny
2024-07-13 18:00:00,2024-07-13,18,42.2,40,8.0,10.0,0.0,Sunny
2024-07-13 19:00:00,2024-07-13,19,37.0,39,5.9,10.0,0.0,Clear
2024-07-13 20:00:00,2024-07-13,20,39.9,47,21.8,10.0,0.0,Clear
2024-07-13 21:00:00,2024-07-13,21,38.0,38,9.8,10.0,0.0,Clear
2024-07-13 22:00:00,2024-07-13,22,34.8,41,7.6,10.0,0.0,Clear
2024-07-13 23:00:00,2024-07-13,23,34.8,43,8.2,10.0,0.0,Clear
2024-07-14 00:00:00,2024-07-14,0,31.1,45,11.4,10.0,0.0,Clear
2024-07-14 01:00:00,2024-07-14,1,30.4,47,5.7,10.0,0.0,Clear
2024-07-14 02:00:00,2024-07-14,2,31.4,62,13.5,10.0,0.0,Clear
2024-07-14 03:00:00,2024-07-14,3,30.2,55,2.0,10.0,0.0,Clear
2024-07-14 04:00:00,2024-07-14,4,30.0,59,3.2,10.0,0.0,Clear
2024-07-14 05:00:00,2024-07-14,5,31.2,69,7.4,10.0,0.0,Clear
2024-07-14 06:00:00,2024-07-14,6,34.0,66,14.2,10.0,0.0,Clear
2024-07-14 07:00:00,2024-07-14,7,35.3,78,7.4,10.0,0.0,Partly Cloudy
2024-07-14 08:00:00,2024-07-14,8,35.8,75,19.1,10.0,0.0,Sunny
2024-07-14 09:00:00,2024-07-14,9,36.6,77,23.2,10.0,0.0,Sunny
2024-07-14 10:00:00,2024-07-14,10,39.3,77,9.0,10.0,0.0,Sunny
2024-07-14 11:00:00,2024-07-14,11,39.2,72,4.6,10.0,0.0,Sunny
2024-07-14 12:00:00,2024-07-14,12,43.0,74,9.2,10.0,0.0,Sunny
2024-07-14 13:00:00,2024-07-14,13,43.8,70,18.7,10.0,0.0,Sunny
2024-07-14 14:00:00,2024-07-14,14,45.6,65,4.3,10.0,0.0,Hazy
2024-07-14 15:00:00,2024-07-14,15,42.5,52,15.3,10.0,0.0,Sunny
2024-07-14 16:00:00,2024-07-14,16,42.2,52,8.8,10.0,0.0,Sunny
2024-07-14 17:00:00,2024-07-14,17,43.3,49,16.0,10.0,0.0,Partly Cloudy
2024-07-14 18:00:00,2024-07-14,18,41.3,52,13.4,10.0,0.0,Partly Cloudy
2024-07-14 19:00:00,2024-07-14,19,41.4,37,6.3,10.0,0.0,Clear
2024-07-14 20:00:00,2024-07-14,20,40.3,38,8.9,10.0,0.0,Clear
2024-07-14 21:00:00,2024-07-14,21,39.0,44,13.9,10.0,0.0,Clear
2024-07-14 22:00:00,2024-07-14,22,35.4,37,18.1,10.0,0.0,Clear
2024-07-14 23:00:00,2024-07-14,23,34.8,40,8.8,10.0,0.0,Clear
2024-07-15 00:00:00,2024-07-15,0,31.8,52,18.6,10.0,0.0,Clear
2024-07-15 01:00:00,2024-07-15,1,31.6,50,32.6,10.0,0.0,Clear
2024-07-15 02:00:00,2024-07-15,2,30.7,57,19.5,10.0,0.0,Clear
2024-07-15 03:00:00,2024-07-15,3,30.4,61,9.9,10.0,0.0,Clear
2024-07-15 04:00:00,2024-07-15,4,32.9,63,9.6,10.0,0.0,Clear
2024-07-15 05:00:00,2024-07-15,5,29.8,67,2.8,10.0,0.0,Clear
2024-07-15 06:00:00,2024-07-15,6,32.4,74,8.5,10.0,0.0,Clear
2024-07-15 07:00:00,2024-07-15,7,33.8,70,15.4,10.0,0.0,Sunny
2024-07-15 08:00:00,2024-07-15,8,36.1,82,18.1,10.0,0.0,Sunny
2024-07-15 09:00:00,2024-07-15,9,35.7,74,4.1,10.0,0.0,Hazy
2024-07-15 10:00:00,2024-07-15,10,38.3,79,13.3,10.0,0.0,Sunny
2024-07-15 11:00:00,2024-07-15,11,39.5,76,20.9,10.0,0.0,Partly Cloudy
2024-07-15 12:00:00,2024-07-15,12,38.9,69,4.0,10.0,0.0,Hazy
2024-07-15 13:00:00,2024-07-15,13,44.0,69,12.0,10.0,0.0,Sunny
2024-07-15 14:00:00,2024-07-15,14,41.5,63,6.4,10.0,0.0,Sunny
2024-07-15 15:00:00,2024-07-15,15,41.6,51,3.3,10.0,0.0,Hazy
2024-07-15 16:00:00,2024-07-15,16,44.4,53,9.0,10.0,0.0,Sunny
2024-07-15 17:00:00,2024-07-15,17,42.2,44,2.4,10.0,0.0,Sunny
2024-07-15 18:00:00,2024-07-15,18,41.2,47,6.3,10.0,0.0,Sunny
2024-07-15 19:00:00,2024-07-15,19,39.9,42,10.3,10.0,0.0,Clear
2024-07-15 20:00:00,2024-07-15,20,40.0,44,18.2,10.0,0.0,Clear
2024-07-15 21:00:00,2024-07-15,21,36.3,37,4.3,10.0,0.0,Clear
2024-07-15 22:00:00,2024-07-15,22,36.0,35,8.1,10.0,0.0,Clear
2024-07-15 23:00:00,2024-07-15,23,32.4,38,18.4,10.0,0.0,Clear
2024-07-16 00:00:00,2024-07-16,0,32.8,53,5.4,10.0,0.0,Clear
2024-07-16 01:00:00,2024-07-16,1,32.5,61,3.5,10.0,0.0,Clear
2024-07-16 02:00:00,2024-07-16,2,32.4,61,22.8,10.0,0.0,Clear
2024-07-16 03:00:00,2024-07-16,3,28.6,52,9.4,10.0,0.0,Clear
2024-07-16 04:00:00,2024-07-16,4,30.4,57,19.0,10.0,0.0,Clear
2024-07-16 05:00:00,2024-07-16,5,33.3,63,6.1,10.0,0.0,Clear
2024-07-16 06:00:00,2024-07-16,6,33.5,74,15.7,10.0,0.0,Clear
2024-07-16 07:00:00,2024-07-16,7,33.5,82,18.7,10.0,0.0,Partly Cloudy
2024-07-16 08:00:00,2024-07-16,8,35.3,79,6.6,10.0,0.0,Sunny
2024-07-16 09:00:00,2024-07-16,9,37.4,77,15.1,10.0,0.0,Sunny
2024-07-16 10:00:00,2024-07-16,10,38.2,72,5.7,10.0,0.0,Sunny
2024-07-16 11:00:00,2024-07-16,11,40.9,72,22.5,10.0,0.0,Sunny
2024-07-16 12:00:00,2024-07-16,12,42.2,71,5.7,10.0,0.0,Sunny
2024-07-16 13:00:00,2024-07-16,13,41.3,71,23.5,10.0,0.0,Sunny
2024-07-16 14:00:00,2024-07-16,14,42.7,61,13.2,10.0,0.0,Sunny
2024-07-16 15:00:00,2024-07-16,15,43.0,60,8.3,10.0,0.0,Sunny
2024-07-16 16:00:00,2024-07-16,16,43.0,54,25.4,10.0,0.0,Sunny
2024-07-16 17:00:00,2024-07-16,17,43.0,49,6.4,10.0,0.0,Hazy
2024-07-16 18:00:00,2024-07-16,18,41.8,44,32.4,10.0,0.0,Partly Cloudy
2024-07-16 19:00:00,2024-07-16,19,39.4,43,15.2,10.0,0.0,Clear
2024-07-16 20:00:00,2024-07-16,20,40.3,40,3.8,10.0,0.0,Clear
2024-07-16 21:00:00,2024-07-16,21,37.0,37,7.4,10.0,0.0,Clear
2024-07-16 22:00:00,2024-07-16,22,37.1,44,8.6,10.0,0.0,Clear
2024-07-16 23:00:00,2024-07-16,23,35.5,49,33.0,10.0,0.0,Clear
2024-07-17 00:00:00,2024-07-17,0,31.1,46,21.6,10.0,0.0,Clear
2024-07-17 01:00:00,2024-07-17,1,30.8,49,18.3,10.0,0.0,Clear
2024-07-17 02:00:00,2024-07-17,2,30.2,56,6.5,10.0,0.0,Clear
2024-07-17 03:00:00,2024-07-17,3,30.9,59,9.2,10.0,0.0,Clear
2024-07-17 04:00:00,2024-07-17,4,31.6,67,15.5,10.0,0.0,Clear
2024-07-17 05:00:00,2024-07-17,5,31.5,67,16.0,10.0,0.0,Clear
2024-07-17 06:00:00,2024-07-17,6,31.7,73,9.6,10.0,0.0,Clear
2024-07-17 07:00:00,2024-07-17,7,35.7,81,8.8,10.0,0.0,Sunny
2024-07-17 08:00:00,2024-07-17,8,34.8,80,15.6,10.0,0.0,Sunny
2024-07-17 09:00:00,2024-07-17,9,37.9,75,25.5,10.0,0.0,Sunny
2024-07-17 10:00:00,2024-07-17,10,38.6,80,2.5,10.0,0.0,Sunny
2024-07-17 11:00:00,2024-07-17,11,40.2,69,15.7,10.0,0.0,Sunny
2024-07-17 12:00:00,2024-07-17,12,42.4,70,7.2,10.0,0.0,Partly Cloudy
2024-07-17 13:00:00,2024-07-17,13,44.5,70,5.1,10.0,0.0,Sunny
2024-07-17 14:00:00,2024-07-17,14,43.6,69,3.1,10.0,0.0,Sunny
2024-07-17 15:00:00,2024-07-17,15,42.9,55,5.5,10.0,0.0,Sunny
2024-07-17 16:00:00,2024-07-17,16,45.1,53,10.8,10.0,0.0,Sunny
2024-07-17 17:00:00,2024-07-17,17,43.2,49,8.9,10.0,0.0,Sunny
2024-07-17 18:00:00,2024-07-17,18,41.8,45,9.7,10.0,0.0,Sunny
2024-07-17 19:00:00,2024-07-17,19,41.5,38,9.4,10.0,0.0,Clear
2024-07-17 20:00:00,2024-07-17,20,39.1,43,14.6,10.0,0.0,Clear
2024-07-17 21:00:00,2024-07-17,21,39.9,35,15.4,10.0,0.0,Clear
2024-07-17 22:00:00,2024-07-17,22,35.3,45,4.1,10.0,0.0,Clear
2024-07-17 23:00:00,2024-07-17,23,35.1,48,7.8,10.0,0.0,Clear
2024-07-18 00:00:00,2024-07-18,0,32.9,43,31.3,10.0,0.0,Clear
2024-07-18 01:00:00,2024-07-18,1,31.9,44,4.3,10.0,0.0,Clear
2024-07-18 02:00:00,2024-07-18,2,30.3,53,12.0,10.0,0.0,Clear
2024-07-18 03:00:00,2024-07-18,3,30.1,56,16.7,10.0,0.0,Clear
2024-07-18 04:00:00,2024-07-18,4,31.3,62,21.0,10.0,0.0,Clear
2024-07-18 05:00:00,2024-07-18,5,30.3,67,14.2,10.0,0.0,Clear
2024-07-18 06:00:00,2024-07-18,6,31.7,67,8.2,10.0,0.0,Clear
2024-07-18 07:00:00,2024-07-18,7,33.8,80,6.4,10.0,0.0,Partly Cloudy
2024-07-18 08:00:00,2024-07-18,8,36.8,73,14.0,10.0,0.0,Sunny
2024-07-18 09:00:00,2024-07-18,9,37.1,80,17.7,10.0,0.0,Sunny
2024-07-18 10:00:00,2024-07-18,10,38.8,72,24.7,10.0,0.0,Hazy
2024-07-18 11:00:00,2024-07-18,11,39.0,74,22.2,10.0,0.0,Partly Cloudy
2024-07-18 12:00:00,2024-07-18,12,43.6,73,18.7,10.0,0.0,Sunny
2024-07-18 13:00:00,2024-07-18,13,44.0,68,3.3,10.0,0.0,Hazy
2024-07-18 14:00:00,2024-07-18,14,44.7,62,4.2,10.0,0.0,Sunny
2024-07-18 15:00:00,2024-07-18,15,41.8,56,42.1,10.0,0.0,Hazy
2024-07-18 16:00:00,2024-07-18,16,43.7,52,9.6,10.0,0.0,Sunny
2024-07-18 17:00:00,2024-07-18,17,41.5,46,13.0,10.0,0.0,Sunny
2024-07-18 18:00:00,2024-07-18,18,42.5,47,2.0,10.0,0.0,Sunny
2024-07-18 19:00:00,2024-07-18,19,40.6,50,19.4,10.0,0.0,Clear
2024-07-18 20:00:00,2024-07-18,20,39.3,42,11.1,10.0,0.0,Clear
2024-07-18 21:00:00,2024-07-18,21,36.1,42,10.8,10.0,0.0,Clear
2024-07-18 22:00:00,2024-07-18,22,34.1,45,39.9,10.0,0.0,Clear
2024-07-18 23:00:00,2024-07-18,23,33.0,41,14.3,10.0,0.0,Clear
2024-07-19 00:00:00,2024-07-19,0,32.8,38,8.9,10.0,0.0,Clear
2024-07-19 01:00:00,2024-07-19,1,31.1,49,10.9,10.0,0.0,Clear
2024-07-19 02:00:00,2024-07-19,2,31.0,57,6.7,10.0,0.0,Clear
2024-07-19 03:00:00,2024-07-19,3,29.3,66,4.6,10.0,0.0,Clear
2024-07-19 04:00:00,2024-07-19,4,30.7,59,9.5,10.0,0.0,Clear
2024-07-19 05:00:00,2024-07-19,5,33.0,71,2.7,10.0,0.0,Clear
2024-07-19 06:00:00,2024-07-19,6,32.8,72,7.8,10.0,0.0,Clear
2024-07-19 07:00:00,2024-07-19,7,34.2,72,2.0,10.0,0.0,Partly Cloudy
2024-07-19 08:00:00,2024-07-19,8,35.8,71,19.0,10.0,0.0,Sunny
2024-07-19 09:00:00,2024-07-19,9,36.4,74,33.8,10.0,0.0,Sunny
2024-07-19 10:00:00,2024-07-19,10,40.6,78,9.4,10.0,0.0,Sunny
2024-07-19 11:00:00,2024-07-19,11,40.7,78,5.1,10.0,0.0,Sunny
2024-07-19 12:00:00,2024-07-19,12,41.8,60,12.0,10.0,0.0,Hazy
2024-07-19 13:00:00,2024-07-19,13,43.5,69,20.8,10.0,0.0,Sunny
2024-07-19 14:00:00,2024-07-19,14,44.4,60,6.0,10.0,0.0,Sunny
2024-07-19 15:00:00,2024-07-19,15,42.0,56,15.7,10.0,0.0,Sunny
2024-07-19 16:00:00,2024-07-19,16,43.3,55,3.0,10.0,0.0,Hazy
2024-07-19 17:00:00,2024-07-19,17,45.3,57,11.8,10.0,0.0,Sunny
2024-07-19 18:00:00,2024-07-19,18,43.6,42,16.6,10.0,0.0,Sunny
2024-07-19 19:00:00,2024-07-19,19,40.1,42,2.4,10.0,0.0,Clear
2024-07-19 20:00:00,2024-07-19,20,39.6,34,16.8,10.0,0.0,Clear
2024-07-19 21:00:00,2024-07-19,21,36.6,42,8.7,10.0,0.0,Clear
2024-07-19 22:00:00,2024-07-19,22,35.7,38,27.0,10.0,0.0,Clear
2024-07-19 23:00:00,2024-07-19,23,33.2,49,11.7,10.0,0.0,Clear
2024-07-20 00:00:00,2024-07-20,0,31.8,47,17.5,10.0,0.0,Clear
2024-07-20 01:00:00,2024-07-20,1,30.7,48,31.5,10.0,0.0,Clear
2024-07-20 02:00:00,2024-07-20,2,32.7,52,8.7,10.0,0.0,Clear
2024-07-20 03:00:00,2024-07-20,3,29.9,59,2.0,10.0,0.0,Clear
2024-07-20 04:00:00,2024-07-20,4,32.1,65,5.0,10.0,0.0,Clear
2024-07-20 05:00:00,2024-07-20,5,30.9,62,10.5,10.0,0.0,Clear
2024-07-20 06:00:00,2024-07-20,6,31.7,70,44.0,10.0,0.0,Clear
2024-07-20 07:00:00,2024-07-20,7,34.2,74,26.6,10.0,0.0,Sunny
2024-07-20 08:00:00,2024-07-20,8,33.8,76,6.0,10.0,0.0,Sunny
2024-07-20 09:00:00,2024-07-20,9,37.8,81,8.5,10.0,0.0,Partly Cloudy
2024-07-20 10:00:00,2024-07-20,10,38.5,70,16.2,10.0,0.0,Partly Cloudy
2024-07-20 11:00:00,2024-07-20,11,39.6,77,23.3,10.0,0.0,Sunny
2024-07-20 12:00:00,2024-07-20,12,40.7,72,2.6,10.0,0.0,Sunny
2024-07-20 13:00:00,2024-07-20,13,45.0,65,16.3,10.0,0.0,Partly Cloudy
2024-07-20 14:00:00,2024-07-20,14,43.2,66,10.7,10.0,0.0,Sunny
2024-07-20 15:00:00,2024-07-20,15,43.4,56,2.0,10.0,0.0,Sunny
2024-07-20 16:00:00,2024-07-20,16,44.3,46,7.6,10.0,0.0,Sunny
2024-07-20 17:00:00,2024-07-20,17,41.6,35,6.4,10.0,0.0,Partly Cloudy
2024-07-20 18:00:00,2024-07-20,18,43.0,40,6.3,10.0,0.0,Partly Cloudy
2024-07-20 19:00:00,2024-07-20,19,40.2,40,23.3,10.0,0.0,Clear
2024-07-20 20:00:00,2024-07-20,20,37.0,41,13.5,10.0,0.0,Clear
2024-07-20 21:00:00,2024-07-20,21,36.4,42,7.7,10.0,0.0,Clear
2024-07-20 22:00:00,2024-07-20,22,34.0,40,6.4,10.0,0.0,Clear
2024-07-20 23:00:00,2024-07-20,23,33.8,37,12.2,10.0,0.0,Clear
2024-07-21 00:00:00,2024-07-21,0,31.5,44,7.3,10.0,0.0,Clear
2024-07-21 01:00:00,2024-07-21,1,30.3,48,16.8,10.0,0.0,Clear
2024-07-21 02:00:00,2024-07-21,2,31.1,60,9.0,10.0,0.0,Clear
2024-07-21 03:00:00,2024-07-21,3,30.6,60,2.0,10.0,0.0,Clear
2024-07-21 04:00:00,2024-07-21,4,32.2,56,2.7,10.0,0.0,Clear
2024-07-21 05:00:00,2024-07-21,5,32.8,66,5.6,10.0,0.0,Clear
2024-07-21 06:00:00,2024-07-21,6,32.5,74,8.9,10.0,0.0,Clear
2024-07-21 07:00:00,2024-07-21,7,34.3,74,13.5,10.0,0.0,Partly Cloudy
2024-07-21 08:00:00,2024-07-21,8,33.6,69,12.8,10.0,0.0,Sunny
2024-07-21 09:00:00,2024-07-21,9,37.8,79,28.6,10.0,0.0,Sunny
2024-07-21 10:00:00,2024-07-21,10,39.2,77,2.0,10.0,0.0,Sunny
2024-07-21 11:00:00,2024-07-21,11,41.4,73,2.0,10.0,0.0,Partly Cloudy
2024-07-21 12:00:00,2024-07-21,12,41.2,68,2.3,10.0,0.0,Sunny
2024-07-21 13:00:00,2024-07-21,13,42.3,71,4.5,10.0,0.0,Partly Cloudy
2024-07-21 14:00:00,2024-07-21,14,42.9,55,17.4,10.0,0.0,Sunny
2024-07-21 15:00:00,2024-07-21,15,45.2,52,12.1,10.0,0.0,Sunny
2024-07-21 16:00:00,2024-07-21,16,43.6,50,2.3,10.0,0.0,Partly Cloudy
2024-07-21 17:00:00,2024-07-21,17,40.8,50,4.6,10.0,0.0,Sunny
2024-07-21 18:00:00,2024-07-21,18,42.4,40,4.9,10.0,0.0,Sunny
2024-07-21 19:00:00,2024-07-21,19,39.7,40,3.9,10.0,0.0,Clear
2024-07-21 20:00:00,2024-07-21,20,40.0,39,7.3,10.0,0.0,Clear
2024-07-21 21:00:00,2024-07-21,21,37.6,41,5.9,10.0,0.0,Clear
2024-07-21 22:00:00,2024-07-21,22,36.8,40,6.4,10.0,0.0,Clear
2024-07-21 23:00:00,2024-07-21,23,35.0,41,2.5,10.0,0.0,Clear
2024-07-22 00:00:00,2024-07-22,0,33.5,42,13.5,10.0,0.0,Clear
2024-07-22 01:00:00,2024-07-22,1,32.7,53,9.3,10.0,0.0,Clear
2024-07-22 02:00:00,2024-07-22,2,31.7,56,5.5,10.0,0.0,Clear
2024-07-22 03:00:00,2024-07-22,3,29.7,60,3.2,10.0,0.0,Clear
2024-07-22 04:00:00,2024-07-22,4,29.3,60,6.8,10.0,0.0,Clear
2024-07-22 05:00:00,2024-07-22,5,30.4,65,2.0,10.0,0.0,Clear
2024-07-22 06:00:00,2024-07-22,6,33.3,73,12.2,10.0,0.0,Clear
2024-07-22 07:00:00,2024-07-22,7,31.1,71,13.0,10.0,0.0,Sunny
2024-07-22 08:00:00,2024-07-22,8,35.3,72,8.9,10.0,0.0,Sunny
2024-07-22 09:00:00,2024-07-22,9,36.7,77,27.7,10.0,0.0,Partly Cloudy
2024-07-22 10:00:00,2024-07-22,10,40.2,70,13.3,10.0,0.0,Sunny
2024-07-22 11:00:00,2024-07-22,11,40.1,73,16.2,10.0,0.0,Partly Cloudy
2024-07-22 12:00:00,2024-07-22,12,41.2,74,12.6,10.0,0.0,Sunny
2024-07-22 13:00:00,2024-07-22,13,44.2,68,12.7,10.0,0.0,Sunny
2024-07-22 14:00:00,2024-07-22,14,43.2,58,10.4,10.0,0.0,Sunny
2024-07-22 15:00:00,2024-07-22,15,43.2,60,15.8,10.0,0.0,Sunny
2024-07-22 16:00:00,2024-07-22,16,42.7,51,9.8,10.0,0.0,Sunny
2024-07-22 17:00:00,2024-07-22,17,43.0,52,3.5,10.0,0.0,Sunny
2024-07-22 18:00:00,2024-07-22,18,41.2,47,17.2,10.0,0.0,Sunny
2024-07-22 19:00:00,2024-07-22,19,39.9,41,12.4,10.0,0.0,Clear
2024-07-22 20:00:00,2024-07-22,20,40.4,38,3.8,10.0,0.0,Clear
2024-07-22 21:00:00,2024-07-22,21,37.1,37,8.5,10.0,0.0,Clear
2024-07-22 22:00:00,2024-07-22,22,34.8,51,2.0,10.0,0.0,Clear
2024-07-22 23:00:00,2024-07-22,23,32.6,33,22.7,10.0,0.0,Clear
2024-07-23 00:00:00,2024-07-23,0,32.6,38,11.8,10.0,0.0,Clear
2024-07-23 01:00:00,2024-07-23,1,30.7,53,2.8,10.0,0.0,Clear
2024-07-23 02:00:00,2024-07-23,2,30.3,57,7.7,10.0,0.0,Clear
2024-07-23 03:00:00,2024-07-23,3,29.5,59,3.5,10.0,0.0,Clear
2024-07-23 04:00:00,2024-07-23,4,31.0,55,5.9,10.0,0.0,Clear
2024-07-23 05:00:00,2024-07-23,5,29.8,69,12.8,10.0,0.0,Clear
2024-07-23 06:00:00,2024-07-23,6,32.9,67,16.8,10.0,0.0,Clear
2024-07-23 07:00:00,2024-07-23,7,33.1,73,3.1,10.0,0.0,Sunny
2024-07-23 08:00:00,2024-07-23,8,36.2,77,22.8,10.0,0.0,Hazy
2024-07-23 09:00:00,2024-07-23,9,37.6,78,19.6,10.0,0.0,Sunny
2024-07-23 10:00:00,2024-07-23,10,38.8,73,6.6,10.0,0.0,Sunny
2024-07-23 11:00:00,2024-07-23,11,41.3,79,4.9,10.0,0.0,Partly Cloudy
2024-07-23 12:00:00,2024-07-23,12,43.5,74,15.3,10.0,0.0,Partly Cloudy
2024-07-23 13:00:00,2024-07-23,13,44.2,63,39.7,10.0,0.0,Sunny
2024-07-23 14:00:00,2024-07-23,14,41.7,61,9.2,10.0,0.0,Sunny
2024-07-23 15:00:00,2024-07-23,15,42.8,55,6.1,10.0,0.0,Sunny
2024-07-23 16:00:00,2024-07-23,16,42.7,53,5.5,10.0,0.0,Partly Cloudy
2024-07-23 17:00:00,2024-07-23,17,43.4,52,2.0,10.0,0.0,Sunny
2024-07-23 18:00:00,2024-07-23,18,41.0,38,4.4,10.0,0.0,Sunny
2024-07-23 19:00:00,2024-07-23,19,39.6,34,2.0,10.0,0.0,Clear
2024-07-23 20:00:00,2024-07-23,20,37.8,37,17.5,10.0,0.0,Clear
2024-07-23 21:00:00,2024-07-23,21,37.4,45,21.3,10.0,0.0,Clear
2024-07-23 22:00:00,2024-07-23,22,36.1,42,6.4,10.0,0.0,Clear
2024-07-23 23:00:00,2024-07-23,23,32.3,49,8.4,10.0,0.0,Clear
2024-07-24 00:00:00,2024-07-24,0,31.8,45,4.5,10.0,0.0,Clear
2024-07-24 01:00:00,2024-07-24,1,29.1,46,4.7,10.0,0.0,Clear
2024-07-24 02:00:00,2024-07-24,2,27.9,47,8.7,10.0,0.0,Clear
2024-07-24 03:00:00,2024-07-24,3,31.1,55,11.3,10.0,0.0,Clear
2024-07-24 04:00:00,2024-07-24,4,31.1,60,28.7,10.0,0.0,Clear
2024-07-24 05:00:00,2024-07-24,5,31.6,57,2.1,10.0,0.0,Clear
2024-07-24 06:00:00,2024-07-24,6,34.3,67,7.9,10.0,0.0,Clear
2024-07-24 07:00:00,2024-07-24,7,31.7,70,10.8,10.0,0.0,Hazy
2024-07-24 08:00:00,2024-07-24,8,32.8,75,7.1,10.0,0.0,Sunny
2024-07-24 09:00:00,2024-07-24,9,35.7,76,13.5,10.0,0.0,Sunny
2024-07-24 10:00:00,2024-07-24,10,36.1,77,18.5,10.0,0.0,Sunny
2024-07-24 11:00:00,2024-07-24,11,39.5,67,7.3,10.0,0.0,Sunny
2024-07-24 12:00:00,2024-07-24,12,42.3,66,8.2,10.0,0.0,Partly Cloudy
2024-07-24 13:00:00,2024-07-24,13,43.0,71,5.7,10.0,0.0,Sunny
2024-07-24 14:00:00,2024-07-24,14,44.5,62,14.0,10.0,0.0,Sunny
2024-07-24 15:00:00,2024-07-24,15,43.9,61,4.1,10.0,0.0,Sunny
2024-07-24 16:00:00,2024-07-24,16,42.8,53,17.4,10.0,0.0,Hazy
2024-07-24 17:00:00,2024-07-24,17,42.0,50,5.1,10.0,0.0,Sunny
2024-07-24 18:00:00,2024-07-24,18,42.1,47,11.8,10.0,0.0,Sunny
2024-07-24 19:00:00,2024-07-24,19,38.4,40,11.7,10.0,0.0,Clear
2024-07-24 20:00:00,2024-07-24,20,34.9,38,23.6,10.0,0.0,Clear
2024-07-24 21:00:00,2024-07-24,21,37.5,37,2.0,10.0,0.0,Clear
2024-07-24 22:00:00,2024-07-24,22,35.6,40,18.7,10.0,0.0,Clear
2024-07-24 23:00:00,2024-07-24,23,35.6,45,4.1,10.0,0.0,Clear
2024-07-25 00:00:00,2024-07-25,0,33.2,44,18.3,10.0,0.0,Clear
2024-07-25 01:00:00,2024-07-25,1,31.7,54,3.6,10.0,0.0,Clear
2024-07-25 02:00:00,2024-07-25,2,30.3,60,9.6,10.0,0.0,Clear
2024-07-25 03:00:00,2024-07-25,3,29.5,54,6.2,10.0,0.0,Clear
2024-07-25 04:00:00,2024-07-25,4,30.4,67,17.2,10.0,0.0,Clear
2024-07-25 05:00:00,2024-07-25,5,32.5,67,3.4,10.0,0.0,Clear
2024-07-25 06:00:00,2024-07-25,6,33.0,72,2.3,10.0,0.0,Clear
2024-07-25 07:00:00,2024-07-25,7,34.9,73,10.9,10.0,0.0,Partly Cloudy
2024-07-25 08:00:00,2024-07-25,8,35.4,80,3.8,10.0,0.0,Sunny
2024-07-25 09:00:00,2024-07-25,9,35.9,77,12.8,10.0,0.0,Sunny
2024-07-25 10:00:00,2024-07-25,10,40.1,74,11.8,10.0,0.0,Sunny
2024-07-25 11:00:00,2024-07-25,11,41.5,72,9.0,10.0,0.0,Sunny
2024-07-25 12:00:00,2024-07-25,12,41.8,66,9.4,10.0,0.0,Sunny
2024-07-25 13:00:00,2024-07-25,13,43.3,65,12.7,10.0,0.0,Sunny
2024-07-25 14:00:00,2024-07-25,14,43.9,68,8.4,10.0,0.0,Partly Cloudy
2024-07-25 15:00:00,2024-07-25,15,42.9,62,5.5,10.0,0.0,Hazy
2024-07-25 16:00:00,2024-07-25,16,43.0,51,8.0,10.0,0.0,Sunny
2024-07-25 17:00:00,2024-07-25,17,41.5,45,8.0,10.0,0.0,Sunny
2024-07-25 18:00:00,2024-07-25,18,41.3,49,9.7,10.0,0.0,Hazy
2024-07-25 19:00:00,2024-07-25,19,41.5,44,34.0,10.0,0.0,Clear
2024-07-25 20:00:00,2024-07-25,20,39.7,33,7.9,10.0,0.0,Clear
2024-07-25 21:00:00,2024-07-25,21,37.7,52,23.1,10.0,0.0,Clear
2024-07-25 22:00:00,2024-07-25,22,36.5,41,18.7,10.0,0.0,Clear
2024-07-25 23:00:00,2024-07-25,23,33.3,49,4.2,10.0,0.0,Clear
2024-07-26 00:00:00,2024-07-26,0,31.0,46,3.4,10.0,0.0,Clear
2024-07-26 01:00:00,2024-07-26,1,31.2,45,10.7,10.0,0.0,Clear
2024-07-26 02:00:00,2024-07-26,2,30.6,54,18.3,10.0,0.0,Clear
2024-07-26 03:00:00,2024-07-26,3,31.3,52,8.6,10.0,0.0,Clear
2024-07-26 04:00:00,2024-07-26,4,31.3,62,10.9,10.0,0.0,Clear
2024-07-26 05:00:00,2024-07-26,5,32.6,63,10.4,10.0,0.0,Clear
2024-07-26 06:00:00,2024-07-26,6,30.0,70,26.9,10.0,0.0,Clear
2024-07-26 07:00:00,2024-07-26,7,32.8,75,17.3,10.0,0.0,Sunny
2024-07-26 08:00:00,2024-07-26,8,35.2,77,6.3,10.0,0.0,Hazy
2024-07-26 09:00:00,2024-07-26,9,37.6,70,2.4,10.0,0.0,Sunny
2024-07-26 10:00:00,2024-07-26,10,41.2,73,9.1,10.0,0.0,Sunny
2024-07-26 11:00:00,2024-07-26,11,39.1,66,8.6,10.0,0.0,Partly Cloudy
2024-07-26 12:00:00,2024-07-26,12,40.7,73,44.8,10.0,0.0,Sunny
2024-07-26 13:00:00,2024-07-26,13,42.1,68,9.7,10.0,0.0,Sunny
2024-07-26 14:00:00,2024-07-26,14,42.4,58,9.9,10.0,0.0,Sunny
2024-07-26 15:00:00,2024-07-26,15,42.4,64,7.3,10.0,0.0,Sunny
2024-07-26 16:00:00,2024-07-26,16,43.3,55,6.9,10.0,0.0,Sunny
2024-07-26 17:00:00,2024-07-26,17,43.8,49,17.2,10.0,0.0,Sunny
2024-07-26 18:00:00,2024-07-26,18,41.7,43,16.1,10.0,0.0,Sunny
2024-07-26 19:00:00,2024-07-26,19,39.2,40,8.0,10.0,0.0,Clear
2024-07-26 20:00:00,2024-07-26,20,38.4,37,14.3,10.0,0.0,Clear
2024-07-26 21:00:00,2024-07-26,21,35.8,45,10.3,10.0,0.0,Clear
2024-07-26 22:00:00,2024-07-26,22,36.5,42,11.0,10.0,0.0,Clear
2024-07-26 23:00:00,2024-07-26,23,35.5,38,4.5,10.0,0.0,Clear
2024-07-27 00:00:00,2024-07-27,0,30.5,50,15.2,10.0,0.0,Clear
2024-07-27 01:00:00,2024-07-27,1,31.6,49,7.9,10.0,0.0,Clear
2024-07-27 02:00:00,2024-07-27,2,29.8,50,21.4,10.0,0.0,Clear
2024-07-27 03:00:00,2024-07-27,3,30.6,66,2.8,10.0,0.0,Clear
2024-07-27 04:00:00,2024-07-27,4,30.6,58,7.4,10.0,0.0,Clear
2024-07-27 05:00:00,2024-07-27,5,29.8,64,3.0,10.0,0.0,Clear
2024-07-27 06:00:00,2024-07-27,6,33.9,71,18.0,10.0,0.0,Clear
2024-07-27 07:00:00,2024-07-27,7,33.6,75,12.1,10.0,0.0,Partly Cloudy
2024-07-27 08:00:00,2024-07-27,8,34.8,72,2.8,10.0,0.0,Partly Cloudy
2024-07-27 09:00:00,2024-07-27,9,37.1,67,10.4,10.0,0.0,Partly Cloudy
2024-07-27 10:00:00,2024-07-27,10,37.6,76,8.0,10.0,0.0,Sunny
2024-07-27 11:00:00,2024-07-27,11,40.0,69,7.2,10.0,0.0,Sunny
2024-07-27 12:00:00,2024-07-27,12,39.4,69,9.5,10.0,0.0,Partly Cloudy
2024-07-27 13:00:00,2024-07-27,13,39.8,64,30.9,10.0,0.0,Sunny
2024-07-27 14:00:00,2024-07-27,14,42.1,58,31.3,10.0,0.0,Partly Cloudy
2024-07-27 15:00:00,2024-07-27,15,42.9,57,10.6,10.0,0.0,Sunny
2024-07-27 16:00:00,2024-07-27,16,41.2,51,8.4,10.0,0.0,Partly Cloudy
2024-07-27 17:00:00,2024-07-27,17,42.0,46,2.5,10.0,0.0,Sunny
2024-07-27 18:00:00,2024-07-27,18,41.0,49,10.9,10.0,0.0,Sunny
2024-07-27 19:00:00,2024-07-27,19,40.2,38,31.8,10.0,0.0,Clear
2024-07-27 20:00:00,2024-07-27,20,39.4,40,12.9,10.0,0.0,Clear
2024-07-27 21:00:00,2024-07-27,21,39.1,40,7.6,10.0,0.0,Clear
2024-07-27 22:00:00,2024-07-27,22,35.8,34,4.2,10.0,0.0,Clear
2024-07-27 23:00:00,2024-07-27,23,32.6,38,9.8,10.0,0.0,Clear
2024-07-28 00:00:00,2024-07-28,0,33.2,45,29.4,10.0,0.0,Clear
2024-07-28 01:00:00,2024-07-28,1,33.1,49,8.0,10.0,0.0,Clear
2024-07-28 02:00:00,2024-07-28,2,29.4,50,20.7,10.0,0.0,Clear
2024-07-28 03:00:00,2024-07-28,3,29.2,58,8.6,10.0,0.0,Clear
2024-07-28 04:00:00,2024-07-28,4,29.0,64,2.0,10.0,0.0,Clear
2024-07-28 05:00:00,2024-07-28,5,30.7,69,2.2,10.0,0.0,Clear
2024-07-28 06:00:00,2024-07-28,6,32.9,73,15.3,10.0,0.0,Clear
2024-07-28 07:00:00,2024-07-28,7,35.5,78,10.4,10.0,0.0,Partly Cloudy
2024-07-28 08:00:00,2024-07-28,8,36.4,76,19.2,10.0,0.0,Sunny
2024-07-28 09:00:00,2024-07-28,9,37.5,70,9.1,10.0,0.0,Hazy
2024-07-28 10:00:00,2024-07-28,10,38.7,74,20.3,10.0,0.0,Partly Cloudy
2024-07-28 11:00:00,2024-07-28,11,40.7,69,14.5,10.0,0.0,Sunny
2024-07-28 12:00:00,2024-07-28,12,42.1,74,3.1,10.0,0.0,Sunny
2024-07-28 13:00:00,2024-07-28,13,44.2,72,7.9,10.0,0.0,Partly Cloudy
2024-07-28 14:00:00,2024-07-28,14,43.3,63,5.9,10.0,0.0,Sunny
2024-07-28 15:00:00,2024-07-28,15,43.8,63,4.0,10.0,0.0,Sunny
2024-07-28 16:00:00,2024-07-28,16,42.8,58,8.6,10.0,0.0,Hazy
2024-07-28 17:00:00,2024-07-28,17,42.8,50,20.1,10.0,0.0,Sunny
2024-07-28 18:00:00,2024-07-28,18,41.3,47,6.3,10.0,0.0,Partly Cloudy
2024-07-28 19:00:00,2024-07-28,19,38.8,46,3.7,10.0,0.0,Clear
2024-07-28 20:00:00,2024-07-28,20,39.7,35,17.7,10.0,0.0,Clear
2024-07-28 21:00:00,2024-07-28,21,38.8,41,10.4,10.0,0.0,Clear
2024-07-28 22:00:00,2024-07-28,22,35.3,43,2.0,10.0,0.0,Clear
2024-07-28 23:00:00,2024-07-28,23,34.1,37,13.6,10.0,0.0,Clear
2024-07-29 00:00:00,2024-07-29,0,33.4,53,13.8,10.0,0.0,Clear
2024-07-29 01:00:00,2024-07-29,1,31.2,53,9.1,10.0,0.0,Clear
2024-07-29 02:00:00,2024-07-29,2,30.9,58,2.8,10.0,0.0,Clear
2024-07-29 03:00:00,2024-07-29,3,30.2,60,5.7,10.0,0.0,Clear
2024-07-29 04:00:00,2024-07-29,4,30.1,59,7.2,10.0,0.0,Clear
2024-07-29 05:00:00,2024-07-29,5,32.0,62,9.2,10.0,0.0,Clear
2024-07-29 06:00:00,2024-07-29,6,33.0,70,3.6,10.0,0.0,Clear
2024-07-29 07:00:00,2024-07-29,7,34.9,76,16.1,10.0,0.0,Sunny
2024-07-29 08:00:00,2024-07-29,8,35.3,78,32.3,10.0,0.0,Partly Cloudy
2024-07-29 09:00:00,2024-07-29,9,35.6,83,4.4,10.0,0.0,Sunny
2024-07-29 10:00:00,2024-07-29,10,40.0,74,5.6,10.0,0.0,Sunny
2024-07-29 11:00:00,2024-07-29,11,39.4,72,5.2,10.0,0.0,Sunny
2024-07-29 12:00:00,2024-07-29,12,40.7,71,48.5,10.0,0.0,Hazy
2024-07-29 13:00:00,2024-07-29,13,42.0,62,11.6,10.0,0.0,Partly Cloudy
2024-07-29 14:00:00,2024-07-29,14,41.2,69,20.7,10.0,0.0,Partly Cloudy
2024-07-29 15:00:00,2024-07-29,15,43.2,57,12.7,10.0,0.0,Hazy
2024-07-29 16:00:00,2024-07-29,16,44.0,54,3.1,10.0,0.0,Partly Cloudy
2024-07-29 17:00:00,2024-07-29,17,42.1,52,4.1,10.0,0.0,Sunny
2024-07-29 18:00:00,2024-07-29,18,43.2,42,5.2,10.0,0.0,Hazy
2024-07-29 19:00:00,2024-07-29,19,41.8,44,5.8,10.0,0.0,Clear
2024-07-29 20:00:00,2024-07-29,20,39.7,41,16.3,10.0,0.0,Clear
2024-07-29 21:00:00,2024-07-29,21,34.7,44,41.3,10.0,0.0,Clear
2024-07-29 22:00:00,2024-07-29,22,37.0,41,8.1,10.0,0.0,Clear
2024-07-29 23:00:00,2024-07-29,23,33.5,31,10.6,10.0,0.0,Clear
2024-07-30 00:00:00,2024-07-30,0,34.4,42,9.3,10.0,0.0,Clear
2024-07-30 01:00:00,2024-07-30,1,30.6,43,2.5,10.0,0.0,Clear
2024-07-30 02:00:00,2024-07-30,2,30.6,61,24.3,10.0,0.0,Clear
2024-07-30 03:00:00,2024-07-30,3,30.6,64,14.8,10.0,0.0,Clear
2024-07-30 04:00:00,2024-07-30,4,29.6,54,8.5,10.0,0.0,Clear
2024-07-30 05:00:00,2024-07-30,5,29.4,63,35.2,10.0,0.0,Clear
2024-07-30 06:00:00,2024-07-30,6,29.5,65,2.0,10.0,0.0,Clear
2024-07-30 07:00:00,2024-07-30,7,37.3,74,17.0,10.0,0.0,Sunny
2024-07-30 08:00:00,2024-07-30,8,33.3,72,9.0,10.0,0.0,Partly Cloudy
2024-07-30 09:00:00,2024-07-30,9,35.0,75,6.8,10.0,0.0,Partly Cloudy
2024-07-30 10:00:00,2024-07-30,10,39.4,70,6.4,10.0,0.0,Sunny
2024-07-30 11:00:00,2024-07-30,11,38.5,75,8.2,10.0,0.0,Sunny
2024-07-30 12:00:00,2024-07-30,12,39.7,64,7.5,10.0,0.0,Sunny
2024-07-30 13:00:00,2024-07-30,13,39.2,77,13.4,10.0,0.0,Sunny
2024-07-30 14:00:00,2024-07-30,14,43.6,69,11.4,10.0,0.0,Sunny
2024-07-30 15:00:00,2024-07-30,15,42.2,68,23.1,10.0,0.0,Hazy
2024-07-30 16:00:00,2024-07-30,16,44.1,56,7.5,10.0,0.0,Sunny
2024-07-30 17:00:00,2024-07-30,17,42.5,55,28.8,10.0,0.0,Partly Cloudy
2024-07-30 18:00:00,2024-07-30,18,41.7,49,26.8,10.0,0.0,Partly Cloudy
2024-07-30 19:00:00,2024-07-30,19,39.7,38,6.4,10.0,0.0,Clear
2024-07-30 20:00:00,2024-07-30,20,38.4,39,4.9,10.0,0.0,Clear
2024-07-30 21:00:00,2024-07-30,21,35.9,42,17.1,10.0,0.0,Clear
2024-07-30 22:00:00,2024-07-30,22,34.4,45,12.9,10.0,0.0,Clear
2024-07-30 23:00:00,2024-07-30,23,32.4,42,5.9,10.0,0.0,Clear
2024-07-31 00:00:00,2024-07-31,0,34.2,47,12.9,10.0,0.0,Clear
2024-07-31 01:00:00,2024-07-31,1,30.9,48,5.9,10.0,0.0,Clear
2024-07-31 02:00:00,2024-07-31,2,28.0,52,11.5,10.0,0.0,Clear
2024-07-31 03:00:00,2024-07-31,3,30.8,52,10.3,10.0,0.0,Clear
2024-07-31 04:00:00,2024-07-31,4,29.8,64,6.6,10.0,0.0,Clear
2024-07-31 05:00:00,2024-07-31,5,31.3,65,29.5,10.0,0.0,Clear
2024-07-31 06:00:00,2024-07-31,6,32.1,66,30.9,10.0,0.0,Clear
2024-07-31 07:00:00,2024-07-31,7,35.5,71,7.8,10.0,0.0,Sunny
2024-07-31 08:00:00,2024-07-31,8,34.9,77,25.1,10.0,0.0,Sunny
2024-07-31 09:00:00,2024-07-31,9,38.0,79,5.5,10.0,0.0,Sunny
2024-07-31 10:00:00,2024-07-31,10,39.5,75,2.0,10.0,0.0,Partly Cloudy
2024-07-31 11:00:00,2024-07-31,11,38.6,78,8.7,10.0,0.0,Sunny
2024-07-31 12:00:00,2024-07-31,12,41.8,77,8.2,10.0,0.0,Partly Cloudy
2024-07-31 13:00:00,2024-07-31,13,41.7,66,3.3,10.0,0.0,Sunny
2024-07-31 14:00:00,2024-07-31,14,41.8,67,5.6,10.0,0.0,Partly Cloudy
2024-07-31 15:00:00,2024-07-31,15,42.1,55,25.9,10.0,0.0,Partly Cloudy
2024-07-31 16:00:00,2024-07-31,16,44.3,48,10.9,10.0,0.0,Partly Cloudy
2024-07-31 17:00:00,2024-07-31,17,45.8,45,26.9,10.0,0.0,Sunny
2024-07-31 18:00:00,2024-07-31,18,40.6,42,13.4,10.0,0.0,Partly Cloudy
2024-07-31 19:00:00,2024-07-31,19,40.5,41,16.4,10.0,0.0,Clear
2024-07-31 20:00:00,2024-07-31,20,39.1,49,13.7,10.0,0.0,Clear
2024-07-31 21:00:00,2024-07-31,21,36.4,38,12.4,10.0,0.0,Clear
2024-07-31 22:00:00,2024-07-31,22,37.0,39,7.8,10.0,0.0,Clear
2024-07-31 23:00:00,2024-07-31,23,36.4,43,15.0,10.0,0.0,Clear
2024-08-01 00:00:00,2024-08-01,0,31.7,42,15.6,10.0,0.0,Clear
2024-08-01 01:00:00,2024-08-01,1,33.5,52,18.8,10.0,0.0,Clear
2024-08-01 02:00:00,2024-08-01,2,30.1,58,21.4,10.0,0.0,Clear
2024-08-01 03:00:00,2024-08-01,3,29.3,66,27.9,10.0,0.0,Clear
2024-08-01 04:00:00,2024-08-01,4,30.6,70,12.7,10.0,0.0,Clear
2024-08-01 05:00:00,2024-08-01,5,32.4,70,14.0,10.0,0.0,Clear
2024-08-01 06:00:00,2024-08-01,6,32.3,72,11.9,10.0,0.0,Clear
2024-08-01 07:00:00,2024-08-01,7,34.6,75,27.2,10.0,0.0,Sunny
2024-08-01 08:00:00,2024-08-01,8,35.6,79,13.1,10.0,0.0,Sunny
2024-08-01 09:00:00,2024-08-01,9,38.6,78,13.0,10.0,0.0,Sunny
2024-08-01 10:00:00,2024-08-01,10,39.3,77,14.5,10.0,0.0,Sunny
2024-08-01 11:00:00,2024-08-01,11,42.1,72,14.5,10.0,0.0,Sunny
2024-08-01 12:00:00,2024-08-01,12,40.6,75,12.0,10.0,0.0,Sunny
2024-08-01 13:00:00,2024-08-01,13,42.4,70,6.6,10.0,0.0,Sunny
2024-08-01 14:00:00,2024-08-01,14,43.3,62,6.5,10.0,0.0,Partly Cloudy
2024-08-01 15:00:00,2024-08-01,15,42.5,66,3.3,10.0,0.0,Sunny
2024-08-01 16:00:00,2024-08-01,16,42.1,56,8.9,10.0,0.0,Hazy
2024-08-01 17:00:00,2024-08-01,17,43.1,45,3.2,10.0,0.0,Sunny
2024-08-01 18:00:00,2024-08-01,18,42.4,51,2.0,10.0,0.0,Sunny
2024-08-01 19:00:00,2024-08-01,19,40.4,42,20.3,10.0,0.0,Clear
2024-08-01 20:00:00,2024-08-01,20,40.0,41,6.6,10.0,0.0,Clear
2024-08-01 21:00:00,2024-08-01,21,35.7,41,2.0,10.0,0.0,Clear
2024-08-01 22:00:00,2024-08-01,22,34.8,46,21.9,10.0,0.0,Clear
2024-08-01 23:00:00,2024-08-01,23,32.3,44,4.5,10.0,0.0,Clear
2024-08-02 00:00:00,2024-08-02,0,32.6,50,8.6,10.0,0.0,Clear
2024-08-02 01:00:00,2024-08-02,1,32.0,45,19.9,10.0,0.0,Clear
2024-08-02 02:00:00,2024-08-02,2,32.3,51,15.2,10.0,0.0,Clear
2024-08-02 03:00:00,2024-08-02,3,29.1,60,2.7,10.0,0.0,Clear
2024-08-02 04:00:00,2024-08-02,4,31.2,62,3.5,10.0,0.0,Clear
2024-08-02 05:00:00,2024-08-02,5,33.1,68,10.3,10.0,0.0,Clear
2024-08-02 06:00:00,2024-08-02,6,31.2,76,4.0,10.0,0.0,Clear
2024-08-02 07:00:00,2024-08-02,7,32.3,72,13.2,10.0,0.0,Partly Cloudy
2024-08-02 08:00:00,2024-08-02,8,33.5,74,11.1,10.0,0.0,Partly Cloudy
2024-08-02 09:00:00,2024-08-02,9,37.7,78,30.3,10.0,0.0,Sunny
2024-08-02 10:00:00,2024-08-02,10,37.8,69,10.9,10.0,0.0,Partly Cloudy
2024-08-02 11:00:00,2024-08-02,11,40.8,80,6.3,10.0,0.0,Partly Cloudy
2024-08-02 12:00:00,2024-08-02,12,41.3,73,5.0,10.0,0.0,Sunny
2024-08-02 13:00:00,2024-08-02,13,44.8,69,6.1,10.0,0.0,Partly Cloudy
2024-08-02 14:00:00,2024-08-02,14,44.2,63,22.2,10.0,0.0,Sunny
2024-08-02 15:00:00,2024-08-02,15,42.5,63,10.5,10.0,0.0,Sunny
2024-08-02 16:00:00,2024-08-02,16,42.9,55,8.5,10.0,0.0,Sunny
2024-08-02 17:00:00,2024-08-02,17,43.6,56,12.5,10.0,0.0,Sunny
2024-08-02 18:00:00,2024-08-02,18,40.3,40,3.0,10.0,0.0,Sunny
2024-08-02 19:00:00,2024-08-02,19,41.7,45,12.9,10.0,0.0,Clear
2024-08-02 20:00:00,2024-08-02,20,38.4,43,8.9,10.0,0.0,Clear
2024-08-02 21:00:00,2024-08-02,21,38.0,43,8.1,10.0,0.0,Clear
2024-08-02 22:00:00,2024-08-02,22,35.1,48,27.1,10.0,0.0,Clear
2024-08-02 23:00:00,2024-08-02,23,33.1,39,8.2,10.0,0.0,Clear
2024-08-03 00:00:00,2024-08-03,0,31.6,42,9.4,10.0,0.0,Clear
2024-08-03 01:00:00,2024-08-03,1,33.4,50,5.8,10.0,0.0,Clear
2024-08-03 02:00:00,2024-08-03,2,30.4,48,16.4,10.0,0.0,Clear
2024-08-03 03:00:00,2024-08-03,3,34.2,69,46.2,10.0,0.0,Clear
2024-08-03 04:00:00,2024-08-03,4,30.9,68,3.8,10.0,0.0,Clear
2024-08-03 05:00:00,2024-08-03,5,30.3,71,9.5,10.0,0.0,Clear
2024-08-03 06:00:00,2024-08-03,6,30.5,76,5.4,10.0,0.0,Clear
2024-08-03 07:00:00,2024-08-03,7,35.2,81,20.7,10.0,0.0,Sunny
2024-08-03 08:00:00,2024-08-03,8,35.1,75,21.1,10.0,0.0,Sunny
2024-08-03 09:00:00,2024-08-03,9,38.0,77,6.8,10.0,0.0,Sunny
2024-08-03 10:00:00,2024-08-03,10,41.5,79,12.5,10.0,0.0,Sunny
2024-08-03 11:00:00,2024-08-03,11,41.1,74,9.9,10.0,0.0,Sunny
2024-08-03 12:00:00,2024-08-03,12,42.0,69,7.4,10.0,0.0,Hazy
2024-08-03 13:00:00,2024-08-03,13,44.1,67,18.0,10.0,0.0,Sunny
2024-08-03 14:00:00,2024-08-03,14,44.2,66,6.5,10.0,0.0,Sunny
2024-08-03 15:00:00,2024-08-03,15,42.0,64,13.5,10.0,0.0,Partly Cloudy
2024-08-03 16:00:00,2024-08-03,16,44.9,50,4.5,10.0,0.0,Sunny
2024-08-03 17:00:00,2024-08-03,17,42.6,50,38.8,10.0,0.0,Sunny
2024-08-03 18:00:00,2024-08-03,18,43.4,47,10.0,10.0,0.0,Partly Cloudy
2024-08-03 19:00:00,2024-08-03,19,40.9,39,6.8,10.0,0.0,Clear
2024-08-03 20:00:00,2024-08-03,20,40.1,44,7.2,10.0,0.0,Clear
2024-08-03 21:00:00,2024-08-03,21,36.7,42,9.2,10.0,0.0,Clear
2024-08-03 22:00:00,2024-08-03,22,33.5,39,9.0,10.0,0.0,Clear
2024-08-03 23:00:00,2024-08-03,23,34.4,42,2.8,10.0,0.0,Clear
2024-08-04 00:00:00,2024-08-04,0,33.6,49,21.1,10.0,0.0,Clear
2024-08-04 01:00:00,2024-08-04,1,30.7,55,6.8,10.0,0.0,Clear
2024-08-04 02:00:00,2024-08-04,2,30.5,57,33.2,10.0,0.0,Clear
2024-08-04 03:00:00,2024-08-04,3,27.8,68,12.8,10.0,0.0,Clear
2024-08-04 04:00:00,2024-08-04,4,30.5,69,6.3,10.0,0.0,Clear
2024-08-04 05:00:00,2024-08-04,5,29.9,71,15.8,10.0,0.0,Clear
2024-08-04 06:00:00,2024-08-04,6,33.0,70,10.2,10.0,0.0,Clear
2024-08-04 07:00:00,2024-08-04,7,34.2,80,33.7,10.0,0.0,Sunny
2024-08-04 08:00:00,2024-08-04,8,35.3,74,12.7,10.0,0.0,Sunny
2024-08-04 09:00:00,2024-08-04,9,38.6,81,20.8,10.0,0.0,Sunny
2024-08-04 10:00:00,2024-08-04,10,39.0,68,15.9,10.0,0.0,Partly Cloudy
2024-08-04 11:00:00,2024-08-04,11,40.5,74,4.8,10.0,0.0,Sunny
2024-08-04 12:00:00,2024-08-04,12,42.0,67,32.5,10.0,0.0,Partly Cloudy
2024-08-04 13:00:00,2024-08-04,13,41.9,68,3.2,10.0,0.0,Sunny
2024-08-04 14:00:00,2024-08-04,14,44.5,59,9.4,10.0,0.0,Sunny
2024-08-04 15:00:00,2024-08-04,15,42.4,60,13.3,10.0,0.0,Partly Cloudy
2024-08-04 16:00:00,2024-08-04,16,43.8,57,2.0,10.0,0.0,Partly Cloudy
2024-08-04 17:00:00,2024-08-04,17,44.1,48,6.2,10.0,0.0,Partly Cloudy
2024-08-04 18:00:00,2024-08-04,18,40.4,46,12.0,10.0,0.0,Sunny
2024-08-04 19:00:00,2024-08-04,19,38.6,45,12.5,10.0,0.0,Clear
2024-08-04 20:00:00,2024-08-04,20,37.4,42,36.5,10.0,0.0,Clear
2024-08-04 21:00:00,2024-08-04,21,39.2,47,22.8,10.0,0.0,Clear
2024-08-04 22:00:00,2024-08-04,22,34.6,40,7.2,10.0,0.0,Clear
2024-08-04 23:00:00,2024-08-04,23,32.3,47,2.0,10.0,0.0,Clear
2024-08-05 00:00:00,2024-08-05,0,32.8,48,2.5,10.0,0.0,Clear
2024-08-05 01:00:00,2024-08-05,1,28.1,45,10.0,10.0,0.0,Clear
2024-08-05 02:00:00,2024-08-05,2,29.6,56,17.1,10.0,0.0,Clear
2024-08-05 03:00:00,2024-08-05,3,32.2,60,5.7,10.0,0.0,Clear
2024-08-05 04:00:00,2024-08-05,4,29.6,63,35.7,10.0,0.0,Clear
2024-08-05 05:00:00,2024-08-05,5,31.1,76,10.5,10.0,0.0,Clear
2024-08-05 06:00:00,2024-08-05,6,32.8,78,8.6,10.0,0.0,Clear
2024-08-05 07:00:00,2024-08-05,7,34.1,73,39.0,10.0,0.0,Partly Cloudy
2024-08-05 08:00:00,2024-08-05,8,34.7,80,34.0,10.0,0.0,Sunny
2024-08-05 09:00:00,2024-08-05,9,37.7,81,34.2,2.2,0.0,Dust/Sandstorm
2024-08-05 10:00:00,2024-08-05,10,40.4,78,12.6,2.3,0.0,Dust/Sandstorm
2024-08-05 11:00:00,2024-08-05,11,39.0,71,58.3,2.5,0.0,Dust/Sandstorm
2024-08-05 12:00:00,2024-08-05,12,41.0,69,37.5,2.1,0.0,Dust/Sandstorm
2024-08-05 13:00:00,2024-08-05,13,42.5,71,16.2,2.8,0.0,Dust/Sandstorm
2024-08-05 14:00:00,2024-08-05,14,44.1,67,48.0,1.8,0.0,Dust/Sandstorm
2024-08-05 15:00:00,2024-08-05,15,43.5,59,11.8,2.1,0.0,Dust/Sandstorm
2024-08-05 16:00:00,2024-08-05,16,43.1,61,5.1,2.8,0.0,Dust/Sandstorm
2024-08-05 17:00:00,2024-08-05,17,40.8,57,13.1,2.6,0.0,Dust/Sandstorm
2024-08-05 18:00:00,2024-08-05,18,40.2,53,4.6,1.9,0.0,Dust/Sandstorm
2024-08-05 19:00:00,2024-08-05,19,40.5,50,17.1,2.2,0.0,Dust/Sandstorm
2024-08-05 20:00:00,2024-08-05,20,38.1,43,16.2,2.5,0.0,Dust/Sandstorm
2024-08-05 21:00:00,2024-08-05,21,36.6,37,6.3,10.0,0.0,Clear
2024-08-05 22:00:00,2024-08-05,22,35.2,41,23.2,10.0,0.0,Clear
2024-08-05 23:00:00,2024-08-05,23,36.6,44,13.0,10.0,0.0,Clear
2024-08-06 00:00:00,2024-08-06,0,31.8,45,7.1,10.0,0.0,Clear
2024-08-06 01:00:00,2024-08-06,1,33.0,49,8.7,10.0,0.0,Clear
2024-08-06 02:00:00,2024-08-06,2,32.3,51,18.2,10.0,0.0,Clear
2024-08-06 03:00:00,2024-08-06,3,31.5,63,22.5,10.0,0.0,Clear
2024-08-06 04:00:00,2024-08-06,4,29.7,71,12.1,10.0,0.0,Clear
2024-08-06 05:00:00,2024-08-06,5,31.5,79,5.3,10.0,0.0,Clear
2024-08-06 06:00:00,2024-08-06,6,31.9,74,9.2,10.0,0.0,Clear
2024-08-06 07:00:00,2024-08-06,7,36.2,75,16.7,10.0,0.0,Sunny
2024-08-06 08:00:00,2024-08-06,8,35.8,77,26.3,10.0,0.0,Sunny
2024-08-06 09:00:00,2024-08-06,9,36.7,83,7.9,10.0,0.0,Sunny
2024-08-06 10:00:00,2024-08-06,10,40.8,83,4.6,10.0,0.0,Hazy
2024-08-06 11:00:00,2024-08-06,11,39.8,75,19.1,10.0,0.0,Sunny
2024-08-06 12:00:00,2024-08-06,12,42.3,78,25.5,10.0,0.0,Sunny
2024-08-06 13:00:00,2024-08-06,13,43.5,70,11.5,10.0,0.0,Hazy
2024-08-06 14:00:00,2024-08-06,14,43.7,62,5.8,10.0,0.0,Sunny
2024-08-06 15:00:00,2024-08-06,15,43.4,59,8.1,10.0,0.0,Sunny
2024-08-06 16:00:00,2024-08-06,16,44.3,62,12.0,10.0,0.0,Partly Cloudy
2024-08-06 17:00:00,2024-08-06,17,41.9,54,6.8,10.0,0.0,Sunny
2024-08-06 18:00:00,2024-08-06,18,42.9,45,3.7,10.0,0.0,Sunny
2024-08-06 19:00:00,2024-08-06,19,39.9,48,6.7,10.0,0.0,Clear
2024-08-06 20:00:00,2024-08-06,20,40.3,45,8.0,10.0,0.0,Clear
2024-08-06 21:00:00,2024-08-06,21,38.3,41,8.0,10.0,0.0,Clear
2024-08-06 22:00:00,2024-08-06,22,36.0,40,2.0,10.0,0.0,Clear
2024-08-06 23:00:00,2024-08-06,23,33.6,40,59.4,10.0,0.0,Clear
2024-08-07 00:00:00,2024-08-07,0,33.7,41,6.9,10.0,0.0,Clear
2024-08-07 01:00:00,2024-08-07,1,32.1,48,4.3,10.0,0.0,Clear
2024-08-07 02:00:00,2024-08-07,2,26.9,55,8.7,10.0,0.0,Clear
2024-08-07 03:00:00,2024-08-07,3,29.5,65,24.0,10.0,0.0,Clear
2024-08-07 04:00:00,2024-08-07,4,30.9,68,23.2,10.0,0.0,Clear
2024-08-07 05:00:00,2024-08-07,5,31.7,70,20.5,10.0,0.0,Clear
2024-08-07 06:00:00,2024-08-07,6,33.3,65,31.1,10.0,0.0,Clear
2024-08-07 07:00:00,2024-08-07,7,35.6,77,5.3,10.0,0.0,Partly Cloudy
2024-08-07 08:00:00,2024-08-07,8,36.0,71,3.8,10.0,0.0,Partly Cloudy
2024-08-07 09:00:00,2024-08-07,9,34.5,81,16.7,10.0,0.0,Sunny
2024-08-07 10:00:00,2024-08-07,10,38.9,81,7.7,10.0,0.0,Sunny
2024-08-07 11:00:00,2024-08-07,11,41.7,76,19.9,10.0,0.0,Sunny
2024-08-07 12:00:00,2024-08-07,12,41.7,76,22.5,10.0,0.0,Sunny
2024-08-07 13:00:00,2024-08-07,13,42.9,73,13.2,10.0,0.0,Sunny
2024-08-07 14:00:00,2024-08-07,14,42.7,65,9.7,10.0,0.0,Sunny
2024-08-07 15:00:00,2024-08-07,15,44.6,59,28.3,10.0,0.0,Sunny
2024-08-07 16:00:00,2024-08-07,16,42.9,50,12.4,10.0,0.0,Sunny
2024-08-07 17:00:00,2024-08-07,17,43.3,50,7.1,10.0,0.0,Sunny
2024-08-07 18:00:00,2024-08-07,18,42.1,43,10.0,10.0,0.0,Hazy
2024-08-07 19:00:00,2024-08-07,19,40.3,40,11.6,10.0,0.0,Clear
2024-08-07 20:00:00,2024-08-07,20,39.3,40,2.0,10.0,0.0,Clear
2024-08-07 21:00:00,2024-08-07,21,37.2,34,32.9,10.0,0.0,Clear
2024-08-07 22:00:00,2024-08-07,22,36.9,47,5.8,10.0,0.0,Clear
2024-08-07 23:00:00,2024-08-07,23,34.6,45,2.5,10.0,0.0,Clear
2024-08-08 00:00:00,2024-08-08,0,33.7,52,12.2,10.0,0.0,Clear
2024-08-08 01:00:00,2024-08-08,1,30.5,54,13.7,10.0,0.0,Clear
2024-08-08 02:00:00,2024-08-08,2,29.7,57,6.1,10.0,0.0,Clear
2024-08-08 03:00:00,2024-08-08,3,30.6,63,8.0,10.0,0.0,Clear
2024-08-08 04:00:00,2024-08-08,4,31.6,65,12.2,10.0,0.0,Clear
2024-08-08 05:00:00,2024-08-08,5,32.0,74,11.8,10.0,0.0,Clear
2024-08-08 06:00:00,2024-08-08,6,31.5,71,19.5,10.0,0.0,Clear
2024-08-08 07:00:00,2024-08-08,7,34.7,76,12.3,10.0,0.0,Partly Cloudy
2024-08-08 08:00:00,2024-08-08,8,34.6,76,2.1,10.0,0.0,Sunny
2024-08-08 09:00:00,2024-08-08,9,37.8,86,9.7,10.0,0.0,Sunny
2024-08-08 10:00:00,2024-08-08,10,39.0,75,16.0,10.0,0.0,Sunny
2024-08-08 11:00:00,2024-08-08,11,40.0,81,6.6,10.0,0.0,Sunny
2024-08-08 12:00:00,2024-08-08,12,41.0,67,9.4,10.0,0.0,Sunny
2024-08-08 13:00:00,2024-08-08,13,42.8,69,18.3,10.0,0.0,Sunny
2024-08-08 14:00:00,2024-08-08,14,43.4,64,11.9,10.0,0.0,Sunny
2024-08-08 15:00:00,2024-08-08,15,42.2,56,15.8,10.0,0.0,Hazy
2024-08-08 16:00:00,2024-08-08,16,44.0,53,13.2,10.0,0.0,Sunny
2024-08-08 17:00:00,2024-08-08,17,44.0,53,9.0,10.0,0.0,Sunny
2024-08-08 18:00:00,2024-08-08,18,42.6,46,39.8,10.0,0.0,Sunny
2024-08-08 19:00:00,2024-08-08,19,40.6,41,4.8,10.0,0.0,Clear
2024-08-08 20:00:00,2024-08-08,20,38.1,46,2.7,10.0,0.0,Clear
2024-08-08 21:00:00,2024-08-08,21,37.2,42,10.9,10.0,0.0,Clear
2024-08-08 22:00:00,2024-08-08,22,35.2,44,9.1,10.0,0.0,Clear
2024-08-08 23:00:00,2024-08-08,23,33.9,49,10.9,10.0,0.0,Clear
2024-08-09 00:00:00,2024-08-09,0,33.5,53,21.0,10.0,0.0,Clear
2024-08-09 01:00:00,2024-08-09,1,31.2,42,5.5,10.0,0.0,Clear
2024-08-09 02:00:00,2024-08-09,2,28.5,55,2.0,10.0,0.0,Clear
2024-08-09 03:00:00,2024-08-09,3,31.5,53,52.6,10.0,0.0,Clear
2024-08-09 04:00:00,2024-08-09,4,31.2,76,9.2,10.0,0.0,Clear
2024-08-09 05:00:00,2024-08-09,5,31.6,70,15.5,10.0,0.0,Clear
2024-08-09 06:00:00,2024-08-09,6,31.0,77,9.6,10.0,0.0,Clear
2024-08-09 07:00:00,2024-08-09,7,32.8,73,7.9,10.0,0.0,Sunny
2024-08-09 08:00:00,2024-08-09,8,34.5,76,9.7,10.0,0.0,Partly Cloudy
2024-08-09 09:00:00,2024-08-09,9,36.3,82,16.1,10.0,0.0,Partly Cloudy
2024-08-09 10:00:00,2024-08-09,10,38.1,79,20.3,10.0,0.0,Sunny
2024-08-09 11:00:00,2024-08-09,11,38.8,82,27.8,10.0,0.0,Sunny
2024-08-09 12:00:00,2024-08-09,12,44.2,69,17.4,10.0,0.0,Sunny
2024-08-09 13:00:00,2024-08-09,13,44.4,68,9.3,10.0,0.0,Sunny
2024-08-09 14:00:00,2024-08-09,14,43.6,67,38.8,10.0,0.0,Partly Cloudy
2024-08-09 15:00:00,2024-08-09,15,43.5,63,15.9,10.0,0.0,Sunny
2024-08-09 16:00:00,2024-08-09,16,45.5,57,17.8,10.0,0.0,Sunny
2024-08-09 17:00:00,2024-08-09,17,44.6,46,28.1,10.0,0.0,Sunny
2024-08-09 18:00:00,2024-08-09,18,40.7,44,10.7,10.0,0.0,Sunny
2024-08-09 19:00:00,2024-08-09,19,40.5,46,26.5,10.0,0.0,Clear
2024-08-09 20:00:00,2024-08-09,20,38.5,36,2.6,10.0,0.0,Clear
2024-08-09 21:00:00,2024-08-09,21,36.7,38,9.9,10.0,0.0,Clear
2024-08-09 22:00:00,2024-08-09,22,35.1,43,30.2,10.0,0.0,Clear
2024-08-09 23:00:00,2024-08-09,23,33.6,41,22.9,10.0,0.0,Clear
2024-08-10 00:00:00,2024-08-10,0,32.7,48,14.1,10.0,0.0,Clear
2024-08-10 01:00:00,2024-08-10,1,31.6,51,4.1,10.0,0.0,Clear
2024-08-10 02:00:00,2024-08-10,2,32.4,52,2.0,10.0,0.0,Clear
2024-08-10 03:00:00,2024-08-10,3,29.5,57,10.4,10.0,0.0,Clear
2024-08-10 04:00:00,2024-08-10,4,31.9,70,9.6,10.0,0.0,Clear
2024-08-10 05:00:00,2024-08-10,5,30.1,71,20.1,10.0,0.0,Clear
2024-08-10 06:00:00,2024-08-10,6,32.7,74,12.1,10.0,0.0,Clear
2024-08-10 07:00:00,2024-08-10,7,35.0,76,22.2,10.0,0.0,Sunny
2024-08-10 08:00:00,2024-08-10,8,36.0,74,13.6,10.0,0.0,Sunny
2024-08-10 09:00:00,2024-08-10,9,36.6,76,4.9,10.0,0.0,Sunny
2024-08-10 10:00:00,2024-08-10,10,39.0,68,15.2,10.0,0.0,Sunny
2024-08-10 11:00:00,2024-08-10,11,42.2,73,11.4,10.0,0.0,Sunny
2024-08-10 12:00:00,2024-08-10,12,40.9,70,10.5,10.0,0.0,Sunny
2024-08-10 13:00:00,2024-08-10,13,43.3,71,11.8,10.0,0.0,Sunny
2024-08-10 14:00:00,2024-08-10,14,44.4,62,14.0,10.0,0.0,Partly Cloudy
2024-08-10 15:00:00,2024-08-10,15,43.0,63,10.9,10.0,0.0,Sunny
2024-08-10 16:00:00,2024-08-10,16,45.4,54,2.9,10.0,0.0,Hazy
2024-08-10 17:00:00,2024-08-10,17,45.1,52,3.5,10.0,0.0,Partly Cloudy
2024-08-10 18:00:00,2024-08-10,18,42.9,47,7.9,10.0,0.0,Hazy
2024-08-10 19:00:00,2024-08-10,19,41.6,47,25.0,10.0,0.0,Clear
2024-08-10 20:00:00,2024-08-10,20,36.6,47,12.6,10.0,0.0,Clear
2024-08-10 21:00:00,2024-08-10,21,35.4,38,10.7,10.0,0.0,Clear
2024-08-10 22:00:00,2024-08-10,22,35.2,50,38.0,10.0,0.0,Clear
2024-08-10 23:00:00,2024-08-10,23,33.0,41,13.6,10.0,0.0,Clear
2024-08-11 00:00:00,2024-08-11,0,33.2,47,10.9,10.0,0.0,Clear
2024-08-11 01:00:00,2024-08-11,1,28.0,49,8.5,10.0,0.0,Clear
2024-08-11 02:00:00,2024-08-11,2,31.5,61,7.5,10.0,0.0,Clear
2024-08-11 03:00:00,2024-08-11,3,30.3,56,2.3,10.0,0.0,Clear
2024-08-11 04:00:00,2024-08-11,4,30.1,68,10.8,10.0,0.0,Clear
2024-08-11 05:00:00,2024-08-11,5,33.7,60,3.9,10.0,0.0,Clear
2024-08-11 06:00:00,2024-08-11,6,32.0,76,5.7,10.0,0.0,Clear
2024-08-11 07:00:00,2024-08-11,7,31.8,75,3.7,10.0,0.0,Partly Cloudy
2024-08-11 08:00:00,2024-08-11,8,35.9,76,36.1,10.0,0.0,Partly Cloudy
2024-08-11 09:00:00,2024-08-11,9,37.5,75,13.2,10.0,0.0,Sunny
2024-08-11 10:00:00,2024-08-11,10,38.5,77,26.1,10.0,0.0,Partly Cloudy
2024-08-11 11:00:00,2024-08-11,11,43.1,74,19.1,10.0,0.0,Sunny
2024-08-11 12:00:00,2024-08-11,12,41.8,67,9.1,10.0,0.0,Partly Cloudy
2024-08-11 13:00:00,2024-08-11,13,43.8,66,6.5,10.0,0.0,Sunny
2024-08-11 14:00:00,2024-08-11,14,43.7,68,9.0,10.0,0.0,Sunny
2024-08-11 15:00:00,2024-08-11,15,45.0,58,5.1,10.0,0.0,Partly Cloudy
2024-08-11 16:00:00,2024-08-11,16,42.9,52,2.0,10.0,0.0,Sunny
2024-08-11 17:00:00,2024-08-11,17,41.4,51,2.6,10.0,0.0,Sunny
2024-08-11 18:00:00,2024-08-11,18,42.5,49,16.8,10.0,0.0,Partly Cloudy
2024-08-11 19:00:00,2024-08-11,19,40.6,47,2.9,10.0,0.0,Clear
2024-08-11 20:00:00,2024-08-11,20,39.6,44,5.7,10.0,0.0,Clear
2024-08-11 21:00:00,2024-08-11,21,36.3,47,8.6,10.0,0.0,Clear
2024-08-11 22:00:00,2024-08-11,22,35.9,43,3.9,10.0,0.0,Clear
2024-08-11 23:00:00,2024-08-11,23,31.8,43,15.7,10.0,0.0,Clear
2024-08-12 00:00:00,2024-08-12,0,31.8,51,21.6,10.0,0.0,Clear
2024-08-12 01:00:00,2024-08-12,1,30.5,48,3.0,10.0,0.0,Clear
2024-08-12 02:00:00,2024-08-12,2,31.3,54,2.7,10.0,0.0,Clear
2024-08-12 03:00:00,2024-08-12,3,29.9,54,6.7,10.0,0.0,Clear
2024-08-12 04:00:00,2024-08-12,4,29.1,72,17.7,10.0,0.0,Clear
2024-08-12 05:00:00,2024-08-12,5,30.7,77,17.4,10.0,0.0,Clear
2024-08-12 06:00:00,2024-08-12,6,33.1,72,2.5,10.0,0.0,Clear
2024-08-12 07:00:00,2024-08-12,7,33.9,79,14.2,10.0,0.0,Hazy
2024-08-12 08:00:00,2024-08-12,8,34.4,80,9.0,10.0,0.0,Partly Cloudy
2024-08-12 09:00:00,2024-08-12,9,38.0,79,23.7,10.0,0.0,Sunny
2024-08-12 10:00:00,2024-08-12,10,40.6,82,4.7,10.0,0.0,Sunny
2024-08-12 11:00:00,2024-08-12,11,41.3,71,3.8,10.0,0.0,Partly Cloudy
2024-08-12 12:00:00,2024-08-12,12,38.8,72,18.3,10.0,0.0,Sunny
2024-08-12 13:00:00,2024-08-12,13,42.9,61,2.5,10.0,0.0,Sunny
2024-08-12 14:00:00,2024-08-12,14,43.1,61,11.5,10.0,0.0,Sunny
2024-08-12 15:00:00,2024-08-12,15,41.1,53,9.6,10.0,0.0,Partly Cloudy
2024-08-12 16:00:00,2024-08-12,16,41.7,48,6.9,10.0,0.0,Sunny
2024-08-12 17:00:00,2024-08-12,17,43.6,49,8.1,10.0,0.0,Sunny
2024-08-12 18:00:00,2024-08-12,18,41.8,49,11.5,10.0,0.0,Sunny
2024-08-12 19:00:00,2024-08-12,19,40.3,42,2.0,10.0,0.0,Clear
2024-08-12 20:00:00,2024-08-12,20,37.9,40,4.8,10.0,0.0,Clear
2024-08-12 21:00:00,2024-08-12,21,38.3,39,2.0,10.0,0.0,Clear
2024-08-12 22:00:00,2024-08-12,22,33.8,43,2.0,10.0,0.0,Clear
2024-08-12 23:00:00,2024-08-12,23,32.7,42,2.3,10.0,0.0,Clear
2024-08-13 00:00:00,2024-08-13,0,32.0,43,9.3,10.0,0.0,Clear
2024-08-13 01:00:00,2024-08-13,1,29.5,55,15.8,10.0,0.0,Clear
2024-08-13 02:00:00,2024-08-13,2,29.7,52,21.6,10.0,0.0,Clear
2024-08-13 03:00:00,2024-08-13,3,31.8,55,20.4,10.0,0.0,Clear
2024-08-13 04:00:00,2024-08-13,4,29.7,68,11.8,10.0,0.0,Clear
2024-08-13 05:00:00,2024-08-13,5,32.3,62,2.0,10.0,0.0,Clear
2024-08-13 06:00:00,2024-08-13,6,33.2,78,2.4,10.0,0.0,Clear
2024-08-13 07:00:00,2024-08-13,7,33.5,71,15.4,10.0,0.0,Partly Cloudy
2024-08-13 08:00:00,2024-08-13,8,33.6,78,4.2,10.0,0.0,Sunny
2024-08-13 09:00:00,2024-08-13,9,37.1,74,21.0,10.0,0.0,Sunny
2024-08-13 10:00:00,2024-08-13,10,36.1,77,5.4,10.0,0.0,Sunny
2024-08-13 11:00:00,2024-08-13,11,39.6,74,14.6,10.0,0.0,Partly Cloudy
2024-08-13 12:00:00,2024-08-13,12,41.9,69,14.2,10.0,0.0,Sunny
2024-08-13 13:00:00,2024-08-13,13,43.7,63,24.9,10.0,0.0,Hazy
2024-08-13 14:00:00,2024-08-13,14,43.1,62,9.9,10.0,0.0,Sunny
2024-08-13 15:00:00,2024-08-13,15,42.8,62,9.9,10.0,0.0,Sunny
2024-08-13 16:00:00,2024-08-13,16,42.5,58,10.9,10.0,0.0,Sunny
2024-08-13 17:00:00,2024-08-13,17,42.1,48,20.4,10.0,0.0,Sunny
2024-08-13 18:00:00,2024-08-13,18,42.3,44,4.5,10.0,0.0,Sunny
2024-08-13 19:00:00,2024-08-13,19,40.7,44,8.2,10.0,0.0,Clear
2024-08-13 20:00:00,2024-08-13,20,38.7,43,10.1,10.0,0.0,Clear
2024-08-13 21:00:00,2024-08-13,21,37.8,42,2.5,10.0,0.0,Clear
2024-08-13 22:00:00,2024-08-13,22,35.3,41,7.5,10.0,0.0,Clear
2024-08-13 23:00:00,2024-08-13,23,32.1,43,14.1,10.0,0.0,Clear
2024-08-14 00:00:00,2024-08-14,0,31.1,46,3.2,10.0,0.0,Clear
2024-08-14 01:00:00,2024-08-14,1,32.1,41,17.5,10.0,0.0,Clear
2024-08-14 02:00:00,2024-08-14,2,29.1,54,10.8,10.0,0.0,Clear
2024-08-14 03:00:00,2024-08-14,3,30.0,63,22.8,10.0,0.0,Clear
2024-08-14 04:00:00,2024-08-14,4,30.6,70,22.6,10.0,0.0,Clear
2024-08-14 05:00:00,2024-08-14,5,30.1,74,29.3,10.0,0.0,Clear
2024-08-14 06:00:00,2024-08-14,6,30.4,73,10.9,10.0,0.0,Clear
2024-08-14 07:00:00,2024-08-14,7,32.3,71,16.0,10.0,0.0,Sunny
2024-08-14 08:00:00,2024-08-14,8,33.1,75,11.8,10.0,0.0,Sunny
2024-08-14 09:00:00,2024-08-14,9,37.7,75,8.2,10.0,0.0,Sunny
2024-08-14 10:00:00,2024-08-14,10,39.2,72,9.4,10.0,0.0,Hazy
2024-08-14 11:00:00,2024-08-14,11,39.3,72,6.4,10.0,0.0,Sunny
2024-08-14 12:00:00,2024-08-14,12,40.0,70,3.7,10.0,0.0,Partly Cloudy
2024-08-14 13:00:00,2024-08-14,13,44.0,63,10.2,10.0,0.0,Partly Cloudy
2024-08-14 14:00:00,2024-08-14,14,43.8,68,12.4,10.0,0.0,Sunny
2024-08-14 15:00:00,2024-08-14,15,42.8,62,6.8,10.0,0.0,Sunny
2024-08-14 16:00:00,2024-08-14,16,44.7,55,7.0,10.0,0.0,Partly Cloudy
2024-08-14 17:00:00,2024-08-14,17,42.8,53,29.8,10.0,0.0,Sunny
2024-08-14 18:00:00,2024-08-14,18,42.0,48,8.0,10.0,0.0,Sunny
2024-08-14 19:00:00,2024-08-14,19,39.0,41,2.8,10.0,0.0,Clear
2024-08-14 20:00:00,2024-08-14,20,36.9,50,10.0,10.0,0.0,Clear
2024-08-14 21:00:00,2024-08-14,21,35.1,39,9.6,10.0,0.0,Clear
2024-08-14 22:00:00,2024-08-14,22,37.8,36,9.6,10.0,0.0,Clear
2024-08-14 23:00:00,2024-08-14,23,32.8,45,10.7,10.0,0.0,Clear
2024-08-15 00:00:00,2024-08-15,0,32.5,50,7.4,10.0,0.0,Clear
2024-08-15 01:00:00,2024-08-15,1,31.9,50,5.3,10.0,0.0,Clear
2024-08-15 02:00:00,2024-08-15,2,30.7,60,2.0,10.0,0.0,Clear
2024-08-15 03:00:00,2024-08-15,3,30.3,61,3.6,10.0,0.0,Clear
2024-08-15 04:00:00,2024-08-15,4,30.5,61,14.5,10.0,0.0,Clear
2024-08-15 05:00:00,2024-08-15,5,31.9,67,29.2,10.0,0.0,Clear
2024-08-15 06:00:00,2024-08-15,6,31.2,73,5.3,10.0,0.0,Clear
2024-08-15 07:00:00,2024-08-15,7,33.2,76,7.3,10.0,0.0,Sunny
2024-08-15 08:00:00,2024-08-15,8,32.6,82,9.9,10.0,0.0,Sunny
2024-08-15 09:00:00,2024-08-15,9,34.8,81,35.9,10.0,0.0,Sunny
2024-08-15 10:00:00,2024-08-15,10,37.1,71,9.8,10.0,0.0,Sunny
2024-08-15 11:00:00,2024-08-15,11,41.3,75,38.4,10.0,0.0,Sunny
2024-08-15 12:00:00,2024-08-15,12,41.3,68,2.0,10.0,0.0,Hazy
2024-08-15 13:00:00,2024-08-15,13,43.5,75,2.0,10.0,0.0,Hazy
2024-08-15 14:00:00,2024-08-15,14,43.7,61,26.7,10.0,0.0,Partly Cloudy
2024-08-15 15:00:00,2024-08-15,15,43.8,61,3.9,10.0,0.0,Sunny
2024-08-15 16:00:00,2024-08-15,16,42.1,53,8.4,10.0,0.0,Sunny
2024-08-15 17:00:00,2024-08-15,17,42.7,43,8.0,10.0,0.0,Hazy
2024-08-15 18:00:00,2024-08-15,18,41.9,42,2.2,10.0,0.0,Partly Cloudy
2024-08-15 19:00:00,2024-08-15,19,42.9,43,8.6,10.0,0.0,Clear
2024-08-15 20:00:00,2024-08-15,20,38.3,45,44.5,10.0,0.0,Clear
2024-08-15 21:00:00,2024-08-15,21,37.9,44,19.8,10.0,0.0,Clear
2024-08-15 22:00:00,2024-08-15,22,35.2,37,2.6,10.0,0.0,Clear
2024-08-15 23:00:00,2024-08-15,23,32.9,46,2.0,10.0,0.0,Clear
2024-08-16 00:00:00,2024-08-16,0,33.4,51,15.1,10.0,0.0,Clear
2024-08-16 01:00:00,2024-08-16,1,33.6,53,30.4,10.0,0.0,Clear
2024-08-16 02:00:00,2024-08-16,2,31.0,54,37.6,10.0,0.0,Clear
2024-08-16 03:00:00,2024-08-16,3,29.7,60,13.9,10.0,0.0,Clear
2024-08-16 04:00:00,2024-08-16,4,31.3,65,2.6,10.0,0.0,Clear
2024-08-16 05:00:00,2024-08-16,5,31.7,75,13.8,10.0,0.0,Clear
2024-08-16 06:00:00,2024-08-16,6,35.1,80,3.9,10.0,0.0,Clear
2024-08-16 07:00:00,2024-08-16,7,34.6,78,12.5,10.0,0.0,Sunny
2024-08-16 08:00:00,2024-08-16,8,34.2,78,17.3,10.0,0.0,Sunny
2024-08-16 09:00:00,2024-08-16,9,38.5,78,5.5,10.0,0.0,Sunny
2024-08-16 10:00:00,2024-08-16,10,39.6,78,25.0,10.0,0.0,Sunny
2024-08-16 11:00:00,2024-08-16,11,41.4,76,8.8,10.0,0.0,Sunny
2024-08-16 12:00:00,2024-08-16,12,42.1,71,8.2,10.0,0.0,Hazy
2024-08-16 13:00:00,2024-08-16,13,43.8,77,5.3,10.0,0.0,Sunny
2024-08-16 14:00:00,2024-08-16,14,43.8,61,14.7,10.0,0.0,Partly Cloudy
2024-08-16 15:00:00,2024-08-16,15,43.2,65,16.5,10.0,0.0,Sunny
2024-08-16 16:00:00,2024-08-16,16,43.4,47,26.1,10.0,0.0,Sunny
2024-08-16 17:00:00,2024-08-16,17,42.5,50,7.8,10.0,0.0,Sunny
2024-08-16 18:00:00,2024-08-16,18,42.0,46,12.0,10.0,0.0,Sunny
2024-08-16 19:00:00,2024-08-16,19,40.3,45,8.3,10.0,0.0,Clear
2024-08-16 20:00:00,2024-08-16,20,38.3,41,13.3,10.0,0.0,Clear
2024-08-16 21:00:00,2024-08-16,21,36.8,48,18.0,10.0,0.0,Clear
2024-08-16 22:00:00,2024-08-16,22,35.3,42,10.0,10.0,0.0,Clear
2024-08-16 23:00:00,2024-08-16,23,31.6,40,8.0,10.0,0.0,Clear
2024-08-17 00:00:00,2024-08-17,0,33.6,43,9.6,10.0,0.0,Clear
2024-08-17 01:00:00,2024-08-17,1,31.8,49,13.6,10.0,0.0,Clear
2024-08-17 02:00:00,2024-08-17,2,30.0,58,10.2,10.0,0.0,Clear
2024-08-17 03:00:00,2024-08-17,3,31.2,64,13.2,10.0,0.0,Clear
2024-08-17 04:00:00,2024-08-17,4,30.1,60,11.7,10.0,0.0,Clear
2024-08-17 05:00:00,2024-08-17,5,30.8,66,10.0,10.0,0.0,Clear
2024-08-17 06:00:00,2024-08-17,6,32.9,68,9.6,10.0,0.0,Clear
2024-08-17 07:00:00,2024-08-17,7,35.5,74,9.6,10.0,0.0,Sunny
2024-08-17 08:00:00,2024-08-17,8,35.7,81,7.9,10.0,0.0,Sunny
2024-08-17 09:00:00,2024-08-17,9,36.1,79,5.8,10.0,0.0,Partly Cloudy
2024-08-17 10:00:00,2024-08-17,10,38.3,80,8.3,10.0,0.0,Sunny
2024-08-17 11:00:00,2024-08-17,11,41.3,79,9.9,10.0,0.0,Sunny
2024-08-17 12:00:00,2024-08-17,12,42.1,70,16.3,10.0,0.0,Sunny
2024-08-17 13:00:00,2024-08-17,13,43.8,64,17.2,10.0,0.0,Sunny
2024-08-17 14:00:00,2024-08-17,14,43.8,62,28.0,10.0,0.0,Sunny
2024-08-17 15:00:00,2024-08-17,15,44.4,63,12.9,10.0,0.0,Sunny
2024-08-17 16:00:00,2024-08-17,16,45.7,58,2.0,10.0,0.0,Sunny
2024-08-17 17:00:00,2024-08-17,17,41.0,51,9.0,10.0,0.0,Partly Cloudy
2024-08-17 18:00:00,2024-08-17,18,44.5,51,9.4,10.0,0.0,Sunny
2024-08-17 19:00:00,2024-08-17,19,41.4,45,7.6,10.0,0.0,Clear
2024-08-17 20:00:00,2024-08-17,20,41.8,41,2.0,10.0,0.0,Clear
2024-08-17 21:00:00,2024-08-17,21,35.8,36,16.5,10.0,0.0,Clear
2024-08-17 22:00:00,2024-08-17,22,35.8,48,11.7,10.0,0.0,Clear
2024-08-17 23:00:00,2024-08-17,23,33.9,44,7.2,10.0,0.0,Clear
2024-08-18 00:00:00,2024-08-18,0,33.5,45,3.8,10.0,0.0,Clear
2024-08-18 01:00:00,2024-08-18,1,31.9,51,9.8,10.0,0.0,Clear
2024-08-18 02:00:00,2024-08-18,2,31.2,61,42.4,10.0,0.0,Clear
2024-08-18 03:00:00,2024-08-18,3,31.4,64,11.7,10.0,0.0,Clear
2024-08-18 04:00:00,2024-08-18,4,30.6,63,10.4,10.0,0.0,Clear
2024-08-18 05:00:00,2024-08-18,5,30.8,71,4.0,10.0,0.0,Clear
2024-08-18 06:00:00,2024-08-18,6,32.9,78,14.2,10.0,0.0,Clear
2024-08-18 07:00:00,2024-08-18,7,33.1,77,6.5,10.0,0.0,Hazy
2024-08-18 08:00:00,2024-08-18,8,35.2,78,14.6,10.0,0.0,Sunny
2024-08-18 09:00:00,2024-08-18,9,35.3,70,2.0,10.0,0.0,Sunny
2024-08-18 10:00:00,2024-08-18,10,38.7,82,4.5,10.0,0.0,Sunny
2024-08-18 11:00:00,2024-08-18,11,39.1,71,6.4,10.0,0.0,Sunny
2024-08-18 12:00:00,2024-08-18,12,41.6,65,8.1,10.0,0.0,Partly Cloudy
2024-08-18 13:00:00,2024-08-18,13,41.3,62,26.8,10.0,0.0,Partly Cloudy
2024-08-18 14:00:00,2024-08-18,14,43.3,61,22.1,10.0,0.0,Sunny
2024-08-18 15:00:00,2024-08-18,15,44.6,62,13.0,10.0,0.0,Sunny
2024-08-18 16:00:00,2024-08-18,16,42.6,60,4.0,10.0,0.0,Sunny
2024-08-18 17:00:00,2024-08-18,17,41.5,52,4.1,10.0,0.0,Partly Cloudy
2024-08-18 18:00:00,2024-08-18,18,42.5,54,20.5,10.0,0.0,Partly Cloudy
2024-08-18 19:00:00,2024-08-18,19,41.3,43,7.7,10.0,0.0,Clear
2024-08-18 20:00:00,2024-08-18,20,39.2,42,5.6,10.0,0.0,Clear
2024-08-18 21:00:00,2024-08-18,21,36.4,35,7.0,10.0,0.0,Clear
2024-08-18 22:00:00,2024-08-18,22,34.6,40,9.0,10.0,0.0,Clear
2024-08-18 23:00:00,2024-08-18,23,33.4,36,12.2,10.0,0.0,Clear
2024-08-19 00:00:00,2024-08-19,0,32.3,42,8.7,10.0,0.0,Clear
2024-08-19 01:00:00,2024-08-19,1,29.3,54,2.0,10.0,0.0,Clear
2024-08-19 02:00:00,2024-08-19,2,29.5,49,10.8,10.0,0.0,Clear
2024-08-19 03:00:00,2024-08-19,3,32.0,54,12.8,10.0,0.0,Clear
2024-08-19 04:00:00,2024-08-19,4,31.0,58,12.5,10.0,0.0,Clear
2024-08-19 05:00:00,2024-08-19,5,32.8,72,8.8,10.0,0.0,Clear
2024-08-19 06:00:00,2024-08-19,6,33.6,79,3.7,10.0,0.0,Clear
2024-08-19 07:00:00,2024-08-19,7,33.4,75,2.6,10.0,0.0,Sunny
2024-08-19 08:00:00,2024-08-19,8,35.0,81,7.0,10.0,0.0,Sunny
2024-08-19 09:00:00,2024-08-19,9,38.2,73,16.6,10.0,0.0,Sunny
2024-08-19 10:00:00,2024-08-19,10,39.6,82,5.7,10.0,0.0,Sunny
2024-08-19 11:00:00,2024-08-19,11,41.4,73,57.3,10.0,0.0,Sunny
2024-08-19 12:00:00,2024-08-19,12,41.6,75,18.9,10.0,0.0,Partly Cloudy
2024-08-19 13:00:00,2024-08-19,13,42.8,69,7.4,10.0,0.0,Sunny
2024-08-19 14:00:00,2024-08-19,14,43.0,57,6.8,10.0,0.0,Partly Cloudy
2024-08-19 15:00:00,2024-08-19,15,43.4,56,8.1,10.0,0.0,Sunny
2024-08-19 16:00:00,2024-08-19,16,42.5,56,9.9,10.0,0.0,Sunny
2024-08-19 17:00:00,2024-08-19,17,42.5,44,3.2,10.0,0.0,Partly Cloudy
2024-08-19 18:00:00,2024-08-19,18,41.4,48,6.2,10.0,0.0,Sunny
2024-08-19 19:00:00,2024-08-19,19,39.7,39,26.7,10.0,0.0,Clear
2024-08-19 20:00:00,2024-08-19,20,39.6,45,14.1,10.0,0.0,Clear
2024-08-19 21:00:00,2024-08-19,21,35.3,37,7.9,10.0,0.0,Clear
2024-08-19 22:00:00,2024-08-19,22,35.7,44,12.7,10.0,0.0,Clear
2024-08-19 23:00:00,2024-08-19,23,32.6,48,8.3,10.0,0.0,Clear
2024-08-20 00:00:00,2024-08-20,0,31.4,47,17.8,10.0,0.0,Clear
2024-08-20 01:00:00,2024-08-20,1,30.5,51,33.0,10.0,0.0,Clear
2024-08-20 02:00:00,2024-08-20,2,31.3,61,9.8,10.0,0.0,Clear
2024-08-20 03:00:00,2024-08-20,3,27.8,57,3.4,10.0,0.0,Clear
2024-08-20 04:00:00,2024-08-20,4,30.9,63,4.0,10.0,0.0,Clear
2024-08-20 05:00:00,2024-08-20,5,31.4,72,20.4,10.0,0.0,Clear
2024-08-20 06:00:00,2024-08-20,6,31.2,74,32.2,10.0,0.0,Clear
2024-08-20 07:00:00,2024-08-20,7,34.0,75,5.8,10.0,0.0,Sunny
2024-08-20 08:00:00,2024-08-20,8,33.9,73,5.6,10.0,0.0,Sunny
2024-08-20 09:00:00,2024-08-20,9,36.9,82,14.3,10.0,0.0,Sunny
2024-08-20 10:00:00,2024-08-20,10,37.2,72,3.2,10.0,0.0,Sunny
2024-08-20 11:00:00,2024-08-20,11,42.7,85,14.3,10.0,0.0,Sunny
2024-08-20 12:00:00,2024-08-20,12,42.6,68,15.7,10.0,0.0,Sunny
2024-08-20 13:00:00,2024-08-20,13,42.9,65,5.2,10.0,0.0,Sunny
2024-08-20 14:00:00,2024-08-20,14,42.1,66,2.0,10.0,0.0,Sunny
2024-08-20 15:00:00,2024-08-20,15,43.2,62,5.1,10.0,0.0,Sunny
2024-08-20 16:00:00,2024-08-20,16,43.0,51,16.8,10.0,0.0,Hazy
2024-08-20 17:00:00,2024-08-20,17,42.9,58,13.3,10.0,0.0,Sunny
2024-08-20 18:00:00,2024-08-20,18,42.1,49,8.9,10.0,0.0,Sunny
2024-08-20 19:00:00,2024-08-20,19,40.5,43,21.2,10.0,0.0,Clear
2024-08-20 20:00:00,2024-08-20,20,39.1,44,12.6,10.0,0.0,Clear
2024-08-20 21:00:00,2024-08-20,21,36.8,47,11.5,10.0,0.0,Clear
2024-08-20 22:00:00,2024-08-20,22,35.7,49,2.6,10.0,0.0,Clear
2024-08-20 23:00:00,2024-08-20,23,33.0,45,13.1,10.0,0.0,Clear
2024-08-21 00:00:00,2024-08-21,0,31.1,42,16.7,10.0,0.0,Clear
2024-08-21 01:00:00,2024-08-21,1,33.6,46,31.4,10.0,0.0,Clear
2024-08-21 02:00:00,2024-08-21,2,31.2,50,6.0,10.0,0.0,Clear
2024-08-21 03:00:00,2024-08-21,3,32.7,57,8.9,10.0,0.0,Clear
2024-08-21 04:00:00,2024-08-21,4,30.4,65,23.8,10.0,0.0,Clear
2024-08-21 05:00:00,2024-08-21,5,34.3,70,15.5,10.0,0.0,Clear
2024-08-21 06:00:00,2024-08-21,6,32.5,77,14.7,10.0,0.0,Clear
2024-08-21 07:00:00,2024-08-21,7,35.1,67,4.3,10.0,0.0,Sunny
2024-08-21 08:00:00,2024-08-21,8,35.4,77,9.0,10.0,0.0,Partly Cloudy
2024-08-21 09:00:00,2024-08-21,9,37.2,80,16.2,10.0,0.0,Sunny
2024-08-21 10:00:00,2024-08-21,10,38.5,66,5.1,10.0,0.0,Partly Cloudy
2024-08-21 11:00:00,2024-08-21,11,39.7,77,10.8,10.0,0.0,Sunny
2024-08-21 12:00:00,2024-08-21,12,42.8,84,8.6,10.0,0.0,Sunny
2024-08-21 13:00:00,2024-08-21,13,42.6,72,15.2,10.0,0.0,Sunny
2024-08-21 14:00:00,2024-08-21,14,44.3,66,12.6,10.0,0.0,Sunny
2024-08-21 15:00:00,2024-08-21,15,44.6,59,2.0,10.0,0.0,Sunny
2024-08-21 16:00:00,2024-08-21,16,45.0,56,8.7,10.0,0.0,Sunny
2024-08-21 17:00:00,2024-08-21,17,43.1,57,28.9,10.0,0.0,Sunny
2024-08-21 18:00:00,2024-08-21,18,39.8,46,19.4,10.0,0.0,Sunny
2024-08-21 19:00:00,2024-08-21,19,39.9,49,8.4,10.0,0.0,Clear
2024-08-21 20:00:00,2024-08-21,20,38.7,44,17.5,10.0,0.0,Clear
2024-08-21 21:00:00,2024-08-21,21,37.0,49,7.3,10.0,0.0,Clear
2024-08-21 22:00:00,2024-08-21,22,36.9,47,15.1,10.0,0.0,Clear
2024-08-21 23:00:00,2024-08-21,23,35.1,45,5.8,10.0,0.0,Clear
2024-08-22 00:00:00,2024-08-22,0,32.2,48,34.1,10.0,0.0,Clear
2024-08-22 01:00:00,2024-08-22,1,34.3,50,8.6,10.0,0.0,Clear
2024-08-22 02:00:00,2024-08-22,2,30.3,59,10.6,10.0,0.0,Clear
2024-08-22 03:00:00,2024-08-22,3,30.2,58,21.2,10.0,0.0,Clear
2024-08-22 04:00:00,2024-08-22,4,29.4,65,10.4,10.0,0.0,Clear
2024-08-22 05:00:00,2024-08-22,5,29.5,68,11.7,10.0,0.0,Clear
2024-08-22 06:00:00,2024-08-22,6,31.0,67,11.6,10.0,0.0,Clear
2024-08-22 07:00:00,2024-08-22,7,35.0,76,13.2,10.0,0.0,Partly Cloudy
2024-08-22 08:00:00,2024-08-22,8,36.2,71,4.1,10.0,0.0,Sunny
2024-08-22 09:00:00,2024-08-22,9,35.9,76,14.1,10.0,0.0,Sunny
2024-08-22 10:00:00,2024-08-22,10,38.8,80,6.9,10.0,0.0,Partly Cloudy
2024-08-22 11:00:00,2024-08-22,11,41.2,76,6.2,10.0,0.0,Sunny
2024-08-22 12:00:00,2024-08-22,12,39.2,73,8.2,10.0,0.0,Sunny
2024-08-22 13:00:00,2024-08-22,13,44.8,66,3.2,10.0,0.0,Sunny
2024-08-22 14:00:00,2024-08-22,14,44.5,69,8.1,10.0,0.0,Sunny
2024-08-22 15:00:00,2024-08-22,15,44.5,56,3.8,10.0,0.0,Partly Cloudy
2024-08-22 16:00:00,2024-08-22,16,44.7,58,2.0,10.0,0.0,Sunny
2024-08-22 17:00:00,2024-08-22,17,40.2,56,17.4,10.0,0.0,Sunny
2024-08-22 18:00:00,2024-08-22,18,41.3,41,8.1,10.0,0.0,Partly Cloudy
2024-08-22 19:00:00,2024-08-22,19,41.8,43,12.2,10.0,0.0,Clear
2024-08-22 20:00:00,2024-08-22,20,38.7,41,15.4,10.0,0.0,Clear
2024-08-22 21:00:00,2024-08-22,21,37.9,43,24.3,10.0,0.0,Clear
2024-08-22 22:00:00,2024-08-22,22,37.1,39,8.2,10.0,0.0,Clear
2024-08-22 23:00:00,2024-08-22,23,34.6,40,10.2,10.0,0.0,Clear
2024-08-23 00:00:00,2024-08-23,0,32.1,47,14.6,10.0,0.0,Clear
2024-08-23 01:00:00,2024-08-23,1,32.1,49,2.3,10.0,0.0,Clear
2024-08-23 02:00:00,2024-08-23,2,28.7,55,7.4,10.0,0.0,Clear
2024-08-23 03:00:00,2024-08-23,3,31.1,64,9.9,10.0,0.0,Clear
2024-08-23 04:00:00,2024-08-23,4,31.6,58,6.3,10.0,0.0,Clear
2024-08-23 05:00:00,2024-08-23,5,31.6,69,6.3,10.0,0.0,Clear
2024-08-23 06:00:00,2024-08-23,6,33.8,70,5.2,10.0,0.0,Clear
2024-08-23 07:00:00,2024-08-23,7,34.1,76,52.2,10.0,0.0,Sunny
2024-08-23 08:00:00,2024-08-23,8,35.5,75,9.8,10.0,0.0,Partly Cloudy
2024-08-23 09:00:00,2024-08-23,9,39.2,73,4.9,10.0,0.0,Sunny
2024-08-23 10:00:00,2024-08-23,10,37.5,79,8.4,10.0,0.0,Partly Cloudy
2024-08-23 11:00:00,2024-08-23,11,41.9,87,4.6,10.0,0.0,Partly Cloudy
2024-08-23 12:00:00,2024-08-23,12,43.2,72,10.5,10.0,0.0,Partly Cloudy
2024-08-23 13:00:00,2024-08-23,13,43.6,66,12.2,10.0,0.0,Sunny
2024-08-23 14:00:00,2024-08-23,14,42.8,62,24.6,10.0,0.0,Sunny
2024-08-23 15:00:00,2024-08-23,15,43.9,64,2.8,10.0,0.0,Sunny
2024-08-23 16:00:00,2024-08-23,16,42.3,52,19.3,10.0,0.0,Sunny
2024-08-23 17:00:00,2024-08-23,17,42.0,56,10.3,10.0,0.0,Sunny
2024-08-23 18:00:00,2024-08-23,18,41.8,41,16.8,10.0,0.0,Sunny
2024-08-23 19:00:00,2024-08-23,19,39.2,45,19.9,10.0,0.0,Clear
2024-08-23 20:00:00,2024-08-23,20,38.4,45,22.7,10.0,0.0,Clear
2024-08-23 21:00:00,2024-08-23,21,35.7,45,3.7,10.0,0.0,Clear
2024-08-23 22:00:00,2024-08-23,22,36.1,45,15.3,10.0,0.0,Clear
2024-08-23 23:00:00,2024-08-23,23,35.7,45,5.0,10.0,0.0,Clear
2024-08-24 00:00:00,2024-08-24,0,35.0,52,4.9,10.0,0.0,Clear
2024-08-24 01:00:00,2024-08-24,1,30.1,47,13.5,10.0,0.0,Clear
2024-08-24 02:00:00,2024-08-24,2,29.7,53,14.0,10.0,0.0,Clear
2024-08-24 03:00:00,2024-08-24,3,30.4,58,16.1,10.0,0.0,Clear
2024-08-24 04:00:00,2024-08-24,4,31.7,71,6.9,10.0,0.0,Clear
2024-08-24 05:00:00,2024-08-24,5,31.3,71,12.4,10.0,0.0,Clear
2024-08-24 06:00:00,2024-08-24,6,33.7,75,13.1,10.0,0.0,Clear
2024-08-24 07:00:00,2024-08-24,7,34.5,75,8.5,10.0,0.0,Sunny
2024-08-24 08:00:00,2024-08-24,8,33.3,81,21.2,10.0,0.0,Sunny
2024-08-24 09:00:00,2024-08-24,9,37.2,72,2.0,10.0,0.0,Sunny
2024-08-24 10:00:00,2024-08-24,10,37.3,76,4.7,10.0,0.0,Sunny
2024-08-24 11:00:00,2024-08-24,11,39.7,75,21.1,10.0,0.0,Sunny
2024-08-24 12:00:00,2024-08-24,12,41.2,71,13.5,10.0,0.0,Sunny
2024-08-24 13:00:00,2024-08-24,13,43.7,68,39.4,10.0,0.0,Sunny
2024-08-24 14:00:00,2024-08-24,14,43.4,67,15.7,10.0,0.0,Sunny
2024-08-24 15:00:00,2024-08-24,15,43.1,61,5.9,10.0,0.0,Sunny
2024-08-24 16:00:00,2024-08-24,16,45.9,60,19.9,10.0,0.0,Sunny
2024-08-24 17:00:00,2024-08-24,17,41.7,43,22.5,10.0,0.0,Sunny
2024-08-24 18:00:00,2024-08-24,18,42.1,53,12.8,10.0,0.0,Sunny
2024-08-24 19:00:00,2024-08-24,19,41.2,42,4.2,10.0,0.0,Clear
2024-08-24 20:00:00,2024-08-24,20,39.0,48,12.5,10.0,0.0,Clear
2024-08-24 21:00:00,2024-08-24,21,36.1,40,7.5,10.0,0.0,Clear
2024-08-24 22:00:00,2024-08-24,22,34.3,44,6.3,10.0,0.0,Clear
2024-08-24 23:00:00,2024-08-24,23,34.6,40,11.5,10.0,0.0,Clear
2024-08-25 00:00:00,2024-08-25,0,33.8,42,2.0,10.0,0.0,Clear
2024-08-25 01:00:00,2024-08-25,1,31.4,53,9.2,10.0,0.0,Clear
2024-08-25 02:00:00,2024-08-25,2,29.3,45,6.0,10.0,0.0,Clear
2024-08-25 03:00:00,2024-08-25,3,30.6,55,4.3,10.0,0.0,Clear
2024-08-25 04:00:00,2024-08-25,4,32.7,68,7.9,10.0,0.0,Clear
2024-08-25 05:00:00,2024-08-25,5,30.3,67,7.1,10.0,0.0,Clear
2024-08-25 06:00:00,2024-08-25,6,32.2,69,19.8,10.0,0.0,Clear
2024-08-25 07:00:00,2024-08-25,7,34.0,82,9.8,10.0,0.0,Sunny
2024-08-25 08:00:00,2024-08-25,8,36.8,85,13.6,10.0,0.0,Sunny
2024-08-25 09:00:00,2024-08-25,9,36.5,78,23.9,10.0,0.0,Sunny
2024-08-25 10:00:00,2024-08-25,10,39.4,82,6.1,10.0,0.0,Partly Cloudy
2024-08-25 11:00:00,2024-08-25,11,42.1,82,10.1,10.0,0.0,Partly Cloudy
2024-08-25 12:00:00,2024-08-25,12,40.0,73,14.8,10.0,0.0,Sunny
2024-08-25 13:00:00,2024-08-25,13,41.2,67,11.1,10.0,0.0,Sunny
2024-08-25 14:00:00,2024-08-25,14,43.3,65,9.0,10.0,0.0,Sunny
2024-08-25 15:00:00,2024-08-25,15,44.8,54,8.3,10.0,0.0,Sunny
2024-08-25 16:00:00,2024-08-25,16,43.8,58,13.0,10.0,0.0,Sunny
2024-08-25 17:00:00,2024-08-25,17,44.0,50,5.1,10.0,0.0,Sunny
2024-08-25 18:00:00,2024-08-25,18,39.7,47,4.9,10.0,0.0,Sunny
2024-08-25 19:00:00,2024-08-25,19,40.8,45,27.0,10.0,0.0,Clear
2024-08-25 20:00:00,2024-08-25,20,35.4,39,2.0,10.0,0.0,Clear
2024-08-25 21:00:00,2024-08-25,21,38.7,42,5.4,10.0,0.0,Clear
2024-08-25 22:00:00,2024-08-25,22,36.9,37,15.9,10.0,0.0,Clear
2024-08-25 23:00:00,2024-08-25,23,33.5,42,20.0,10.0,0.0,Clear
2024-08-26 00:00:00,2024-08-26,0,29.8,43,3.3,10.0,0.0,Clear
2024-08-26 01:00:00,2024-08-26,1,31.3,47,21.4,10.0,0.0,Clear
2024-08-26 02:00:00,2024-08-26,2,32.2,46,56.2,10.0,0.0,Clear
2024-08-26 03:00:00,2024-08-26,3,31.1,58,24.8,10.0,0.0,Clear
2024-08-26 04:00:00,2024-08-26,4,33.1,67,9.4,10.0,0.0,Clear
2024-08-26 05:00:00,2024-08-26,5,31.1,70,9.4,10.0,0.0,Clear
2024-08-26 06:00:00,2024-08-26,6,35.0,77,12.0,10.0,0.0,Clear
2024-08-26 07:00:00,2024-08-26,7,31.5,72,4.6,10.0,0.0,Sunny
2024-08-26 08:00:00,2024-08-26,8,34.5,75,7.1,10.0,0.0,Sunny
2024-08-26 09:00:00,2024-08-26,9,35.6,82,9.0,10.0,0.0,Sunny
2024-08-26 10:00:00,2024-08-26,10,39.7,77,17.1,10.0,0.0,Sunny
2024-08-26 11:00:00,2024-08-26,11,38.9,76,16.3,10.0,0.0,Sunny
2024-08-26 12:00:00,2024-08-26,12,42.9,81,4.2,10.0,0.0,Sunny
2024-08-26 13:00:00,2024-08-26,13,43.6,68,8.6,10.0,0.0,Partly Cloudy
2024-08-26 14:00:00,2024-08-26,14,43.6,63,3.5,10.0,0.0,Sunny
2024-08-26 15:00:00,2024-08-26,15,43.5,56,22.4,10.0,0.0,Sunny
2024-08-26 16:00:00,2024-08-26,16,42.1,54,8.2,10.0,0.0,Hazy
2024-08-26 17:00:00,2024-08-26,17,43.5,55,12.7,10.0,0.0,Hazy
2024-08-26 18:00:00,2024-08-26,18,41.1,50,9.9,10.0,0.0,Sunny
2024-08-26 19:00:00,2024-08-26,19,41.3,50,15.9,10.0,0.0,Clear
2024-08-26 20:00:00,2024-08-26,20,40.6,44,4.1,10.0,0.0,Clear
2024-08-26 21:00:00,2024-08-26,21,36.8,33,2.4,10.0,0.0,Clear
2024-08-26 22:00:00,2024-08-26,22,37.0,45,2.9,10.0,0.0,Clear
2024-08-26 23:00:00,2024-08-26,23,34.1,45,4.2,10.0,0.0,Clear
2024-08-27 00:00:00,2024-08-27,0,33.2,47,3.6,10.0,0.0,Clear
2024-08-27 01:00:00,2024-08-27,1,29.9,56,5.6,10.0,0.0,Clear
2024-08-27 02:00:00,2024-08-27,2,30.0,54,6.4,10.0,0.0,Clear
2024-08-27 03:00:00,2024-08-27,3,29.8,62,2.0,10.0,0.0,Clear
2024-08-27 04:00:00,2024-08-27,4,32.5,60,9.9,10.0,0.0,Clear
2024-08-27 05:00:00,2024-08-27,5,31.1,63,13.4,10.0,0.0,Clear
2024-08-27 06:00:00,2024-08-27,6,33.3,70,3.8,10.0,0.0,Clear
2024-08-27 07:00:00,2024-08-27,7,33.8,74,10.7,10.0,0.0,Sunny
2024-08-27 08:00:00,2024-08-27,8,35.0,80,4.7,10.0,0.0,Partly Cloudy
2024-08-27 09:00:00,2024-08-27,9,35.4,74,20.9,10.0,0.0,Sunny
2024-08-27 10:00:00,2024-08-27,10,36.5,83,12.8,10.0,0.0,Sunny
2024-08-27 11:00:00,2024-08-27,11,40.0,72,23.5,10.0,0.0,Hazy
2024-08-27 12:00:00,2024-08-27,12,41.4,72,27.4,10.0,0.0,Partly Cloudy
2024-08-27 13:00:00,2024-08-27,13,41.7,69,2.0,10.0,0.0,Partly Cloudy
2024-08-27 14:00:00,2024-08-27,14,43.6,66,9.9,10.0,0.0,Sunny
2024-08-27 15:00:00,2024-08-27,15,46.0,62,22.2,10.0,0.0,Sunny
2024-08-27 16:00:00,2024-08-27,16,45.2,64,18.8,10.0,0.0,Sunny
2024-08-27 17:00:00,2024-08-27,17,42.7,49,5.5,10.0,0.0,Partly Cloudy
2024-08-27 18:00:00,2024-08-27,18,41.7,49,6.7,10.0,0.0,Partly Cloudy
2024-08-27 19:00:00,2024-08-27,19,41.1,44,9.4,10.0,0.0,Clear
2024-08-27 20:00:00,2024-08-27,20,39.1,47,24.1,10.0,0.0,Clear
2024-08-27 21:00:00,2024-08-27,21,37.8,44,18.8,10.0,0.0,Clear
2024-08-27 22:00:00,2024-08-27,22,35.7,43,26.1,10.0,0.0,Clear
2024-08-27 23:00:00,2024-08-27,23,33.9,38,21.1,10.0,0.0,Clear
2024-08-28 00:00:00,2024-08-28,0,31.7,45,9.9,10.0,0.0,Clear
2024-08-28 01:00:00,2024-08-28,1,31.9,47,35.1,10.0,0.0,Clear
2024-08-28 02:00:00,2024-08-28,2,28.1,54,3.1,10.0,0.0,Clear
2024-08-28 03:00:00,2024-08-28,3,30.9,57,8.6,10.0,0.0,Clear
2024-08-28 04:00:00,2024-08-28,4,28.3,63,9.0,10.0,0.0,Clear
2024-08-28 05:00:00,2024-08-28,5,31.7,67,20.6,10.0,0.0,Clear
2024-08-28 06:00:00,2024-08-28,6,31.3,71,7.0,10.0,0.0,Clear
2024-08-28 07:00:00,2024-08-28,7,35.3,74,30.7,10.0,0.0,Sunny
2024-08-28 08:00:00,2024-08-28,8,35.5,74,15.0,10.0,0.0,Partly Cloudy
2024-08-28 09:00:00,2024-08-28,9,37.1,78,7.8,10.0,0.0,Sunny
2024-08-28 10:00:00,2024-08-28,10,39.2,74,4.1,10.0,0.0,Partly Cloudy
2024-08-28 11:00:00,2024-08-28,11,39.3,73,2.0,10.0,0.0,Sunny
2024-08-28 12:00:00,2024-08-28,12,43.0,73,2.0,10.0,0.0,Sunny
2024-08-28 13:00:00,2024-08-28,13,43.5,59,8.8,10.0,0.0,Sunny
2024-08-28 14:00:00,2024-08-28,14,42.7,75,43.3,10.0,0.0,Sunny
2024-08-28 15:00:00,2024-08-28,15,42.3,62,14.7,10.0,0.0,Partly Cloudy
2024-08-28 16:00:00,2024-08-28,16,42.8,57,17.5,10.0,0.0,Sunny
2024-08-28 17:00:00,2024-08-28,17,42.5,49,5.3,10.0,0.0,Sunny
2024-08-28 18:00:00,2024-08-28,18,40.3,48,5.5,10.0,0.0,Sunny
2024-08-28 19:00:00,2024-08-28,19,39.7,40,2.0,10.0,0.0,Clear
2024-08-28 20:00:00,2024-08-28,20,38.0,45,21.4,10.0,0.0,Clear
2024-08-28 21:00:00,2024-08-28,21,36.8,35,2.0,10.0,0.0,Clear
2024-08-28 22:00:00,2024-08-28,22,35.1,38,11.3,10.0,0.0,Clear
2024-08-28 23:00:00,2024-08-28,23,34.3,42,9.5,10.0,0.0,Clear
2024-08-29 00:00:00,2024-08-29,0,32.4,53,10.1,10.0,0.0,Clear
2024-08-29 01:00:00,2024-08-29,1,31.9,47,24.2,10.0,0.0,Clear
2024-08-29 02:00:00,2024-08-29,2,31.0,57,10.7,10.0,0.0,Clear
2024-08-29 03:00:00,2024-08-29,3,30.3,52,5.0,10.0,0.0,Clear
2024-08-29 04:00:00,2024-08-29,4,31.5,65,18.9,10.0,0.0,Clear
2024-08-29 05:00:00,2024-08-29,5,28.1,76,20.8,10.0,0.0,Clear
2024-08-29 06:00:00,2024-08-29,6,32.0,75,5.4,10.0,0.0,Clear
2024-08-29 07:00:00,2024-08-29,7,33.1,67,4.6,10.0,0.0,Hazy
2024-08-29 08:00:00,2024-08-29,8,35.5,78,7.0,10.0,0.0,Sunny
2024-08-29 09:00:00,2024-08-29,9,36.2,76,6.3,10.0,0.0,Sunny
2024-08-29 10:00:00,2024-08-29,10,39.3,82,14.9,10.0,0.0,Sunny
2024-08-29 11:00:00,2024-08-29,11,41.1,75,7.4,10.0,0.0,Sunny
2024-08-29 12:00:00,2024-08-29,12,39.9,67,11.5,10.0,0.0,Hazy
2024-08-29 13:00:00,2024-08-29,13,42.9,68,42.2,10.0,0.0,Sunny
2024-08-29 14:00:00,2024-08-29,14,41.7,62,8.8,10.0,0.0,Partly Cloudy
2024-08-29 15:00:00,2024-08-29,15,44.1,51,6.6,10.0,0.0,Hazy
2024-08-29 16:00:00,2024-08-29,16,42.7,55,25.3,10.0,0.0,Hazy
2024-08-29 17:00:00,2024-08-29,17,41.7,51,44.3,10.0,0.0,Partly Cloudy
2024-08-29 18:00:00,2024-08-29,18,39.5,49,26.8,10.0,0.0,Partly Cloudy
2024-08-29 19:00:00,2024-08-29,19,40.1,48,9.4,10.0,0.0,Clear
2024-08-29 20:00:00,2024-08-29,20,37.3,41,18.5,10.0,0.0,Clear
2024-08-29 21:00:00,2024-08-29,21,35.2,36,29.2,10.0,0.0,Clear
2024-08-29 22:00:00,2024-08-29,22,35.5,39,6.5,10.0,0.0,Clear
2024-08-29 23:00:00,2024-08-29,23,34.9,44,11.8,10.0,0.0,Clear
2024-08-30 00:00:00,2024-08-30,0,32.9,52,5.8,10.0,0.0,Clear
2024-08-30 01:00:00,2024-08-30,1,29.7,51,3.6,10.0,0.0,Clear
2024-08-30 02:00:00,2024-08-30,2,30.6,55,16.4,10.0,0.0,Clear
2024-08-30 03:00:00,2024-08-30,3,31.3,59,8.6,10.0,0.0,Clear
2024-08-30 04:00:00,2024-08-30,4,30.6,65,4.4,10.0,0.0,Clear
2024-08-30 05:00:00,2024-08-30,5,31.8,77,4.4,10.0,0.0,Clear
2024-08-30 06:00:00,2024-08-30,6,31.9,72,20.4,10.0,0.0,Clear
2024-08-30 07:00:00,2024-08-30,7,33.3,75,16.4,10.0,0.0,Sunny
2024-08-30 08:00:00,2024-08-30,8,34.5,78,17.2,10.0,0.0,Partly Cloudy
2024-08-30 09:00:00,2024-08-30,9,37.7,75,6.5,10.0,0.0,Partly Cloudy
2024-08-30 10:00:00,2024-08-30,10,39.5,71,24.5,10.0,0.0,Hazy
2024-08-30 11:00:00,2024-08-30,11,39.6,69,21.7,10.0,0.0,Partly Cloudy
2024-08-30 12:00:00,2024-08-30,12,42.5,70,25.6,10.0,0.0,Sunny
2024-08-30 13:00:00,2024-08-30,13,40.9,74,3.6,10.0,0.0,Sunny
2024-08-30 14:00:00,2024-08-30,14,43.1,69,14.2,10.0,0.0,Hazy
2024-08-30 15:00:00,2024-08-30,15,41.9,56,14.2,10.0,0.0,Sunny
2024-08-30 16:00:00,2024-08-30,16,41.9,55,5.8,10.0,0.0,Hazy
2024-08-30 17:00:00,2024-08-30,17,41.0,52,9.4,10.0,0.0,Sunny
2024-08-30 18:00:00,2024-08-30,18,40.8,44,12.8,10.0,0.0,Sunny
2024-08-30 19:00:00,2024-08-30,19,41.0,50,24.9,10.0,0.0,Clear
2024-08-30 20:00:00,2024-08-30,20,38.6,46,11.5,10.0,0.0,Clear
2024-08-30 21:00:00,2024-08-30,21,36.3,43,15.6,10.0,0.0,Clear
2024-08-30 22:00:00,2024-08-30,22,35.1,43,2.6,10.0,0.0,Clear
2024-08-30 23:00:00,2024-08-30,23,31.3,38,7.6,10.0,0.0,Clear
2024-08-31 00:00:00,2024-08-31,0,33.1,53,8.3,10.0,0.0,Clear
2024-08-31 01:00:00,2024-08-31,1,28.7,53,22.7,10.0,0.0,Clear
2024-08-31 02:00:00,2024-08-31,2,29.9,57,23.0,10.0,0.0,Clear
2024-08-31 03:00:00,2024-08-31,3,30.4,57,3.5,10.0,0.0,Clear
2024-08-31 04:00:00,2024-08-31,4,31.3,62,6.1,10.0,0.0,Clear
2024-08-31 05:00:00,2024-08-31,5,31.7,71,13.6,10.0,0.0,Clear
2024-08-31 06:00:00,2024-08-31,6,32.3,77,9.1,10.0,0.0,Clear
2024-08-31 07:00:00,2024-08-31,7,35.5,82,7.9,10.0,0.0,Partly Cloudy
2024-08-31 08:00:00,2024-08-31,8,37.7,74,7.2,10.0,0.0,Sunny
2024-08-31 09:00:00,2024-08-31,9,37.0,77,12.8,10.0,0.0,Sunny
2024-08-31 10:00:00,2024-08-31,10,38.6,69,12.8,10.0,0.0,Partly Cloudy
2024-08-31 11:00:00,2024-08-31,11,40.1,66,6.6,10.0,0.0,Sunny
2024-08-31 12:00:00,2024-08-31,12,40.9,75,7.4,10.0,0.0,Sunny
2024-08-31 13:00:00,2024-08-31,13,43.1,66,9.4,10.0,0.0,Sunny
2024-08-31 14:00:00,2024-08-31,14,44.8,57,11.0,10.0,0.0,Sunny
2024-08-31 15:00:00,2024-08-31,15,40.5,55,2.0,10.0,0.0,Sunny
2024-08-31 16:00:00,2024-08-31,16,43.1,57,5.6,10.0,0.0,Hazy
2024-08-31 17:00:00,2024-08-31,17,44.4,53,6.3,10.0,0.0,Partly Cloudy
2024-08-31 18:00:00,2024-08-31,18,42.1,41,9.1,10.0,0.0,Hazy
2024-08-31 19:00:00,2024-08-31,19,40.7,49,12.6,10.0,0.0,Clear
2024-08-31 20:00:00,2024-08-31,20,36.8,40,5.9,10.0,0.0,Clear
2024-08-31 21:00:00,2024-08-31,21,37.8,43,8.6,10.0,0.0,Clear
2024-08-31 22:00:00,2024-08-31,22,36.5,43,2.0,10.0,0.0,Clear
2024-08-31 23:00:00,2024-08-31,23,34.0,44,25.7,10.0,0.0,Clear
2024-09-01 00:00:00,2024-09-01,0,28.6,44,3.1,10.0,0.0,Clear
2024-09-01 01:00:00,2024-09-01,1,28.9,51,33.5,10.0,0.0,Clear
2024-09-01 02:00:00,2024-09-01,2,26.5,56,12.0,10.0,0.0,Clear
2024-09-01 03:00:00,2024-09-01,3,26.1,59,18.6,10.0,0.0,Clear
2024-09-01 04:00:00,2024-09-01,4,28.7,65,9.8,10.0,0.0,Clear
2024-09-01 05:00:00,2024-09-01,5,29.7,73,12.9,10.0,0.0,Clear
2024-09-01 06:00:00,2024-09-01,6,28.5,71,12.8,10.0,0.0,Clear
2024-09-01 07:00:00,2024-09-01,7,29.4,78,19.9,10.0,0.0,Partly Cloudy
2024-09-01 08:00:00,2024-09-01,8,31.3,77,14.1,10.0,0.0,Sunny
2024-09-01 09:00:00,2024-09-01,9,34.2,84,2.8,10.0,0.0,Partly Cloudy
2024-09-01 10:00:00,2024-09-01,10,34.3,72,2.1,10.0,0.0,Sunny
2024-09-01 11:00:00,2024-09-01,11,38.8,81,4.3,10.0,0.0,Hazy
2024-09-01 12:00:00,2024-09-01,12,38.0,71,9.9,10.0,0.0,Sunny
2024-09-01 13:00:00,2024-09-01,13,40.1,77,20.5,10.0,0.0,Sunny
2024-09-01 14:00:00,2024-09-01,14,39.4,66,5.8,10.0,0.0,Sunny
2024-09-01 15:00:00,2024-09-01,15,41.2,63,2.8,10.0,0.0,Partly Cloudy
2024-09-01 16:00:00,2024-09-01,16,41.1,55,4.0,10.0,0.0,Hazy
2024-09-01 17:00:00,2024-09-01,17,37.6,54,34.9,10.0,0.0,Sunny
2024-09-01 18:00:00,2024-09-01,18,37.8,50,19.3,10.0,0.0,Partly Cloudy
2024-09-01 19:00:00,2024-09-01,19,37.1,44,4.0,10.0,0.0,Clear
2024-09-01 20:00:00,2024-09-01,20,35.1,46,7.7,10.0,0.0,Clear
2024-09-01 21:00:00,2024-09-01,21,35.0,29,10.7,10.0,0.0,Clear
2024-09-01 22:00:00,2024-09-01,22,31.6,40,14.1,10.0,0.0,Clear
2024-09-01 23:00:00,2024-09-01,23,31.6,44,51.7,10.0,0.0,Clear
2024-09-02 00:00:00,2024-09-02,0,30.0,49,9.9,10.0,0.0,Clear
2024-09-02 01:00:00,2024-09-02,1,28.2,55,5.1,10.0,0.0,Clear
2024-09-02 02:00:00,2024-09-02,2,28.6,54,26.4,10.0,0.0,Clear
2024-09-02 03:00:00,2024-09-02,3,25.7,58,37.8,10.0,0.0,Clear
2024-09-02 04:00:00,2024-09-02,4,27.6,68,8.9,10.0,0.0,Clear
2024-09-02 05:00:00,2024-09-02,5,27.4,74,14.7,10.0,0.0,Clear
2024-09-02 06:00:00,2024-09-02,6,29.3,76,9.7,10.0,0.0,Clear
2024-09-02 07:00:00,2024-09-02,7,30.2,75,15.0,10.0,0.0,Sunny
2024-09-02 08:00:00,2024-09-02,8,32.4,88,17.9,10.0,0.0,Sunny
2024-09-02 09:00:00,2024-09-02,9,34.0,78,12.7,10.0,0.0,Sunny
2024-09-02 10:00:00,2024-09-02,10,35.8,78,24.2,10.0,0.0,Partly Cloudy
2024-09-02 11:00:00,2024-09-02,11,37.5,82,12.5,10.0,0.0,Sunny
2024-09-02 12:00:00,2024-09-02,12,39.3,79,4.9,10.0,0.0,Partly Cloudy
2024-09-02 13:00:00,2024-09-02,13,38.1,72,22.8,10.0,0.0,Hazy
2024-09-02 14:00:00,2024-09-02,14,40.9,61,24.1,10.0,0.0,Partly Cloudy
2024-09-02 15:00:00,2024-09-02,15,38.7,60,2.0,10.0,0.0,Sunny
2024-09-02 16:00:00,2024-09-02,16,36.9,57,40.3,10.0,0.0,Partly Cloudy
2024-09-02 17:00:00,2024-09-02,17,42.0,59,4.5,10.0,0.0,Partly Cloudy
2024-09-02 18:00:00,2024-09-02,18,37.5,59,9.0,10.0,0.0,Sunny
2024-09-02 19:00:00,2024-09-02,19,36.7,42,7.6,10.0,0.0,Clear
2024-09-02 20:00:00,2024-09-02,20,33.4,46,5.5,10.0,0.0,Clear
2024-09-02 21:00:00,2024-09-02,21,33.5,39,13.5,10.0,0.0,Clear
2024-09-02 22:00:00,2024-09-02,22,32.6,42,3.3,10.0,0.0,Clear
2024-09-02 23:00:00,2024-09-02,23,31.0,41,11.3,10.0,0.0,Clear
2024-09-03 00:00:00,2024-09-03,0,28.0,54,18.9,10.0,0.0,Clear
2024-09-03 01:00:00,2024-09-03,1,27.8,52,10.2,10.0,0.0,Clear
2024-09-03 02:00:00,2024-09-03,2,28.2,57,26.6,10.0,0.0,Clear
2024-09-03 03:00:00,2024-09-03,3,27.8,60,3.2,10.0,0.0,Clear
2024-09-03 04:00:00,2024-09-03,4,27.9,66,7.4,10.0,0.0,Clear
2024-09-03 05:00:00,2024-09-03,5,29.3,71,5.0,10.0,0.0,Clear
2024-09-03 06:00:00,2024-09-03,6,29.3,70,17.7,10.0,0.0,Clear
2024-09-03 07:00:00,2024-09-03,7,32.4,69,10.7,10.0,0.0,Hazy
2024-09-03 08:00:00,2024-09-03,8,32.0,72,7.9,10.0,0.0,Sunny
2024-09-03 09:00:00,2024-09-03,9,34.8,72,19.2,10.0,0.0,Sunny
2024-09-03 10:00:00,2024-09-03,10,36.6,78,31.1,10.0,0.0,Sunny
2024-09-03 11:00:00,2024-09-03,11,35.3,72,14.7,10.0,0.0,Sunny
2024-09-03 12:00:00,2024-09-03,12,39.1,77,21.5,10.0,0.0,Sunny
2024-09-03 13:00:00,2024-09-03,13,38.9,70,2.0,10.0,0.0,Sunny
2024-09-03 14:00:00,2024-09-03,14,39.1,57,15.1,10.0,0.0,Sunny
2024-09-03 15:00:00,2024-09-03,15,40.0,58,46.5,10.0,0.0,Sunny
2024-09-03 16:00:00,2024-09-03,16,40.5,47,15.0,10.0,0.0,Sunny
2024-09-03 17:00:00,2024-09-03,17,37.8,46,15.4,10.0,0.0,Sunny
2024-09-03 18:00:00,2024-09-03,18,38.6,45,13.4,10.0,0.0,Sunny
2024-09-03 19:00:00,2024-09-03,19,37.0,41,9.3,10.0,0.0,Clear
2024-09-03 20:00:00,2024-09-03,20,36.9,50,8.1,10.0,0.0,Clear
2024-09-03 21:00:00,2024-09-03,21,33.2,45,10.0,10.0,0.0,Clear
2024-09-03 22:00:00,2024-09-03,22,33.7,41,14.4,10.0,0.0,Clear
2024-09-03 23:00:00,2024-09-03,23,31.2,50,4.4,10.0,0.0,Clear
2024-09-04 00:00:00,2024-09-04,0,29.4,43,9.9,10.0,0.0,Clear
2024-09-04 01:00:00,2024-09-04,1,29.9,50,21.1,10.0,0.0,Clear
2024-09-04 02:00:00,2024-09-04,2,30.0,59,10.0,10.0,0.0,Clear
2024-09-04 03:00:00,2024-09-04,3,27.2,56,7.9,10.0,0.0,Clear
2024-09-04 04:00:00,2024-09-04,4,26.8,67,14.3,10.0,0.0,Clear
2024-09-04 05:00:00,2024-09-04,5,28.9,70,2.3,10.0,0.0,Clear
2024-09-04 06:00:00,2024-09-04,6,27.7,75,9.2,10.0,0.0,Clear
2024-09-04 07:00:00,2024-09-04,7,29.2,83,4.1,10.0,0.0,Sunny
2024-09-04 08:00:00,2024-09-04,8,33.9,79,12.2,10.0,0.0,Hazy
2024-09-04 09:00:00,2024-09-04,9,34.7,79,7.0,10.0,0.0,Sunny
2024-09-04 10:00:00,2024-09-04,10,34.7,71,14.6,10.0,0.0,Sunny
2024-09-04 11:00:00,2024-09-04,11,41.0,76,9.4,10.0,0.0,Sunny
2024-09-04 12:00:00,2024-09-04,12,36.9,71,16.1,10.0,0.0,Partly Cloudy
2024-09-04 13:00:00,2024-09-04,13,40.4,69,11.3,10.0,0.0,Sunny
2024-09-04 14:00:00,2024-09-04,14,39.3,63,3.8,10.0,0.0,Sunny
2024-09-04 15:00:00,2024-09-04,15,42.6,62,4.2,10.0,0.0,Sunny
2024-09-04 16:00:00,2024-09-04,16,39.6,51,3.0,10.0,0.0,Partly Cloudy
2024-09-04 17:00:00,2024-09-04,17,39.3,52,13.1,10.0,0.0,Sunny
2024-09-04 18:00:00,2024-09-04,18,36.4,43,7.7,10.0,0.0,Sunny
2024-09-04 19:00:00,2024-09-04,19,39.7,37,8.0,10.0,0.0,Clear
2024-09-04 20:00:00,2024-09-04,20,34.9,41,19.4,10.0,0.0,Clear
2024-09-04 21:00:00,2024-09-04,21,34.6,44,21.7,10.0,0.0,Clear
2024-09-04 22:00:00,2024-09-04,22,32.3,40,11.4,10.0,0.0,Clear
2024-09-04 23:00:00,2024-09-04,23,30.1,45,3.8,10.0,0.0,Clear
2024-09-05 00:00:00,2024-09-05,0,26.7,46,11.6,10.0,0.0,Clear
2024-09-05 01:00:00,2024-09-05,1,28.1,47,23.6,10.0,0.0,Clear
2024-09-05 02:00:00,2024-09-05,2,27.4,58,5.6,10.0,0.0,Clear
2024-09-05 03:00:00,2024-09-05,3,27.9,57,19.6,10.0,0.0,Clear
2024-09-05 04:00:00,2024-09-05,4,30.3,66,22.2,10.0,0.0,Clear
2024-09-05 05:00:00,2024-09-05,5,29.1,63,24.7,10.0,0.0,Clear
2024-09-05 06:00:00,2024-09-05,6,30.4,73,12.3,10.0,0.0,Clear
2024-09-05 07:00:00,2024-09-05,7,30.4,78,14.5,10.0,0.0,Sunny
2024-09-05 08:00:00,2024-09-05,8,30.7,79,6.0,10.0,0.0,Partly Cloudy
2024-09-05 09:00:00,2024-09-05,9,33.7,82,6.6,10.0,0.0,Sunny
2024-09-05 10:00:00,2024-09-05,10,34.8,80,9.3,10.0,0.0,Sunny
2024-09-05 11:00:00,2024-09-05,11,37.2,77,2.0,10.0,0.0,Sunny
2024-09-05 12:00:00,2024-09-05,12,38.0,76,3.1,10.0,0.0,Sunny
2024-09-05 13:00:00,2024-09-05,13,37.6,68,14.5,10.0,0.0,Sunny
2024-09-05 14:00:00,2024-09-05,14,41.8,67,22.9,10.0,0.0,Hazy
2024-09-05 15:00:00,2024-09-05,15,40.3,60,6.7,10.0,0.0,Partly Cloudy
2024-09-05 16:00:00,2024-09-05,16,39.9,63,2.6,10.0,0.0,Hazy
2024-09-05 17:00:00,2024-09-05,17,38.3,52,13.0,10.0,0.0,Sunny
2024-09-05 18:00:00,2024-09-05,18,38.0,42,7.4,10.0,0.0,Sunny
2024-09-05 19:00:00,2024-09-05,19,36.2,45,8.6,10.0,0.0,Clear
2024-09-05 20:00:00,2024-09-05,20,34.2,39,9.0,10.0,0.0,Clear
2024-09-05 21:00:00,2024-09-05,21,34.2,45,5.9,10.0,0.0,Clear
2024-09-05 22:00:00,2024-09-05,22,31.8,46,4.5,10.0,0.0,Clear
2024-09-05 23:00:00,2024-09-05,23,31.6,42,33.5,10.0,0.0,Clear
2024-09-06 00:00:00,2024-09-06,0,29.0,43,18.6,10.0,0.0,Clear
2024-09-06 01:00:00,2024-09-06,1,28.5,52,17.2,10.0,0.0,Clear
2024-09-06 02:00:00,2024-09-06,2,27.8,52,2.0,10.0,0.0,Clear
2024-09-06 03:00:00,2024-09-06,3,28.0,57,4.1,10.0,0.0,Clear
2024-09-06 04:00:00,2024-09-06,4,26.7,63,16.3,10.0,0.0,Clear
2024-09-06 05:00:00,2024-09-06,5,29.4,71,2.6,10.0,0.0,Clear
2024-09-06 06:00:00,2024-09-06,6,28.0,67,10.1,10.0,0.0,Clear
2024-09-06 07:00:00,2024-09-06,7,30.8,73,10.4,10.0,0.0,Sunny
2024-09-06 08:00:00,2024-09-06,8,30.9,87,7.0,10.0,0.0,Partly Cloudy
2024-09-06 09:00:00,2024-09-06,9,33.9,86,13.4,10.0,0.0,Sunny
2024-09-06 10:00:00,2024-09-06,10,36.8,82,6.1,10.0,0.0,Sunny
2024-09-06 11:00:00,2024-09-06,11,37.9,76,6.1,10.0,0.0,Sunny
2024-09-06 12:00:00,2024-09-06,12,39.9,76,3.7,10.0,0.0,Sunny
2024-09-06 13:00:00,2024-09-06,13,39.3,67,24.8,10.0,0.0,Sunny
2024-09-06 14:00:00,2024-09-06,14,41.4,54,4.3,10.0,0.0,Sunny
2024-09-06 15:00:00,2024-09-06,15,39.7,58,6.6,10.0,0.0,Partly Cloudy
2024-09-06 16:00:00,2024-09-06,16,39.7,53,9.4,10.0,0.0,Sunny
2024-09-06 17:00:00,2024-09-06,17,39.8,51,7.4,10.0,0.0,Sunny
2024-09-06 18:00:00,2024-09-06,18,39.6,49,25.0,10.0,0.0,Hazy
2024-09-06 19:00:00,2024-09-06,19,36.6,51,19.2,10.0,0.0,Clear
2024-09-06 20:00:00,2024-09-06,20,36.5,43,9.1,10.0,0.0,Clear
2024-09-06 21:00:00,2024-09-06,21,34.3,38,9.1,10.0,0.0,Clear
2024-09-06 22:00:00,2024-09-06,22,32.7,42,5.2,10.0,0.0,Clear
2024-09-06 23:00:00,2024-09-06,23,29.7,47,2.0,10.0,0.0,Clear
2024-09-07 00:00:00,2024-09-07,0,28.9,47,2.5,10.0,0.0,Clear
2024-09-07 01:00:00,2024-09-07,1,28.3,48,24.4,10.0,0.0,Clear
2024-09-07 02:00:00,2024-09-07,2,28.1,57,14.6,10.0,0.0,Clear
2024-09-07 03:00:00,2024-09-07,3,26.5,55,6.2,10.0,0.0,Clear
2024-09-07 04:00:00,2024-09-07,4,26.2,61,13.2,10.0,0.0,Clear
2024-09-07 05:00:00,2024-09-07,5,25.8,71,40.1,10.0,0.0,Clear
2024-09-07 06:00:00,2024-09-07,6,30.3,70,15.9,10.0,0.0,Clear
2024-09-07 07:00:00,2024-09-07,7,31.9,74,3.6,10.0,0.0,Sunny
2024-09-07 08:00:00,2024-09-07,8,29.9,77,8.3,10.0,0.0,Partly Cloudy
2024-09-07 09:00:00,2024-09-07,9,34.1,78,13.6,10.0,0.0,Sunny
2024-09-07 10:00:00,2024-09-07,10,35.2,74,22.7,10.0,0.0,Sunny
2024-09-07 11:00:00,2024-09-07,11,38.7,77,10.1,10.0,0.0,Sunny
2024-09-07 12:00:00,2024-09-07,12,38.3,69,8.5,10.0,0.0,Sunny
2024-09-07 13:00:00,2024-09-07,13,40.3,76,6.1,10.0,0.0,Sunny
2024-09-07 14:00:00,2024-09-07,14,39.8,63,2.8,10.0,0.0,Sunny
2024-09-07 15:00:00,2024-09-07,15,39.7,62,17.0,10.0,0.0,Sunny
2024-09-07 16:00:00,2024-09-07,16,41.2,58,8.2,10.0,0.0,Sunny
2024-09-07 17:00:00,2024-09-07,17,40.9,50,2.7,10.0,0.0,Sunny
2024-09-07 18:00:00,2024-09-07,18,37.1,43,5.3,10.0,0.0,Sunny
2024-09-07 19:00:00,2024-09-07,19,38.6,47,11.8,10.0,0.0,Clear
2024-09-07 20:00:00,2024-09-07,20,34.5,37,10.3,10.0,0.0,Clear
2024-09-07 21:00:00,2024-09-07,21,31.2,37,15.3,10.0,0.0,Clear
2024-09-07 22:00:00,2024-09-07,22,32.3,45,6.5,10.0,0.0,Clear
2024-09-07 23:00:00,2024-09-07,23,31.4,44,9.4,10.0,0.0,Clear
2024-09-08 00:00:00,2024-09-08,0,27.6,44,2.1,10.0,0.0,Clear
2024-09-08 01:00:00,2024-09-08,1,26.0,49,5.8,10.0,0.0,Clear
2024-09-08 02:00:00,2024-09-08,2,27.1,52,19.5,10.0,0.0,Clear
2024-09-08 03:00:00,2024-09-08,3,26.7,69,11.4,10.0,0.0,Clear
2024-09-08 04:00:00,2024-09-08,4,29.4,69,7.6,10.0,0.0,Clear
2024-09-08 05:00:00,2024-09-08,5,28.4,66,16.6,10.0,0.0,Clear
2024-09-08 06:00:00,2024-09-08,6,30.3,71,12.4,10.0,0.0,Clear
2024-09-08 07:00:00,2024-09-08,7,31.0,78,20.4,10.0,0.0,Sunny
2024-09-08 08:00:00,2024-09-08,8,34.2,73,3.4,10.0,0.0,Sunny
2024-09-08 09:00:00,2024-09-08,9,32.9,76,13.0,10.0,0.0,Sunny
2024-09-08 10:00:00,2024-09-08,10,35.6,76,11.1,10.0,0.0,Sunny
2024-09-08 11:00:00,2024-09-08,11,35.4,72,18.9,10.0,0.0,Sunny
2024-09-08 12:00:00,2024-09-08,12,39.6,77,5.3,10.0,0.0,Sunny
2024-09-08 13:00:00,2024-09-08,13,41.0,66,14.0,10.0,0.0,Sunny
2024-09-08 14:00:00,2024-09-08,14,41.3,64,2.0,10.0,0.0,Sunny
2024-09-08 15:00:00,2024-09-08,15,40.4,60,18.1,10.0,0.0,Sunny
2024-09-08 16:00:00,2024-09-08,16,38.5,62,15.2,10.0,0.0,Sunny
2024-09-08 17:00:00,2024-09-08,17,39.5,51,4.1,10.0,0.0,Sunny
2024-09-08 18:00:00,2024-09-08,18,37.8,56,9.4,10.0,0.0,Sunny
2024-09-08 19:00:00,2024-09-08,19,38.4,43,3.5,10.0,0.0,Clear
2024-09-08 20:00:00,2024-09-08,20,35.2,42,11.1,10.0,0.0,Clear
2024-09-08 21:00:00,2024-09-08,21,33.5,46,17.5,10.0,0.0,Clear
2024-09-08 22:00:00,2024-09-08,22,34.9,50,16.6,10.0,0.0,Clear
2024-09-08 23:00:00,2024-09-08,23,31.7,43,12.9,10.0,0.0,Clear
2024-09-09 00:00:00,2024-09-09,0,30.7,52,2.3,10.0,0.0,Clear
2024-09-09 01:00:00,2024-09-09,1,27.8,54,14.3,10.0,0.0,Clear
2024-09-09 02:00:00,2024-09-09,2,26.4,52,13.7,10.0,0.0,Clear
2024-09-09 03:00:00,2024-09-09,3,28.8,60,16.3,10.0,0.0,Clear
2024-09-09 04:00:00,2024-09-09,4,29.5,64,4.9,10.0,0.0,Clear
2024-09-09 05:00:00,2024-09-09,5,26.8,65,6.5,10.0,0.0,Clear
2024-09-09 06:00:00,2024-09-09,6,28.8,73,35.5,10.0,0.0,Clear
2024-09-09 07:00:00,2024-09-09,7,29.7,76,3.3,10.0,0.0,Sunny
2024-09-09 08:00:00,2024-09-09,8,32.9,79,11.8,10.0,0.0,Partly Cloudy
2024-09-09 09:00:00,2024-09-09,9,35.3,78,4.7,10.0,0.0,Partly Cloudy
2024-09-09 10:00:00,2024-09-09,10,35.2,75,8.4,10.0,0.0,Sunny
2024-09-09 11:00:00,2024-09-09,11,36.8,85,9.3,10.0,0.0,Partly Cloudy
2024-09-09 12:00:00,2024-09-09,12,36.2,74,14.1,10.0,0.0,Sunny
2024-09-09 13:00:00,2024-09-09,13,38.5,74,10.4,10.0,0.0,Partly Cloudy
2024-09-09 14:00:00,2024-09-09,14,42.1,66,2.0,10.0,0.0,Partly Cloudy
2024-09-09 15:00:00,2024-09-09,15,41.1,66,5.2,10.0,0.0,Sunny
2024-09-09 16:00:00,2024-09-09,16,41.4,52,7.8,10.0,0.0,Sunny
2024-09-09 17:00:00,2024-09-09,17,39.2,51,17.9,10.0,0.0,Partly Cloudy
2024-09-09 18:00:00,2024-09-09,18,38.3,45,6.5,10.0,0.0,Partly Cloudy
2024-09-09 19:00:00,2024-09-09,19,37.3,42,9.9,10.0,0.0,Clear
2024-09-09 20:00:00,2024-09-09,20,36.1,44,11.6,10.0,0.0,Clear
2024-09-09 21:00:00,2024-09-09,21,35.7,41,11.2,10.0,0.0,Clear
2024-09-09 22:00:00,2024-09-09,22,31.5,37,10.0,10.0,0.0,Clear
2024-09-09 23:00:00,2024-09-09,23,30.6,43,4.2,10.0,0.0,Clear
2024-09-10 00:00:00,2024-09-10,0,28.5,46,6.5,10.0,0.0,Clear
2024-09-10 01:00:00,2024-09-10,1,26.0,55,17.1,10.0,0.0,Clear
2024-09-10 02:00:00,2024-09-10,2,28.8,50,19.4,10.0,0.0,Clear
2024-09-10 03:00:00,2024-09-10,3,29.6,58,21.1,10.0,0.0,Clear
2024-09-10 04:00:00,2024-09-10,4,28.6,62,5.7,10.0,0.0,Clear
2024-09-10 05:00:00,2024-09-10,5,28.6,72,7.2,10.0,0.0,Clear
2024-09-10 06:00:00,2024-09-10,6,31.6,71,12.8,10.0,0.0,Clear
2024-09-10 07:00:00,2024-09-10,7,31.3,80,29.9,10.0,0.0,Sunny
2024-09-10 08:00:00,2024-09-10,8,33.3,77,42.7,10.0,0.0,Sunny
2024-09-10 09:00:00,2024-09-10,9,34.2,80,5.7,10.0,0.0,Sunny
2024-09-10 10:00:00,2024-09-10,10,36.0,82,5.1,10.0,0.0,Partly Cloudy
2024-09-10 11:00:00,2024-09-10,11,37.1,71,2.8,10.0,0.0,Partly Cloudy
2024-09-10 12:00:00,2024-09-10,12,39.6,72,14.6,10.0,0.0,Sunny
2024-09-10 13:00:00,2024-09-10,13,38.3,71,2.4,10.0,0.0,Sunny
2024-09-10 14:00:00,2024-09-10,14,40.8,65,13.5,10.0,0.0,Sunny
2024-09-10 15:00:00,2024-09-10,15,39.5,55,13.8,10.0,0.0,Sunny
2024-09-10 16:00:00,2024-09-10,16,40.9,58,26.9,10.0,0.0,Sunny
2024-09-10 17:00:00,2024-09-10,17,42.5,51,4.9,10.0,0.0,Sunny
2024-09-10 18:00:00,2024-09-10,18,39.4,48,2.0,10.0,0.0,Sunny
2024-09-10 19:00:00,2024-09-10,19,38.7,44,3.0,10.0,0.0,Clear
2024-09-10 20:00:00,2024-09-10,20,36.8,30,7.9,10.0,0.0,Clear
2024-09-10 21:00:00,2024-09-10,21,31.2,44,4.8,10.0,0.0,Clear
2024-09-10 22:00:00,2024-09-10,22,32.2,45,6.6,10.0,0.0,Clear
2024-09-10 23:00:00,2024-09-10,23,31.3,43,16.9,10.0,0.0,Clear
2024-09-11 00:00:00,2024-09-11,0,26.9,41,6.9,10.0,0.0,Clear
2024-09-11 01:00:00,2024-09-11,1,28.0,49,7.2,10.0,0.0,Clear
2024-09-11 02:00:00,2024-09-11,2,27.6,59,11.6,10.0,0.0,Clear
2024-09-11 03:00:00,2024-09-11,3,26.0,58,5.7,10.0,0.0,Clear
2024-09-11 04:00:00,2024-09-11,4,26.6,65,13.7,10.0,0.0,Clear
2024-09-11 05:00:00,2024-09-11,5,30.0,68,17.4,10.0,0.0,Clear
2024-09-11 06:00:00,2024-09-11,6,25.1,74,5.1,10.0,0.0,Clear
2024-09-11 07:00:00,2024-09-11,7,31.1,70,25.5,10.0,0.0,Partly Cloudy
2024-09-11 08:00:00,2024-09-11,8,33.7,77,2.5,10.0,0.0,Sunny
2024-09-11 09:00:00,2024-09-11,9,34.0,82,3.2,10.0,0.0,Sunny
2024-09-11 10:00:00,2024-09-11,10,37.4,74,7.2,10.0,0.0,Sunny
2024-09-11 11:00:00,2024-09-11,11,36.7,74,3.4,10.0,0.0,Sunny
2024-09-11 12:00:00,2024-09-11,12,37.5,77,11.6,10.0,0.0,Sunny
2024-09-11 13:00:00,2024-09-11,13,39.6,72,40.4,10.0,0.0,Sunny
2024-09-11 14:00:00,2024-09-11,14,39.8,66,7.3,10.0,0.0,Sunny
2024-09-11 15:00:00,2024-09-11,15,39.8,62,6.9,10.0,0.0,Partly Cloudy
2024-09-11 16:00:00,2024-09-11,16,40.1,57,3.2,10.0,0.0,Partly Cloudy
2024-09-11 17:00:00,2024-09-11,17,38.7,50,46.4,10.0,0.0,Sunny
2024-09-11 18:00:00,2024-09-11,18,37.6,52,25.2,10.0,0.0,Sunny
2024-09-11 19:00:00,2024-09-11,19,35.9,43,19.2,10.0,0.0,Clear
2024-09-11 20:00:00,2024-09-11,20,36.2,39,8.5,10.0,0.0,Clear
2024-09-11 21:00:00,2024-09-11,21,32.8,36,21.0,10.0,0.0,Clear
2024-09-11 22:00:00,2024-09-11,22,30.8,40,14.7,10.0,0.0,Clear
2024-09-11 23:00:00,2024-09-11,23,29.5,42,5.8,10.0,0.0,Clear
2024-09-12 00:00:00,2024-09-12,0,29.7,44,45.5,10.0,0.0,Clear
2024-09-12 01:00:00,2024-09-12,1,29.2,46,2.0,10.0,0.0,Clear
2024-09-12 02:00:00,2024-09-12,2,28.6,57,7.8,10.0,0.0,Clear
2024-09-12 03:00:00,2024-09-12,3,27.8,56,5.3,10.0,0.0,Clear
2024-09-12 04:00:00,2024-09-12,4,28.4,67,2.0,10.0,0.0,Clear
2024-09-12 05:00:00,2024-09-12,5,28.3,72,2.0,10.0,0.0,Clear
2024-09-12 06:00:00,2024-09-12,6,30.0,83,30.1,10.0,0.0,Clear
2024-09-12 07:00:00,2024-09-12,7,31.3,74,6.6,10.0,0.0,Sunny
2024-09-12 08:00:00,2024-09-12,8,31.4,77,8.1,10.0,0.0,Sunny
2024-09-12 09:00:00,2024-09-12,9,32.7,75,6.7,10.0,0.0,Sunny
2024-09-12 10:00:00,2024-09-12,10,37.3,73,7.0,10.0,0.0,Partly Cloudy
2024-09-12 11:00:00,2024-09-12,11,37.4,74,2.0,10.0,0.0,Sunny
2024-09-12 12:00:00,2024-09-12,12,39.9,70,12.8,10.0,0.0,Sunny
2024-09-12 13:00:00,2024-09-12,13,38.3,64,14.1,10.0,0.0,Sunny
2024-09-12 14:00:00,2024-09-12,14,39.8,66,6.0,10.0,0.0,Sunny
2024-09-12 15:00:00,2024-09-12,15,38.8,56,17.5,10.0,0.0,Sunny
2024-09-12 16:00:00,2024-09-12,16,41.1,58,30.4,10.0,0.0,Sunny
2024-09-12 17:00:00,2024-09-12,17,38.9,54,2.0,10.0,0.0,Sunny
2024-09-12 18:00:00,2024-09-12,18,37.9,44,8.4,10.0,0.0,Sunny
2024-09-12 19:00:00,2024-09-12,19,39.6,50,12.7,10.0,0.0,Clear
2024-09-12 20:00:00,2024-09-12,20,36.5,44,2.0,10.0,0.0,Clear
2024-09-12 21:00:00,2024-09-12,21,34.8,42,25.5,10.0,0.0,Clear
2024-09-12 22:00:00,2024-09-12,22,30.9,35,16.1,10.0,0.0,Clear
2024-09-12 23:00:00,2024-09-12,23,28.5,38,16.3,10.0,0.0,Clear
2024-09-13 00:00:00,2024-09-13,0,30.6,54,25.6,10.0,0.0,Clear
2024-09-13 01:00:00,2024-09-13,1,25.7,56,8.2,10.0,0.0,Clear
2024-09-13 02:00:00,2024-09-13,2,27.1,62,8.4,10.0,0.0,Clear
2024-09-13 03:00:00,2024-09-13,3,26.5,67,10.4,10.0,0.0,Clear
2024-09-13 04:00:00,2024-09-13,4,26.6,70,13.6,10.0,0.0,Clear
2024-09-13 05:00:00,2024-09-13,5,27.8,70,14.2,10.0,0.0,Clear
2024-09-13 06:00:00,2024-09-13,6,28.1,75,4.3,10.0,0.0,Clear
2024-09-13 07:00:00,2024-09-13,7,29.3,73,3.1,10.0,0.0,Hazy
2024-09-13 08:00:00,2024-09-13,8,32.6,78,15.1,10.0,0.0,Sunny
2024-09-13 09:00:00,2024-09-13,9,35.3,81,14.2,10.0,0.0,Sunny
2024-09-13 10:00:00,2024-09-13,10,33.6,80,21.4,10.0,0.0,Hazy
2024-09-13 11:00:00,2024-09-13,11,37.5,75,18.6,10.0,0.0,Partly Cloudy
2024-09-13 12:00:00,2024-09-13,12,39.2,65,2.4,10.0,0.0,Sunny
2024-09-13 13:00:00,2024-09-13,13,40.2,63,3.1,10.0,0.0,Sunny
2024-09-13 14:00:00,2024-09-13,14,40.0,67,4.8,10.0,0.0,Partly Cloudy
2024-09-13 15:00:00,2024-09-13,15,39.8,58,11.4,10.0,0.0,Sunny
2024-09-13 16:00:00,2024-09-13,16,41.2,58,24.2,10.0,0.0,Sunny
2024-09-13 17:00:00,2024-09-13,17,40.0,46,11.4,10.0,0.0,Partly Cloudy
2024-09-13 18:00:00,2024-09-13,18,36.3,53,9.2,10.0,0.0,Sunny
2024-09-13 19:00:00,2024-09-13,19,37.0,41,3.3,10.0,0.0,Clear
2024-09-13 20:00:00,2024-09-13,20,35.7,49,8.9,10.0,0.0,Clear
2024-09-13 21:00:00,2024-09-13,21,32.7,36,16.1,10.0,0.0,Clear
2024-09-13 22:00:00,2024-09-13,22,32.0,45,7.2,10.0,0.0,Clear
2024-09-13 23:00:00,2024-09-13,23,31.3,41,6.3,10.0,0.0,Clear
2024-09-14 00:00:00,2024-09-14,0,28.4,47,20.1,10.0,0.0,Clear
2024-09-14 01:00:00,2024-09-14,1,28.7,55,13.7,10.0,0.0,Clear
2024-09-14 02:00:00,2024-09-14,2,26.5,59,18.6,10.0,0.0,Clear
2024-09-14 03:00:00,2024-09-14,3,26.0,57,5.0,10.0,0.0,Clear
2024-09-14 04:00:00,2024-09-14,4,28.5,62,29.1,10.0,0.0,Clear
2024-09-14 05:00:00,2024-09-14,5,29.8,63,6.0,10.0,0.0,Clear
2024-09-14 06:00:00,2024-09-14,6,28.0,66,8.0,10.0,0.0,Clear
2024-09-14 07:00:00,2024-09-14,7,31.9,72,15.0,10.0,0.0,Sunny
2024-09-14 08:00:00,2024-09-14,8,32.3,74,6.1,10.0,0.0,Partly Cloudy
2024-09-14 09:00:00,2024-09-14,9,31.3,72,12.3,10.0,0.0,Hazy
2024-09-14 10:00:00,2024-09-14,10,34.0,77,12.7,10.0,0.0,Hazy
2024-09-14 11:00:00,2024-09-14,11,38.0,75,8.5,10.0,0.0,Sunny
2024-09-14 12:00:00,2024-09-14,12,36.6,73,13.1,10.0,0.0,Sunny
2024-09-14 13:00:00,2024-09-14,13,38.9,66,7.0,10.0,0.0,Sunny
2024-09-14 14:00:00,2024-09-14,14,40.2,62,13.7,10.0,0.0,Sunny
2024-09-14 15:00:00,2024-09-14,15,41.0,59,16.1,10.0,0.0,Partly Cloudy
2024-09-14 16:00:00,2024-09-14,16,40.5,59,10.1,10.0,0.0,Sunny
2024-09-14 17:00:00,2024-09-14,17,41.5,48,17.6,10.0,0.0,Sunny
2024-09-14 18:00:00,2024-09-14,18,37.6,41,5.2,10.0,0.0,Sunny
2024-09-14 19:00:00,2024-09-14,19,37.4,43,10.3,10.0,0.0,Clear
2024-09-14 20:00:00,2024-09-14,20,36.2,41,31.8,10.0,0.0,Clear
2024-09-14 21:00:00,2024-09-14,21,34.9,36,10.2,10.0,0.0,Clear
2024-09-14 22:00:00,2024-09-14,22,33.6,41,8.6,10.0,0.0,Clear
2024-09-14 23:00:00,2024-09-14,23,30.2,41,3.8,10.0,0.0,Clear
2024-09-15 00:00:00,2024-09-15,0,30.2,47,5.5,10.0,0.0,Clear
2024-09-15 01:00:00,2024-09-15,1,27.3,53,9.6,10.0,0.0,Clear
2024-09-15 02:00:00,2024-09-15,2,27.6,53,20.3,10.0,0.0,Clear
2024-09-15 03:00:00,2024-09-15,3,28.1,62,16.9,10.0,0.0,Clear
2024-09-15 04:00:00,2024-09-15,4,28.9,63,4.6,10.0,0.0,Clear
2024-09-15 05:00:00,2024-09-15,5,29.1,68,12.7,10.0,0.0,Clear
2024-09-15 06:00:00,2024-09-15,6,29.5,71,10.2,10.0,0.0,Clear
2024-09-15 07:00:00,2024-09-15,7,30.7,75,10.8,10.0,0.0,Partly Cloudy
2024-09-15 08:00:00,2024-09-15,8,33.0,72,16.1,10.0,0.0,Sunny
2024-09-15 09:00:00,2024-09-15,9,36.6,71,14.9,10.0,0.0,Sunny
2024-09-15 10:00:00,2024-09-15,10,36.7,82,14.2,10.0,0.0,Sunny
2024-09-15 11:00:00,2024-09-15,11,37.7,76,14.9,10.0,0.0,Hazy
2024-09-15 12:00:00,2024-09-15,12,37.0,71,2.0,10.0,0.0,Hazy
2024-09-15 13:00:00,2024-09-15,13,38.6,73,32.6,10.0,0.0,Sunny
2024-09-15 14:00:00,2024-09-15,14,39.9,76,10.6,10.0,0.0,Partly Cloudy
2024-09-15 15:00:00,2024-09-15,15,41.6,54,16.7,10.0,0.0,Sunny
2024-09-15 16:00:00,2024-09-15,16,39.2,55,20.3,10.0,0.0,Sunny
2024-09-15 17:00:00,2024-09-15,17,40.4,54,6.3,10.0,0.0,Sunny
2024-09-15 18:00:00,2024-09-15,18,38.7,41,9.2,10.0,0.0,Partly Cloudy
2024-09-15 19:00:00,2024-09-15,19,37.7,38,20.4,10.0,0.0,Clear
2024-09-15 20:00:00,2024-09-15,20,35.4,46,24.3,10.0,0.0,Clear
2024-09-15 21:00:00,2024-09-15,21,33.3,42,10.3,10.0,0.0,Clear
2024-09-15 22:00:00,2024-09-15,22,31.1,40,2.2,10.0,0.0,Clear
2024-09-15 23:00:00,2024-09-15,23,31.5,38,5.0,10.0,0.0,Clear
2024-09-16 00:00:00,2024-09-16,0,29.3,49,7.1,10.0,0.0,Clear
2024-09-16 01:00:00,2024-09-16,1,27.1,45,12.4,10.0,0.0,Clear
2024-09-16 02:00:00,2024-09-16,2,28.0,51,13.3,10.0,0.0,Clear
2024-09-16 03:00:00,2024-09-16,3,31.6,56,17.1,10.0,0.0,Clear
2024-09-16 04:00:00,2024-09-16,4,27.5,63,19.6,10.0,0.0,Clear
2024-09-16 05:00:00,2024-09-16,5,30.4,65,2.0,10.0,0.0,Clear
2024-09-16 06:00:00,2024-09-16,6,26.3,69,7.8,10.0,0.0,Clear
2024-09-16 07:00:00,2024-09-16,7,30.4,79,19.5,10.0,0.0,Sunny
2024-09-16 08:00:00,2024-09-16,8,33.5,78,27.0,10.0,0.0,Partly Cloudy
2024-09-16 09:00:00,2024-09-16,9,34.0,78,14.1,10.0,0.0,Sunny
2024-09-16 10:00:00,2024-09-16,10,34.9,79,4.0,10.0,0.0,Partly Cloudy
2024-09-16 11:00:00,2024-09-16,11,37.2,71,11.3,10.0,0.0,Sunny
2024-09-16 12:00:00,2024-09-16,12,39.8,74,22.1,10.0,0.0,Sunny
2024-09-16 13:00:00,2024-09-16,13,42.2,71,2.8,10.0,0.0,Sunny
2024-09-16 14:00:00,2024-09-16,14,41.6,61,4.2,10.0,0.0,Sunny
2024-09-16 15:00:00,2024-09-16,15,39.9,62,4.3,10.0,0.0,Sunny
2024-09-16 16:00:00,2024-09-16,16,40.0,56,14.9,10.0,0.0,Partly Cloudy
2024-09-16 17:00:00,2024-09-16,17,39.4,52,5.4,10.0,0.0,Sunny
2024-09-16 18:00:00,2024-09-16,18,37.6,54,2.0,10.0,0.0,Sunny
2024-09-16 19:00:00,2024-09-16,19,37.1,45,22.3,10.0,0.0,Clear
2024-09-16 20:00:00,2024-09-16,20,35.4,39,9.8,10.0,0.0,Clear
2024-09-16 21:00:00,2024-09-16,21,32.6,43,33.0,10.0,0.0,Clear
2024-09-16 22:00:00,2024-09-16,22,33.3,43,16.5,10.0,0.0,Clear
2024-09-16 23:00:00,2024-09-16,23,31.3,40,10.0,10.0,0.0,Clear
2024-09-17 00:00:00,2024-09-17,0,28.6,39,18.0,10.0,0.0,Clear
2024-09-17 01:00:00,2024-09-17,1,28.5,51,4.9,10.0,0.0,Clear
2024-09-17 02:00:00,2024-09-17,2,26.6,59,12.9,10.0,0.0,Clear
2024-09-17 03:00:00,2024-09-17,3,26.8,64,12.7,10.0,0.0,Clear
2024-09-17 04:00:00,2024-09-17,4,28.5,66,9.2,10.0,0.0,Clear
2024-09-17 05:00:00,2024-09-17,5,28.9,75,3.3,10.0,0.0,Clear
2024-09-17 06:00:00,2024-09-17,6,28.8,73,12.3,10.0,0.0,Clear
2024-09-17 07:00:00,2024-09-17,7,31.1,75,11.9,10.0,0.0,Hazy
2024-09-17 08:00:00,2024-09-17,8,32.2,78,6.1,10.0,0.0,Sunny
2024-09-17 09:00:00,2024-09-17,9,32.8,75,3.0,10.0,0.0,Partly Cloudy
2024-09-17 10:00:00,2024-09-17,10,35.5,72,5.4,10.0,0.0,Sunny
2024-09-17 11:00:00,2024-09-17,11,37.8,72,28.5,10.0,0.0,Sunny
2024-09-17 12:00:00,2024-09-17,12,39.0,71,6.5,10.0,0.0,Sunny
2024-09-17 13:00:00,2024-09-17,13,37.6,72,12.3,10.0,0.0,Hazy
2024-09-17 14:00:00,2024-09-17,14,40.5,59,11.8,10.0,0.0,Partly Cloudy
2024-09-17 15:00:00,2024-09-17,15,40.5,56,9.0,10.0,0.0,Partly Cloudy
2024-09-17 16:00:00,2024-09-17,16,38.0,59,29.5,10.0,0.0,Partly Cloudy
2024-09-17 17:00:00,2024-09-17,17,38.7,50,15.7,10.0,0.0,Sunny
2024-09-17 18:00:00,2024-09-17,18,39.2,46,14.5,10.0,0.0,Sunny
2024-09-17 19:00:00,2024-09-17,19,38.9,43,10.2,10.0,0.0,Clear
2024-09-17 20:00:00,2024-09-17,20,33.7,50,6.4,10.0,0.0,Clear
2024-09-17 21:00:00,2024-09-17,21,35.2,44,10.5,10.0,0.0,Clear
2024-09-17 22:00:00,2024-09-17,22,30.1,44,16.0,10.0,0.0,Clear
2024-09-17 23:00:00,2024-09-17,23,32.4,45,18.3,10.0,0.0,Clear
2024-09-18 00:00:00,2024-09-18,0,29.1,49,16.0,10.0,0.0,Clear
2024-09-18 01:00:00,2024-09-18,1,27.5,58,2.0,10.0,0.0,Clear
2024-09-18 02:00:00,2024-09-18,2,28.1,54,2.2,10.0,0.0,Clear
2024-09-18 03:00:00,2024-09-18,3,26.3,61,8.3,10.0,0.0,Clear
2024-09-18 04:00:00,2024-09-18,4,28.3,65,2.2,10.0,0.0,Clear
2024-09-18 05:00:00,2024-09-18,5,28.2,73,4.6,10.0,0.0,Clear
2024-09-18 06:00:00,2024-09-18,6,24.8,80,3.5,10.0,0.0,Clear
2024-09-18 07:00:00,2024-09-18,7,29.8,73,8.6,10.0,0.0,Sunny
2024-09-18 08:00:00,2024-09-18,8,32.5,79,10.3,10.0,0.0,Partly Cloudy
2024-09-18 09:00:00,2024-09-18,9,35.3,79,3.2,10.0,0.0,Partly Cloudy
2024-09-18 10:00:00,2024-09-18,10,36.1,72,24.0,10.0,0.0,Sunny
2024-09-18 11:00:00,2024-09-18,11,38.5,79,13.0,10.0,0.0,Sunny
2024-09-18 12:00:00,2024-09-18,12,37.5,79,9.9,10.0,0.0,Partly Cloudy
2024-09-18 13:00:00,2024-09-18,13,40.5,72,17.6,10.0,0.0,Sunny
2024-09-18 14:00:00,2024-09-18,14,41.2,62,9.7,10.0,0.0,Sunny
2024-09-18 15:00:00,2024-09-18,15,38.5,55,13.6,10.0,0.0,Hazy
2024-09-18 16:00:00,2024-09-18,16,41.6,58,6.6,10.0,0.0,Sunny
2024-09-18 17:00:00,2024-09-18,17,40.0,47,5.0,10.0,0.0,Sunny
2024-09-18 18:00:00,2024-09-18,18,38.3,43,3.6,10.0,0.0,Sunny
2024-09-18 19:00:00,2024-09-18,19,36.9,45,10.7,10.0,0.0,Clear
2024-09-18 20:00:00,2024-09-18,20,34.4,46,12.6,10.0,0.0,Clear
2024-09-18 21:00:00,2024-09-18,21,34.8,41,36.4,10.0,0.0,Clear
2024-09-18 22:00:00,2024-09-18,22,32.7,42,2.0,10.0,0.0,Clear
2024-09-18 23:00:00,2024-09-18,23,31.4,44,9.7,10.0,0.0,Clear
2024-09-19 00:00:00,2024-09-19,0,29.5,44,17.9,10.0,0.0,Clear
2024-09-19 01:00:00,2024-09-19,1,28.6,49,4.7,10.0,0.0,Clear
2024-09-19 02:00:00,2024-09-19,2,27.4,49,20.8,10.0,0.0,Clear
2024-09-19 03:00:00,2024-09-19,3,28.8,63,17.9,10.0,0.0,Clear
2024-09-19 04:00:00,2024-09-19,4,28.4,76,21.8,10.0,0.0,Clear
2024-09-19 05:00:00,2024-09-19,5,28.6,69,14.2,10.0,0.0,Clear
2024-09-19 06:00:00,2024-09-19,6,29.2,77,5.0,10.0,0.0,Clear
2024-09-19 07:00:00,2024-09-19,7,28.6,75,10.1,10.0,0.0,Sunny
2024-09-19 08:00:00,2024-09-19,8,29.9,72,19.2,10.0,0.0,Sunny
2024-09-19 09:00:00,2024-09-19,9,33.6,87,5.5,10.0,0.0,Partly Cloudy
2024-09-19 10:00:00,2024-09-19,10,37.2,74,2.3,10.0,0.0,Partly Cloudy
2024-09-19 11:00:00,2024-09-19,11,36.4,79,3.2,10.0,0.0,Partly Cloudy
2024-09-19 12:00:00,2024-09-19,12,37.8,74,16.0,10.0,0.0,Sunny
2024-09-19 13:00:00,2024-09-19,13,38.5,74,5.9,10.0,0.0,Sunny
2024-09-19 14:00:00,2024-09-19,14,38.7,64,12.9,10.0,0.0,Sunny
2024-09-19 15:00:00,2024-09-19,15,39.4,55,17.5,10.0,0.0,Sunny
2024-09-19 16:00:00,2024-09-19,16,40.6,53,7.1,10.0,0.0,Sunny
2024-09-19 17:00:00,2024-09-19,17,39.0,60,4.0,10.0,0.0,Hazy
2024-09-19 18:00:00,2024-09-19,18,38.0,49,4.4,10.0,0.0,Partly Cloudy
2024-09-19 19:00:00,2024-09-19,19,36.5,53,33.3,10.0,0.0,Clear
2024-09-19 20:00:00,2024-09-19,20,36.0,41,4.7,10.0,0.0,Clear
2024-09-19 21:00:00,2024-09-19,21,34.5,45,13.5,10.0,0.0,Clear
2024-09-19 22:00:00,2024-09-19,22,30.1,37,18.5,10.0,0.0,Clear
2024-09-19 23:00:00,2024-09-19,23,29.8,45,12.9,10.0,0.0,Clear
2024-09-20 00:00:00,2024-09-20,0,29.3,56,8.6,10.0,0.0,Clear
2024-09-20 01:00:00,2024-09-20,1,28.9,48,9.6,10.0,0.0,Clear
2024-09-20 02:00:00,2024-09-20,2,27.9,53,11.5,10.0,0.0,Clear
2024-09-20 03:00:00,2024-09-20,3,28.5,63,2.4,10.0,0.0,Clear
2024-09-20 04:00:00,2024-09-20,4,26.0,65,14.9,10.0,0.0,Clear
2024-09-20 05:00:00,2024-09-20,5,28.9,77,30.1,10.0,0.0,Clear
2024-09-20 06:00:00,2024-09-20,6,31.9,72,2.0,10.0,0.0,Clear
2024-09-20 07:00:00,2024-09-20,7,30.8,76,5.4,10.0,0.0,Hazy
2024-09-20 08:00:00,2024-09-20,8,32.4,79,9.7,10.0,0.0,Sunny
2024-09-20 09:00:00,2024-09-20,9,34.6,74,23.4,10.0,0.0,Sunny
2024-09-20 10:00:00,2024-09-20,10,35.0,72,28.3,10.0,0.0,Partly Cloudy
2024-09-20 11:00:00,2024-09-20,11,36.1,70,2.0,10.0,0.0,Sunny
2024-09-20 12:00:00,2024-09-20,12,38.7,59,17.3,10.0,0.0,Sunny
2024-09-20 13:00:00,2024-09-20,13,37.6,69,26.7,10.0,0.0,Sunny
2024-09-20 14:00:00,2024-09-20,14,40.8,59,2.0,10.0,0.0,Hazy
2024-09-20 15:00:00,2024-09-20,15,41.2,58,13.7,10.0,0.0,Partly Cloudy
2024-09-20 16:00:00,2024-09-20,16,38.4,59,26.8,10.0,0.0,Hazy
2024-09-20 17:00:00,2024-09-20,17,39.8,47,7.7,10.0,0.0,Sunny
2024-09-20 18:00:00,2024-09-20,18,38.3,50,12.4,10.0,0.0,Partly Cloudy
2024-09-20 19:00:00,2024-09-20,19,39.0,38,7.2,10.0,0.0,Clear
2024-09-20 20:00:00,2024-09-20,20,37.3,40,13.7,10.0,0.0,Clear
2024-09-20 21:00:00,2024-09-20,21,35.0,49,20.1,10.0,0.0,Clear
2024-09-20 22:00:00,2024-09-20,22,33.8,41,22.7,10.0,0.0,Clear
2024-09-20 23:00:00,2024-09-20,23,30.3,50,5.7,10.0,0.0,Clear
2024-09-21 00:00:00,2024-09-21,0,29.7,57,3.2,10.0,0.0,Clear
2024-09-21 01:00:00,2024-09-21,1,28.1,49,13.7,10.0,0.0,Clear
2024-09-21 02:00:00,2024-09-21,2,26.5,53,16.1,10.0,0.0,Clear
2024-09-21 03:00:00,2024-09-21,3,27.6,51,2.9,10.0,0.0,Clear
2024-09-21 04:00:00,2024-09-21,4,27.6,66,8.1,10.0,0.0,Clear
2024-09-21 05:00:00,2024-09-21,5,28.1,71,25.8,10.0,0.0,Clear
2024-09-21 06:00:00,2024-09-21,6,29.3,76,7.9,10.0,0.0,Clear
2024-09-21 07:00:00,2024-09-21,7,30.8,81,21.4,10.0,0.0,Sunny
2024-09-21 08:00:00,2024-09-21,8,33.4,73,6.2,10.0,0.0,Sunny
2024-09-21 09:00:00,2024-09-21,9,33.3,85,21.4,10.0,0.0,Partly Cloudy
2024-09-21 10:00:00,2024-09-21,10,34.1,76,9.9,10.0,0.0,Sunny
2024-09-21 11:00:00,2024-09-21,11,38.1,77,8.4,10.0,0.0,Sunny
2024-09-21 12:00:00,2024-09-21,12,39.6,72,10.4,10.0,0.0,Sunny
2024-09-21 13:00:00,2024-09-21,13,40.1,66,5.2,10.0,0.0,Hazy
2024-09-21 14:00:00,2024-09-21,14,38.9,60,3.0,10.0,0.0,Sunny
2024-09-21 15:00:00,2024-09-21,15,40.3,61,7.7,10.0,0.0,Sunny
2024-09-21 16:00:00,2024-09-21,16,40.6,51,16.1,10.0,0.0,Partly Cloudy
2024-09-21 17:00:00,2024-09-21,17,38.3,50,2.0,10.0,0.0,Sunny
2024-09-21 18:00:00,2024-09-21,18,37.7,46,22.9,10.0,0.0,Hazy
2024-09-21 19:00:00,2024-09-21,19,37.1,43,8.4,10.0,0.0,Clear
2024-09-21 20:00:00,2024-09-21,20,37.1,35,16.4,10.0,0.0,Clear
2024-09-21 21:00:00,2024-09-21,21,34.3,29,7.6,10.0,0.0,Clear
2024-09-21 22:00:00,2024-09-21,22,31.6,46,15.2,10.0,0.0,Clear
2024-09-21 23:00:00,2024-09-21,23,30.5,49,15.9,10.0,0.0,Clear
2024-09-22 00:00:00,2024-09-22,0,28.6,37,25.6,10.0,0.0,Clear
2024-09-22 01:00:00,2024-09-22,1,27.9,53,2.0,10.0,0.0,Clear
2024-09-22 02:00:00,2024-09-22,2,28.6,56,9.3,10.0,0.0,Clear
2024-09-22 03:00:00,2024-09-22,3,25.2,55,20.1,10.0,0.0,Clear
2024-09-22 04:00:00,2024-09-22,4,29.3,68,9.6,10.0,0.0,Clear
2024-09-22 05:00:00,2024-09-22,5,31.0,74,8.5,10.0,0.0,Clear
2024-09-22 06:00:00,2024-09-22,6,29.6,77,7.8,10.0,0.0,Clear
2024-09-22 07:00:00,2024-09-22,7,29.8,83,10.7,10.0,0.0,Sunny
2024-09-22 08:00:00,2024-09-22,8,33.7,81,15.7,10.0,0.0,Sunny
2024-09-22 09:00:00,2024-09-22,9,34.3,75,8.5,10.0,0.0,Sunny
2024-09-22 10:00:00,2024-09-22,10,35.1,77,20.3,10.0,0.0,Sunny
2024-09-22 11:00:00,2024-09-22,11,36.1,77,12.2,10.0,0.0,Sunny
2024-09-22 12:00:00,2024-09-22,12,38.1,79,9.0,10.0,0.0,Partly Cloudy
2024-09-22 13:00:00,2024-09-22,13,39.9,68,10.7,10.0,0.0,Partly Cloudy
2024-09-22 14:00:00,2024-09-22,14,41.4,62,19.9,10.0,0.0,Partly Cloudy
2024-09-22 15:00:00,2024-09-22,15,40.8,53,5.9,10.0,0.0,Sunny
2024-09-22 16:00:00,2024-09-22,16,40.8,59,7.9,10.0,0.0,Partly Cloudy
2024-09-22 17:00:00,2024-09-22,17,39.2,52,6.3,10.0,0.0,Sunny
2024-09-22 18:00:00,2024-09-22,18,39.6,44,8.1,10.0,0.0,Partly Cloudy
2024-09-22 19:00:00,2024-09-22,19,37.0,47,10.2,10.0,0.0,Clear
2024-09-22 20:00:00,2024-09-22,20,37.9,41,19.8,10.0,0.0,Clear
2024-09-22 21:00:00,2024-09-22,21,33.2,37,15.7,10.0,0.0,Clear
2024-09-22 22:00:00,2024-09-22,22,32.8,48,10.0,10.0,0.0,Clear
2024-09-22 23:00:00,2024-09-22,23,33.4,36,9.7,10.0,0.0,Clear
2024-09-23 00:00:00,2024-09-23,0,30.7,48,14.0,10.0,0.0,Clear
2024-09-23 01:00:00,2024-09-23,1,29.3,51,7.6,10.0,0.0,Clear
2024-09-23 02:00:00,2024-09-23,2,28.1,49,5.7,10.0,0.0,Clear
2024-09-23 03:00:00,2024-09-23,3,27.6,61,14.1,10.0,0.0,Clear
2024-09-23 04:00:00,2024-09-23,4,27.5,62,5.8,10.0,0.0,Clear
2024-09-23 05:00:00,2024-09-23,5,27.7,76,4.7,10.0,0.0,Clear
2024-09-23 06:00:00,2024-09-23,6,27.6,77,38.5,10.0,0.0,Clear
2024-09-23 07:00:00,2024-09-23,7,31.5,76,2.0,10.0,0.0,Sunny
2024-09-23 08:00:00,2024-09-23,8,30.5,67,2.0,10.0,0.0,Partly Cloudy
2024-09-23 09:00:00,2024-09-23,9,34.8,76,9.5,10.0,0.0,Partly Cloudy
2024-09-23 10:00:00,2024-09-23,10,35.3,75,15.0,10.0,0.0,Hazy
2024-09-23 11:00:00,2024-09-23,11,36.1,80,8.7,10.0,0.0,Sunny
2024-09-23 12:00:00,2024-09-23,12,40.3,73,7.6,10.0,0.0,Sunny
2024-09-23 13:00:00,2024-09-23,13,37.9,70,31.6,10.0,0.0,Sunny
2024-09-23 14:00:00,2024-09-23,14,39.5,69,6.2,10.0,0.0,Sunny
2024-09-23 15:00:00,2024-09-23,15,39.8,67,10.3,10.0,0.0,Sunny
2024-09-23 16:00:00,2024-09-23,16,40.5,61,8.2,10.0,0.0,Sunny
2024-09-23 17:00:00,2024-09-23,17,38.9,53,11.5,10.0,0.0,Sunny
2024-09-23 18:00:00,2024-09-23,18,40.4,46,8.4,10.0,0.0,Sunny
2024-09-23 19:00:00,2024-09-23,19,35.6,46,13.5,10.0,0.0,Clear
2024-09-23 20:00:00,2024-09-23,20,40.6,42,10.4,10.0,0.0,Clear
2024-09-23 21:00:00,2024-09-23,21,32.7,45,7.4,10.0,0.0,Clear
2024-09-23 22:00:00,2024-09-23,22,35.9,40,3.3,10.0,0.0,Clear
2024-09-23 23:00:00,2024-09-23,23,32.1,48,2.0,10.0,0.0,Clear
2024-09-24 00:00:00,2024-09-24,0,29.3,47,14.5,10.0,0.0,Clear
2024-09-24 01:00:00,2024-09-24,1,28.6,53,4.8,10.0,0.0,Clear
2024-09-24 02:00:00,2024-09-24,2,27.3,51,10.4,10.0,0.0,Clear
2024-09-24 03:00:00,2024-09-24,3,27.9,59,3.3,10.0,0.0,Clear
2024-09-24 04:00:00,2024-09-24,4,26.8,66,17.8,10.0,0.0,Clear
2024-09-24 05:00:00,2024-09-24,5,29.2,68,17.2,10.0,0.0,Clear
2024-09-24 06:00:00,2024-09-24,6,29.6,63,5.1,10.0,0.0,Clear
2024-09-24 07:00:00,2024-09-24,7,29.6,71,15.7,10.0,0.0,Partly Cloudy
2024-09-24 08:00:00,2024-09-24,8,32.8,79,17.7,10.0,0.0,Hazy
2024-09-24 09:00:00,2024-09-24,9,34.4,84,23.8,10.0,0.0,Sunny
2024-09-24 10:00:00,2024-09-24,10,34.8,76,3.5,10.0,0.0,Sunny
2024-09-24 11:00:00,2024-09-24,11,36.7,74,7.5,10.0,0.0,Sunny
2024-09-24 12:00:00,2024-09-24,12,39.2,77,9.4,10.0,0.0,Partly Cloudy
2024-09-24 13:00:00,2024-09-24,13,40.9,69,8.1,10.0,0.0,Sunny
2024-09-24 14:00:00,2024-09-24,14,40.1,68,26.6,10.0,0.0,Hazy
2024-09-24 15:00:00,2024-09-24,15,41.6,59,13.8,10.0,0.0,Sunny
2024-09-24 16:00:00,2024-09-24,16,41.7,54,4.6,10.0,0.0,Sunny
2024-09-24 17:00:00,2024-09-24,17,41.2,54,31.5,10.0,0.0,Partly Cloudy
2024-09-24 18:00:00,2024-09-24,18,39.1,50,14.9,10.0,0.0,Sunny
2024-09-24 19:00:00,2024-09-24,19,36.2,43,7.8,10.0,0.0,Clear
2024-09-24 20:00:00,2024-09-24,20,36.8,38,2.3,10.0,0.0,Clear
2024-09-24 21:00:00,2024-09-24,21,33.8,35,8.5,10.0,0.0,Clear
2024-09-24 22:00:00,2024-09-24,22,32.9,36,22.9,10.0,0.0,Clear
2024-09-24 23:00:00,2024-09-24,23,30.0,42,10.1,10.0,0.0,Clear
2024-09-25 00:00:00,2024-09-25,0,28.7,49,8.0,10.0,0.0,Clear
2024-09-25 01:00:00,2024-09-25,1,27.5,44,13.8,10.0,0.0,Clear
2024-09-25 02:00:00,2024-09-25,2,26.1,49,9.0,10.0,0.0,Clear
2024-09-25 03:00:00,2024-09-25,3,26.8,62,16.3,10.0,0.0,Clear
2024-09-25 04:00:00,2024-09-25,4,26.5,71,18.4,10.0,0.0,Clear
2024-09-25 05:00:00,2024-09-25,5,29.1,73,5.1,10.0,0.0,Clear
2024-09-25 06:00:00,2024-09-25,6,28.1,65,20.8,10.0,0.0,Clear
2024-09-25 07:00:00,2024-09-25,7,29.9,77,5.1,10.0,0.0,Sunny
2024-09-25 08:00:00,2024-09-25,8,32.3,81,11.3,10.0,0.0,Sunny
2024-09-25 09:00:00,2024-09-25,9,36.2,76,27.3,10.0,0.0,Sunny
2024-09-25 10:00:00,2024-09-25,10,34.9,76,10.9,10.0,0.0,Sunny
2024-09-25 11:00:00,2024-09-25,11,35.6,77,2.3,10.0,0.0,Sunny
2024-09-25 12:00:00,2024-09-25,12,37.0,75,11.9,10.0,0.0,Partly Cloudy
2024-09-25 13:00:00,2024-09-25,13,38.6,71,16.8,10.0,0.0,Hazy
2024-09-25 14:00:00,2024-09-25,14,39.5,68,17.0,10.0,0.0,Hazy
2024-09-25 15:00:00,2024-09-25,15,43.3,61,20.5,10.0,0.0,Sunny
2024-09-25 16:00:00,2024-09-25,16,41.4,53,11.6,10.0,0.0,Partly Cloudy
2024-09-25 17:00:00,2024-09-25,17,39.3,49,18.5,10.0,0.0,Sunny
2024-09-25 18:00:00,2024-09-25,18,40.8,44,4.6,10.0,0.0,Sunny
2024-09-25 19:00:00,2024-09-25,19,36.5,43,16.1,10.0,0.0,Clear
2024-09-25 20:00:00,2024-09-25,20,35.2,45,7.3,10.0,0.0,Clear
2024-09-25 21:00:00,2024-09-25,21,33.4,39,23.7,10.0,0.0,Clear
2024-09-25 22:00:00,2024-09-25,22,33.5,47,11.4,10.0,0.0,Clear
2024-09-25 23:00:00,2024-09-25,23,30.7,40,7.9,10.0,0.0,Clear
2024-09-26 00:00:00,2024-09-26,0,31.2,48,18.7,10.0,0.0,Clear
2024-09-26 01:00:00,2024-09-26,1,28.9,54,10.7,10.0,0.0,Clear
2024-09-26 02:00:00,2024-09-26,2,28.8,57,2.2,10.0,0.0,Clear
2024-09-26 03:00:00,2024-09-26,3,25.3,53,4.2,10.0,0.0,Clear
2024-09-26 04:00:00,2024-09-26,4,25.7,65,34.8,10.0,0.0,Clear
2024-09-26 05:00:00,2024-09-26,5,26.4,66,13.4,10.0,0.0,Clear
2024-09-26 06:00:00,2024-09-26,6,28.9,67,11.8,10.0,0.0,Clear
2024-09-26 07:00:00,2024-09-26,7,28.9,76,8.9,10.0,0.0,Sunny
2024-09-26 08:00:00,2024-09-26,8,33.8,72,13.2,10.0,0.0,Partly Cloudy
2024-09-26 09:00:00,2024-09-26,9,33.8,79,14.4,10.0,0.0,Sunny
2024-09-26 10:00:00,2024-09-26,10,36.4,83,2.9,10.0,0.0,Sunny
2024-09-26 11:00:00,2024-09-26,11,36.7,77,7.8,10.0,0.0,Sunny
2024-09-26 12:00:00,2024-09-26,12,39.6,72,5.5,10.0,0.0,Sunny
2024-09-26 13:00:00,2024-09-26,13,37.3,68,3.1,10.0,0.0,Hazy
2024-09-26 14:00:00,2024-09-26,14,40.2,68,2.0,10.0,0.0,Partly Cloudy
2024-09-26 15:00:00,2024-09-26,15,41.1,59,37.0,10.0,0.0,Sunny
2024-09-26 16:00:00,2024-09-26,16,41.0,53,48.2,10.0,0.0,Sunny
2024-09-26 17:00:00,2024-09-26,17,39.2,47,36.4,10.0,0.0,Sunny
2024-09-26 18:00:00,2024-09-26,18,36.5,44,18.7,10.0,0.0,Sunny
2024-09-26 19:00:00,2024-09-26,19,38.5,48,12.4,10.0,0.0,Clear
2024-09-26 20:00:00,2024-09-26,20,35.2,41,6.9,10.0,0.0,Clear
2024-09-26 21:00:00,2024-09-26,21,33.6,44,8.0,10.0,0.0,Clear
2024-09-26 22:00:00,2024-09-26,22,35.0,45,3.5,10.0,0.0,Clear
2024-09-26 23:00:00,2024-09-26,23,30.9,41,9.5,10.0,0.0,Clear
2024-09-27 00:00:00,2024-09-27,0,28.8,44,2.0,10.0,0.0,Clear
2024-09-27 01:00:00,2024-09-27,1,27.7,53,11.4,10.0,0.0,Clear
2024-09-27 02:00:00,2024-09-27,2,28.5,56,3.7,10.0,0.0,Clear
2024-09-27 03:00:00,2024-09-27,3,26.5,59,19.5,10.0,0.0,Clear
2024-09-27 04:00:00,2024-09-27,4,28.3,67,7.4,10.0,0.0,Clear
2024-09-27 05:00:00,2024-09-27,5,29.7,73,23.1,10.0,0.0,Clear
2024-09-27 06:00:00,2024-09-27,6,29.3,73,23.3,10.0,0.0,Clear
2024-09-27 07:00:00,2024-09-27,7,31.9,73,15.5,10.0,0.0,Sunny
2024-09-27 08:00:00,2024-09-27,8,32.2,78,25.9,10.0,0.0,Partly Cloudy
2024-09-27 09:00:00,2024-09-27,9,33.2,75,11.0,10.0,0.0,Sunny
2024-09-27 10:00:00,2024-09-27,10,33.7,78,22.2,10.0,0.0,Hazy
2024-09-27 11:00:00,2024-09-27,11,37.6,76,13.3,10.0,0.0,Sunny
2024-09-27 12:00:00,2024-09-27,12,39.0,69,23.2,10.0,0.0,Sunny
2024-09-27 13:00:00,2024-09-27,13,40.8,67,12.1,10.0,0.0,Partly Cloudy
2024-09-27 14:00:00,2024-09-27,14,41.3,63,21.4,10.0,0.0,Sunny
2024-09-27 15:00:00,2024-09-27,15,43.0,63,20.5,10.0,0.0,Sunny
2024-09-27 16:00:00,2024-09-27,16,39.6,52,12.0,10.0,0.0,Sunny
2024-09-27 17:00:00,2024-09-27,17,40.1,48,5.3,10.0,0.0,Partly Cloudy
2024-09-27 18:00:00,2024-09-27,18,37.8,46,21.6,10.0,0.0,Sunny
2024-09-27 19:00:00,2024-09-27,19,38.4,47,12.0,10.0,0.0,Clear
2024-09-27 20:00:00,2024-09-27,20,34.6,46,22.5,10.0,0.0,Clear
2024-09-27 21:00:00,2024-09-27,21,35.1,43,7.0,10.0,0.0,Clear
2024-09-27 22:00:00,2024-09-27,22,31.4,45,2.1,10.0,0.0,Clear
2024-09-27 23:00:00,2024-09-27,23,31.7,49,2.0,10.0,0.0,Clear
2024-09-28 00:00:00,2024-09-28,0,30.9,48,5.2,10.0,0.0,Clear
2024-09-28 01:00:00,2024-09-28,1,26.5,48,22.1,10.0,0.0,Clear
2024-09-28 02:00:00,2024-09-28,2,26.1,55,7.7,10.0,0.0,Clear
2024-09-28 03:00:00,2024-09-28,3,27.8,55,15.1,10.0,0.0,Clear
2024-09-28 04:00:00,2024-09-28,4,27.9,66,14.6,10.0,0.0,Clear
2024-09-28 05:00:00,2024-09-28,5,28.0,67,2.0,10.0,0.0,Clear
2024-09-28 06:00:00,2024-09-28,6,28.8,73,15.9,10.0,0.0,Clear
2024-09-28 07:00:00,2024-09-28,7,29.7,75,15.5,10.0,0.0,Sunny
2024-09-28 08:00:00,2024-09-28,8,32.7,76,5.4,10.0,0.0,Sunny
2024-09-28 09:00:00,2024-09-28,9,32.8,79,13.3,10.0,0.0,Sunny
2024-09-28 10:00:00,2024-09-28,10,36.1,77,25.8,10.0,0.0,Sunny
2024-09-28 11:00:00,2024-09-28,11,36.6,73,10.9,10.0,0.0,Sunny
2024-09-28 12:00:00,2024-09-28,12,38.1,68,19.0,10.0,0.0,Partly Cloudy
2024-09-28 13:00:00,2024-09-28,13,41.1,70,9.4,10.0,0.0,Sunny
2024-09-28 14:00:00,2024-09-28,14,41.4,60,35.9,10.0,0.0,Sunny
2024-09-28 15:00:00,2024-09-28,15,39.3,67,4.6,10.0,0.0,Sunny
2024-09-28 16:00:00,2024-09-28,16,39.2,60,12.2,10.0,0.0,Sunny
2024-09-28 17:00:00,2024-09-28,17,40.6,45,2.6,10.0,0.0,Partly Cloudy
2024-09-28 18:00:00,2024-09-28,18,36.9,50,14.4,10.0,0.0,Sunny
2024-09-28 19:00:00,2024-09-28,19,39.0,49,2.0,10.0,0.0,Clear
2024-09-28 20:00:00,2024-09-28,20,35.8,40,9.9,10.0,0.0,Clear
2024-09-28 21:00:00,2024-09-28,21,33.3,43,28.8,10.0,0.0,Clear
2024-09-28 22:00:00,2024-09-28,22,32.3,42,18.9,10.0,0.0,Clear
2024-09-28 23:00:00,2024-09-28,23,32.4,47,3.2,10.0,0.0,Clear
2024-09-29 00:00:00,2024-09-29,0,26.8,45,24.1,10.0,0.0,Clear
2024-09-29 01:00:00,2024-09-29,1,29.6,55,9.7,10.0,0.0,Clear
2024-09-29 02:00:00,2024-09-29,2,29.2,55,8.8,10.0,0.0,Clear
2024-09-29 03:00:00,2024-09-29,3,27.1,59,8.3,10.0,0.0,Clear
2024-09-29 04:00:00,2024-09-29,4,27.6,67,7.7,10.0,0.0,Clear
2024-09-29 05:00:00,2024-09-29,5,28.5,73,4.3,10.0,0.0,Clear
2024-09-29 06:00:00,2024-09-29,6,30.3,63,7.4,10.0,0.0,Clear
2024-09-29 07:00:00,2024-09-29,7,29.9,64,9.5,10.0,0.0,Sunny
2024-09-29 08:00:00,2024-09-29,8,32.3,79,2.0,10.0,0.0,Sunny
2024-09-29 09:00:00,2024-09-29,9,33.9,75,5.9,10.0,0.0,Sunny
2024-09-29 10:00:00,2024-09-29,10,36.5,72,16.9,10.0,0.0,Sunny
2024-09-29 11:00:00,2024-09-29,11,40.5,74,9.5,10.0,0.0,Sunny
2024-09-29 12:00:00,2024-09-29,12,37.7,84,19.0,10.0,0.0,Partly Cloudy
2024-09-29 13:00:00,2024-09-29,13,39.7,64,2.3,10.0,0.0,Hazy
2024-09-29 14:00:00,2024-09-29,14,39.4,68,2.2,10.0,0.0,Partly Cloudy
2024-09-29 15:00:00,2024-09-29,15,39.9,57,12.5,10.0,0.0,Sunny
2024-09-29 16:00:00,2024-09-29,16,39.0,50,5.1,10.0,0.0,Sunny
2024-09-29 17:00:00,2024-09-29,17,37.8,49,5.6,10.0,0.0,Hazy
2024-09-29 18:00:00,2024-09-29,18,40.0,42,7.4,10.0,0.0,Sunny
2024-09-29 19:00:00,2024-09-29,19,37.7,38,6.0,10.0,0.0,Clear
2024-09-29 20:00:00,2024-09-29,20,35.8,40,8.0,10.0,0.0,Clear
2024-09-29 21:00:00,2024-09-29,21,33.0,38,14.0,10.0,0.0,Clear
2024-09-29 22:00:00,2024-09-29,22,32.2,42,47.2,10.0,0.0,Clear
2024-09-29 23:00:00,2024-09-29,23,29.4,45,6.0,10.0,0.0,Clear
2024-09-30 00:00:00,2024-09-30,0,29.4,44,22.2,10.0,0.0,Clear
2024-09-30 01:00:00,2024-09-30,1,28.8,54,2.0,10.0,0.0,Clear
2024-09-30 02:00:00,2024-09-30,2,27.1,53,8.8,10.0,0.0,Clear
2024-09-30 03:00:00,2024-09-30,3,26.6,59,10.8,10.0,0.0,Clear
2024-09-30 04:00:00,2024-09-30,4,27.1,56,5.8,10.0,0.0,Clear
2024-09-30 05:00:00,2024-09-30,5,29.3,69,8.2,10.0,0.0,Clear
2024-09-30 06:00:00,2024-09-30,6,29.6,82,9.8,10.0,0.0,Clear
2024-09-30 07:00:00,2024-09-30,7,28.8,79,4.3,10.0,0.0,Sunny
2024-09-30 08:00:00,2024-09-30,8,33.2,77,13.1,10.0,0.0,Hazy
2024-09-30 09:00:00,2024-09-30,9,34.7,73,12.1,10.0,0.0,Sunny
2024-09-30 10:00:00,2024-09-30,10,35.9,84,9.1,10.0,0.0,Sunny
2024-09-30 11:00:00,2024-09-30,11,39.2,75,8.6,10.0,0.0,Sunny
2024-09-30 12:00:00,2024-09-30,12,38.6,70,17.1,10.0,0.0,Sunny
2024-09-30 13:00:00,2024-09-30,13,40.1,66,15.5,10.0,0.0,Sunny
2024-09-30 14:00:00,2024-09-30,14,40.8,73,6.0,10.0,0.0,Sunny
2024-09-30 15:00:00,2024-09-30,15,41.6,60,22.6,10.0,0.0,Sunny
2024-09-30 16:00:00,2024-09-30,16,40.0,57,12.4,10.0,0.0,Hazy
2024-09-30 17:00:00,2024-09-30,17,38.9,50,8.3,10.0,0.0,Hazy
2024-09-30 18:00:00,2024-09-30,18,39.8,47,22.7,10.0,0.0,Sunny
2024-09-30 19:00:00,2024-09-30,19,38.4,43,2.0,10.0,0.0,Clear
2024-09-30 20:00:00,2024-09-30,20,37.2,48,5.7,10.0,0.0,Clear
2024-09-30 21:00:00,2024-09-30,21,34.5,42,23.6,10.0,0.0,Clear
2024-09-30 22:00:00,2024-09-30,22,30.3,37,12.8,10.0,0.0,Clear
2024-09-30 23:00:00,2024-09-30,23,30.9,46,14.1,10.0,0.0,Clear
2024-10-01 00:00:00,2024-10-01,0,26.4,45,9.6,10.0,0.0,Clear
2024-10-01 01:00:00,2024-10-01,1,26.8,51,5.0,10.0,0.0,Clear
2024-10-01 02:00:00,2024-10-01,2,26.0,52,9.2,10.0,0.0,Clear
2024-10-01 03:00:00,2024-10-01,3,25.2,56,16.3,10.0,0.0,Clear
2024-10-01 04:00:00,2024-10-01,4,22.2,66,9.4,10.0,0.0,Clear
2024-10-01 05:00:00,2024-10-01,5,24.4,74,16.2,10.0,0.0,Clear
2024-10-01 06:00:00,2024-10-01,6,26.0,63,13.2,10.0,0.0,Clear
2024-10-01 07:00:00,2024-10-01,7,27.3,74,5.5,10.0,0.0,Partly Cloudy
2024-10-01 08:00:00,2024-10-01,8,29.5,73,13.2,10.0,0.0,Sunny
2024-10-01 09:00:00,2024-10-01,9,32.8,72,17.9,10.0,0.0,Sunny
2024-10-01 10:00:00,2024-10-01,10,33.6,67,4.2,10.0,0.0,Sunny
2024-10-01 11:00:00,2024-10-01,11,33.1,75,7.6,10.0,0.0,Sunny
2024-10-01 12:00:00,2024-10-01,12,34.6,69,8.7,10.0,0.0,Sunny
2024-10-01 13:00:00,2024-10-01,13,35.5,65,11.9,10.0,0.0,Partly Cloudy
2024-10-01 14:00:00,2024-10-01,14,37.1,67,30.2,10.0,0.0,Sunny
2024-10-01 15:00:00,2024-10-01,15,38.5,56,5.2,10.0,0.0,Sunny
2024-10-01 16:00:00,2024-10-01,16,38.4,51,8.4,10.0,0.0,Sunny
2024-10-01 17:00:00,2024-10-01,17,36.2,44,5.6,10.0,0.0,Sunny
2024-10-01 18:00:00,2024-10-01,18,35.6,42,2.0,10.0,0.0,Sunny
2024-10-01 19:00:00,2024-10-01,19,36.3,48,15.2,10.0,0.0,Clear
2024-10-01 20:00:00,2024-10-01,20,30.9,43,29.2,10.0,0.0,Clear
2024-10-01 21:00:00,2024-10-01,21,31.8,45,16.2,10.0,0.0,Clear
2024-10-01 22:00:00,2024-10-01,22,30.0,37,4.6,10.0,0.0,Clear
2024-10-01 23:00:00,2024-10-01,23,27.4,44,4.6,10.0,0.0,Clear
2024-10-02 00:00:00,2024-10-02,0,26.4,49,8.2,10.0,0.0,Clear
2024-10-02 01:00:00,2024-10-02,1,25.9,51,6.0,10.0,0.0,Clear
2024-10-02 02:00:00,2024-10-02,2,24.4,60,5.0,10.0,0.0,Clear
2024-10-02 03:00:00,2024-10-02,3,23.7,60,18.9,10.0,0.0,Clear
2024-10-02 04:00:00,2024-10-02,4,23.9,63,19.6,10.0,0.0,Clear
2024-10-02 05:00:00,2024-10-02,5,27.6,58,7.4,10.0,0.0,Clear
2024-10-02 06:00:00,2024-10-02,6,25.9,72,19.4,10.0,0.0,Clear
2024-10-02 07:00:00,2024-10-02,7,28.0,76,19.3,10.0,0.0,Sunny
2024-10-02 08:00:00,2024-10-02,8,30.3,80,4.3,10.0,0.0,Sunny
2024-10-02 09:00:00,2024-10-02,9,30.7,73,9.5,10.0,0.0,Partly Cloudy
2024-10-02 10:00:00,2024-10-02,10,32.7,75,2.5,10.0,0.0,Sunny
2024-10-02 11:00:00,2024-10-02,11,34.9,67,5.4,10.0,0.0,Sunny
2024-10-02 12:00:00,2024-10-02,12,34.6,64,23.3,10.0,0.0,Partly Cloudy
2024-10-02 13:00:00,2024-10-02,13,34.8,69,28.4,10.0,0.0,Sunny
2024-10-02 14:00:00,2024-10-02,14,36.4,68,13.3,10.0,0.0,Sunny
2024-10-02 15:00:00,2024-10-02,15,39.6,63,19.5,10.0,0.0,Sunny
2024-10-02 16:00:00,2024-10-02,16,36.6,55,6.4,10.0,0.0,Sunny
2024-10-02 17:00:00,2024-10-02,17,36.8,57,6.2,10.0,0.0,Sunny
2024-10-02 18:00:00,2024-10-02,18,34.0,44,14.8,10.0,0.0,Sunny
2024-10-02 19:00:00,2024-10-02,19,35.9,46,8.4,10.0,0.0,Clear
2024-10-02 20:00:00,2024-10-02,20,32.3,35,2.0,10.0,0.0,Clear
2024-10-02 21:00:00,2024-10-02,21,30.5,27,8.1,10.0,0.0,Clear
2024-10-02 22:00:00,2024-10-02,22,29.2,39,21.8,10.0,0.0,Clear
2024-10-02 23:00:00,2024-10-02,23,30.8,42,9.4,10.0,0.0,Clear
2024-10-03 00:00:00,2024-10-03,0,26.9,46,20.0,10.0,0.0,Clear
2024-10-03 01:00:00,2024-10-03,1,25.2,48,2.0,10.0,0.0,Clear
2024-10-03 02:00:00,2024-10-03,2,21.3,55,10.1,10.0,0.0,Clear
2024-10-03 03:00:00,2024-10-03,3,26.1,65,7.4,10.0,0.0,Clear
2024-10-03 04:00:00,2024-10-03,4,23.9,66,3.1,10.0,0.0,Clear
2024-10-03 05:00:00,2024-10-03,5,24.3,64,9.6,10.0,0.0,Clear
2024-10-03 06:00:00,2024-10-03,6,25.5,61,7.9,10.0,0.0,Clear
2024-10-03 07:00:00,2024-10-03,7,29.5,69,25.8,10.0,0.0,Hazy
2024-10-03 08:00:00,2024-10-03,8,29.3,81,22.2,10.0,0.0,Sunny
2024-10-03 09:00:00,2024-10-03,9,29.2,74,8.4,10.0,0.0,Sunny
2024-10-03 10:00:00,2024-10-03,10,32.4,78,9.0,10.0,0.0,Sunny
2024-10-03 11:00:00,2024-10-03,11,33.3,76,5.8,10.0,0.0,Sunny
2024-10-03 12:00:00,2024-10-03,12,36.0,71,3.7,10.0,0.0,Sunny
2024-10-03 13:00:00,2024-10-03,13,36.2,67,11.3,10.0,0.0,Sunny
2024-10-03 14:00:00,2024-10-03,14,35.4,60,2.0,10.0,0.0,Partly Cloudy
2024-10-03 15:00:00,2024-10-03,15,37.4,67,7.0,10.0,0.0,Partly Cloudy
2024-10-03 16:00:00,2024-10-03,16,37.2,50,3.6,10.0,0.0,Sunny
2024-10-03 17:00:00,2024-10-03,17,35.1,53,13.7,10.0,0.0,Sunny
2024-10-03 18:00:00,2024-10-03,18,33.2,49,17.7,10.0,0.0,Sunny
2024-10-03 19:00:00,2024-10-03,19,34.6,45,9.2,10.0,0.0,Clear
2024-10-03 20:00:00,2024-10-03,20,32.3,40,7.9,10.0,0.0,Clear
2024-10-03 21:00:00,2024-10-03,21,30.7,34,18.9,10.0,0.0,Clear
2024-10-03 22:00:00,2024-10-03,22,30.2,36,5.8,10.0,0.0,Clear
2024-10-03 23:00:00,2024-10-03,23,25.4,39,18.3,10.0,0.0,Clear
2024-10-04 00:00:00,2024-10-04,0,26.5,47,12.7,10.0,0.0,Clear
2024-10-04 01:00:00,2024-10-04,1,26.2,53,9.6,10.0,0.0,Clear
2024-10-04 02:00:00,2024-10-04,2,24.5,55,25.1,10.0,0.0,Clear
2024-10-04 03:00:00,2024-10-04,3,22.8,59,18.6,10.0,0.0,Clear
2024-10-04 04:00:00,2024-10-04,4,23.9,67,3.0,10.0,0.0,Clear
2024-10-04 05:00:00,2024-10-04,5,24.8,59,7.2,10.0,0.0,Clear
2024-10-04 06:00:00,2024-10-04,6,24.5,62,3.9,10.0,0.0,Clear
2024-10-04 07:00:00,2024-10-04,7,28.2,67,8.1,10.0,0.0,Sunny
2024-10-04 08:00:00,2024-10-04,8,29.3,79,20.8,10.0,0.0,Sunny
2024-10-04 09:00:00,2024-10-04,9,30.2,68,16.6,10.0,0.0,Partly Cloudy
2024-10-04 10:00:00,2024-10-04,10,33.9,75,3.2,10.0,0.0,Sunny
2024-10-04 11:00:00,2024-10-04,11,33.6,70,6.1,10.0,0.0,Partly Cloudy
2024-10-04 12:00:00,2024-10-04,12,37.4,71,7.4,10.0,0.0,Sunny
2024-10-04 13:00:00,2024-10-04,13,36.3,66,12.5,10.0,0.0,Sunny
2024-10-04 14:00:00,2024-10-04,14,36.1,64,13.6,10.0,0.0,Sunny
2024-10-04 15:00:00,2024-10-04,15,36.4,56,2.0,10.0,0.0,Sunny
2024-10-04 16:00:00,2024-10-04,16,37.4,56,21.8,10.0,0.0,Hazy
2024-10-04 17:00:00,2024-10-04,17,35.3,55,7.8,10.0,0.0,Sunny
2024-10-04 18:00:00,2024-10-04,18,35.8,50,19.7,10.0,0.0,Sunny
2024-10-04 19:00:00,2024-10-04,19,33.8,41,3.1,10.0,0.0,Clear
2024-10-04 20:00:00,2024-10-04,20,32.2,37,2.3,10.0,0.0,Clear
2024-10-04 21:00:00,2024-10-04,21,31.0,41,13.1,10.0,0.0,Clear
2024-10-04 22:00:00,2024-10-04,22,30.5,49,6.6,10.0,0.0,Clear
2024-10-04 23:00:00,2024-10-04,23,27.1,42,8.3,10.0,0.0,Clear
2024-10-05 00:00:00,2024-10-05,0,26.6,49,7.9,10.0,0.0,Clear
2024-10-05 01:00:00,2024-10-05,1,25.9,52,12.3,10.0,0.0,Clear
2024-10-05 02:00:00,2024-10-05,2,23.3,56,11.6,10.0,0.0,Clear
2024-10-05 03:00:00,2024-10-05,3,25.1,63,15.0,10.0,0.0,Clear
2024-10-05 04:00:00,2024-10-05,4,25.7,57,23.9,10.0,0.0,Clear
2024-10-05 05:00:00,2024-10-05,5,26.5,63,34.9,10.0,0.0,Clear
2024-10-05 06:00:00,2024-10-05,6,25.1,71,19.9,10.0,0.0,Clear
2024-10-05 07:00:00,2024-10-05,7,26.5,79,17.1,10.0,0.0,Hazy
2024-10-05 08:00:00,2024-10-05,8,29.3,80,9.7,10.0,0.0,Sunny
2024-10-05 09:00:00,2024-10-05,9,30.9,76,2.0,10.0,0.0,Partly Cloudy
2024-10-05 10:00:00,2024-10-05,10,32.7,79,6.4,10.0,0.0,Sunny
2024-10-05 11:00:00,2024-10-05,11,33.8,72,13.3,10.0,0.0,Sunny
2024-10-05 12:00:00,2024-10-05,12,35.8,67,2.0,10.0,0.0,Sunny
2024-10-05 13:00:00,2024-10-05,13,33.6,62,14.4,10.0,0.0,Partly Cloudy
2024-10-05 14:00:00,2024-10-05,14,38.1,62,2.6,10.0,0.0,Sunny
2024-10-05 15:00:00,2024-10-05,15,39.3,57,5.9,10.0,0.0,Sunny
2024-10-05 16:00:00,2024-10-05,16,36.6,57,7.7,10.0,0.0,Sunny
2024-10-05 17:00:00,2024-10-05,17,36.9,51,4.6,10.0,0.0,Partly Cloudy
2024-10-05 18:00:00,2024-10-05,18,37.6,45,6.0,10.0,0.0,Sunny
2024-10-05 19:00:00,2024-10-05,19,34.3,43,14.1,10.0,0.0,Clear
2024-10-05 20:00:00,2024-10-05,20,33.0,39,15.7,10.0,0.0,Clear
2024-10-05 21:00:00,2024-10-05,21,33.2,33,16.0,10.0,0.0,Clear
2024-10-05 22:00:00,2024-10-05,22,31.8,36,15.4,10.0,0.0,Clear
2024-10-05 23:00:00,2024-10-05,23,26.5,46,19.5,10.0,0.0,Clear
2024-10-06 00:00:00,2024-10-06,0,25.9,45,18.9,10.0,0.0,Clear
2024-10-06 01:00:00,2024-10-06,1,26.4,44,21.4,10.0,0.0,Clear
2024-10-06 02:00:00,2024-10-06,2,25.3,59,13.6,10.0,0.0,Clear
2024-10-06 03:00:00,2024-10-06,3,25.3,65,20.1,10.0,0.0,Clear
2024-10-06 04:00:00,2024-10-06,4,21.6,67,27.8,10.0,0.0,Clear
2024-10-06 05:00:00,2024-10-06,5,23.0,69,3.9,10.0,0.0,Clear
2024-10-06 06:00:00,2024-10-06,6,28.5,72,15.8,10.0,0.0,Clear
2024-10-06 07:00:00,2024-10-06,7,28.7,73,3.0,10.0,0.0,Sunny
2024-10-06 08:00:00,2024-10-06,8,29.7,76,12.4,10.0,0.0,Sunny
2024-10-06 09:00:00,2024-10-06,9,29.5,79,5.5,10.0,0.0,Sunny
2024-10-06 10:00:00,2024-10-06,10,32.2,78,20.0,10.0,0.0,Sunny
2024-10-06 11:00:00,2024-10-06,11,34.9,75,14.8,10.0,0.0,Partly Cloudy
2024-10-06 12:00:00,2024-10-06,12,33.9,58,16.6,10.0,0.0,Sunny
2024-10-06 13:00:00,2024-10-06,13,35.8,72,7.5,10.0,0.0,Partly Cloudy
2024-10-06 14:00:00,2024-10-06,14,37.7,63,25.8,10.0,0.0,Sunny
2024-10-06 15:00:00,2024-10-06,15,38.2,53,8.8,10.0,0.0,Sunny
2024-10-06 16:00:00,2024-10-06,16,36.7,54,5.2,10.0,0.0,Sunny
2024-10-06 17:00:00,2024-10-06,17,37.8,50,7.4,10.0,0.0,Partly Cloudy
2024-10-06 18:00:00,2024-10-06,18,36.7,39,4.9,10.0,0.0,Partly Cloudy
2024-10-06 19:00:00,2024-10-06,19,32.1,40,6.7,10.0,0.0,Clear
2024-10-06 20:00:00,2024-10-06,20,34.6,36,8.6,10.0,0.0,Clear
2024-10-06 21:00:00,2024-10-06,21,32.4,36,23.7,10.0,0.0,Clear
2024-10-06 22:00:00,2024-10-06,22,29.6,43,2.7,10.0,0.0,Clear
2024-10-06 23:00:00,2024-10-06,23,27.6,40,6.4,10.0,0.0,Clear
2024-10-07 00:00:00,2024-10-07,0,27.4,46,15.8,10.0,0.0,Clear
2024-10-07 01:00:00,2024-10-07,1,26.0,52,10.8,10.0,0.0,Clear
2024-10-07 02:00:00,2024-10-07,2,24.4,52,16.0,10.0,0.0,Clear
2024-10-07 03:00:00,2024-10-07,3,26.4,61,29.3,10.0,0.0,Clear
2024-10-07 04:00:00,2024-10-07,4,22.2,68,9.8,10.0,0.0,Clear
2024-10-07 05:00:00,2024-10-07,5,24.6,70,4.7,10.0,0.0,Clear
2024-10-07 06:00:00,2024-10-07,6,26.9,73,9.6,10.0,0.0,Clear
2024-10-07 07:00:00,2024-10-07,7,27.7,77,7.3,10.0,0.0,Sunny
2024-10-07 08:00:00,2024-10-07,8,30.2,77,7.2,10.0,0.0,Sunny
2024-10-07 09:00:00,2024-10-07,9,29.3,79,4.9,10.0,0.0,Sunny
2024-10-07 10:00:00,2024-10-07,10,32.4,71,21.3,10.0,0.0,Partly Cloudy
2024-10-07 11:00:00,2024-10-07,11,35.6,73,2.6,10.0,0.0,Hazy
2024-10-07 12:00:00,2024-10-07,12,33.8,72,18.5,10.0,0.0,Hazy
2024-10-07 13:00:00,2024-10-07,13,36.3,67,15.9,10.0,0.0,Sunny
2024-10-07 14:00:00,2024-10-07,14,36.6,73,2.0,10.0,0.0,Sunny
2024-10-07 15:00:00,2024-10-07,15,37.9,57,12.7,10.0,0.0,Sunny
2024-10-07 16:00:00,2024-10-07,16,37.8,46,3.4,10.0,0.0,Sunny
2024-10-07 17:00:00,2024-10-07,17,36.7,49,9.4,10.0,0.0,Sunny
2024-10-07 18:00:00,2024-10-07,18,35.2,49,9.3,10.0,0.0,Sunny
2024-10-07 19:00:00,2024-10-07,19,34.3,39,5.7,10.0,0.0,Clear
2024-10-07 20:00:00,2024-10-07,20,32.5,40,9.0,10.0,0.0,Clear
2024-10-07 21:00:00,2024-10-07,21,31.0,40,24.1,10.0,0.0,Clear
2024-10-07 22:00:00,2024-10-07,22,31.1,40,2.8,10.0,0.0,Clear
2024-10-07 23:00:00,2024-10-07,23,26.3,40,8.4,10.0,0.0,Clear
2024-10-08 00:00:00,2024-10-08,0,26.8,50,2.9,10.0,0.0,Clear
2024-10-08 01:00:00,2024-10-08,1,24.2,58,35.3,10.0,0.0,Clear
2024-10-08 02:00:00,2024-10-08,2,27.1,50,5.9,10.0,0.0,Clear
2024-10-08 03:00:00,2024-10-08,3,24.6,53,5.4,10.0,0.0,Clear
2024-10-08 04:00:00,2024-10-08,4,23.2,61,38.9,10.0,0.0,Clear
2024-10-08 05:00:00,2024-10-08,5,25.1,73,14.3,10.0,0.0,Clear
2024-10-08 06:00:00,2024-10-08,6,24.7,70,19.4,10.0,0.0,Clear
2024-10-08 07:00:00,2024-10-08,7,27.0,75,2.0,10.0,0.0,Sunny
2024-10-08 08:00:00,2024-10-08,8,30.1,72,18.0,10.0,0.0,Sunny
2024-10-08 09:00:00,2024-10-08,9,32.6,83,6.5,10.0,0.0,Partly Cloudy
2024-10-08 10:00:00,2024-10-08,10,34.0,74,15.8,10.0,0.0,Partly Cloudy
2024-10-08 11:00:00,2024-10-08,11,34.1,75,16.9,10.0,0.0,Sunny
2024-10-08 12:00:00,2024-10-08,12,36.3,68,2.0,10.0,0.0,Partly Cloudy
2024-10-08 13:00:00,2024-10-08,13,37.6,63,3.9,10.0,0.0,Partly Cloudy
2024-10-08 14:00:00,2024-10-08,14,40.0,63,17.0,10.0,0.0,Sunny
2024-10-08 15:00:00,2024-10-08,15,36.8,58,3.1,10.0,0.0,Partly Cloudy
2024-10-08 16:00:00,2024-10-08,16,39.1,57,2.0,10.0,0.0,Partly Cloudy
2024-10-08 17:00:00,2024-10-08,17,35.3,42,4.3,10.0,0.0,Sunny
2024-10-08 18:00:00,2024-10-08,18,37.0,41,2.0,10.0,0.0,Sunny
2024-10-08 19:00:00,2024-10-08,19,33.5,40,9.6,10.0,0.0,Clear
2024-10-08 20:00:00,2024-10-08,20,31.9,41,5.8,10.0,0.0,Clear
2024-10-08 21:00:00,2024-10-08,21,30.7,35,4.4,10.0,0.0,Clear
2024-10-08 22:00:00,2024-10-08,22,28.4,40,22.9,10.0,0.0,Clear
2024-10-08 23:00:00,2024-10-08,23,28.3,40,9.5,10.0,0.0,Clear
2024-10-09 00:00:00,2024-10-09,0,27.9,45,11.2,10.0,0.0,Clear
2024-10-09 01:00:00,2024-10-09,1,22.8,46,8.9,10.0,0.0,Clear
2024-10-09 02:00:00,2024-10-09,2,24.5,49,13.3,10.0,0.0,Clear
2024-10-09 03:00:00,2024-10-09,3,23.2,59,21.0,10.0,0.0,Clear
2024-10-09 04:00:00,2024-10-09,4,25.8,67,9.9,10.0,0.0,Clear
2024-10-09 05:00:00,2024-10-09,5,27.1,70,15.4,10.0,0.0,Clear
2024-10-09 06:00:00,2024-10-09,6,26.2,75,10.0,10.0,0.0,Clear
2024-10-09 07:00:00,2024-10-09,7,26.9,79,6.5,10.0,0.0,Sunny
2024-10-09 08:00:00,2024-10-09,8,27.4,75,12.9,10.0,0.0,Sunny
2024-10-09 09:00:00,2024-10-09,9,33.3,83,26.1,10.0,0.0,Hazy
2024-10-09 10:00:00,2024-10-09,10,34.3,78,18.5,10.0,0.0,Hazy
2024-10-09 11:00:00,2024-10-09,11,31.9,70,3.0,10.0,0.0,Sunny
2024-10-09 12:00:00,2024-10-09,12,36.4,68,13.4,10.0,0.0,Sunny
2024-10-09 13:00:00,2024-10-09,13,35.3,68,4.4,10.0,0.0,Sunny
2024-10-09 14:00:00,2024-10-09,14,36.7,66,11.7,10.0,0.0,Sunny
2024-10-09 15:00:00,2024-10-09,15,36.0,57,2.4,10.0,0.0,Sunny
2024-10-09 16:00:00,2024-10-09,16,34.9,49,11.0,10.0,0.0,Sunny
2024-10-09 17:00:00,2024-10-09,17,36.6,52,5.0,10.0,0.0,Sunny
2024-10-09 18:00:00,2024-10-09,18,37.9,41,10.2,10.0,0.0,Hazy
2024-10-09 19:00:00,2024-10-09,19,33.1,44,7.3,10.0,0.0,Clear
2024-10-09 20:00:00,2024-10-09,20,33.8,41,8.2,10.0,0.0,Clear
2024-10-09 21:00:00,2024-10-09,21,32.3,35,26.8,10.0,0.0,Clear
2024-10-09 22:00:00,2024-10-09,22,30.2,48,11.7,10.0,0.0,Clear
2024-10-09 23:00:00,2024-10-09,23,30.1,42,8.7,10.0,0.0,Clear
2024-10-10 00:00:00,2024-10-10,0,27.6,41,22.8,10.0,0.0,Clear
2024-10-10 01:00:00,2024-10-10,1,27.5,49,18.9,10.0,0.0,Clear
2024-10-10 02:00:00,2024-10-10,2,23.3,46,5.4,10.0,0.0,Clear
2024-10-10 03:00:00,2024-10-10,3,25.4,59,25.6,10.0,0.0,Clear
2024-10-10 04:00:00,2024-10-10,4,26.5,66,2.6,10.0,0.0,Clear
2024-10-10 05:00:00,2024-10-10,5,24.4,78,5.0,10.0,0.0,Clear
2024-10-10 06:00:00,2024-10-10,6,22.2,71,12.4,10.0,0.0,Clear
2024-10-10 07:00:00,2024-10-10,7,26.2,71,13.1,10.0,0.0,Sunny
2024-10-10 08:00:00,2024-10-10,8,28.4,76,24.6,10.0,0.0,Sunny
2024-10-10 09:00:00,2024-10-10,9,31.7,82,8.8,10.0,0.0,Sunny
2024-10-10 10:00:00,2024-10-10,10,32.0,77,25.4,10.0,0.0,Sunny
2024-10-10 11:00:00,2024-10-10,11,34.3,77,41.1,10.0,0.0,Sunny
2024-10-10 12:00:00,2024-10-10,12,34.9,74,6.2,10.0,0.0,Sunny
2024-10-10 13:00:00,2024-10-10,13,36.5,69,9.7,10.0,0.0,Partly Cloudy
2024-10-10 14:00:00,2024-10-10,14,37.2,57,5.2,10.0,0.0,Partly Cloudy
2024-10-10 15:00:00,2024-10-10,15,36.7,52,5.5,10.0,0.0,Partly Cloudy
2024-10-10 16:00:00,2024-10-10,16,38.3,47,10.7,10.0,0.0,Hazy
2024-10-10 17:00:00,2024-10-10,17,38.3,44,7.1,10.0,0.0,Sunny
2024-10-10 18:00:00,2024-10-10,18,34.2,41,5.5,10.0,0.0,Partly Cloudy
2024-10-10 19:00:00,2024-10-10,19,34.5,50,6.6,10.0,0.0,Clear
2024-10-10 20:00:00,2024-10-10,20,31.0,38,6.2,10.0,0.0,Clear
2024-10-10 21:00:00,2024-10-10,21,28.9,40,11.8,10.0,0.0,Clear
2024-10-10 22:00:00,2024-10-10,22,30.6,40,3.7,10.0,0.0,Clear
2024-10-10 23:00:00,2024-10-10,23,30.2,43,17.0,10.0,0.0,Clear
2024-10-11 00:00:00,2024-10-11,0,26.0,46,18.5,10.0,0.0,Clear
2024-10-11 01:00:00,2024-10-11,1,27.6,44,17.6,10.0,0.0,Clear
2024-10-11 02:00:00,2024-10-11,2,23.9,56,6.8,10.0,0.0,Clear
2024-10-11 03:00:00,2024-10-11,3,24.2,55,6.9,10.0,0.0,Clear
2024-10-11 04:00:00,2024-10-11,4,26.7,60,12.3,10.0,0.0,Clear
2024-10-11 05:00:00,2024-10-11,5,24.3,66,6.8,10.0,0.0,Clear
2024-10-11 06:00:00,2024-10-11,6,27.5,74,11.2,10.0,0.0,Clear
2024-10-11 07:00:00,2024-10-11,7,27.3,71,11.0,10.0,0.0,Sunny
2024-10-11 08:00:00,2024-10-11,8,28.5,76,9.8,10.0,0.0,Sunny
2024-10-11 09:00:00,2024-10-11,9,30.4,78,16.6,10.0,0.0,Partly Cloudy
2024-10-11 10:00:00,2024-10-11,10,30.1,76,11.1,10.0,0.0,Sunny
2024-10-11 11:00:00,2024-10-11,11,35.8,74,3.3,10.0,0.0,Sunny
2024-10-11 12:00:00,2024-10-11,12,35.9,65,14.9,10.0,0.0,Sunny
2024-10-11 13:00:00,2024-10-11,13,36.5,68,2.5,10.0,0.0,Partly Cloudy
2024-10-11 14:00:00,2024-10-11,14,36.4,59,28.8,10.0,0.0,Partly Cloudy
2024-10-11 15:00:00,2024-10-11,15,37.9,51,4.8,10.0,0.0,Partly Cloudy
2024-10-11 16:00:00,2024-10-11,16,38.3,51,4.9,10.0,0.0,Sunny
2024-10-11 17:00:00,2024-10-11,17,36.3,47,26.6,10.0,0.0,Sunny
2024-10-11 18:00:00,2024-10-11,18,36.8,57,8.8,10.0,0.0,Sunny
2024-10-11 19:00:00,2024-10-11,19,34.6,46,7.8,10.0,0.0,Clear
2024-10-11 20:00:00,2024-10-11,20,32.6,44,7.4,10.0,0.0,Clear
2024-10-11 21:00:00,2024-10-11,21,32.1,38,8.9,10.0,0.0,Clear
2024-10-11 22:00:00,2024-10-11,22,28.7,40,24.9,10.0,0.0,Clear
2024-10-11 23:00:00,2024-10-11,23,26.2,53,6.8,10.0,0.0,Clear
2024-10-12 00:00:00,2024-10-12,0,26.3,43,25.3,10.0,0.0,Clear
2024-10-12 01:00:00,2024-10-12,1,25.4,50,11.8,10.0,0.0,Clear
2024-10-12 02:00:00,2024-10-12,2,24.5,61,21.8,10.0,0.0,Clear
2024-10-12 03:00:00,2024-10-12,3,25.9,55,6.9,10.0,0.0,Clear
2024-10-12 04:00:00,2024-10-12,4,25.3,63,19.9,10.0,0.0,Clear
2024-10-12 05:00:00,2024-10-12,5,25.2,67,4.5,10.0,0.0,Clear
2024-10-12 06:00:00,2024-10-12,6,26.4,67,11.8,10.0,0.0,Clear
2024-10-12 07:00:00,2024-10-12,7,27.8,77,4.3,10.0,0.0,Sunny
2024-10-12 08:00:00,2024-10-12,8,29.9,71,6.1,10.0,0.0,Sunny
2024-10-12 09:00:00,2024-10-12,9,31.1,79,4.1,10.0,0.0,Sunny
2024-10-12 10:00:00,2024-10-12,10,32.5,77,20.9,10.0,0.0,Sunny
2024-10-12 11:00:00,2024-10-12,11,32.6,77,11.4,10.0,0.0,Sunny
2024-10-12 12:00:00,2024-10-12,12,34.7,70,17.1,10.0,0.0,Sunny
2024-10-12 13:00:00,2024-10-12,13,37.0,69,17.3,10.0,0.0,Sunny
2024-10-12 14:00:00,2024-10-12,14,37.5,67,3.8,10.0,0.0,Partly Cloudy
2024-10-12 15:00:00,2024-10-12,15,35.7,52,13.7,10.0,0.0,Sunny
2024-10-12 16:00:00,2024-10-12,16,36.6,49,31.6,10.0,0.0,Sunny
2024-10-12 17:00:00,2024-10-12,17,35.5,51,8.9,10.0,0.0,Sunny
2024-10-12 18:00:00,2024-10-12,18,37.2,49,12.4,10.0,0.0,Sunny
2024-10-12 19:00:00,2024-10-12,19,34.6,43,21.8,10.0,0.0,Clear
2024-10-12 20:00:00,2024-10-12,20,33.2,44,7.9,10.0,0.0,Clear
2024-10-12 21:00:00,2024-10-12,21,30.9,39,18.5,10.0,0.0,Clear
2024-10-12 22:00:00,2024-10-12,22,28.6,46,15.0,10.0,0.0,Clear
2024-10-12 23:00:00,2024-10-12,23,27.2,42,10.6,10.0,0.0,Clear
2024-10-13 00:00:00,2024-10-13,0,27.0,42,12.6,10.0,0.0,Clear
2024-10-13 01:00:00,2024-10-13,1,25.1,55,4.4,10.0,0.0,Clear
2024-10-13 02:00:00,2024-10-13,2,25.3,57,36.5,10.0,0.0,Clear
2024-10-13 03:00:00,2024-10-13,3,24.7,56,8.7,10.0,0.0,Clear
2024-10-13 04:00:00,2024-10-13,4,25.1,61,12.8,10.0,0.0,Clear
2024-10-13 05:00:00,2024-10-13,5,25.8,69,3.4,10.0,0.0,Clear
2024-10-13 06:00:00,2024-10-13,6,25.8,67,15.4,10.0,0.0,Clear
2024-10-13 07:00:00,2024-10-13,7,27.4,75,9.7,10.0,0.0,Partly Cloudy
2024-10-13 08:00:00,2024-10-13,8,30.4,75,12.0,10.0,0.0,Sunny
2024-10-13 09:00:00,2024-10-13,9,33.2,77,7.3,10.0,0.0,Sunny
2024-10-13 10:00:00,2024-10-13,10,33.8,67,15.3,10.0,0.0,Sunny
2024-10-13 11:00:00,2024-10-13,11,30.9,70,17.2,10.0,0.0,Sunny
2024-10-13 12:00:00,2024-10-13,12,34.7,72,6.9,10.0,0.0,Sunny
2024-10-13 13:00:00,2024-10-13,13,36.8,71,4.7,10.0,0.0,Sunny
2024-10-13 14:00:00,2024-10-13,14,36.0,62,5.0,10.0,0.0,Sunny
2024-10-13 15:00:00,2024-10-13,15,36.1,61,22.5,10.0,0.0,Hazy
2024-10-13 16:00:00,2024-10-13,16,36.8,47,6.4,10.0,0.0,Sunny
2024-10-13 17:00:00,2024-10-13,17,37.0,47,20.3,10.0,0.0,Sunny
2024-10-13 18:00:00,2024-10-13,18,36.3,46,10.9,10.0,0.0,Sunny
2024-10-13 19:00:00,2024-10-13,19,33.8,42,8.0,10.0,0.0,Clear
2024-10-13 20:00:00,2024-10-13,20,32.1,44,2.0,10.0,0.0,Clear
2024-10-13 21:00:00,2024-10-13,21,30.0,39,31.3,10.0,0.0,Clear
2024-10-13 22:00:00,2024-10-13,22,29.9,40,10.3,10.0,0.0,Clear
2024-10-13 23:00:00,2024-10-13,23,28.3,45,7.6,10.0,0.0,Clear
2024-10-14 00:00:00,2024-10-14,0,27.5,43,10.7,10.0,0.0,Clear
2024-10-14 01:00:00,2024-10-14,1,25.5,45,12.1,10.0,0.0,Clear
2024-10-14 02:00:00,2024-10-14,2,23.1,55,6.2,10.0,0.0,Clear
2024-10-14 03:00:00,2024-10-14,3,24.1,54,8.3,10.0,0.0,Clear
2024-10-14 04:00:00,2024-10-14,4,25.7,68,4.1,10.0,0.0,Clear
2024-10-14 05:00:00,2024-10-14,5,23.3,60,6.4,10.0,0.0,Clear
2024-10-14 06:00:00,2024-10-14,6,26.3,70,9.8,10.0,0.0,Clear
2024-10-14 07:00:00,2024-10-14,7,28.1,80,3.4,10.0,0.0,Sunny
2024-10-14 08:00:00,2024-10-14,8,31.7,83,8.9,10.0,0.0,Hazy
2024-10-14 09:00:00,2024-10-14,9,30.3,76,8.3,10.0,0.0,Sunny
2024-10-14 10:00:00,2024-10-14,10,32.5,80,6.7,10.0,0.0,Partly Cloudy
2024-10-14 11:00:00,2024-10-14,11,36.3,77,18.3,10.0,0.0,Partly Cloudy
2024-10-14 12:00:00,2024-10-14,12,34.9,69,4.2,10.0,0.0,Partly Cloudy
2024-10-14 13:00:00,2024-10-14,13,37.9,69,10.8,10.0,0.0,Sunny
2024-10-14 14:00:00,2024-10-14,14,37.7,59,6.4,10.0,0.0,Partly Cloudy
2024-10-14 15:00:00,2024-10-14,15,37.2,52,11.2,10.0,0.0,Sunny
2024-10-14 16:00:00,2024-10-14,16,37.8,55,10.9,10.0,0.0,Sunny
2024-10-14 17:00:00,2024-10-14,17,36.5,51,37.7,10.0,0.0,Sunny
2024-10-14 18:00:00,2024-10-14,18,38.3,41,47.3,10.0,0.0,Sunny
2024-10-14 19:00:00,2024-10-14,19,31.8,42,5.8,10.0,0.0,Clear
2024-10-14 20:00:00,2024-10-14,20,32.3,36,9.4,10.0,0.0,Clear
2024-10-14 21:00:00,2024-10-14,21,30.7,38,5.6,10.0,0.0,Clear
2024-10-14 22:00:00,2024-10-14,22,29.2,39,10.8,10.0,0.0,Clear
2024-10-14 23:00:00,2024-10-14,23,29.0,45,5.9,10.0,0.0,Clear
2024-10-15 00:00:00,2024-10-15,0,25.9,43,5.6,10.0,0.0,Clear
2024-10-15 01:00:00,2024-10-15,1,26.0,44,7.4,10.0,0.0,Clear
2024-10-15 02:00:00,2024-10-15,2,25.0,60,7.6,10.0,0.0,Clear
2024-10-15 03:00:00,2024-10-15,3,25.5,60,2.0,10.0,0.0,Clear
2024-10-15 04:00:00,2024-10-15,4,24.6,66,8.0,10.0,0.0,Clear
2024-10-15 05:00:00,2024-10-15,5,25.8,69,32.3,10.0,0.0,Clear
2024-10-15 06:00:00,2024-10-15,6,26.3,74,5.8,10.0,0.0,Clear
2024-10-15 07:00:00,2024-10-15,7,26.6,75,18.2,10.0,0.0,Sunny
2024-10-15 08:00:00,2024-10-15,8,31.2,77,13.9,10.0,0.0,Sunny
2024-10-15 09:00:00,2024-10-15,9,30.1,77,7.4,10.0,0.0,Sunny
2024-10-15 10:00:00,2024-10-15,10,32.1,74,5.1,10.0,0.0,Sunny
2024-10-15 11:00:00,2024-10-15,11,33.2,77,4.0,10.0,0.0,Partly Cloudy
2024-10-15 12:00:00,2024-10-15,12,36.1,70,5.1,10.0,0.0,Partly Cloudy
2024-10-15 13:00:00,2024-10-15,13,36.1,67,3.3,10.0,0.0,Sunny
2024-10-15 14:00:00,2024-10-15,14,39.1,64,2.0,10.0,0.0,Sunny
2024-10-15 15:00:00,2024-10-15,15,38.1,60,4.7,10.0,0.0,Sunny
2024-10-15 16:00:00,2024-10-15,16,36.9,49,19.3,10.0,0.0,Sunny
2024-10-15 17:00:00,2024-10-15,17,35.5,50,15.1,10.0,0.0,Sunny
2024-10-15 18:00:00,2024-10-15,18,35.5,41,6.6,10.0,0.0,Partly Cloudy
2024-10-15 19:00:00,2024-10-15,19,34.9,43,20.9,10.0,0.0,Clear
2024-10-15 20:00:00,2024-10-15,20,32.6,44,5.1,10.0,0.0,Clear
2024-10-15 21:00:00,2024-10-15,21,30.8,47,2.8,10.0,0.0,Clear
2024-10-15 22:00:00,2024-10-15,22,28.1,43,30.2,10.0,0.0,Clear
2024-10-15 23:00:00,2024-10-15,23,30.4,46,11.5,10.0,0.0,Clear
2024-10-16 00:00:00,2024-10-16,0,26.2,41,14.0,10.0,0.0,Clear
2024-10-16 01:00:00,2024-10-16,1,23.7,51,5.5,10.0,0.0,Clear
2024-10-16 02:00:00,2024-10-16,2,23.4,49,6.0,10.0,0.0,Clear
2024-10-16 03:00:00,2024-10-16,3,24.1,63,6.8,10.0,0.0,Clear
2024-10-16 04:00:00,2024-10-16,4,27.1,58,15.0,10.0,0.0,Clear
2024-10-16 05:00:00,2024-10-16,5,25.2,63,4.1,10.0,0.0,Clear
2024-10-16 06:00:00,2024-10-16,6,26.0,74,4.8,10.0,0.0,Clear
2024-10-16 07:00:00,2024-10-16,7,28.8,80,16.3,10.0,0.0,Partly Cloudy
2024-10-16 08:00:00,2024-10-16,8,30.4,80,44.9,10.0,0.0,Sunny
2024-10-16 09:00:00,2024-10-16,9,31.8,75,8.4,10.0,0.0,Sunny
2024-10-16 10:00:00,2024-10-16,10,32.9,71,3.9,10.0,0.0,Sunny
2024-10-16 11:00:00,2024-10-16,11,32.9,72,3.7,10.0,0.0,Sunny
2024-10-16 12:00:00,2024-10-16,12,34.7,71,10.5,10.0,0.0,Sunny
2024-10-16 13:00:00,2024-10-16,13,34.7,67,23.4,10.0,0.0,Sunny
2024-10-16 14:00:00,2024-10-16,14,37.0,59,18.0,10.0,0.0,Sunny
2024-10-16 15:00:00,2024-10-16,15,37.0,63,12.6,10.0,0.0,Sunny
2024-10-16 16:00:00,2024-10-16,16,36.6,59,3.5,10.0,0.0,Sunny
2024-10-16 17:00:00,2024-10-16,17,37.0,57,10.6,10.0,0.0,Partly Cloudy
2024-10-16 18:00:00,2024-10-16,18,34.8,39,2.5,10.0,0.0,Sunny
2024-10-16 19:00:00,2024-10-16,19,33.8,39,25.8,10.0,0.0,Clear
2024-10-16 20:00:00,2024-10-16,20,32.1,42,5.5,10.0,0.0,Clear
2024-10-16 21:00:00,2024-10-16,21,31.0,40,7.2,10.0,0.0,Clear
2024-10-16 22:00:00,2024-10-16,22,29.8,39,21.2,10.0,0.0,Clear
2024-10-16 23:00:00,2024-10-16,23,26.1,39,7.0,10.0,0.0,Clear
2024-10-17 00:00:00,2024-10-17,0,26.9,41,26.7,10.0,0.0,Clear
2024-10-17 01:00:00,2024-10-17,1,25.7,57,2.0,10.0,0.0,Clear
2024-10-17 02:00:00,2024-10-17,2,25.2,48,5.0,10.0,0.0,Clear
2024-10-17 03:00:00,2024-10-17,3,24.7,52,15.3,10.0,0.0,Clear
2024-10-17 04:00:00,2024-10-17,4,25.2,58,17.2,10.0,0.0,Clear
2024-10-17 05:00:00,2024-10-17,5,24.9,68,5.3,10.0,0.0,Clear
2024-10-17 06:00:00,2024-10-17,6,26.9,70,3.2,10.0,0.0,Clear
2024-10-17 07:00:00,2024-10-17,7,29.1,75,12.8,10.0,0.0,Sunny
2024-10-17 08:00:00,2024-10-17,8,28.7,73,8.7,10.0,0.0,Sunny
2024-10-17 09:00:00,2024-10-17,9,30.4,76,2.0,10.0,0.0,Sunny
2024-10-17 10:00:00,2024-10-17,10,33.4,76,3.4,10.0,0.0,Sunny
2024-10-17 11:00:00,2024-10-17,11,33.6,80,15.5,10.0,0.0,Sunny
2024-10-17 12:00:00,2024-10-17,12,34.7,78,12.3,10.0,0.0,Sunny
2024-10-17 13:00:00,2024-10-17,13,37.1,66,6.0,10.0,0.0,Partly Cloudy
2024-10-17 14:00:00,2024-10-17,14,36.8,66,2.9,10.0,0.0,Sunny
2024-10-17 15:00:00,2024-10-17,15,39.0,59,14.3,10.0,0.0,Sunny
2024-10-17 16:00:00,2024-10-17,16,36.7,56,19.6,10.0,0.0,Sunny
2024-10-17 17:00:00,2024-10-17,17,35.6,51,12.8,10.0,0.0,Partly Cloudy
2024-10-17 18:00:00,2024-10-17,18,35.6,48,4.1,10.0,0.0,Partly Cloudy
2024-10-17 19:00:00,2024-10-17,19,34.8,46,6.0,10.0,0.0,Clear
2024-10-17 20:00:00,2024-10-17,20,33.1,42,32.6,10.0,0.0,Clear
2024-10-17 21:00:00,2024-10-17,21,31.6,41,9.9,10.0,0.0,Clear
2024-10-17 22:00:00,2024-10-17,22,28.7,45,35.7,10.0,0.0,Clear
2024-10-17 23:00:00,2024-10-17,23,29.1,42,6.1,10.0,0.0,Clear
2024-10-18 00:00:00,2024-10-18,0,24.4,43,8.5,10.0,0.0,Clear
2024-10-18 01:00:00,2024-10-18,1,24.4,43,2.8,10.0,0.0,Clear
2024-10-18 02:00:00,2024-10-18,2,24.8,55,3.6,10.0,0.0,Clear
2024-10-18 03:00:00,2024-10-18,3,23.7,61,2.8,10.0,0.0,Clear
2024-10-18 04:00:00,2024-10-18,4,24.3,56,4.0,10.0,0.0,Clear
2024-10-18 05:00:00,2024-10-18,5,24.2,65,14.2,10.0,0.0,Clear
2024-10-18 06:00:00,2024-10-18,6,26.2,74,31.8,10.0,0.0,Clear
2024-10-18 07:00:00,2024-10-18,7,28.3,73,10.0,10.0,0.0,Partly Cloudy
2024-10-18 08:00:00,2024-10-18,8,28.7,76,2.0,10.0,0.0,Sunny
2024-10-18 09:00:00,2024-10-18,9,29.9,80,8.2,10.0,0.0,Sunny
2024-10-18 10:00:00,2024-10-18,10,32.1,75,7.2,10.0,0.0,Sunny
2024-10-18 11:00:00,2024-10-18,11,35.6,75,16.2,10.0,0.0,Hazy
2024-10-18 12:00:00,2024-10-18,12,36.9,66,3.3,10.0,0.0,Hazy
2024-10-18 13:00:00,2024-10-18,13,36.1,68,8.3,10.0,0.0,Partly Cloudy
2024-10-18 14:00:00,2024-10-18,14,37.9,57,22.3,10.0,0.0,Partly Cloudy
2024-10-18 15:00:00,2024-10-18,15,37.5,53,33.0,10.0,0.0,Sunny
2024-10-18 16:00:00,2024-10-18,16,38.8,51,10.8,10.0,0.0,Sunny
2024-10-18 17:00:00,2024-10-18,17,36.9,51,13.3,10.0,0.0,Partly Cloudy
2024-10-18 18:00:00,2024-10-18,18,35.4,45,13.8,10.0,0.0,Sunny
2024-10-18 19:00:00,2024-10-18,19,36.2,39,5.9,10.0,0.0,Clear
2024-10-18 20:00:00,2024-10-18,20,31.6,44,16.0,10.0,0.0,Clear
2024-10-18 21:00:00,2024-10-18,21,31.4,41,5.3,10.0,0.0,Clear
2024-10-18 22:00:00,2024-10-18,22,31.0,45,9.8,10.0,0.0,Clear
2024-10-18 23:00:00,2024-10-18,23,28.5,39,2.0,10.0,0.0,Clear
2024-10-19 00:00:00,2024-10-19,0,25.5,51,3.2,10.0,0.0,Clear
2024-10-19 01:00:00,2024-10-19,1,24.4,55,6.9,10.0,0.0,Clear
2024-10-19 02:00:00,2024-10-19,2,23.0,57,8.1,10.0,0.0,Clear
2024-10-19 03:00:00,2024-10-19,3,26.3,60,5.7,10.0,0.0,Clear
2024-10-19 04:00:00,2024-10-19,4,23.4,65,8.3,10.0,0.0,Clear
2024-10-19 05:00:00,2024-10-19,5,26.2,68,2.1,10.0,0.0,Clear
2024-10-19 06:00:00,2024-10-19,6,24.7,65,2.0,10.0,0.0,Clear
2024-10-19 07:00:00,2024-10-19,7,30.8,71,17.0,10.0,0.0,Sunny
2024-10-19 08:00:00,2024-10-19,8,27.7,75,17.2,10.0,0.0,Sunny
2024-10-19 09:00:00,2024-10-19,9,31.1,72,5.0,10.0,0.0,Hazy
2024-10-19 10:00:00,2024-10-19,10,34.1,81,9.6,10.0,0.0,Sunny
2024-10-19 11:00:00,2024-10-19,11,33.4,76,6.0,10.0,0.0,Sunny
2024-10-19 12:00:00,2024-10-19,12,36.3,78,6.8,10.0,0.0,Sunny
2024-10-19 13:00:00,2024-10-19,13,36.3,70,8.9,10.0,0.0,Sunny
2024-10-19 14:00:00,2024-10-19,14,37.7,57,7.3,10.0,0.0,Partly Cloudy
2024-10-19 15:00:00,2024-10-19,15,38.8,63,18.5,10.0,0.0,Partly Cloudy
2024-10-19 16:00:00,2024-10-19,16,36.8,52,13.2,10.0,0.0,Partly Cloudy
2024-10-19 17:00:00,2024-10-19,17,38.4,54,7.0,10.0,0.0,Sunny
2024-10-19 18:00:00,2024-10-19,18,36.0,51,11.0,10.0,0.0,Sunny
2024-10-19 19:00:00,2024-10-19,19,36.6,48,16.0,10.0,0.0,Clear
2024-10-19 20:00:00,2024-10-19,20,31.7,45,5.2,10.0,0.0,Clear
2024-10-19 21:00:00,2024-10-19,21,30.2,42,20.7,10.0,0.0,Clear
2024-10-19 22:00:00,2024-10-19,22,29.0,41,6.3,10.0,0.0,Clear
2024-10-19 23:00:00,2024-10-19,23,26.3,50,29.4,10.0,0.0,Clear
2024-10-20 00:00:00,2024-10-20,0,27.5,46,11.2,10.0,0.0,Clear
2024-10-20 01:00:00,2024-10-20,1,25.3,47,2.3,10.0,0.0,Clear
2024-10-20 02:00:00,2024-10-20,2,23.3,55,4.1,10.0,0.0,Clear
2024-10-20 03:00:00,2024-10-20,3,23.5,63,3.5,10.0,0.0,Clear
2024-10-20 04:00:00,2024-10-20,4,23.7,67,13.0,10.0,0.0,Clear
2024-10-20 05:00:00,2024-10-20,5,26.5,63,4.9,10.0,0.0,Clear
2024-10-20 06:00:00,2024-10-20,6,27.0,75,11.1,10.0,0.0,Clear
2024-10-20 07:00:00,2024-10-20,7,27.6,76,12.4,10.0,0.0,Sunny
2024-10-20 08:00:00,2024-10-20,8,28.9,74,8.3,10.0,0.0,Hazy
2024-10-20 09:00:00,2024-10-20,9,30.7,73,23.3,10.0,0.0,Sunny
2024-10-20 10:00:00,2024-10-20,10,34.8,81,11.7,10.0,0.0,Sunny
2024-10-20 11:00:00,2024-10-20,11,34.0,80,2.0,10.0,0.0,Partly Cloudy
2024-10-20 12:00:00,2024-10-20,12,36.6,77,11.8,10.0,0.0,Sunny
2024-10-20 13:00:00,2024-10-20,13,36.2,62,8.1,10.0,0.0,Sunny
2024-10-20 14:00:00,2024-10-20,14,39.3,62,2.0,10.0,0.0,Sunny
2024-10-20 15:00:00,2024-10-20,15,36.0,58,20.1,10.0,0.0,Sunny
2024-10-20 16:00:00,2024-10-20,16,38.2,59,14.0,10.0,0.0,Sunny
2024-10-20 17:00:00,2024-10-20,17,35.7,52,7.1,10.0,0.0,Sunny
2024-10-20 18:00:00,2024-10-20,18,38.3,44,5.3,10.0,0.0,Sunny
2024-10-20 19:00:00,2024-10-20,19,35.1,43,19.0,10.0,0.0,Clear
2024-10-20 20:00:00,2024-10-20,20,30.6,43,11.2,10.0,0.0,Clear
2024-10-20 21:00:00,2024-10-20,21,29.9,43,2.0,10.0,0.0,Clear
2024-10-20 22:00:00,2024-10-20,22,30.1,47,27.2,10.0,0.0,Clear
2024-10-20 23:00:00,2024-10-20,23,28.5,48,9.2,10.0,0.0,Clear
2024-10-21 00:00:00,2024-10-21,0,27.1,50,22.3,10.0,0.0,Clear
2024-10-21 01:00:00,2024-10-21,1,25.6,46,9.5,10.0,0.0,Clear
2024-10-21 02:00:00,2024-10-21,2,24.3,51,6.4,10.0,0.0,Clear
2024-10-21 03:00:00,2024-10-21,3,25.8,54,10.4,10.0,0.0,Clear
2024-10-21 04:00:00,2024-10-21,4,23.7,64,31.5,10.0,0.0,Clear
2024-10-21 05:00:00,2024-10-21,5,25.4,65,7.5,10.0,0.0,Clear
2024-10-21 06:00:00,2024-10-21,6,25.7,73,4.4,10.0,0.0,Clear
2024-10-21 07:00:00,2024-10-21,7,26.9,77,10.0,10.0,0.0,Sunny
2024-10-21 08:00:00,2024-10-21,8,28.8,76,23.5,10.0,0.0,Sunny
2024-10-21 09:00:00,2024-10-21,9,30.1,80,6.4,10.0,0.0,Sunny
2024-10-21 10:00:00,2024-10-21,10,33.3,73,51.1,10.0,0.0,Partly Cloudy
2024-10-21 11:00:00,2024-10-21,11,32.5,68,2.0,10.0,0.0,Sunny
2024-10-21 12:00:00,2024-10-21,12,36.1,68,12.5,10.0,0.0,Sunny
2024-10-21 13:00:00,2024-10-21,13,35.9,70,9.1,10.0,0.0,Sunny
2024-10-21 14:00:00,2024-10-21,14,37.3,70,5.3,10.0,0.0,Sunny
2024-10-21 15:00:00,2024-10-21,15,37.3,64,28.2,10.0,0.0,Sunny
2024-10-21 16:00:00,2024-10-21,16,36.7,53,11.8,10.0,0.0,Sunny
2024-10-21 17:00:00,2024-10-21,17,38.1,53,25.0,10.0,0.0,Sunny
2024-10-21 18:00:00,2024-10-21,18,35.2,40,4.5,10.0,0.0,Sunny
2024-10-21 19:00:00,2024-10-21,19,35.1,49,9.0,10.0,0.0,Clear
2024-10-21 20:00:00,2024-10-21,20,33.5,43,3.1,10.0,0.0,Clear
2024-10-21 21:00:00,2024-10-21,21,30.7,43,24.2,10.0,0.0,Clear
2024-10-21 22:00:00,2024-10-21,22,27.8,33,5.2,10.0,0.0,Clear
2024-10-21 23:00:00,2024-10-21,23,26.7,44,3.7,10.0,0.0,Clear
2024-10-22 00:00:00,2024-10-22,0,27.9,53,20.5,10.0,0.0,Clear
2024-10-22 01:00:00,2024-10-22,1,26.0,50,25.4,10.0,0.0,Clear
2024-10-22 02:00:00,2024-10-22,2,24.9,53,8.7,10.0,0.0,Clear
2024-10-22 03:00:00,2024-10-22,3,23.8,57,21.7,10.0,0.0,Clear
2024-10-22 04:00:00,2024-10-22,4,26.8,60,11.9,10.0,0.0,Clear
2024-10-22 05:00:00,2024-10-22,5,24.3,68,13.1,10.0,0.0,Clear
2024-10-22 06:00:00,2024-10-22,6,26.6,66,3.6,10.0,0.0,Clear
2024-10-22 07:00:00,2024-10-22,7,28.4,76,4.4,10.0,0.0,Sunny
2024-10-22 08:00:00,2024-10-22,8,27.8,80,17.4,10.0,0.0,Hazy
2024-10-22 09:00:00,2024-10-22,9,30.1,74,7.1,10.0,0.0,Sunny
2024-10-22 10:00:00,2024-10-22,10,32.1,77,2.0,10.0,0.0,Sunny
2024-10-22 11:00:00,2024-10-22,11,35.3,74,12.5,10.0,0.0,Sunny
2024-10-22 12:00:00,2024-10-22,12,35.1,73,9.0,10.0,0.0,Sunny
2024-10-22 13:00:00,2024-10-22,13,34.9,71,5.9,10.0,0.0,Sunny
2024-10-22 14:00:00,2024-10-22,14,35.4,65,2.0,10.0,0.0,Partly Cloudy
2024-10-22 15:00:00,2024-10-22,15,36.6,62,8.3,10.0,0.0,Sunny
2024-10-22 16:00:00,2024-10-22,16,35.5,56,8.6,10.0,0.0,Hazy
2024-10-22 17:00:00,2024-10-22,17,37.6,53,9.6,10.0,0.0,Sunny
2024-10-22 18:00:00,2024-10-22,18,36.6,47,2.0,10.0,0.0,Sunny
2024-10-22 19:00:00,2024-10-22,19,34.3,44,15.4,10.0,0.0,Clear
2024-10-22 20:00:00,2024-10-22,20,32.4,44,11.9,10.0,0.0,Clear
2024-10-22 21:00:00,2024-10-22,21,31.9,40,2.2,10.0,0.0,Clear
2024-10-22 22:00:00,2024-10-22,22,30.2,43,14.6,10.0,0.0,Clear
2024-10-22 23:00:00,2024-10-22,23,26.6,39,13.6,10.0,0.0,Clear
2024-10-23 00:00:00,2024-10-23,0,25.4,38,11.9,10.0,0.0,Clear
2024-10-23 01:00:00,2024-10-23,1,26.2,50,6.1,10.0,0.0,Clear
2024-10-23 02:00:00,2024-10-23,2,25.0,50,17.9,10.0,0.0,Clear
2024-10-23 03:00:00,2024-10-23,3,25.2,66,26.8,10.0,0.0,Clear
2024-10-23 04:00:00,2024-10-23,4,23.6,60,8.4,10.0,0.0,Clear
2024-10-23 05:00:00,2024-10-23,5,24.5,70,3.1,10.0,0.0,Clear
2024-10-23 06:00:00,2024-10-23,6,27.0,68,4.3,10.0,0.0,Clear
2024-10-23 07:00:00,2024-10-23,7,26.9,74,3.7,10.0,0.0,Partly Cloudy
2024-10-23 08:00:00,2024-10-23,8,27.5,71,11.5,10.0,0.0,Sunny
2024-10-23 09:00:00,2024-10-23,9,30.2,71,12.1,10.0,0.0,Sunny
2024-10-23 10:00:00,2024-10-23,10,32.4,77,2.0,10.0,0.0,Sunny
2024-10-23 11:00:00,2024-10-23,11,36.3,72,5.2,10.0,0.0,Sunny
2024-10-23 12:00:00,2024-10-23,12,34.6,74,11.9,10.0,0.0,Sunny
2024-10-23 13:00:00,2024-10-23,13,36.6,72,11.2,10.0,0.0,Sunny
2024-10-23 14:00:00,2024-10-23,14,39.7,56,5.6,10.0,0.0,Sunny
2024-10-23 15:00:00,2024-10-23,15,36.2,62,9.7,10.0,0.0,Partly Cloudy
2024-10-23 16:00:00,2024-10-23,16,38.1,49,48.8,10.0,0.0,Hazy
2024-10-23 17:00:00,2024-10-23,17,35.8,48,9.8,10.0,0.0,Sunny
2024-10-23 18:00:00,2024-10-23,18,36.1,40,3.7,10.0,0.0,Sunny
2024-10-23 19:00:00,2024-10-23,19,37.1,37,7.3,10.0,0.0,Clear
2024-10-23 20:00:00,2024-10-23,20,33.6,33,20.2,10.0,0.0,Clear
2024-10-23 21:00:00,2024-10-23,21,31.2,38,6.7,10.0,0.0,Clear
2024-10-23 22:00:00,2024-10-23,22,28.2,41,8.6,10.0,0.0,Clear
2024-10-23 23:00:00,2024-10-23,23,27.5,41,24.4,10.0,0.0,Clear
2024-10-24 00:00:00,2024-10-24,0,25.7,38,3.8,10.0,0.0,Clear
2024-10-24 01:00:00,2024-10-24,1,23.6,41,10.9,10.0,0.0,Clear
2024-10-24 02:00:00,2024-10-24,2,22.2,53,7.3,10.0,0.0,Clear
2024-10-24 03:00:00,2024-10-24,3,23.5,61,12.7,10.0,0.0,Clear
2024-10-24 04:00:00,2024-10-24,4,24.7,64,7.0,10.0,0.0,Clear
2024-10-24 05:00:00,2024-10-24,5,26.7,74,2.6,10.0,0.0,Clear
2024-10-24 06:00:00,2024-10-24,6,25.5,71,3.4,10.0,0.0,Clear
2024-10-24 07:00:00,2024-10-24,7,28.0,75,23.0,10.0,0.0,Partly Cloudy
2024-10-24 08:00:00,2024-10-24,8,27.3,75,10.4,10.0,0.0,Sunny
2024-10-24 09:00:00,2024-10-24,9,30.0,73,8.1,10.0,0.0,Sunny
2024-10-24 10:00:00,2024-10-24,10,29.7,75,27.4,10.0,0.0,Sunny
2024-10-24 11:00:00,2024-10-24,11,36.9,77,13.0,10.0,0.0,Sunny
2024-10-24 12:00:00,2024-10-24,12,35.8,74,6.6,10.0,0.0,Sunny
2024-10-24 13:00:00,2024-10-24,13,36.8,68,11.9,10.0,0.0,Sunny
2024-10-24 14:00:00,2024-10-24,14,37.9,69,22.7,10.0,0.0,Partly Cloudy
2024-10-24 15:00:00,2024-10-24,15,40.5,60,17.3,10.0,0.0,Sunny
2024-10-24 16:00:00,2024-10-24,16,36.8,55,6.8,10.0,0.0,Sunny
2024-10-24 17:00:00,2024-10-24,17,35.5,55,11.0,10.0,0.0,Sunny
2024-10-24 18:00:00,2024-10-24,18,38.0,42,8.4,10.0,0.0,Sunny
2024-10-24 19:00:00,2024-10-24,19,32.8,48,42.0,10.0,0.0,Clear
2024-10-24 20:00:00,2024-10-24,20,34.2,37,17.1,10.0,0.0,Clear
2024-10-24 21:00:00,2024-10-24,21,30.9,39,4.6,10.0,0.0,Clear
2024-10-24 22:00:00,2024-10-24,22,29.8,33,17.9,10.0,0.0,Clear
2024-10-24 23:00:00,2024-10-24,23,26.0,43,2.0,10.0,0.0,Clear
2024-10-25 00:00:00,2024-10-25,0,29.5,51,2.0,10.0,0.0,Clear
2024-10-25 01:00:00,2024-10-25,1,24.9,45,11.2,10.0,0.0,Clear
2024-10-25 02:00:00,2024-10-25,2,23.9,52,10.9,10.0,0.0,Clear
2024-10-25 03:00:00,2024-10-25,3,25.2,57,11.4,10.0,0.0,Clear
2024-10-25 04:00:00,2024-10-25,4,23.9,62,15.1,10.0,0.0,Clear
2024-10-25 05:00:00,2024-10-25,5,25.9,63,7.6,10.0,0.0,Clear
2024-10-25 06:00:00,2024-10-25,6,24.9,71,18.5,10.0,0.0,Clear
2024-10-25 07:00:00,2024-10-25,7,27.9,80,6.9,10.0,0.0,Sunny
2024-10-25 08:00:00,2024-10-25,8,28.6,73,11.5,10.0,0.0,Sunny
2024-10-25 09:00:00,2024-10-25,9,30.1,77,5.1,10.0,0.0,Sunny
2024-10-25 10:00:00,2024-10-25,10,31.6,76,8.4,10.0,0.0,Sunny
2024-10-25 11:00:00,2024-10-25,11,35.3,72,6.7,10.0,0.0,Sunny
2024-10-25 12:00:00,2024-10-25,12,35.2,72,8.5,10.0,0.0,Sunny
2024-10-25 13:00:00,2024-10-25,13,36.4,65,15.5,10.0,0.0,Hazy
2024-10-25 14:00:00,2024-10-25,14,37.8,64,18.1,10.0,0.0,Hazy
2024-10-25 15:00:00,2024-10-25,15,38.9,58,19.7,10.0,0.0,Sunny
2024-10-25 16:00:00,2024-10-25,16,36.2,48,6.9,10.0,0.0,Sunny
2024-10-25 17:00:00,2024-10-25,17,36.9,42,12.6,10.0,0.0,Sunny
2024-10-25 18:00:00,2024-10-25,18,34.5,37,5.1,10.0,0.0,Partly Cloudy
2024-10-25 19:00:00,2024-10-25,19,34.0,41,14.9,10.0,0.0,Clear
2024-10-25 20:00:00,2024-10-25,20,34.0,44,2.5,10.0,0.0,Clear
2024-10-25 21:00:00,2024-10-25,21,28.2,37,30.6,10.0,0.0,Clear
2024-10-25 22:00:00,2024-10-25,22,28.2,40,5.6,10.0,0.0,Clear
2024-10-25 23:00:00,2024-10-25,23,27.5,40,13.3,10.0,0.0,Clear
2024-10-26 00:00:00,2024-10-26,0,26.9,42,47.7,10.0,0.0,Clear
2024-10-26 01:00:00,2024-10-26,1,26.8,58,7.5,10.0,0.0,Clear
2024-10-26 02:00:00,2024-10-26,2,22.7,50,13.5,10.0,0.0,Clear
2024-10-26 03:00:00,2024-10-26,3,26.2,53,2.7,10.0,0.0,Clear
2024-10-26 04:00:00,2024-10-26,4,25.3,59,12.6,10.0,0.0,Clear
2024-10-26 05:00:00,2024-10-26,5,25.1,67,3.8,10.0,0.0,Clear
2024-10-26 06:00:00,2024-10-26,6,24.6,68,9.2,10.0,0.0,Clear
2024-10-26 07:00:00,2024-10-26,7,27.1,75,2.2,10.0,0.0,Sunny
2024-10-26 08:00:00,2024-10-26,8,30.5,72,12.3,10.0,0.0,Sunny
2024-10-26 09:00:00,2024-10-26,9,31.0,74,8.1,10.0,0.0,Partly Cloudy
2024-10-26 10:00:00,2024-10-26,10,32.5,73,7.8,10.0,0.0,Sunny
2024-10-26 11:00:00,2024-10-26,11,33.1,73,2.0,10.0,0.0,Hazy
2024-10-26 12:00:00,2024-10-26,12,36.5,74,11.1,10.0,0.0,Partly Cloudy
2024-10-26 13:00:00,2024-10-26,13,36.4,70,7.9,10.0,0.0,Partly Cloudy
2024-10-26 14:00:00,2024-10-26,14,37.0,68,5.4,10.0,0.0,Sunny
2024-10-26 15:00:00,2024-10-26,15,37.4,53,4.3,10.0,0.0,Sunny
2024-10-26 16:00:00,2024-10-26,16,36.5,49,14.4,10.0,0.0,Partly Cloudy
2024-10-26 17:00:00,2024-10-26,17,35.7,45,11.7,10.0,0.0,Sunny
2024-10-26 18:00:00,2024-10-26,18,33.8,45,9.9,10.0,0.0,Partly Cloudy
2024-10-26 19:00:00,2024-10-26,19,33.5,38,36.3,10.0,0.0,Clear
2024-10-26 20:00:00,2024-10-26,20,30.5,38,19.3,10.0,0.0,Clear
2024-10-26 21:00:00,2024-10-26,21,31.6,43,14.6,10.0,0.0,Clear
2024-10-26 22:00:00,2024-10-26,22,28.5,45,10.0,10.0,0.0,Clear
2024-10-26 23:00:00,2024-10-26,23,27.3,45,13.7,10.0,0.0,Clear
2024-10-27 00:00:00,2024-10-27,0,26.4,47,27.8,10.0,0.0,Clear
2024-10-27 01:00:00,2024-10-27,1,24.4,46,2.4,10.0,0.0,Clear
2024-10-27 02:00:00,2024-10-27,2,23.3,53,11.9,10.0,0.0,Clear
2024-10-27 03:00:00,2024-10-27,3,24.8,63,13.4,10.0,0.0,Clear
2024-10-27 04:00:00,2024-10-27,4,27.0,65,3.8,10.0,0.0,Clear
2024-10-27 05:00:00,2024-10-27,5,26.5,71,10.3,10.0,0.0,Clear
2024-10-27 06:00:00,2024-10-27,6,27.9,75,15.9,10.0,0.0,Clear
2024-10-27 07:00:00,2024-10-27,7,26.2,72,14.8,10.0,0.0,Sunny
2024-10-27 08:00:00,2024-10-27,8,29.1,78,9.7,10.0,0.0,Partly Cloudy
2024-10-27 09:00:00,2024-10-27,9,30.8,74,11.6,10.0,0.0,Partly Cloudy
2024-10-27 10:00:00,2024-10-27,10,34.4,78,10.4,10.0,0.0,Sunny
2024-10-27 11:00:00,2024-10-27,11,35.4,78,2.9,10.0,0.0,Sunny
2024-10-27 12:00:00,2024-10-27,12,35.4,77,7.2,10.0,0.0,Partly Cloudy
2024-10-27 13:00:00,2024-10-27,13,33.9,69,10.4,10.0,0.0,Sunny
2024-10-27 14:00:00,2024-10-27,14,35.9,64,6.6,10.0,0.0,Sunny
2024-10-27 15:00:00,2024-10-27,15,38.3,64,15.7,10.0,0.0,Hazy
2024-10-27 16:00:00,2024-10-27,16,36.9,50,2.3,10.0,0.0,Partly Cloudy
2024-10-27 17:00:00,2024-10-27,17,36.5,55,7.1,10.0,0.0,Partly Cloudy
2024-10-27 18:00:00,2024-10-27,18,36.3,46,7.8,10.0,0.0,Sunny
2024-10-27 19:00:00,2024-10-27,19,35.6,43,15.7,10.0,0.0,Clear
2024-10-27 20:00:00,2024-10-27,20,31.7,39,10.4,10.0,0.0,Clear
2024-10-27 21:00:00,2024-10-27,21,31.7,35,10.8,10.0,0.0,Clear
2024-10-27 22:00:00,2024-10-27,22,31.3,46,9.8,10.0,0.0,Clear
2024-10-27 23:00:00,2024-10-27,23,29.5,44,4.6,10.0,0.0,Clear
2024-10-28 00:00:00,2024-10-28,0,25.8,44,10.9,10.0,0.0,Clear
2024-10-28 01:00:00,2024-10-28,1,25.7,50,11.5,10.0,0.0,Clear
2024-10-28 02:00:00,2024-10-28,2,25.6,52,7.8,10.0,0.0,Clear
2024-10-28 03:00:00,2024-10-28,3,24.5,51,13.6,10.0,0.0,Clear
2024-10-28 04:00:00,2024-10-28,4,24.4,62,5.5,10.0,0.0,Clear
2024-10-28 05:00:00,2024-10-28,5,23.3,61,7.6,10.0,0.0,Clear
2024-10-28 06:00:00,2024-10-28,6,25.4,72,22.4,10.0,0.0,Clear
2024-10-28 07:00:00,2024-10-28,7,26.9,80,5.8,10.0,0.0,Sunny
2024-10-28 08:00:00,2024-10-28,8,27.8,73,7.0,10.0,0.0,Hazy
2024-10-28 09:00:00,2024-10-28,9,31.1,79,11.9,10.0,0.0,Sunny
2024-10-28 10:00:00,2024-10-28,10,33.7,73,25.1,10.0,0.0,Sunny
2024-10-28 11:00:00,2024-10-28,11,33.7,74,17.2,10.0,0.0,Sunny
2024-10-28 12:00:00,2024-10-28,12,33.0,67,11.5,10.0,0.0,Partly Cloudy
2024-10-28 13:00:00,2024-10-28,13,36.5,69,9.6,10.0,0.0,Sunny
2024-10-28 14:00:00,2024-10-28,14,37.6,68,2.0,10.0,0.0,Sunny
2024-10-28 15:00:00,2024-10-28,15,37.7,59,11.0,10.0,0.0,Partly Cloudy
2024-10-28 16:00:00,2024-10-28,16,36.4,55,5.1,10.0,0.0,Partly Cloudy
2024-10-28 17:00:00,2024-10-28,17,35.2,51,4.7,10.0,0.0,Sunny
2024-10-28 18:00:00,2024-10-28,18,36.7,44,3.6,10.0,0.0,Partly Cloudy
2024-10-28 19:00:00,2024-10-28,19,34.7,48,17.3,10.0,0.0,Clear
2024-10-28 20:00:00,2024-10-28,20,31.9,39,6.4,10.0,0.0,Clear
2024-10-28 21:00:00,2024-10-28,21,29.2,34,3.2,10.0,0.0,Clear
2024-10-28 22:00:00,2024-10-28,22,29.6,37,8.4,10.0,0.0,Clear
2024-10-28 23:00:00,2024-10-28,23,26.7,45,23.5,10.0,0.0,Clear
2024-10-29 00:00:00,2024-10-29,0,26.9,44,4.2,10.0,0.0,Clear
2024-10-29 01:00:00,2024-10-29,1,25.6,49,25.6,10.0,0.0,Clear
2024-10-29 02:00:00,2024-10-29,2,27.2,52,12.6,10.0,0.0,Clear
2024-10-29 03:00:00,2024-10-29,3,24.4,59,25.4,10.0,0.0,Clear
2024-10-29 04:00:00,2024-10-29,4,27.1,67,8.2,10.0,0.0,Clear
2024-10-29 05:00:00,2024-10-29,5,25.5,73,16.5,10.0,0.0,Clear
2024-10-29 06:00:00,2024-10-29,6,25.6,67,31.0,10.0,0.0,Clear
2024-10-29 07:00:00,2024-10-29,7,26.5,77,6.2,10.0,0.0,Sunny
2024-10-29 08:00:00,2024-10-29,8,28.3,76,8.7,10.0,0.0,Partly Cloudy
2024-10-29 09:00:00,2024-10-29,9,31.5,71,10.8,10.0,0.0,Sunny
2024-10-29 10:00:00,2024-10-29,10,32.8,77,12.0,10.0,0.0,Sunny
2024-10-29 11:00:00,2024-10-29,11,32.0,81,2.0,10.0,0.0,Sunny
2024-10-29 12:00:00,2024-10-29,12,36.8,68,13.4,10.0,0.0,Sunny
2024-10-29 13:00:00,2024-10-29,13,38.4,66,11.3,10.0,0.0,Sunny
2024-10-29 14:00:00,2024-10-29,14,35.1,56,7.1,10.0,0.0,Partly Cloudy
2024-10-29 15:00:00,2024-10-29,15,38.7,58,43.1,10.0,0.0,Sunny
2024-10-29 16:00:00,2024-10-29,16,39.3,54,19.0,10.0,0.0,Partly Cloudy
2024-10-29 17:00:00,2024-10-29,17,34.5,57,25.9,10.0,0.0,Sunny
2024-10-29 18:00:00,2024-10-29,18,35.0,42,7.7,10.0,0.0,Sunny
2024-10-29 19:00:00,2024-10-29,19,33.2,46,6.2,10.0,0.0,Clear
2024-10-29 20:00:00,2024-10-29,20,33.9,42,14.0,10.0,0.0,Clear
2024-10-29 21:00:00,2024-10-29,21,30.5,49,10.6,10.0,0.0,Clear
2024-10-29 22:00:00,2024-10-29,22,28.8,41,6.8,10.0,0.0,Clear
2024-10-29 23:00:00,2024-10-29,23,28.3,42,6.9,10.0,0.0,Clear
2024-10-30 00:00:00,2024-10-30,0,28.3,49,2.9,10.0,0.0,Clear
2024-10-30 01:00:00,2024-10-30,1,25.3,51,19.4,10.0,0.0,Clear
2024-10-30 02:00:00,2024-10-30,2,24.2,57,17.0,10.0,0.0,Clear
2024-10-30 03:00:00,2024-10-30,3,24.2,60,2.0,10.0,0.0,Clear
2024-10-30 04:00:00,2024-10-30,4,25.5,57,16.8,10.0,0.0,Clear
2024-10-30 05:00:00,2024-10-30,5,23.8,69,32.5,10.0,0.0,Clear
2024-10-30 06:00:00,2024-10-30,6,26.4,73,17.6,10.0,0.0,Clear
2024-10-30 07:00:00,2024-10-30,7,26.6,71,6.0,10.0,0.0,Sunny
2024-10-30 08:00:00,2024-10-30,8,27.9,77,11.9,10.0,0.0,Hazy
2024-10-30 09:00:00,2024-10-30,9,28.7,69,2.0,10.0,0.0,Sunny
2024-10-30 10:00:00,2024-10-30,10,32.1,76,4.5,10.0,0.0,Hazy
2024-10-30 11:00:00,2024-10-30,11,35.5,76,16.8,10.0,0.0,Sunny
2024-10-30 12:00:00,2024-10-30,12,33.2,75,4.3,10.0,0.0,Sunny
2024-10-30 13:00:00,2024-10-30,13,37.3,70,8.1,10.0,0.0,Partly Cloudy
2024-10-30 14:00:00,2024-10-30,14,36.5,59,9.1,10.0,0.0,Partly Cloudy
2024-10-30 15:00:00,2024-10-30,15,36.2,52,16.4,10.0,0.0,Sunny
2024-10-30 16:00:00,2024-10-30,16,37.7,57,8.2,10.0,0.0,Hazy
2024-10-30 17:00:00,2024-10-30,17,38.2,51,4.5,10.0,0.0,Sunny
2024-10-30 18:00:00,2024-10-30,18,37.4,47,12.2,10.0,0.0,Sunny
2024-10-30 19:00:00,2024-10-30,19,34.6,49,3.1,10.0,0.0,Clear
2024-10-30 20:00:00,2024-10-30,20,32.6,34,23.9,10.0,0.0,Clear
2024-10-30 21:00:00,2024-10-30,21,31.5,47,3.0,10.0,0.0,Clear
2024-10-30 22:00:00,2024-10-30,22,32.3,38,17.5,10.0,0.0,Clear
2024-10-30 23:00:00,2024-10-30,23,27.4,46,14.2,10.0,0.0,Clear
2024-10-31 00:00:00,2024-10-31,0,27.8,45,17.4,10.0,0.0,Clear
2024-10-31 01:00:00,2024-10-31,1,24.7,48,4.1,10.0,0.0,Clear
2024-10-31 02:00:00,2024-10-31,2,23.7,47,5.6,10.0,0.0,Clear
2024-10-31 03:00:00,2024-10-31,3,26.6,55,6.2,10.0,0.0,Clear
2024-10-31 04:00:00,2024-10-31,4,24.7,65,8.1,10.0,0.0,Clear
2024-10-31 05:00:00,2024-10-31,5,25.6,68,3.1,10.0,0.0,Clear
2024-10-31 06:00:00,2024-10-31,6,27.1,75,9.3,10.0,0.0,Clear
2024-10-31 07:00:00,2024-10-31,7,26.7,71,9.4,10.0,0.0,Sunny
2024-10-31 08:00:00,2024-10-31,8,28.8,78,17.1,10.0,0.0,Sunny
2024-10-31 09:00:00,2024-10-31,9,30.2,76,8.9,10.0,0.0,Sunny
2024-10-31 10:00:00,2024-10-31,10,33.1,78,2.0,10.0,0.0,Partly Cloudy
2024-10-31 11:00:00,2024-10-31,11,34.7,76,2.2,10.0,0.0,Sunny
2024-10-31 12:00:00,2024-10-31,12,34.9,69,5.0,10.0,0.0,Partly Cloudy
2024-10-31 13:00:00,2024-10-31,13,39.1,68,7.9,10.0,0.0,Sunny
2024-10-31 14:00:00,2024-10-31,14,37.2,65,27.0,10.0,0.0,Sunny
2024-10-31 15:00:00,2024-10-31,15,37.6,61,19.8,10.0,0.0,Sunny
2024-10-31 16:00:00,2024-10-31,16,38.9,59,7.3,10.0,0.0,Sunny
2024-10-31 17:00:00,2024-10-31,17,35.6,46,5.2,10.0,0.0,Partly Cloudy
2024-10-31 18:00:00,2024-10-31,18,35.0,41,9.5,10.0,0.0,Sunny
2024-10-31 19:00:00,2024-10-31,19,34.6,48,9.5,10.0,0.0,Clear
2024-10-31 20:00:00,2024-10-31,20,30.9,35,8.8,10.0,0.0,Clear
2024-10-31 21:00:00,2024-10-31,21,30.7,44,3.0,10.0,0.0,Clear
2024-10-31 22:00:00,2024-10-31,22,31.8,37,6.4,10.0,0.0,Clear
2024-10-31 23:00:00,2024-10-31,23,29.9,40,6.3,10.0,0.0,Clear
2024-11-01 00:00:00,2024-11-01,0,22.5,47,11.6,10.0,0.0,Clear
2024-11-01 01:00:00,2024-11-01,1,21.8,45,19.6,10.0,0.0,Clear
2024-11-01 02:00:00,2024-11-01,2,20.3,51,6.3,10.0,0.0,Clear
2024-11-01 03:00:00,2024-11-01,3,19.0,53,11.1,10.0,0.0,Clear
2024-11-01 04:00:00,2024-11-01,4,21.7,67,2.0,10.0,0.0,Clear
2024-11-01 05:00:00,2024-11-01,5,19.2,69,10.7,10.0,0.0,Clear
2024-11-01 06:00:00,2024-11-01,6,22.6,73,2.0,10.0,0.0,Clear
2024-11-01 07:00:00,2024-11-01,7,22.1,75,3.9,10.0,0.0,Partly Cloudy
2024-11-01 08:00:00,2024-11-01,8,23.8,77,5.4,10.0,0.0,Sunny
2024-11-01 09:00:00,2024-11-01,9,26.6,76,11.6,10.0,0.0,Sunny
2024-11-01 10:00:00,2024-11-01,10,30.1,81,9.5,10.0,0.0,Sunny
2024-11-01 11:00:00,2024-11-01,11,31.0,69,2.0,10.0,0.0,Sunny
2024-11-01 12:00:00,2024-11-01,12,31.0,67,11.7,10.0,0.0,Sunny
2024-11-01 13:00:00,2024-11-01,13,31.7,74,26.5,10.0,0.0,Sunny
2024-11-01 14:00:00,2024-11-01,14,33.2,66,2.8,10.0,0.0,Sunny
2024-11-01 15:00:00,2024-11-01,15,34.1,52,6.2,10.0,0.0,Sunny
2024-11-01 16:00:00,2024-11-01,16,30.2,57,7.8,10.0,0.0,Sunny
2024-11-01 17:00:00,2024-11-01,17,31.5,45,7.4,10.0,0.0,Sunny
2024-11-01 18:00:00,2024-11-01,18,29.3,52,16.7,10.0,0.0,Sunny
2024-11-01 19:00:00,2024-11-01,19,29.0,48,13.9,10.0,0.0,Clear
2024-11-01 20:00:00,2024-11-01,20,26.2,51,10.7,10.0,0.0,Clear
2024-11-01 21:00:00,2024-11-01,21,23.8,41,8.1,10.0,0.0,Clear
2024-11-01 22:00:00,2024-11-01,22,22.7,38,14.0,10.0,0.0,Clear
2024-11-01 23:00:00,2024-11-01,23,22.1,42,2.0,10.0,0.0,Clear
2024-11-02 00:00:00,2024-11-02,0,22.1,45,28.9,10.0,0.0,Clear
2024-11-02 01:00:00,2024-11-02,1,19.4,53,17.2,10.0,0.0,Clear
2024-11-02 02:00:00,2024-11-02,2,18.7,48,18.6,10.0,0.0,Clear
2024-11-02 03:00:00,2024-11-02,3,20.0,60,34.7,10.0,0.0,Clear
2024-11-02 04:00:00,2024-11-02,4,20.1,61,16.8,10.0,0.0,Clear
2024-11-02 05:00:00,2024-11-02,5,22.4,67,3.4,10.0,0.0,Clear
2024-11-02 06:00:00,2024-11-02,6,22.5,78,10.1,10.0,0.0,Clear
2024-11-02 07:00:00,2024-11-02,7,21.5,80,16.5,10.0,0.0,Sunny
2024-11-02 08:00:00,2024-11-02,8,23.5,80,10.0,10.0,0.0,Partly Cloudy
2024-11-02 09:00:00,2024-11-02,9,26.9,81,10.8,10.0,0.0,Partly Cloudy
2024-11-02 10:00:00,2024-11-02,10,26.6,76,20.2,10.0,0.0,Partly Cloudy
2024-11-02 11:00:00,2024-11-02,11,28.9,75,8.0,10.0,0.0,Sunny
2024-11-02 12:00:00,2024-11-02,12,28.5,66,23.3,10.0,0.0,Partly Cloudy
2024-11-02 13:00:00,2024-11-02,13,30.1,64,5.6,10.0,0.0,Sunny
2024-11-02 14:00:00,2024-11-02,14,33.8,65,10.9,10.0,0.0,Hazy
2024-11-02 15:00:00,2024-11-02,15,32.7,56,2.0,10.0,0.0,Sunny
2024-11-02 16:00:00,2024-11-02,16,31.5,58,2.0,10.0,0.0,Sunny
2024-11-02 17:00:00,2024-11-02,17,31.0,51,39.8,10.0,0.0,Sunny
2024-11-02 18:00:00,2024-11-02,18,32.7,46,10.0,10.0,0.0,Sunny
2024-11-02 19:00:00,2024-11-02,19,28.5,42,8.0,10.0,0.0,Clear
2024-11-02 20:00:00,2024-11-02,20,28.3,44,11.7,10.0,0.0,Clear
2024-11-02 21:00:00,2024-11-02,21,27.0,45,14.1,10.0,0.0,Clear
2024-11-02 22:00:00,2024-11-02,22,26.1,39,3.8,10.0,0.0,Clear
2024-11-02 23:00:00,2024-11-02,23,21.7,42,16.8,10.0,0.0,Clear
2024-11-03 00:00:00,2024-11-03,0,19.7,47,6.7,10.0,0.0,Clear
2024-11-03 01:00:00,2024-11-03,1,19.0,52,37.9,10.0,0.0,Clear
2024-11-03 02:00:00,2024-11-03,2,20.6,57,10.9,10.0,0.0,Clear
2024-11-03 03:00:00,2024-11-03,3,21.9,60,2.0,10.0,0.0,Clear
2024-11-03 04:00:00,2024-11-03,4,20.6,67,6.3,10.0,0.0,Clear
2024-11-03 05:00:00,2024-11-03,5,19.6,68,10.9,10.0,0.0,Clear
2024-11-03 06:00:00,2024-11-03,6,22.8,67,2.7,10.0,0.0,Clear
2024-11-03 07:00:00,2024-11-03,7,22.2,81,12.8,10.0,0.0,Hazy
2024-11-03 08:00:00,2024-11-03,8,23.3,81,14.3,10.0,0.0,Sunny
2024-11-03 09:00:00,2024-11-03,9,25.6,72,8.3,10.0,0.0,Sunny
2024-11-03 10:00:00,2024-11-03,10,27.0,78,2.0,10.0,0.0,Partly Cloudy
2024-11-03 11:00:00,2024-11-03,11,28.4,81,30.2,10.0,0.0,Sunny
2024-11-03 12:00:00,2024-11-03,12,32.1,72,2.1,10.0,0.0,Sunny
2024-11-03 13:00:00,2024-11-03,13,31.0,72,6.7,10.0,0.0,Partly Cloudy
2024-11-03 14:00:00,2024-11-03,14,30.4,69,16.0,10.0,0.0,Sunny
2024-11-03 15:00:00,2024-11-03,15,33.2,61,13.6,10.0,0.0,Sunny
2024-11-03 16:00:00,2024-11-03,16,31.1,64,4.9,10.0,0.0,Sunny
2024-11-03 17:00:00,2024-11-03,17,30.5,54,4.8,10.0,0.0,Sunny
2024-11-03 18:00:00,2024-11-03,18,31.4,48,10.1,10.0,0.0,Hazy
2024-11-03 19:00:00,2024-11-03,19,28.4,44,3.6,10.0,0.0,Clear
2024-11-03 20:00:00,2024-11-03,20,27.1,42,10.0,10.0,0.0,Clear
2024-11-03 21:00:00,2024-11-03,21,26.1,40,17.0,10.0,0.0,Clear
2024-11-03 22:00:00,2024-11-03,22,24.0,38,6.2,10.0,0.0,Clear
2024-11-03 23:00:00,2024-11-03,23,22.2,41,8.5,10.0,0.0,Clear
2024-11-04 00:00:00,2024-11-04,0,18.6,47,12.4,10.0,0.0,Clear
2024-11-04 01:00:00,2024-11-04,1,20.2,54,22.6,10.0,0.0,Clear
2024-11-04 02:00:00,2024-11-04,2,21.7,57,13.1,10.0,0.0,Clear
2024-11-04 03:00:00,2024-11-04,3,20.3,61,5.8,10.0,0.0,Clear
2024-11-04 04:00:00,2024-11-04,4,19.3,73,18.9,10.0,0.0,Clear
2024-11-04 05:00:00,2024-11-04,5,20.9,76,16.3,10.0,0.0,Clear
2024-11-04 06:00:00,2024-11-04,6,22.2,69,18.5,10.0,0.0,Clear
2024-11-04 07:00:00,2024-11-04,7,21.7,78,7.3,10.0,0.0,Hazy
2024-11-04 08:00:00,2024-11-04,8,25.8,73,21.0,10.0,0.0,Sunny
2024-11-04 09:00:00,2024-11-04,9,26.2,79,6.3,10.0,0.0,Sunny
2024-11-04 10:00:00,2024-11-04,10,27.3,72,4.7,10.0,0.0,Sunny
2024-11-04 11:00:00,2024-11-04,11,31.2,73,21.3,10.0,0.0,Hazy
2024-11-04 12:00:00,2024-11-04,12,28.1,75,9.7,10.0,0.0,Partly Cloudy
2024-11-04 13:00:00,2024-11-04,13,30.2,67,9.9,10.0,0.0,Sunny
2024-11-04 14:00:00,2024-11-04,14,33.0,60,3.7,10.0,0.0,Partly Cloudy
2024-11-04 15:00:00,2024-11-04,15,33.3,57,4.1,10.0,0.0,Sunny
2024-11-04 16:00:00,2024-11-04,16,34.3,52,4.9,10.0,0.0,Sunny
2024-11-04 17:00:00,2024-11-04,17,28.9,53,6.8,10.0,0.0,Sunny
2024-11-04 18:00:00,2024-11-04,18,31.6,52,7.0,10.0,0.0,Partly Cloudy
2024-11-04 19:00:00,2024-11-04,19,27.8,44,2.0,10.0,0.0,Clear
2024-11-04 20:00:00,2024-11-04,20,28.2,47,16.1,10.0,0.0,Clear
2024-11-04 21:00:00,2024-11-04,21,25.9,40,29.8,10.0,0.0,Clear
2024-11-04 22:00:00,2024-11-04,22,25.3,42,3.7,10.0,0.0,Clear
2024-11-04 23:00:00,2024-11-04,23,22.5,52,9.1,10.0,0.0,Clear
2024-11-05 00:00:00,2024-11-05,0,22.6,47,18.0,10.0,0.0,Clear
2024-11-05 01:00:00,2024-11-05,1,19.4,55,20.3,10.0,0.0,Clear
2024-11-05 02:00:00,2024-11-05,2,19.6,52,6.6,10.0,0.0,Clear
2024-11-05 03:00:00,2024-11-05,3,19.7,60,18.7,10.0,0.0,Clear
2024-11-05 04:00:00,2024-11-05,4,21.7,61,3.0,10.0,0.0,Clear
2024-11-05 05:00:00,2024-11-05,5,21.4,69,2.0,10.0,0.0,Clear
2024-11-05 06:00:00,2024-11-05,6,21.6,74,6.8,10.0,0.0,Clear
2024-11-05 07:00:00,2024-11-05,7,23.5,79,31.5,10.0,0.0,Sunny
2024-11-05 08:00:00,2024-11-05,8,25.6,75,9.5,10.0,0.0,Sunny
2024-11-05 09:00:00,2024-11-05,9,26.4,77,39.5,10.0,0.0,Sunny
2024-11-05 10:00:00,2024-11-05,10,26.5,82,3.3,10.0,0.0,Sunny
2024-11-05 11:00:00,2024-11-05,11,30.0,71,5.8,10.0,0.0,Hazy
2024-11-05 12:00:00,2024-11-05,12,30.6,63,15.7,10.0,0.0,Sunny
2024-11-05 13:00:00,2024-11-05,13,31.2,66,21.2,10.0,0.0,Sunny
2024-11-05 14:00:00,2024-11-05,14,31.3,67,13.4,10.0,0.0,Partly Cloudy
2024-11-05 15:00:00,2024-11-05,15,33.2,60,6.5,10.0,0.0,Partly Cloudy
2024-11-05 16:00:00,2024-11-05,16,32.9,52,38.6,10.0,0.0,Sunny
2024-11-05 17:00:00,2024-11-05,17,30.5,51,8.6,10.0,0.0,Partly Cloudy
2024-11-05 18:00:00,2024-11-05,18,29.3,46,6.3,10.0,0.0,Sunny
2024-11-05 19:00:00,2024-11-05,19,31.5,38,12.4,10.0,0.0,Clear
2024-11-05 20:00:00,2024-11-05,20,28.7,41,16.7,10.0,0.0,Clear
2024-11-05 21:00:00,2024-11-05,21,26.1,45,5.9,10.0,0.0,Clear
2024-11-05 22:00:00,2024-11-05,22,25.0,42,3.7,10.0,0.0,Clear
2024-11-05 23:00:00,2024-11-05,23,22.2,38,18.3,10.0,0.0,Clear
2024-11-06 00:00:00,2024-11-06,0,21.2,54,2.0,10.0,0.0,Clear
2024-11-06 01:00:00,2024-11-06,1,20.4,47,3.9,10.0,0.0,Clear
2024-11-06 02:00:00,2024-11-06,2,20.9,57,3.9,10.0,0.0,Clear
2024-11-06 03:00:00,2024-11-06,3,17.8,63,5.8,10.0,0.0,Clear
2024-11-06 04:00:00,2024-11-06,4,18.5,66,17.6,10.0,0.0,Clear
2024-11-06 05:00:00,2024-11-06,5,18.9,68,19.4,10.0,0.0,Clear
2024-11-06 06:00:00,2024-11-06,6,22.4,65,9.2,10.0,0.0,Clear
2024-11-06 07:00:00,2024-11-06,7,22.6,80,23.5,10.0,0.0,Sunny
2024-11-06 08:00:00,2024-11-06,8,23.2,73,28.9,10.0,0.0,Partly Cloudy
2024-11-06 09:00:00,2024-11-06,9,25.7,82,7.9,10.0,0.0,Sunny
2024-11-06 10:00:00,2024-11-06,10,26.9,82,14.5,10.0,0.0,Hazy
2024-11-06 11:00:00,2024-11-06,11,27.5,71,5.0,10.0,0.0,Hazy
2024-11-06 12:00:00,2024-11-06,12,32.1,68,2.0,10.0,0.0,Sunny
2024-11-06 13:00:00,2024-11-06,13,31.4,67,9.1,10.0,0.0,Partly Cloudy
2024-11-06 14:00:00,2024-11-06,14,33.8,68,10.9,10.0,0.0,Partly Cloudy
2024-11-06 15:00:00,2024-11-06,15,30.8,58,13.7,10.0,0.0,Sunny
2024-11-06 16:00:00,2024-11-06,16,32.9,56,9.0,10.0,0.0,Sunny
2024-11-06 17:00:00,2024-11-06,17,29.9,49,2.1,10.0,0.0,Partly Cloudy
2024-11-06 18:00:00,2024-11-06,18,33.5,50,6.8,10.0,0.0,Sunny
2024-11-06 19:00:00,2024-11-06,19,27.2,42,20.6,10.0,0.0,Clear
2024-11-06 20:00:00,2024-11-06,20,29.8,40,2.4,10.0,0.0,Clear
2024-11-06 21:00:00,2024-11-06,21,26.0,38,8.8,10.0,0.0,Clear
2024-11-06 22:00:00,2024-11-06,22,24.1,38,6.2,10.0,0.0,Clear
2024-11-06 23:00:00,2024-11-06,23,23.5,49,7.3,10.0,0.0,Clear
2024-11-07 00:00:00,2024-11-07,0,20.3,46,18.7,10.0,0.0,Clear
2024-11-07 01:00:00,2024-11-07,1,21.3,47,33.6,10.0,0.0,Clear
2024-11-07 02:00:00,2024-11-07,2,20.8,49,5.4,10.0,0.0,Clear
2024-11-07 03:00:00,2024-11-07,3,19.5,59,2.9,10.0,0.0,Clear
2024-11-07 04:00:00,2024-11-07,4,20.0,61,4.1,10.0,0.0,Clear
2024-11-07 05:00:00,2024-11-07,5,22.7,65,3.9,10.0,0.0,Clear
2024-11-07 06:00:00,2024-11-07,6,22.2,70,9.4,10.0,0.0,Clear
2024-11-07 07:00:00,2024-11-07,7,21.8,76,18.5,10.0,0.0,Sunny
2024-11-07 08:00:00,2024-11-07,8,25.2,73,6.8,10.0,0.0,Sunny
2024-11-07 09:00:00,2024-11-07,9,25.4,77,4.7,10.0,0.0,Sunny
2024-11-07 10:00:00,2024-11-07,10,26.8,81,18.9,10.0,0.0,Sunny
2024-11-07 11:00:00,2024-11-07,11,29.9,73,2.8,10.0,0.0,Sunny
2024-11-07 12:00:00,2024-11-07,12,29.4,68,9.6,10.0,0.0,Partly Cloudy
2024-11-07 13:00:00,2024-11-07,13,31.7,73,13.7,10.0,0.0,Hazy
2024-11-07 14:00:00,2024-11-07,14,33.1,64,3.5,10.0,0.0,Sunny
2024-11-07 15:00:00,2024-11-07,15,34.8,59,9.6,10.0,0.0,Partly Cloudy
2024-11-07 16:00:00,2024-11-07,16,33.0,57,18.7,10.0,0.0,Sunny
2024-11-07 17:00:00,2024-11-07,17,29.9,51,6.6,10.0,0.0,Partly Cloudy
2024-11-07 18:00:00,2024-11-07,18,29.0,48,14.0,10.0,0.0,Sunny
2024-11-07 19:00:00,2024-11-07,19,31.3,38,2.0,10.0,0.0,Clear
2024-11-07 20:00:00,2024-11-07,20,26.9,39,4.8,10.0,0.0,Clear
2024-11-07 21:00:00,2024-11-07,21,24.2,49,3.4,10.0,0.0,Clear
2024-11-07 22:00:00,2024-11-07,22,23.1,38,7.8,10.0,0.0,Clear
2024-11-07 23:00:00,2024-11-07,23,23.7,45,4.5,10.0,0.0,Clear
2024-11-08 00:00:00,2024-11-08,0,21.5,54,26.2,10.0,0.0,Clear
2024-11-08 01:00:00,2024-11-08,1,21.1,54,12.0,10.0,0.0,Clear
2024-11-08 02:00:00,2024-11-08,2,19.7,57,3.3,10.0,0.0,Clear
2024-11-08 03:00:00,2024-11-08,3,18.2,57,6.1,0.9,0.0,Fog
2024-11-08 04:00:00,2024-11-08,4,17.6,62,6.3,0.7,0.0,Fog
2024-11-08 05:00:00,2024-11-08,5,19.4,68,19.0,1.0,0.0,Fog
2024-11-08 06:00:00,2024-11-08,6,21.5,74,13.0,0.7,0.0,Fog
2024-11-08 07:00:00,2024-11-08,7,21.3,81,9.2,0.4,0.0,Fog
2024-11-08 08:00:00,2024-11-08,8,25.5,78,13.3,0.9,0.0,Fog
2024-11-08 09:00:00,2024-11-08,9,24.8,76,20.7,10.0,0.0,Partly Cloudy
2024-11-08 10:00:00,2024-11-08,10,25.7,77,37.6,10.0,0.0,Sunny
2024-11-08 11:00:00,2024-11-08,11,29.3,78,29.6,10.0,0.0,Sunny
2024-11-08 12:00:00,2024-11-08,12,31.5,74,10.3,10.0,0.0,Sunny
2024-11-08 13:00:00,2024-11-08,13,33.4,68,7.2,10.0,0.0,Partly Cloudy
2024-11-08 14:00:00,2024-11-08,14,30.3,60,11.9,10.0,0.0,Sunny
2024-11-08 15:00:00,2024-11-08,15,34.2,64,16.6,10.0,0.0,Sunny
2024-11-08 16:00:00,2024-11-08,16,32.5,54,5.5,10.0,0.0,Sunny
2024-11-08 17:00:00,2024-11-08,17,30.9,52,10.8,10.0,0.0,Sunny
2024-11-08 18:00:00,2024-11-08,18,31.4,45,12.2,10.0,0.0,Sunny
2024-11-08 19:00:00,2024-11-08,19,30.9,42,26.7,10.0,0.0,Clear
2024-11-08 20:00:00,2024-11-08,20,25.7,45,4.6,10.0,0.0,Clear
2024-11-08 21:00:00,2024-11-08,21,25.5,37,2.0,10.0,0.0,Clear
2024-11-08 22:00:00,2024-11-08,22,23.7,38,2.0,10.0,0.0,Clear
2024-11-08 23:00:00,2024-11-08,23,23.5,50,19.0,10.0,0.0,Clear
2024-11-09 00:00:00,2024-11-09,0,23.2,51,23.2,10.0,0.0,Clear
2024-11-09 01:00:00,2024-11-09,1,20.5,53,6.8,10.0,0.0,Clear
2024-11-09 02:00:00,2024-11-09,2,19.4,51,16.6,10.0,0.0,Clear
2024-11-09 03:00:00,2024-11-09,3,20.0,61,21.3,10.0,0.0,Clear
2024-11-09 04:00:00,2024-11-09,4,19.4,64,12.5,10.0,0.0,Clear
2024-11-09 05:00:00,2024-11-09,5,17.8,67,33.6,10.0,0.0,Clear
2024-11-09 06:00:00,2024-11-09,6,22.0,72,8.4,10.0,0.0,Clear
2024-11-09 07:00:00,2024-11-09,7,23.9,70,16.1,10.0,0.0,Sunny
2024-11-09 08:00:00,2024-11-09,8,25.6,69,2.0,10.0,0.0,Sunny
2024-11-09 09:00:00,2024-11-09,9,24.6,79,28.4,10.0,0.0,Hazy
2024-11-09 10:00:00,2024-11-09,10,28.4,78,11.2,10.0,0.0,Sunny
2024-11-09 11:00:00,2024-11-09,11,31.1,77,12.2,10.0,0.0,Partly Cloudy
2024-11-09 12:00:00,2024-11-09,12,33.6,76,16.4,10.0,0.0,Sunny
2024-11-09 13:00:00,2024-11-09,13,32.2,71,20.2,10.0,0.0,Sunny
2024-11-09 14:00:00,2024-11-09,14,33.5,71,9.3,10.0,0.0,Sunny
2024-11-09 15:00:00,2024-11-09,15,31.3,65,19.1,10.0,0.0,Sunny
2024-11-09 16:00:00,2024-11-09,16,30.9,56,8.0,10.0,0.0,Sunny
2024-11-09 17:00:00,2024-11-09,17,32.8,52,23.9,10.0,0.0,Partly Cloudy
2024-11-09 18:00:00,2024-11-09,18,28.2,48,17.0,10.0,0.0,Hazy
2024-11-09 19:00:00,2024-11-09,19,29.4,38,4.0,10.0,0.0,Clear
2024-11-09 20:00:00,2024-11-09,20,29.4,46,3.8,10.0,0.0,Clear
2024-11-09 21:00:00,2024-11-09,21,26.9,44,20.0,10.0,0.0,Clear
2024-11-09 22:00:00,2024-11-09,22,25.2,36,2.0,10.0,0.0,Clear
2024-11-09 23:00:00,2024-11-09,23,22.7,51,8.0,10.0,0.0,Clear
2024-11-10 00:00:00,2024-11-10,0,20.9,46,17.9,10.0,0.0,Clear
2024-11-10 01:00:00,2024-11-10,1,23.0,51,6.0,10.0,0.0,Clear
2024-11-10 02:00:00,2024-11-10,2,21.2,55,11.2,10.0,0.0,Clear
2024-11-10 03:00:00,2024-11-10,3,20.5,59,5.8,0.4,0.0,Fog
2024-11-10 04:00:00,2024-11-10,4,19.8,74,3.7,0.4,0.0,Fog
2024-11-10 05:00:00,2024-11-10,5,19.7,68,22.7,0.3,0.0,Fog
2024-11-10 06:00:00,2024-11-10,6,22.7,71,4.5,0.8,0.0,Fog
2024-11-10 07:00:00,2024-11-10,7,22.4,76,5.3,0.3,0.0,Fog
2024-11-10 08:00:00,2024-11-10,8,24.4,74,7.6,1.2,0.0,Fog
2024-11-10 09:00:00,2024-11-10,9,26.7,79,7.9,10.0,0.0,Sunny
2024-11-10 10:00:00,2024-11-10,10,27.9,74,8.6,10.0,0.0,Partly Cloudy
2024-11-10 11:00:00,2024-11-10,11,31.1,78,21.9,10.0,0.0,Sunny
2024-11-10 12:00:00,2024-11-10,12,29.0,69,11.7,10.0,0.0,Sunny
2024-11-10 13:00:00,2024-11-10,13,31.7,67,6.5,10.0,0.0,Sunny
2024-11-10 14:00:00,2024-11-10,14,34.8,61,8.5,10.0,0.0,Sunny
2024-11-10 15:00:00,2024-11-10,15,33.6,58,14.6,10.0,0.0,Sunny
2024-11-10 16:00:00,2024-11-10,16,32.0,48,2.0,10.0,0.0,Sunny
2024-11-10 17:00:00,2024-11-10,17,32.6,41,7.8,10.0,0.0,Sunny
2024-11-10 18:00:00,2024-11-10,18,30.5,46,25.2,10.0,0.0,Sunny
2024-11-10 19:00:00,2024-11-10,19,31.0,38,9.6,10.0,0.0,Clear
2024-11-10 20:00:00,2024-11-10,20,28.7,50,10.6,10.0,0.0,Clear
2024-11-10 21:00:00,2024-11-10,21,25.0,41,8.4,10.0,0.0,Clear
2024-11-10 22:00:00,2024-11-10,22,24.6,45,22.1,10.0,0.0,Clear
2024-11-10 23:00:00,2024-11-10,23,23.3,46,27.2,10.0,0.0,Clear
2024-11-11 00:00:00,2024-11-11,0,22.0,43,2.0,10.0,0.0,Clear
2024-11-11 01:00:00,2024-11-11,1,20.8,49,31.8,10.0,0.0,Clear
2024-11-11 02:00:00,2024-11-11,2,20.4,58,2.9,10.0,0.0,Clear
2024-11-11 03:00:00,2024-11-11,3,20.0,63,18.2,10.0,0.0,Clear
2024-11-11 04:00:00,2024-11-11,4,18.9,68,18.4,10.0,0.0,Clear
2024-11-11 05:00:00,2024-11-11,5,19.8,66,3.6,10.0,0.0,Clear
2024-11-11 06:00:00,2024-11-11,6,21.1,75,7.9,10.0,0.0,Clear
2024-11-11 07:00:00,2024-11-11,7,22.9,73,11.7,10.0,0.0,Sunny
2024-11-11 08:00:00,2024-11-11,8,24.0,81,32.8,10.0,0.0,Sunny
2024-11-11 09:00:00,2024-11-11,9,27.3,82,11.2,10.0,0.0,Sunny
2024-11-11 10:00:00,2024-11-11,10,26.5,72,12.6,10.0,0.0,Sunny
2024-11-11 11:00:00,2024-11-11,11,27.2,77,20.9,10.0,0.0,Partly Cloudy
2024-11-11 12:00:00,2024-11-11,12,33.0,68,5.8,10.0,0.0,Sunny
2024-11-11 13:00:00,2024-11-11,13,30.6,72,5.1,10.0,0.0,Sunny
2024-11-11 14:00:00,2024-11-11,14,33.6,60,16.2,10.0,0.0,Partly Cloudy
2024-11-11 15:00:00,2024-11-11,15,33.2,61,13.4,10.0,0.0,Sunny
2024-11-11 16:00:00,2024-11-11,16,31.3,58,7.7,10.0,0.0,Sunny
2024-11-11 17:00:00,2024-11-11,17,31.5,51,20.4,10.0,0.0,Sunny
2024-11-11 18:00:00,2024-11-11,18,30.3,51,27.7,10.0,0.0,Sunny
2024-11-11 19:00:00,2024-11-11,19,29.7,46,20.1,10.0,0.0,Clear
2024-11-11 20:00:00,2024-11-11,20,26.8,49,7.3,10.0,0.0,Clear
2024-11-11 21:00:00,2024-11-11,21,25.8,38,10.7,10.0,0.0,Clear
2024-11-11 22:00:00,2024-11-11,22,24.3,41,5.9,10.0,0.0,Clear
2024-11-11 23:00:00,2024-11-11,23,24.1,37,25.4,10.0,0.0,Clear
2024-11-12 00:00:00,2024-11-12,0,20.9,46,10.4,10.0,0.0,Clear
2024-11-12 01:00:00,2024-11-12,1,19.2,46,2.2,10.0,0.0,Clear
2024-11-12 02:00:00,2024-11-12,2,19.1,50,15.8,10.0,0.0,Clear
2024-11-12 03:00:00,2024-11-12,3,19.9,54,10.8,0.5,0.0,Fog
2024-11-12 04:00:00,2024-11-12,4,17.6,63,9.5,0.7,0.0,Fog
2024-11-12 05:00:00,2024-11-12,5,21.8,70,2.4,1.0,0.0,Fog
2024-11-12 06:00:00,2024-11-12,6,21.4,75,5.7,0.8,0.0,Fog
2024-11-12 07:00:00,2024-11-12,7,23.3,80,11.4,1.2,0.0,Fog
2024-11-12 08:00:00,2024-11-12,8,24.6,81,17.9,0.6,0.0,Fog
2024-11-12 09:00:00,2024-11-12,9,25.2,73,14.1,10.0,0.0,Sunny
2024-11-12 10:00:00,2024-11-12,10,26.4,74,5.0,10.0,0.0,Sunny
2024-11-12 11:00:00,2024-11-12,11,28.4,76,6.7,10.0,0.0,Partly Cloudy
2024-11-12 12:00:00,2024-11-12,12,28.8,74,4.5,10.0,0.0,Hazy
2024-11-12 13:00:00,2024-11-12,13,32.0,75,8.3,10.0,0.0,Sunny
2024-11-12 14:00:00,2024-11-12,14,32.1,64,17.5,10.0,0.0,Sunny
2024-11-12 15:00:00,2024-11-12,15,30.7,63,6.9,10.0,0.0,Sunny
2024-11-12 16:00:00,2024-11-12,16,31.5,55,8.1,10.0,0.0,Sunny
2024-11-12 17:00:00,2024-11-12,17,32.4,52,9.8,10.0,0.0,Sunny
2024-11-12 18:00:00,2024-11-12,18,32.1,49,2.9,10.0,0.0,Sunny
2024-11-12 19:00:00,2024-11-12,19,27.7,44,11.8,10.0,0.0,Clear
2024-11-12 20:00:00,2024-11-12,20,30.3,39,10.9,10.0,0.0,Clear
2024-11-12 21:00:00,2024-11-12,21,24.8,43,11.2,10.0,0.0,Clear
2024-11-12 22:00:00,2024-11-12,22,22.3,45,4.5,10.0,0.0,Clear
2024-11-12 23:00:00,2024-11-12,23,24.9,45,31.2,10.0,0.0,Clear
2024-11-13 00:00:00,2024-11-13,0,20.2,36,32.5,10.0,0.0,Clear
2024-11-13 01:00:00,2024-11-13,1,22.2,50,8.0,10.0,0.0,Clear
2024-11-13 02:00:00,2024-11-13,2,18.9,58,2.0,10.0,0.0,Clear
2024-11-13 03:00:00,2024-11-13,3,19.1,56,2.0,1.1,0.0,Fog
2024-11-13 04:00:00,2024-11-13,4,18.2,69,4.0,0.8,0.0,Fog
2024-11-13 05:00:00,2024-11-13,5,21.9,67,4.2,0.7,0.0,Fog
2024-11-13 06:00:00,2024-11-13,6,22.8,71,8.6,0.7,0.0,Fog
2024-11-13 07:00:00,2024-11-13,7,22.0,76,5.7,0.4,0.0,Fog
2024-11-13 08:00:00,2024-11-13,8,24.2,74,6.8,0.6,0.0,Fog
2024-11-13 09:00:00,2024-11-13,9,26.8,82,20.5,10.0,0.0,Sunny
2024-11-13 10:00:00,2024-11-13,10,27.1,82,6.3,10.0,0.0,Partly Cloudy
2024-11-13 11:00:00,2024-11-13,11,30.9,71,25.5,10.0,0.0,Partly Cloudy
2024-11-13 12:00:00,2024-11-13,12,30.5,72,10.0,10.0,0.0,Partly Cloudy
2024-11-13 13:00:00,2024-11-13,13,31.0,77,10.6,10.0,0.0,Hazy
2024-11-13 14:00:00,2024-11-13,14,30.4,69,18.1,10.0,0.0,Sunny
2024-11-13 15:00:00,2024-11-13,15,30.9,54,20.5,10.0,0.0,Partly Cloudy
2024-11-13 16:00:00,2024-11-13,16,33.0,60,13.8,10.0,0.0,Partly Cloudy
2024-11-13 17:00:00,2024-11-13,17,31.9,37,10.0,10.0,0.0,Sunny
2024-11-13 18:00:00,2024-11-13,18,31.6,50,7.0,10.0,0.0,Sunny
2024-11-13 19:00:00,2024-11-13,19,28.6,41,2.0,10.0,0.0,Clear
2024-11-13 20:00:00,2024-11-13,20,25.7,44,19.1,10.0,0.0,Clear
2024-11-13 21:00:00,2024-11-13,21,25.4,43,15.6,10.0,0.0,Clear
2024-11-13 22:00:00,2024-11-13,22,26.8,43,6.8,10.0,0.0,Clear
2024-11-13 23:00:00,2024-11-13,23,21.6,47,6.4,10.0,0.0,Clear
2024-11-14 00:00:00,2024-11-14,0,21.4,45,21.1,10.0,0.0,Clear
2024-11-14 01:00:00,2024-11-14,1,17.5,49,2.0,10.0,0.0,Clear
2024-11-14 02:00:00,2024-11-14,2,19.1,59,10.1,10.0,0.0,Clear
2024-11-14 03:00:00,2024-11-14,3,19.0,60,8.8,10.0,0.0,Clear
2024-11-14 04:00:00,2024-11-14,4,20.1,62,19.1,10.0,0.0,Clear
2024-11-14 05:00:00,2024-11-14,5,20.0,68,15.4,10.0,0.0,Clear
2024-11-14 06:00:00,2024-11-14,6,19.6,72,3.6,10.0,0.0,Clear
2024-11-14 07:00:00,2024-11-14,7,22.0,74,6.2,10.0,0.0,Partly Cloudy
2024-11-14 08:00:00,2024-11-14,8,24.1,79,11.1,10.0,0.0,Sunny
2024-11-14 09:00:00,2024-11-14,9,24.8,75,6.4,10.0,0.0,Sunny
2024-11-14 10:00:00,2024-11-14,10,26.7,83,3.1,10.0,0.0,Partly Cloudy
2024-11-14 11:00:00,2024-11-14,11,30.5,76,4.1,10.0,0.0,Sunny
2024-11-14 12:00:00,2024-11-14,12,29.8,65,28.3,10.0,0.0,Sunny
2024-11-14 13:00:00,2024-11-14,13,32.2,70,7.0,10.0,0.0,Partly Cloudy
2024-11-14 14:00:00,2024-11-14,14,32.1,61,12.9,10.0,0.0,Sunny
2024-11-14 15:00:00,2024-11-14,15,31.0,60,2.0,10.0,0.0,Sunny
2024-11-14 16:00:00,2024-11-14,16,31.9,55,17.5,10.0,0.0,Sunny
2024-11-14 17:00:00,2024-11-14,17,32.0,54,13.4,10.0,0.0,Sunny
2024-11-14 18:00:00,2024-11-14,18,32.7,50,18.5,10.0,0.0,Partly Cloudy
2024-11-14 19:00:00,2024-11-14,19,28.3,45,2.8,10.0,0.0,Clear
2024-11-14 20:00:00,2024-11-14,20,27.6,50,32.3,10.0,0.0,Clear
2024-11-14 21:00:00,2024-11-14,21,27.1,39,22.4,10.0,0.0,Clear
2024-11-14 22:00:00,2024-11-14,22,25.8,48,2.7,10.0,0.0,Clear
2024-11-14 23:00:00,2024-11-14,23,22.0,50,6.2,10.0,0.0,Clear
2024-11-15 00:00:00,2024-11-15,0,21.2,49,13.4,10.0,0.0,Clear
2024-11-15 01:00:00,2024-11-15,1,21.7,53,2.9,10.0,0.0,Clear
2024-11-15 02:00:00,2024-11-15,2,20.3,59,27.4,10.0,0.0,Clear
2024-11-15 03:00:00,2024-11-15,3,20.7,59,16.7,10.0,0.0,Clear
2024-11-15 04:00:00,2024-11-15,4,21.1,63,6.3,10.0,0.0,Clear
2024-11-15 05:00:00,2024-11-15,5,21.0,67,15.3,10.0,0.0,Clear
2024-11-15 06:00:00,2024-11-15,6,21.6,74,6.6,10.0,0.0,Clear
2024-11-15 07:00:00,2024-11-15,7,21.9,74,28.6,10.0,0.0,Partly Cloudy
2024-11-15 08:00:00,2024-11-15,8,24.0,74,11.0,10.0,0.0,Sunny
2024-11-15 09:00:00,2024-11-15,9,25.8,74,12.9,10.0,0.0,Sunny
2024-11-15 10:00:00,2024-11-15,10,29.1,73,4.1,10.0,0.0,Sunny
2024-11-15 11:00:00,2024-11-15,11,29.5,73,7.5,10.0,0.0,Sunny
2024-11-15 12:00:00,2024-11-15,12,30.8,70,20.9,10.0,0.0,Partly Cloudy
2024-11-15 13:00:00,2024-11-15,13,30.4,69,8.0,10.0,0.0,Hazy
2024-11-15 14:00:00,2024-11-15,14,33.7,62,3.8,10.0,0.0,Sunny
2024-11-15 15:00:00,2024-11-15,15,31.6,62,2.7,10.0,0.0,Sunny
2024-11-15 16:00:00,2024-11-15,16,31.9,63,11.9,10.0,0.0,Sunny
2024-11-15 17:00:00,2024-11-15,17,33.2,56,2.0,10.0,0.0,Sunny
2024-11-15 18:00:00,2024-11-15,18,31.7,43,2.0,10.0,0.0,Sunny
2024-11-15 19:00:00,2024-11-15,19,28.2,43,12.3,10.0,0.0,Clear
2024-11-15 20:00:00,2024-11-15,20,26.4,38,2.0,10.0,0.0,Clear
2024-11-15 21:00:00,2024-11-15,21,25.8,43,11.0,10.0,0.0,Clear
2024-11-15 22:00:00,2024-11-15,22,23.6,44,9.8,10.0,0.0,Clear
2024-11-15 23:00:00,2024-11-15,23,21.0,45,6.2,10.0,0.0,Clear
2024-11-16 00:00:00,2024-11-16,0,20.5,43,9.4,10.0,0.0,Clear
2024-11-16 01:00:00,2024-11-16,1,17.1,48,14.4,10.0,0.0,Clear
2024-11-16 02:00:00,2024-11-16,2,20.8,59,24.6,10.0,0.0,Clear
2024-11-16 03:00:00,2024-11-16,3,20.5,62,8.3,10.0,0.0,Clear
2024-11-16 04:00:00,2024-11-16,4,21.4,61,11.2,10.0,0.0,Clear
2024-11-16 05:00:00,2024-11-16,5,20.8,64,3.6,10.0,0.0,Clear
2024-11-16 06:00:00,2024-11-16,6,20.9,72,11.0,10.0,0.0,Clear
2024-11-16 07:00:00,2024-11-16,7,24.0,75,8.6,10.0,0.0,Sunny
2024-11-16 08:00:00,2024-11-16,8,23.5,72,13.3,10.0,0.0,Sunny
2024-11-16 09:00:00,2024-11-16,9,24.4,77,3.3,10.0,0.0,Sunny
2024-11-16 10:00:00,2024-11-16,10,27.5,75,33.7,10.0,0.0,Sunny
2024-11-16 11:00:00,2024-11-16,11,29.7,73,6.8,10.0,0.0,Sunny
2024-11-16 12:00:00,2024-11-16,12,29.6,71,11.8,10.0,0.0,Sunny
2024-11-16 13:00:00,2024-11-16,13,30.4,70,2.0,10.0,0.0,Partly Cloudy
2024-11-16 14:00:00,2024-11-16,14,31.8,65,9.9,10.0,0.0,Sunny
2024-11-16 15:00:00,2024-11-16,15,33.0,65,12.2,10.0,0.0,Sunny
2024-11-16 16:00:00,2024-11-16,16,32.1,56,19.6,10.0,0.0,Sunny
2024-11-16 17:00:00,2024-11-16,17,34.8,54,13.1,10.0,0.0,Sunny
2024-11-16 18:00:00,2024-11-16,18,30.4,42,26.4,10.0,0.0,Hazy
2024-11-16 19:00:00,2024-11-16,19,30.2,45,20.6,10.0,0.0,Clear
2024-11-16 20:00:00,2024-11-16,20,25.9,41,2.5,10.0,0.0,Clear
2024-11-16 21:00:00,2024-11-16,21,26.7,45,27.1,10.0,0.0,Clear
2024-11-16 22:00:00,2024-11-16,22,23.8,44,7.6,10.0,0.0,Clear
2024-11-16 23:00:00,2024-11-16,23,22.7,51,9.5,10.0,0.0,Clear
2024-11-17 00:00:00,2024-11-17,0,23.4,44,2.1,10.0,0.0,Clear
2024-11-17 01:00:00,2024-11-17,1,19.9,48,18.8,10.0,0.0,Clear
2024-11-17 02:00:00,2024-11-17,2,18.2,57,8.2,10.0,0.0,Clear
2024-11-17 03:00:00,2024-11-17,3,18.1,59,8.7,10.0,0.0,Clear
2024-11-17 04:00:00,2024-11-17,4,19.9,61,10.3,10.0,0.0,Clear
2024-11-17 05:00:00,2024-11-17,5,20.5,70,17.0,10.0,0.0,Clear
2024-11-17 06:00:00,2024-11-17,6,21.5,71,25.0,10.0,0.0,Clear
2024-11-17 07:00:00,2024-11-17,7,21.2,77,2.0,10.0,0.0,Sunny
2024-11-17 08:00:00,2024-11-17,8,26.7,71,7.3,10.0,0.0,Sunny
2024-11-17 09:00:00,2024-11-17,9,27.8,77,4.2,10.0,0.0,Sunny
2024-11-17 10:00:00,2024-11-17,10,27.8,78,19.4,10.0,0.0,Sunny
2024-11-17 11:00:00,2024-11-17,11,27.4,76,15.9,10.0,0.0,Sunny
2024-11-17 12:00:00,2024-11-17,12,32.5,76,13.1,10.0,0.0,Sunny
2024-11-17 13:00:00,2024-11-17,13,33.0,68,8.9,10.0,0.0,Sunny
2024-11-17 14:00:00,2024-11-17,14,32.4,66,17.1,10.0,0.0,Sunny
2024-11-17 15:00:00,2024-11-17,15,33.9,60,11.1,10.0,0.0,Sunny
2024-11-17 16:00:00,2024-11-17,16,31.7,58,14.3,10.0,0.0,Sunny
2024-11-17 17:00:00,2024-11-17,17,30.5,45,23.2,10.0,0.0,Sunny
2024-11-17 18:00:00,2024-11-17,18,30.8,37,14.4,10.0,0.0,Sunny
2024-11-17 19:00:00,2024-11-17,19,27.4,49,8.6,10.0,0.0,Clear
2024-11-17 20:00:00,2024-11-17,20,26.4,40,5.2,10.0,0.0,Clear
2024-11-17 21:00:00,2024-11-17,21,26.7,35,5.1,10.0,0.0,Clear
2024-11-17 22:00:00,2024-11-17,22,24.6,42,6.6,10.0,0.0,Clear
2024-11-17 23:00:00,2024-11-17,23,21.1,42,12.8,10.0,0.0,Clear
2024-11-18 00:00:00,2024-11-18,0,20.9,49,24.7,10.0,0.0,Clear
2024-11-18 01:00:00,2024-11-18,1,18.8,53,4.6,10.0,0.0,Clear
2024-11-18 02:00:00,2024-11-18,2,19.1,54,22.5,10.0,0.0,Clear
2024-11-18 03:00:00,2024-11-18,3,18.8,64,6.1,10.0,0.0,Clear
2024-11-18 04:00:00,2024-11-18,4,20.9,60,25.0,10.0,0.0,Clear
2024-11-18 05:00:00,2024-11-18,5,20.2,60,6.1,10.0,0.0,Clear
2024-11-18 06:00:00,2024-11-18,6,21.1,73,5.6,10.0,0.0,Clear
2024-11-18 07:00:00,2024-11-18,7,22.3,75,2.2,10.0,0.0,Sunny
2024-11-18 08:00:00,2024-11-18,8,22.3,70,7.3,10.0,0.0,Partly Cloudy
2024-11-18 09:00:00,2024-11-18,9,25.9,80,6.5,10.0,0.0,Partly Cloudy
2024-11-18 10:00:00,2024-11-18,10,28.3,71,14.4,10.0,0.0,Partly Cloudy
2024-11-18 11:00:00,2024-11-18,11,29.5,75,4.8,10.0,0.0,Sunny
2024-11-18 12:00:00,2024-11-18,12,31.4,76,11.3,10.0,0.0,Sunny
2024-11-18 13:00:00,2024-11-18,13,32.5,70,6.5,10.0,0.0,Sunny
2024-11-18 14:00:00,2024-11-18,14,34.9,65,18.0,10.0,0.0,Partly Cloudy
2024-11-18 15:00:00,2024-11-18,15,31.1,58,16.3,10.0,0.0,Partly Cloudy
2024-11-18 16:00:00,2024-11-18,16,32.6,56,15.2,10.0,0.0,Sunny
2024-11-18 17:00:00,2024-11-18,17,32.0,53,2.0,10.0,0.0,Partly Cloudy
2024-11-18 18:00:00,2024-11-18,18,30.2,45,4.7,10.0,0.0,Sunny
2024-11-18 19:00:00,2024-11-18,19,28.5,40,19.0,10.0,0.0,Clear
2024-11-18 20:00:00,2024-11-18,20,28.3,46,5.8,10.0,0.0,Clear
2024-11-18 21:00:00,2024-11-18,21,26.5,49,17.8,10.0,0.0,Clear
2024-11-18 22:00:00,2024-11-18,22,23.1,49,2.5,10.0,0.0,Clear
2024-11-18 23:00:00,2024-11-18,23,20.6,34,13.9,10.0,0.0,Clear
2024-11-19 00:00:00,2024-11-19,0,20.8,52,12.7,10.0,0.0,Clear
2024-11-19 01:00:00,2024-11-19,1,19.6,48,13.0,10.0,0.0,Clear
2024-11-19 02:00:00,2024-11-19,2,20.4,63,26.8,10.0,0.0,Clear
2024-11-19 03:00:00,2024-11-19,3,18.4,56,4.1,10.0,0.0,Clear
2024-11-19 04:00:00,2024-11-19,4,19.5,60,18.0,10.0,0.0,Clear
2024-11-19 05:00:00,2024-11-19,5,18.3,69,11.3,10.0,0.0,Clear
2024-11-19 06:00:00,2024-11-19,6,19.5,71,31.1,10.0,0.0,Clear
2024-11-19 07:00:00,2024-11-19,7,21.8,74,6.9,10.0,0.0,Sunny
2024-11-19 08:00:00,2024-11-19,8,24.0,81,20.7,10.0,0.0,Partly Cloudy
2024-11-19 09:00:00,2024-11-19,9,25.0,83,28.9,10.0,0.0,Hazy
2024-11-19 10:00:00,2024-11-19,10,27.9,74,4.4,10.0,0.0,Partly Cloudy
2024-11-19 11:00:00,2024-11-19,11,27.2,82,6.4,10.0,0.0,Sunny
2024-11-19 12:00:00,2024-11-19,12,30.3,68,18.1,10.0,0.0,Sunny
2024-11-19 13:00:00,2024-11-19,13,31.4,67,14.6,10.0,0.0,Sunny
2024-11-19 14:00:00,2024-11-19,14,30.5,75,8.4,10.0,0.0,Sunny
2024-11-19 15:00:00,2024-11-19,15,32.8,61,11.8,10.0,0.0,Sunny
2024-11-19 16:00:00,2024-11-19,16,29.7,53,8.2,10.0,0.0,Sunny
2024-11-19 17:00:00,2024-11-19,17,30.8,52,8.4,10.0,0.0,Sunny
2024-11-19 18:00:00,2024-11-19,18,31.5,50,5.8,10.0,0.0,Partly Cloudy
2024-11-19 19:00:00,2024-11-19,19,26.6,46,15.7,10.0,0.0,Clear
2024-11-19 20:00:00,2024-11-19,20,28.5,48,6.3,10.0,0.0,Clear
2024-11-19 21:00:00,2024-11-19,21,24.6,39,2.2,10.0,0.0,Clear
2024-11-19 22:00:00,2024-11-19,22,23.6,40,10.2,10.0,0.0,Clear
2024-11-19 23:00:00,2024-11-19,23,24.4,41,12.9,10.0,0.0,Clear
2024-11-20 00:00:00,2024-11-20,0,20.7,44,3.7,10.0,0.0,Clear
2024-11-20 01:00:00,2024-11-20,1,22.3,51,11.5,10.0,0.0,Clear
2024-11-20 02:00:00,2024-11-20,2,19.4,51,3.6,10.0,0.0,Clear
2024-11-20 03:00:00,2024-11-20,3,19.4,61,5.0,1.1,0.0,Fog
2024-11-20 04:00:00,2024-11-20,4,20.7,67,5.5,0.5,0.0,Fog
2024-11-20 05:00:00,2024-11-20,5,21.0,64,15.1,0.7,0.0,Fog
2024-11-20 06:00:00,2024-11-20,6,21.6,70,4.0,0.3,0.0,Fog
2024-11-20 07:00:00,2024-11-20,7,22.2,74,20.1,0.3,0.0,Fog
2024-11-20 08:00:00,2024-11-20,8,22.5,77,21.9,1.0,0.0,Fog
2024-11-20 09:00:00,2024-11-20,9,24.2,77,5.0,10.0,0.0,Sunny
2024-11-20 10:00:00,2024-11-20,10,29.3,81,14.6,10.0,0.0,Partly Cloudy
2024-11-20 11:00:00,2024-11-20,11,31.3,80,12.9,10.0,0.0,Sunny
2024-11-20 12:00:00,2024-11-20,12,30.8,69,12.2,10.0,0.0,Sunny
2024-11-20 13:00:00,2024-11-20,13,29.5,72,22.8,10.0,0.0,Sunny
2024-11-20 14:00:00,2024-11-20,14,31.4,70,7.7,10.0,0.0,Sunny
2024-11-20 15:00:00,2024-11-20,15,31.5,65,11.5,10.0,0.0,Partly Cloudy
2024-11-20 16:00:00,2024-11-20,16,31.6,56,13.9,10.0,0.0,Sunny
2024-11-20 17:00:00,2024-11-20,17,30.6,51,2.0,10.0,0.0,Partly Cloudy
2024-11-20 18:00:00,2024-11-20,18,31.2,42,17.1,10.0,0.0,Hazy
2024-11-20 19:00:00,2024-11-20,19,29.5,43,30.1,10.0,0.0,Clear
2024-11-20 20:00:00,2024-11-20,20,29.6,37,2.0,10.0,0.0,Clear
2024-11-20 21:00:00,2024-11-20,21,25.5,47,12.0,10.0,0.0,Clear
2024-11-20 22:00:00,2024-11-20,22,24.6,42,8.7,10.0,0.0,Clear
2024-11-20 23:00:00,2024-11-20,23,23.6,44,12.9,10.0,0.0,Clear
2024-11-21 00:00:00,2024-11-21,0,22.6,45,17.1,10.0,0.0,Clear
2024-11-21 01:00:00,2024-11-21,1,18.9,45,5.9,10.0,0.0,Clear
2024-11-21 02:00:00,2024-11-21,2,20.2,58,13.1,10.0,0.0,Clear
2024-11-21 03:00:00,2024-11-21,3,19.7,62,22.8,10.0,0.0,Clear
2024-11-21 04:00:00,2024-11-21,4,20.1,68,18.8,10.0,0.0,Clear
2024-11-21 05:00:00,2024-11-21,5,20.4,62,16.0,10.0,0.0,Clear
2024-11-21 06:00:00,2024-11-21,6,23.5,78,7.9,10.0,0.0,Clear
2024-11-21 07:00:00,2024-11-21,7,21.7,75,7.1,10.0,0.0,Sunny
2024-11-21 08:00:00,2024-11-21,8,23.2,80,12.2,10.0,0.0,Sunny
2024-11-21 09:00:00,2024-11-21,9,25.0,67,12.3,10.0,0.0,Hazy
2024-11-21 10:00:00,2024-11-21,10,27.3,79,19.0,10.0,0.0,Hazy
2024-11-21 11:00:00,2024-11-21,11,29.6,75,12.0,10.0,0.0,Sunny
2024-11-21 12:00:00,2024-11-21,12,30.0,72,17.1,10.0,0.0,Sunny
2024-11-21 13:00:00,2024-11-21,13,32.8,69,2.2,10.0,0.0,Sunny
2024-11-21 14:00:00,2024-11-21,14,32.3,62,15.6,10.0,0.0,Sunny
2024-11-21 15:00:00,2024-11-21,15,32.4,54,16.0,10.0,0.0,Sunny
2024-11-21 16:00:00,2024-11-21,16,30.7,50,21.9,10.0,0.0,Partly Cloudy
2024-11-21 17:00:00,2024-11-21,17,33.8,51,2.0,10.0,0.0,Sunny
2024-11-21 18:00:00,2024-11-21,18,30.5,53,26.1,10.0,0.0,Partly Cloudy
2024-11-21 19:00:00,2024-11-21,19,31.2,49,9.3,10.0,0.0,Clear
2024-11-21 20:00:00,2024-11-21,20,26.9,44,7.4,10.0,0.0,Clear
2024-11-21 21:00:00,2024-11-21,21,27.0,40,17.9,10.0,0.0,Clear
2024-11-21 22:00:00,2024-11-21,22,23.6,51,8.4,10.0,0.0,Clear
2024-11-21 23:00:00,2024-11-21,23,24.9,47,13.9,10.0,0.0,Clear
2024-11-22 00:00:00,2024-11-22,0,22.7,50,14.1,10.0,0.0,Clear
2024-11-22 01:00:00,2024-11-22,1,21.4,46,43.2,10.0,0.0,Clear
2024-11-22 02:00:00,2024-11-22,2,18.9,56,39.4,10.0,0.0,Clear
2024-11-22 03:00:00,2024-11-22,3,21.8,55,20.8,10.0,0.0,Clear
2024-11-22 04:00:00,2024-11-22,4,22.2,73,5.5,10.0,0.0,Clear
2024-11-22 05:00:00,2024-11-22,5,19.9,66,14.6,10.0,0.0,Clear
2024-11-22 06:00:00,2024-11-22,6,21.6,70,4.2,10.0,0.0,Clear
2024-11-22 07:00:00,2024-11-22,7,23.9,73,10.2,10.0,0.0,Sunny
2024-11-22 08:00:00,2024-11-22,8,22.0,76,8.2,10.0,0.0,Sunny
2024-11-22 09:00:00,2024-11-22,9,27.4,81,31.5,10.0,0.0,Sunny
2024-11-22 10:00:00,2024-11-22,10,28.9,77,9.1,10.0,0.0,Sunny
2024-11-22 11:00:00,2024-11-22,11,28.6,76,19.6,10.0,0.0,Sunny
2024-11-22 12:00:00,2024-11-22,12,28.0,76,11.3,10.0,0.0,Sunny
2024-11-22 13:00:00,2024-11-22,13,32.0,63,19.8,10.0,0.0,Partly Cloudy
2024-11-22 14:00:00,2024-11-22,14,30.9,68,2.0,10.0,0.0,Sunny
2024-11-22 15:00:00,2024-11-22,15,30.6,61,9.7,10.0,0.0,Sunny
2024-11-22 16:00:00,2024-11-22,16,32.7,53,19.4,10.0,0.0,Sunny
2024-11-22 17:00:00,2024-11-22,17,33.2,52,19.6,10.0,0.0,Sunny
2024-11-22 18:00:00,2024-11-22,18,30.3,48,16.6,10.0,0.0,Sunny
2024-11-22 19:00:00,2024-11-22,19,30.7,34,7.3,10.0,0.0,Clear
2024-11-22 20:00:00,2024-11-22,20,28.5,48,16.8,10.0,0.0,Clear
2024-11-22 21:00:00,2024-11-22,21,24.4,47,15.2,10.0,0.0,Clear
2024-11-22 22:00:00,2024-11-22,22,23.7,37,11.9,10.0,0.0,Clear
2024-11-22 23:00:00,2024-11-22,23,24.0,41,18.5,10.0,0.0,Clear
2024-11-23 00:00:00,2024-11-23,0,20.7,53,4.9,10.0,0.0,Clear
2024-11-23 01:00:00,2024-11-23,1,21.4,54,9.7,10.0,0.0,Clear
2024-11-23 02:00:00,2024-11-23,2,19.2,57,2.7,10.0,0.0,Clear
2024-11-23 03:00:00,2024-11-23,3,20.4,62,3.2,10.0,0.0,Clear
2024-11-23 04:00:00,2024-11-23,4,20.2,66,5.3,10.0,0.0,Clear
2024-11-23 05:00:00,2024-11-23,5,20.1,65,28.7,10.0,0.0,Clear
2024-11-23 06:00:00,2024-11-23,6,22.2,70,19.3,10.0,0.0,Clear
2024-11-23 07:00:00,2024-11-23,7,20.2,80,6.2,10.0,0.0,Hazy
2024-11-23 08:00:00,2024-11-23,8,23.0,80,8.5,10.0,0.0,Sunny
2024-11-23 09:00:00,2024-11-23,9,25.4,79,7.6,10.0,0.0,Sunny
2024-11-23 10:00:00,2024-11-23,10,29.1,75,15.2,10.0,0.0,Sunny
2024-11-23 11:00:00,2024-11-23,11,27.5,80,5.1,10.0,0.0,Sunny
2024-11-23 12:00:00,2024-11-23,12,30.6,69,31.8,10.0,0.0,Partly Cloudy
2024-11-23 13:00:00,2024-11-23,13,32.0,75,33.1,10.0,0.0,Partly Cloudy
2024-11-23 14:00:00,2024-11-23,14,32.6,62,13.3,10.0,0.0,Sunny
2024-11-23 15:00:00,2024-11-23,15,32.4,57,7.8,10.0,0.0,Partly Cloudy
2024-11-23 16:00:00,2024-11-23,16,31.5,55,23.8,10.0,0.0,Sunny
2024-11-23 17:00:00,2024-11-23,17,31.3,52,18.6,10.0,0.0,Partly Cloudy
2024-11-23 18:00:00,2024-11-23,18,31.8,48,4.5,10.0,0.0,Partly Cloudy
2024-11-23 19:00:00,2024-11-23,19,28.4,39,10.4,10.0,0.0,Clear
2024-11-23 20:00:00,2024-11-23,20,25.1,44,10.0,10.0,0.0,Clear
2024-11-23 21:00:00,2024-11-23,21,26.6,46,2.0,10.0,0.0,Clear
2024-11-23 22:00:00,2024-11-23,22,26.1,42,17.6,10.0,0.0,Clear
2024-11-23 23:00:00,2024-11-23,23,21.5,38,8.1,10.0,0.0,Clear
2024-11-24 00:00:00,2024-11-24,0,23.0,46,12.9,10.0,0.0,Clear
2024-11-24 01:00:00,2024-11-24,1,21.0,46,22.5,10.0,0.0,Clear
2024-11-24 02:00:00,2024-11-24,2,18.3,48,11.6,10.0,0.0,Clear
2024-11-24 03:00:00,2024-11-24,3,18.7,58,18.3,10.0,0.0,Clear
2024-11-24 04:00:00,2024-11-24,4,18.8,71,9.7,10.0,0.0,Clear
2024-11-24 05:00:00,2024-11-24,5,20.6,69,2.5,10.0,0.0,Clear
2024-11-24 06:00:00,2024-11-24,6,21.2,72,26.8,10.0,0.0,Clear
2024-11-24 07:00:00,2024-11-24,7,24.1,78,28.0,10.0,0.0,Sunny
2024-11-24 08:00:00,2024-11-24,8,25.3,80,4.2,10.0,0.0,Sunny
2024-11-24 09:00:00,2024-11-24,9,24.1,72,33.8,10.0,0.0,Partly Cloudy
2024-11-24 10:00:00,2024-11-24,10,26.0,85,8.7,10.0,0.0,Partly Cloudy
2024-11-24 11:00:00,2024-11-24,11,30.0,76,10.6,10.0,0.0,Sunny
2024-11-24 12:00:00,2024-11-24,12,30.0,76,17.1,10.0,0.0,Partly Cloudy
2024-11-24 13:00:00,2024-11-24,13,31.4,67,14.2,10.0,0.0,Sunny
2024-11-24 14:00:00,2024-11-24,14,32.9,57,2.0,10.0,0.0,Sunny
2024-11-24 15:00:00,2024-11-24,15,33.5,60,24.3,10.0,0.0,Partly Cloudy
2024-11-24 16:00:00,2024-11-24,16,30.8,51,9.6,10.0,0.0,Sunny
2024-11-24 17:00:00,2024-11-24,17,29.0,56,7.1,10.0,0.0,Hazy
2024-11-24 18:00:00,2024-11-24,18,30.5,42,16.3,10.0,0.0,Sunny
2024-11-24 19:00:00,2024-11-24,19,28.2,45,12.9,10.0,0.0,Clear
2024-11-24 20:00:00,2024-11-24,20,27.8,45,27.1,10.0,0.0,Clear
2024-11-24 21:00:00,2024-11-24,21,25.9,44,25.7,10.0,0.0,Clear
2024-11-24 22:00:00,2024-11-24,22,23.1,41,7.0,10.0,0.0,Clear
2024-11-24 23:00:00,2024-11-24,23,25.3,37,8.9,10.0,0.0,Clear
2024-11-25 00:00:00,2024-11-25,0,21.4,41,4.3,10.0,0.0,Clear
2024-11-25 01:00:00,2024-11-25,1,19.7,48,25.8,10.0,0.0,Clear
2024-11-25 02:00:00,2024-11-25,2,19.8,50,21.1,10.0,0.0,Clear
2024-11-25 03:00:00,2024-11-25,3,20.1,60,7.1,10.0,0.0,Clear
2024-11-25 04:00:00,2024-11-25,4,19.0,62,19.4,10.0,0.0,Clear
2024-11-25 05:00:00,2024-11-25,5,23.2,64,5.4,10.0,0.0,Clear
2024-11-25 06:00:00,2024-11-25,6,19.6,67,13.6,10.0,0.0,Clear
2024-11-25 07:00:00,2024-11-25,7,21.0,69,14.6,10.0,0.0,Partly Cloudy
2024-11-25 08:00:00,2024-11-25,8,22.4,77,13.0,10.0,0.0,Sunny
2024-11-25 09:00:00,2024-11-25,9,26.0,75,3.0,10.0,0.0,Sunny
2024-11-25 10:00:00,2024-11-25,10,28.2,77,18.0,10.0,0.0,Sunny
2024-11-25 11:00:00,2024-11-25,11,28.9,75,6.1,10.0,0.0,Sunny
2024-11-25 12:00:00,2024-11-25,12,31.2,72,3.4,10.0,0.0,Sunny
2024-11-25 13:00:00,2024-11-25,13,32.2,72,17.6,10.0,0.0,Sunny
2024-11-25 14:00:00,2024-11-25,14,31.8,59,27.7,10.0,0.0,Partly Cloudy
2024-11-25 15:00:00,2024-11-25,15,33.0,63,3.3,10.0,0.0,Partly Cloudy
2024-11-25 16:00:00,2024-11-25,16,32.0,57,2.0,10.0,0.0,Sunny
2024-11-25 17:00:00,2024-11-25,17,31.1,50,7.1,10.0,0.0,Partly Cloudy
2024-11-25 18:00:00,2024-11-25,18,30.0,44,13.8,10.0,0.0,Hazy
2024-11-25 19:00:00,2024-11-25,19,29.5,45,5.4,10.0,0.0,Clear
2024-11-25 20:00:00,2024-11-25,20,29.1,44,14.2,10.0,0.0,Clear
2024-11-25 21:00:00,2024-11-25,21,24.6,36,6.7,10.0,0.0,Clear
2024-11-25 22:00:00,2024-11-25,22,23.7,45,3.9,10.0,0.0,Clear
2024-11-25 23:00:00,2024-11-25,23,22.9,51,2.0,10.0,0.0,Clear
2024-11-26 00:00:00,2024-11-26,0,23.5,47,23.5,10.0,0.0,Clear
2024-11-26 01:00:00,2024-11-26,1,20.9,56,15.1,10.0,0.0,Clear
2024-11-26 02:00:00,2024-11-26,2,18.7,57,17.7,10.0,0.0,Clear
2024-11-26 03:00:00,2024-11-26,3,18.4,61,2.0,10.0,0.0,Clear
2024-11-26 04:00:00,2024-11-26,4,20.9,62,8.5,10.0,0.0,Clear
2024-11-26 05:00:00,2024-11-26,5,20.0,68,26.1,10.0,0.0,Clear
2024-11-26 06:00:00,2024-11-26,6,19.9,69,44.9,10.0,0.0,Clear
2024-11-26 07:00:00,2024-11-26,7,24.0,79,20.4,10.0,0.0,Sunny
2024-11-26 08:00:00,2024-11-26,8,24.7,74,10.8,10.0,0.0,Sunny
2024-11-26 09:00:00,2024-11-26,9,24.6,85,5.9,10.0,0.0,Sunny
2024-11-26 10:00:00,2024-11-26,10,26.1,79,14.6,10.0,0.0,Hazy
2024-11-26 11:00:00,2024-11-26,11,26.6,77,2.0,10.0,0.0,Hazy
2024-11-26 12:00:00,2024-11-26,12,29.8,67,4.4,10.0,0.0,Partly Cloudy
2024-11-26 13:00:00,2024-11-26,13,32.0,72,9.2,10.0,0.0,Sunny
2024-11-26 14:00:00,2024-11-26,14,33.4,64,20.2,10.0,0.0,Sunny
2024-11-26 15:00:00,2024-11-26,15,33.0,58,11.6,10.0,0.0,Partly Cloudy
2024-11-26 16:00:00,2024-11-26,16,30.7,53,16.8,10.0,0.0,Sunny
2024-11-26 17:00:00,2024-11-26,17,31.3,46,14.1,10.0,0.0,Sunny
2024-11-26 18:00:00,2024-11-26,18,32.3,47,7.3,10.0,0.0,Sunny
2024-11-26 19:00:00,2024-11-26,19,28.6,44,2.5,10.0,0.0,Clear
2024-11-26 20:00:00,2024-11-26,20,28.6,37,5.8,10.0,0.0,Clear
2024-11-26 21:00:00,2024-11-26,21,26.8,44,12.8,10.0,0.0,Clear
2024-11-26 22:00:00,2024-11-26,22,25.2,51,5.8,10.0,0.0,Clear
2024-11-26 23:00:00,2024-11-26,23,23.3,39,12.4,10.0,0.0,Clear
2024-11-27 00:00:00,2024-11-27,0,22.3,47,31.8,10.0,0.0,Clear
2024-11-27 01:00:00,2024-11-27,1,18.6,58,2.2,10.0,0.0,Clear
2024-11-27 02:00:00,2024-11-27,2,21.5,52,17.1,10.0,0.0,Clear
2024-11-27 03:00:00,2024-11-27,3,17.3,62,2.1,10.0,0.0,Clear
2024-11-27 04:00:00,2024-11-27,4,20.1,66,14.7,10.0,0.0,Clear
2024-11-27 05:00:00,2024-11-27,5,20.3,72,16.9,10.0,0.0,Clear
2024-11-27 06:00:00,2024-11-27,6,20.7,80,6.2,10.0,0.0,Clear
2024-11-27 07:00:00,2024-11-27,7,21.6,68,22.6,10.0,0.0,Partly Cloudy
2024-11-27 08:00:00,2024-11-27,8,25.0,78,14.8,10.0,0.0,Sunny
2024-11-27 09:00:00,2024-11-27,9,27.0,76,35.4,10.0,0.0,Sunny
2024-11-27 10:00:00,2024-11-27,10,27.6,77,6.9,10.0,0.0,Sunny
2024-11-27 11:00:00,2024-11-27,11,28.9,76,7.4,10.0,0.0,Sunny
2024-11-27 12:00:00,2024-11-27,12,32.1,72,2.7,10.0,0.0,Partly Cloudy
2024-11-27 13:00:00,2024-11-27,13,31.1,65,42.8,10.0,0.0,Sunny
2024-11-27 14:00:00,2024-11-27,14,32.2,61,23.5,10.0,0.0,Sunny
2024-11-27 15:00:00,2024-11-27,15,32.3,69,3.8,10.0,0.0,Sunny
2024-11-27 16:00:00,2024-11-27,16,35.2,50,16.7,10.0,0.0,Sunny
2024-11-27 17:00:00,2024-11-27,17,30.6,56,29.9,10.0,0.0,Sunny
2024-11-27 18:00:00,2024-11-27,18,31.6,43,7.4,10.0,0.0,Sunny
2024-11-27 19:00:00,2024-11-27,19,27.2,45,6.5,10.0,0.0,Clear
2024-11-27 20:00:00,2024-11-27,20,26.5,50,2.1,10.0,0.0,Clear
2024-11-27 21:00:00,2024-11-27,21,25.6,45,21.5,10.0,0.0,Clear
2024-11-27 22:00:00,2024-11-27,22,24.2,37,5.9,10.0,0.0,Clear
2024-11-27 23:00:00,2024-11-27,23,22.4,43,3.0,10.0,0.0,Clear
2024-11-28 00:00:00,2024-11-28,0,21.3,47,15.9,10.0,0.0,Clear
2024-11-28 01:00:00,2024-11-28,1,19.5,55,2.3,10.0,0.0,Clear
2024-11-28 02:00:00,2024-11-28,2,21.3,56,13.4,10.0,0.0,Clear
2024-11-28 03:00:00,2024-11-28,3,18.3,59,3.4,10.0,0.0,Clear
2024-11-28 04:00:00,2024-11-28,4,20.6,72,17.3,10.0,0.0,Clear
2024-11-28 05:00:00,2024-11-28,5,21.2,75,3.9,10.0,0.0,Clear
2024-11-28 06:00:00,2024-11-28,6,20.3,76,6.2,10.0,0.0,Clear
2024-11-28 07:00:00,2024-11-28,7,22.3,73,11.1,10.0,0.0,Sunny
2024-11-28 08:00:00,2024-11-28,8,24.3,67,7.0,10.0,0.0,Sunny
2024-11-28 09:00:00,2024-11-28,9,28.0,73,43.9,10.0,0.0,Sunny
2024-11-28 10:00:00,2024-11-28,10,27.2,71,4.6,10.0,0.0,Sunny
2024-11-28 11:00:00,2024-11-28,11,33.6,75,3.1,10.0,0.0,Sunny
2024-11-28 12:00:00,2024-11-28,12,31.5,76,31.4,10.0,0.0,Hazy
2024-11-28 13:00:00,2024-11-28,13,32.0,77,8.2,10.0,0.0,Sunny
2024-11-28 14:00:00,2024-11-28,14,33.3,70,16.3,10.0,0.0,Sunny
2024-11-28 15:00:00,2024-11-28,15,30.4,57,5.5,10.0,0.0,Hazy
2024-11-28 16:00:00,2024-11-28,16,33.7,56,7.7,10.0,0.0,Sunny
2024-11-28 17:00:00,2024-11-28,17,30.0,53,13.3,10.0,0.0,Sunny
2024-11-28 18:00:00,2024-11-28,18,31.6,41,12.5,10.0,0.0,Partly Cloudy
2024-11-28 19:00:00,2024-11-28,19,28.5,41,23.6,10.0,0.0,Clear
2024-11-28 20:00:00,2024-11-28,20,26.7,41,2.9,10.0,0.0,Clear
2024-11-28 21:00:00,2024-11-28,21,28.1,51,11.9,10.0,0.0,Clear
2024-11-28 22:00:00,2024-11-28,22,24.2,44,2.0,10.0,0.0,Clear
2024-11-28 23:00:00,2024-11-28,23,20.9,39,9.0,10.0,0.0,Clear
2024-11-29 00:00:00,2024-11-29,0,22.6,46,20.8,10.0,0.0,Clear
2024-11-29 01:00:00,2024-11-29,1,18.9,53,56.5,10.0,0.0,Clear
2024-11-29 02:00:00,2024-11-29,2,21.4,54,14.1,10.0,0.0,Clear
2024-11-29 03:00:00,2024-11-29,3,19.5,59,22.1,10.0,0.0,Clear
2024-11-29 04:00:00,2024-11-29,4,18.2,68,7.0,10.0,0.0,Clear
2024-11-29 05:00:00,2024-11-29,5,21.4,75,7.0,10.0,0.0,Clear
2024-11-29 06:00:00,2024-11-29,6,22.0,78,10.3,10.0,0.0,Clear
2024-11-29 07:00:00,2024-11-29,7,20.2,74,10.1,10.0,0.0,Hazy
2024-11-29 08:00:00,2024-11-29,8,24.2,77,12.9,10.0,0.0,Hazy
2024-11-29 09:00:00,2024-11-29,9,26.4,77,3.3,10.0,0.0,Sunny
2024-11-29 10:00:00,2024-11-29,10,28.0,82,27.6,10.0,0.0,Sunny
2024-11-29 11:00:00,2024-11-29,11,29.0,74,11.2,10.0,0.0,Sunny
2024-11-29 12:00:00,2024-11-29,12,31.5,65,17.4,10.0,0.0,Sunny
2024-11-29 13:00:00,2024-11-29,13,32.3,71,22.5,10.0,0.0,Sunny
2024-11-29 14:00:00,2024-11-29,14,32.3,67,4.1,10.0,0.0,Sunny
2024-11-29 15:00:00,2024-11-29,15,32.2,58,25.9,10.0,0.0,Sunny
2024-11-29 16:00:00,2024-11-29,16,32.5,63,14.6,10.0,0.0,Sunny
2024-11-29 17:00:00,2024-11-29,17,30.9,49,15.5,10.0,0.0,Sunny
2024-11-29 18:00:00,2024-11-29,18,29.4,53,9.8,10.0,0.0,Sunny
2024-11-29 19:00:00,2024-11-29,19,27.9,39,31.7,10.0,0.0,Clear
2024-11-29 20:00:00,2024-11-29,20,27.6,44,25.9,10.0,0.0,Clear
2024-11-29 21:00:00,2024-11-29,21,25.0,39,6.2,10.0,0.0,Clear
2024-11-29 22:00:00,2024-11-29,22,24.1,42,9.0,10.0,0.0,Clear
2024-11-29 23:00:00,2024-11-29,23,24.3,47,13.3,10.0,0.0,Clear
2024-11-30 00:00:00,2024-11-30,0,21.2,45,9.7,10.0,0.0,Clear
2024-11-30 01:00:00,2024-11-30,1,20.5,48,24.0,10.0,0.0,Clear
2024-11-30 02:00:00,2024-11-30,2,19.4,54,26.0,10.0,0.0,Clear
2024-11-30 03:00:00,2024-11-30,3,21.1,75,7.6,10.0,0.0,Clear
2024-11-30 04:00:00,2024-11-30,4,21.7,65,6.4,10.0,0.0,Clear
2024-11-30 05:00:00,2024-11-30,5,17.4,70,10.1,3.8,0.6,Heavy Rain
2024-11-30 06:00:00,2024-11-30,6,19.9,74,13.5,3.8,2.1,Heavy Rain
2024-11-30 07:00:00,2024-11-30,7,22.9,69,13.6,3.8,3.9,Heavy Rain
2024-11-30 08:00:00,2024-11-30,8,20.5,81,4.6,3.8,5.4,Heavy Rain
2024-11-30 09:00:00,2024-11-30,9,24.8,81,3.3,3.8,6.0,Heavy Rain
2024-11-30 10:00:00,2024-11-30,10,23.2,70,22.5,3.8,5.4,Heavy Rain
2024-11-30 11:00:00,2024-11-30,11,26.9,85,6.6,3.8,3.9,Heavy Rain
2024-11-30 12:00:00,2024-11-30,12,28.0,73,9.1,3.8,2.1,Heavy Rain
2024-11-30 13:00:00,2024-11-30,13,27.2,65,19.9,3.8,0.6,Heavy Rain
2024-11-30 14:00:00,2024-11-30,14,33.6,66,12.0,10.0,0.0,Partly Cloudy
2024-11-30 15:00:00,2024-11-30,15,32.7,56,9.2,10.0,0.0,Sunny
2024-11-30 16:00:00,2024-11-30,16,31.2,49,4.2,10.0,0.0,Sunny
2024-11-30 17:00:00,2024-11-30,17,32.0,50,6.8,10.0,0.0,Sunny
2024-11-30 18:00:00,2024-11-30,18,31.7,46,5.6,10.0,0.0,Sunny
2024-11-30 19:00:00,2024-11-30,19,27.1,38,8.4,10.0,0.0,Clear
2024-11-30 20:00:00,2024-11-30,20,23.9,39,5.2,10.0,0.0,Clear
2024-11-30 21:00:00,2024-11-30,21,25.9,38,3.5,10.0,0.0,Clear
2024-11-30 22:00:00,2024-11-30,22,23.4,41,9.8,10.0,0.0,Clear
2024-11-30 23:00:00,2024-11-30,23,24.4,47,15.0,10.0,0.0,Clear
2024-12-01 00:00:00,2024-12-01,0,16.0,52,2.0,10.0,0.0,Clear
2024-12-01 01:00:00,2024-12-01,1,15.7,55,4.5,10.0,0.0,Clear
2024-12-01 02:00:00,2024-12-01,2,14.5,52,16.5,10.0,0.0,Clear
2024-12-01 03:00:00,2024-12-01,3,12.6,64,12.7,10.0,0.0,Clear
2024-12-01 04:00:00,2024-12-01,4,14.8,64,13.7,10.0,0.0,Clear
2024-12-01 05:00:00,2024-12-01,5,13.8,66,16.2,10.0,0.0,Clear
2024-12-01 06:00:00,2024-12-01,6,14.8,80,18.8,10.0,0.0,Clear
2024-12-01 07:00:00,2024-12-01,7,16.4,74,8.6,10.0,0.0,Sunny
2024-12-01 08:00:00,2024-12-01,8,17.9,82,10.1,10.0,0.0,Partly Cloudy
2024-12-01 09:00:00,2024-12-01,9,20.7,80,3.7,10.0,0.0,Sunny
2024-12-01 10:00:00,2024-12-01,10,22.2,78,9.4,10.0,0.0,Sunny
2024-12-01 11:00:00,2024-12-01,11,24.6,84,15.6,10.0,0.0,Sunny
2024-12-01 12:00:00,2024-12-01,12,23.7,74,8.3,10.0,0.0,Sunny
2024-12-01 13:00:00,2024-12-01,13,26.3,71,8.1,10.0,0.0,Sunny
2024-12-01 14:00:00,2024-12-01,14,26.7,66,4.1,10.0,0.0,Sunny
2024-12-01 15:00:00,2024-12-01,15,27.7,65,7.3,10.0,0.0,Sunny
2024-12-01 16:00:00,2024-12-01,16,27.6,59,9.4,10.0,0.0,Sunny
2024-12-01 17:00:00,2024-12-01,17,26.8,52,17.7,10.0,0.0,Sunny
2024-12-01 18:00:00,2024-12-01,18,24.4,48,5.6,10.0,0.0,Sunny
2024-12-01 19:00:00,2024-12-01,19,24.3,48,6.5,10.0,0.0,Clear
2024-12-01 20:00:00,2024-12-01,20,22.1,44,16.8,10.0,0.0,Clear
2024-12-01 21:00:00,2024-12-01,21,22.6,53,2.0,10.0,0.0,Clear
2024-12-01 22:00:00,2024-12-01,22,19.5,45,19.1,10.0,0.0,Clear
2024-12-01 23:00:00,2024-12-01,23,17.8,50,7.5,10.0,0.0,Clear
2024-12-02 00:00:00,2024-12-02,0,14.9,51,6.9,10.0,0.0,Clear
2024-12-02 01:00:00,2024-12-02,1,14.7,54,18.7,10.0,0.0,Clear
2024-12-02 02:00:00,2024-12-02,2,15.0,63,11.9,10.0,0.0,Clear
2024-12-02 03:00:00,2024-12-02,3,14.4,66,10.0,10.0,0.0,Clear
2024-12-02 04:00:00,2024-12-02,4,14.6,71,7.2,10.0,0.0,Clear
2024-12-02 05:00:00,2024-12-02,5,13.3,75,4.8,10.0,0.0,Clear
2024-12-02 06:00:00,2024-12-02,6,15.4,70,19.1,10.0,0.0,Clear
2024-12-02 07:00:00,2024-12-02,7,17.4,81,13.3,10.0,0.0,Sunny
2024-12-02 08:00:00,2024-12-02,8,20.8,80,3.2,10.0,0.0,Sunny
2024-12-02 09:00:00,2024-12-02,9,18.7,80,21.1,10.0,0.0,Sunny
2024-12-02 10:00:00,2024-12-02,10,21.4,95,2.0,10.0,0.0,Sunny
2024-12-02 11:00:00,2024-12-02,11,22.0,74,5.4,10.0,0.0,Sunny
2024-12-02 12:00:00,2024-12-02,12,26.0,76,4.1,10.0,0.0,Partly Cloudy
2024-12-02 13:00:00,2024-12-02,13,28.1,72,2.0,10.0,0.0,Sunny
2024-12-02 14:00:00,2024-12-02,14,27.7,68,10.0,10.0,0.0,Sunny
2024-12-02 15:00:00,2024-12-02,15,28.2,60,6.7,10.0,0.0,Sunny
2024-12-02 16:00:00,2024-12-02,16,26.0,60,7.2,10.0,0.0,Sunny
2024-12-02 17:00:00,2024-12-02,17,27.1,51,13.3,10.0,0.0,Sunny
2024-12-02 18:00:00,2024-12-02,18,24.7,52,3.4,10.0,0.0,Sunny
2024-12-02 19:00:00,2024-12-02,19,24.3,49,12.4,10.0,0.0,Clear
2024-12-02 20:00:00,2024-12-02,20,23.3,46,34.6,10.0,0.0,Clear
2024-12-02 21:00:00,2024-12-02,21,20.6,46,6.0,10.0,0.0,Clear
2024-12-02 22:00:00,2024-12-02,22,20.3,53,38.5,10.0,0.0,Clear
2024-12-02 23:00:00,2024-12-02,23,17.6,51,15.2,10.0,0.0,Clear
2024-12-03 00:00:00,2024-12-03,0,16.7,52,16.8,10.0,0.0,Clear
2024-12-03 01:00:00,2024-12-03,1,17.6,57,10.0,10.0,0.0,Clear
2024-12-03 02:00:00,2024-12-03,2,15.3,60,3.9,10.0,0.0,Clear
2024-12-03 03:00:00,2024-12-03,3,13.6,66,8.2,10.0,0.0,Clear
2024-12-03 04:00:00,2024-12-03,4,14.1,66,14.9,10.0,0.0,Clear
2024-12-03 05:00:00,2024-12-03,5,16.4,82,4.8,10.0,0.0,Clear
2024-12-03 06:00:00,2024-12-03,6,17.7,77,11.4,10.0,0.0,Clear
2024-12-03 07:00:00,2024-12-03,7,17.7,91,19.9,10.0,0.0,Sunny
2024-12-03 08:00:00,2024-12-03,8,17.5,90,5.5,10.0,0.0,Partly Cloudy
2024-12-03 09:00:00,2024-12-03,9,19.9,80,22.0,10.0,0.0,Sunny
2024-12-03 10:00:00,2024-12-03,10,22.9,82,5.2,10.0,0.0,Partly Cloudy
2024-12-03 11:00:00,2024-12-03,11,24.9,81,28.4,10.0,0.0,Sunny
2024-12-03 12:00:00,2024-12-03,12,26.8,80,15.3,10.0,0.0,Partly Cloudy
2024-12-03 13:00:00,2024-12-03,13,24.2,74,10.9,10.0,0.0,Sunny
2024-12-03 14:00:00,2024-12-03,14,28.3,73,22.7,10.0,0.0,Sunny
2024-12-03 15:00:00,2024-12-03,15,29.2,57,17.0,10.0,0.0,Partly Cloudy
2024-12-03 16:00:00,2024-12-03,16,24.4,57,13.5,10.0,0.0,Partly Cloudy
2024-12-03 17:00:00,2024-12-03,17,26.6,54,5.4,10.0,0.0,Partly Cloudy
2024-12-03 18:00:00,2024-12-03,18,26.5,49,11.3,10.0,0.0,Sunny
2024-12-03 19:00:00,2024-12-03,19,22.6,41,13.5,10.0,0.0,Clear
2024-12-03 20:00:00,2024-12-03,20,22.1,50,18.4,10.0,0.0,Clear
2024-12-03 21:00:00,2024-12-03,21,21.7,42,7.2,10.0,0.0,Clear
2024-12-03 22:00:00,2024-12-03,22,18.7,44,5.9,10.0,0.0,Clear
2024-12-03 23:00:00,2024-12-03,23,17.3,51,6.5,10.0,0.0,Clear
2024-12-04 00:00:00,2024-12-04,0,16.7,56,17.1,10.0,0.0,Clear
2024-12-04 01:00:00,2024-12-04,1,14.0,53,6.6,10.0,0.0,Clear
2024-12-04 02:00:00,2024-12-04,2,13.4,55,17.2,10.0,0.0,Clear
2024-12-04 03:00:00,2024-12-04,3,15.1,61,13.2,10.0,0.0,Clear
2024-12-04 04:00:00,2024-12-04,4,15.9,73,14.4,10.0,0.0,Clear
2024-12-04 05:00:00,2024-12-04,5,15.8,78,30.0,10.0,0.0,Clear
2024-12-04 06:00:00,2024-12-04,6,18.0,78,18.7,10.0,0.0,Clear
2024-12-04 07:00:00,2024-12-04,7,18.3,81,23.1,10.0,0.0,Sunny
2024-12-04 08:00:00,2024-12-04,8,21.5,76,6.6,10.0,0.0,Sunny
2024-12-04 09:00:00,2024-12-04,9,21.1,84,3.8,10.0,0.0,Sunny
2024-12-04 10:00:00,2024-12-04,10,23.0,85,4.8,10.0,0.0,Partly Cloudy
2024-12-04 11:00:00,2024-12-04,11,24.7,80,3.8,10.0,0.0,Sunny
2024-12-04 12:00:00,2024-12-04,12,24.8,78,5.4,10.0,0.0,Hazy
2024-12-04 13:00:00,2024-12-04,13,25.7,69,9.1,10.0,0.0,Sunny
2024-12-04 14:00:00,2024-12-04,14,26.2,73,8.1,10.0,0.0,Sunny
2024-12-04 15:00:00,2024-12-04,15,26.8,59,15.5,10.0,0.0,Sunny
2024-12-04 16:00:00,2024-12-04,16,29.8,59,5.7,10.0,0.0,Sunny
2024-12-04 17:00:00,2024-12-04,17,28.8,57,7.3,10.0,0.0,Sunny
2024-12-04 18:00:00,2024-12-04,18,25.2,56,14.7,10.0,0.0,Hazy
2024-12-04 19:00:00,2024-12-04,19,23.7,53,11.6,10.0,0.0,Clear
2024-12-04 20:00:00,2024-12-04,20,20.1,51,8.1,10.0,0.0,Clear
2024-12-04 21:00:00,2024-12-04,21,19.8,45,26.7,10.0,0.0,Clear
2024-12-04 22:00:00,2024-12-04,22,18.3,56,20.5,10.0,0.0,Clear
2024-12-04 23:00:00,2024-12-04,23,17.2,53,35.5,10.0,0.0,Clear
2024-12-05 00:00:00,2024-12-05,0,15.7,50,30.8,10.0,0.0,Clear
2024-12-05 01:00:00,2024-12-05,1,15.6,54,2.5,10.0,0.0,Clear
2024-12-05 02:00:00,2024-12-05,2,15.7,62,12.9,10.0,0.0,Clear
2024-12-05 03:00:00,2024-12-05,3,13.6,62,9.3,10.0,0.0,Clear
2024-12-05 04:00:00,2024-12-05,4,16.4,64,16.5,10.0,0.0,Clear
2024-12-05 05:00:00,2024-12-05,5,15.8,73,33.9,10.0,0.0,Clear
2024-12-05 06:00:00,2024-12-05,6,17.5,68,16.4,10.0,0.0,Clear
2024-12-05 07:00:00,2024-12-05,7,17.2,81,10.6,10.0,0.0,Hazy
2024-12-05 08:00:00,2024-12-05,8,20.0,84,9.6,10.0,0.0,Partly Cloudy
2024-12-05 09:00:00,2024-12-05,9,21.5,81,21.5,10.0,0.0,Sunny
2024-12-05 10:00:00,2024-12-05,10,24.4,86,18.3,10.0,0.0,Hazy
2024-12-05 11:00:00,2024-12-05,11,25.0,83,9.0,10.0,0.0,Hazy
2024-12-05 12:00:00,2024-12-05,12,26.6,73,3.1,10.0,0.0,Sunny
2024-12-05 13:00:00,2024-12-05,13,26.0,73,11.7,10.0,0.0,Sunny
2024-12-05 14:00:00,2024-12-05,14,28.7,67,6.5,10.0,0.0,Sunny
2024-12-05 15:00:00,2024-12-05,15,26.0,63,5.7,10.0,0.0,Sunny
2024-12-05 16:00:00,2024-12-05,16,26.6,64,2.1,10.0,0.0,Sunny
2024-12-05 17:00:00,2024-12-05,17,27.0,58,28.4,10.0,0.0,Sunny
2024-12-05 18:00:00,2024-12-05,18,24.2,48,37.0,10.0,0.0,Sunny
2024-12-05 19:00:00,2024-12-05,19,23.1,49,8.4,10.0,0.0,Clear
2024-12-05 20:00:00,2024-12-05,20,21.6,44,9.6,10.0,0.0,Clear
2024-12-05 21:00:00,2024-12-05,21,21.5,44,12.1,10.0,0.0,Clear
2024-12-05 22:00:00,2024-12-05,22,19.1,53,8.1,10.0,0.0,Clear
2024-12-05 23:00:00,2024-12-05,23,18.9,59,13.8,10.0,0.0,Clear
2024-12-06 00:00:00,2024-12-06,0,18.7,58,14.8,10.0,0.0,Clear
2024-12-06 01:00:00,2024-12-06,1,15.7,56,27.2,10.0,0.0,Clear
2024-12-06 02:00:00,2024-12-06,2,14.1,60,4.1,10.0,0.0,Clear
2024-12-06 03:00:00,2024-12-06,3,14.9,68,13.5,10.0,0.0,Clear
2024-12-06 04:00:00,2024-12-06,4,13.6,69,8.7,10.0,0.0,Clear
2024-12-06 05:00:00,2024-12-06,5,15.3,67,8.0,10.0,0.0,Clear
2024-12-06 06:00:00,2024-12-06,6,19.4,84,2.0,10.0,0.0,Clear
2024-12-06 07:00:00,2024-12-06,7,17.5,75,5.8,10.0,0.0,Hazy
2024-12-06 08:00:00,2024-12-06,8,19.7,86,15.2,10.0,0.0,Sunny
2024-12-06 09:00:00,2024-12-06,9,20.8,85,6.1,10.0,0.0,Sunny
2024-12-06 10:00:00,2024-12-06,10,22.2,89,11.8,10.0,0.0,Sunny
2024-12-06 11:00:00,2024-12-06,11,24.8,83,9.1,10.0,0.0,Sunny
2024-12-06 12:00:00,2024-12-06,12,24.1,74,11.4,10.0,0.0,Sunny
2024-12-06 13:00:00,2024-12-06,13,26.4,77,5.6,10.0,0.0,Sunny
2024-12-06 14:00:00,2024-12-06,14,25.6,67,8.5,10.0,0.0,Sunny
2024-12-06 15:00:00,2024-12-06,15,29.4,60,12.9,10.0,0.0,Partly Cloudy
2024-12-06 16:00:00,2024-12-06,16,28.5,52,7.3,10.0,0.0,Sunny
2024-12-06 17:00:00,2024-12-06,17,25.7,55,14.7,10.0,0.0,Sunny
2024-12-06 18:00:00,2024-12-06,18,23.4,45,6.6,10.0,0.0,Sunny
2024-12-06 19:00:00,2024-12-06,19,24.8,54,17.9,10.0,0.0,Clear
2024-12-06 20:00:00,2024-12-06,20,22.6,40,2.7,10.0,0.0,Clear
2024-12-06 21:00:00,2024-12-06,21,23.7,44,9.8,10.0,0.0,Clear
2024-12-06 22:00:00,2024-12-06,22,21.0,45,14.6,10.0,0.0,Clear
2024-12-06 23:00:00,2024-12-06,23,18.5,49,10.2,10.0,0.0,Clear
2024-12-07 00:00:00,2024-12-07,0,15.8,48,17.8,10.0,0.0,Clear
2024-12-07 01:00:00,2024-12-07,1,15.1,60,7.9,10.0,0.0,Clear
2024-12-07 02:00:00,2024-12-07,2,15.1,60,8.1,10.0,0.0,Clear
2024-12-07 03:00:00,2024-12-07,3,14.9,64,2.0,10.0,0.0,Clear
2024-12-07 04:00:00,2024-12-07,4,13.9,66,17.6,10.0,0.0,Clear
2024-12-07 05:00:00,2024-12-07,5,13.7,75,19.9,10.0,0.0,Clear
2024-12-07 06:00:00,2024-12-07,6,18.7,82,18.6,10.0,0.0,Clear
2024-12-07 07:00:00,2024-12-07,7,17.8,90,7.0,10.0,0.0,Sunny
2024-12-07 08:00:00,2024-12-07,8,19.8,78,2.5,10.0,0.0,Sunny
2024-12-07 09:00:00,2024-12-07,9,20.0,81,29.6,10.0,0.0,Sunny
2024-12-07 10:00:00,2024-12-07,10,24.3,74,9.4,10.0,0.0,Sunny
2024-12-07 11:00:00,2024-12-07,11,25.5,82,3.2,10.0,0.0,Sunny
2024-12-07 12:00:00,2024-12-07,12,25.7,71,23.9,10.0,0.0,Sunny
2024-12-07 13:00:00,2024-12-07,13,26.9,74,2.0,10.0,0.0,Sunny
2024-12-07 14:00:00,2024-12-07,14,27.6,74,28.0,10.0,0.0,Partly Cloudy
2024-12-07 15:00:00,2024-12-07,15,27.6,62,2.6,10.0,0.0,Sunny
2024-12-07 16:00:00,2024-12-07,16,27.9,56,9.2,10.0,0.0,Sunny
2024-12-07 17:00:00,2024-12-07,17,27.1,60,9.3,10.0,0.0,Sunny
2024-12-07 18:00:00,2024-12-07,18,25.4,54,12.2,10.0,0.0,Sunny
2024-12-07 19:00:00,2024-12-07,19,22.8,44,14.7,10.0,0.0,Clear
2024-12-07 20:00:00,2024-12-07,20,22.7,47,6.6,10.0,0.0,Clear
2024-12-07 21:00:00,2024-12-07,21,21.9,43,8.2,10.0,0.0,Clear
2024-12-07 22:00:00,2024-12-07,22,20.1,51,6.5,10.0,0.0,Clear
2024-12-07 23:00:00,2024-12-07,23,19.3,49,21.3,10.0,0.0,Clear
2024-12-08 00:00:00,2024-12-08,0,18.1,57,13.5,10.0,0.0,Clear
2024-12-08 01:00:00,2024-12-08,1,16.2,51,20.7,10.0,0.0,Clear
2024-12-08 02:00:00,2024-12-08,2,14.9,60,7.6,10.0,0.0,Clear
2024-12-08 03:00:00,2024-12-08,3,14.9,64,7.6,10.0,0.0,Clear
2024-12-08 04:00:00,2024-12-08,4,14.0,70,3.3,10.0,0.0,Clear
2024-12-08 05:00:00,2024-12-08,5,16.3,71,17.3,10.0,0.0,Clear
2024-12-08 06:00:00,2024-12-08,6,18.0,68,10.7,10.0,0.0,Clear
2024-12-08 07:00:00,2024-12-08,7,19.0,82,9.6,10.0,0.0,Partly Cloudy
2024-12-08 08:00:00,2024-12-08,8,20.0,82,6.8,10.0,0.0,Sunny
2024-12-08 09:00:00,2024-12-08,9,20.7,79,7.9,10.0,0.0,Partly Cloudy
2024-12-08 10:00:00,2024-12-08,10,22.3,79,13.7,10.0,0.0,Partly Cloudy
2024-12-08 11:00:00,2024-12-08,11,24.1,75,16.4,10.0,0.0,Partly Cloudy
2024-12-08 12:00:00,2024-12-08,12,24.7,69,5.7,10.0,0.0,Sunny
2024-12-08 13:00:00,2024-12-08,13,27.0,77,16.0,10.0,0.0,Sunny
2024-12-08 14:00:00,2024-12-08,14,23.9,71,10.0,10.0,0.0,Sunny
2024-12-08 15:00:00,2024-12-08,15,26.9,59,12.9,10.0,0.0,Partly Cloudy
2024-12-08 16:00:00,2024-12-08,16,27.4,69,8.5,10.0,0.0,Hazy
2024-12-08 17:00:00,2024-12-08,17,29.6,50,7.7,10.0,0.0,Sunny
2024-12-08 18:00:00,2024-12-08,18,25.6,54,8.5,10.0,0.0,Sunny
2024-12-08 19:00:00,2024-12-08,19,24.3,48,3.3,10.0,0.0,Clear
2024-12-08 20:00:00,2024-12-08,20,21.7,42,7.2,10.0,0.0,Clear
2024-12-08 21:00:00,2024-12-08,21,23.1,47,2.0,10.0,0.0,Clear
2024-12-08 22:00:00,2024-12-08,22,18.3,46,16.7,10.0,0.0,Clear
2024-12-08 23:00:00,2024-12-08,23,20.2,46,3.1,10.0,0.0,Clear
2024-12-09 00:00:00,2024-12-09,0,15.5,57,14.4,10.0,0.0,Clear
2024-12-09 01:00:00,2024-12-09,1,16.5,57,4.5,10.0,0.0,Clear
2024-12-09 02:00:00,2024-12-09,2,14.7,62,23.4,10.0,0.0,Clear
2024-12-09 03:00:00,2024-12-09,3,13.8,63,2.0,10.0,0.0,Clear
2024-12-09 04:00:00,2024-12-09,4,15.9,70,9.0,10.0,0.0,Clear
2024-12-09 05:00:00,2024-12-09,5,17.0,73,24.0,10.0,0.0,Clear
2024-12-09 06:00:00,2024-12-09,6,16.2,79,14.8,10.0,0.0,Clear
2024-12-09 07:00:00,2024-12-09,7,17.7,76,7.2,10.0,0.0,Sunny
2024-12-09 08:00:00,2024-12-09,8,18.8,72,32.9,10.0,0.0,Sunny
2024-12-09 09:00:00,2024-12-09,9,21.3,87,8.7,10.0,0.0,Partly Cloudy
2024-12-09 10:00:00,2024-12-09,10,21.4,81,8.5,10.0,0.0,Hazy
2024-12-09 11:00:00,2024-12-09,11,21.0,82,19.0,10.0,0.0,Sunny
2024-12-09 12:00:00,2024-12-09,12,23.4,74,8.1,10.0,0.0,Partly Cloudy
2024-12-09 13:00:00,2024-12-09,13,26.4,72,8.4,10.0,0.0,Partly Cloudy
2024-12-09 14:00:00,2024-12-09,14,26.0,75,6.2,10.0,0.0,Sunny
2024-12-09 15:00:00,2024-12-09,15,27.4,65,13.8,10.0,0.0,Partly Cloudy
2024-12-09 16:00:00,2024-12-09,16,26.7,68,15.5,10.0,0.0,Sunny
2024-12-09 17:00:00,2024-12-09,17,25.8,59,6.1,10.0,0.0,Partly Cloudy
2024-12-09 18:00:00,2024-12-09,18,24.8,49,21.8,10.0,0.0,Sunny
2024-12-09 19:00:00,2024-12-09,19,25.4,50,6.2,10.0,0.0,Clear
2024-12-09 20:00:00,2024-12-09,20,23.0,53,5.0,10.0,0.0,Clear
2024-12-09 21:00:00,2024-12-09,21,22.9,47,3.9,10.0,0.0,Clear
2024-12-09 22:00:00,2024-12-09,22,19.4,49,20.0,10.0,0.0,Clear
2024-12-09 23:00:00,2024-12-09,23,15.5,54,4.3,10.0,0.0,Clear
2024-12-10 00:00:00,2024-12-10,0,15.2,42,29.7,10.0,0.0,Clear
2024-12-10 01:00:00,2024-12-10,1,15.5,58,3.6,10.0,0.0,Clear
2024-12-10 02:00:00,2024-12-10,2,15.0,65,8.8,10.0,0.0,Clear
2024-12-10 03:00:00,2024-12-10,3,13.8,61,4.2,10.0,0.0,Clear
2024-12-10 04:00:00,2024-12-10,4,13.8,73,6.8,10.0,0.0,Clear
2024-12-10 05:00:00,2024-12-10,5,14.6,73,9.5,10.0,0.0,Clear
2024-12-10 06:00:00,2024-12-10,6,16.2,70,28.8,10.0,0.0,Clear
2024-12-10 07:00:00,2024-12-10,7,17.7,83,17.1,10.0,0.0,Partly Cloudy
2024-12-10 08:00:00,2024-12-10,8,18.0,81,2.0,10.0,0.0,Hazy
2024-12-10 09:00:00,2024-12-10,9,21.3,82,9.2,10.0,0.0,Sunny
2024-12-10 10:00:00,2024-12-10,10,23.0,84,9.5,10.0,0.0,Sunny
2024-12-10 11:00:00,2024-12-10,11,24.1,76,7.0,10.0,0.0,Sunny
2024-12-10 12:00:00,2024-12-10,12,24.8,80,11.7,10.0,0.0,Sunny
2024-12-10 13:00:00,2024-12-10,13,27.4,69,37.7,10.0,0.0,Sunny
2024-12-10 14:00:00,2024-12-10,14,28.9,75,6.3,10.0,0.0,Partly Cloudy
2024-12-10 15:00:00,2024-12-10,15,27.0,69,14.5,10.0,0.0,Partly Cloudy
2024-12-10 16:00:00,2024-12-10,16,26.5,65,3.1,10.0,0.0,Sunny
2024-12-10 17:00:00,2024-12-10,17,27.2,57,2.0,10.0,0.0,Sunny
2024-12-10 18:00:00,2024-12-10,18,24.2,50,8.8,10.0,0.0,Sunny
2024-12-10 19:00:00,2024-12-10,19,22.7,46,16.7,10.0,0.0,Clear
2024-12-10 20:00:00,2024-12-10,20,21.9,43,8.6,10.0,0.0,Clear
2024-12-10 21:00:00,2024-12-10,21,21.4,45,16.0,10.0,0.0,Clear
2024-12-10 22:00:00,2024-12-10,22,18.3,44,16.0,10.0,0.0,Clear
2024-12-10 23:00:00,2024-12-10,23,17.7,50,51.6,10.0,0.0,Clear
2024-12-11 00:00:00,2024-12-11,0,14.0,48,13.3,10.0,0.0,Clear
2024-12-11 01:00:00,2024-12-11,1,16.1,53,9.1,10.0,0.0,Clear
2024-12-11 02:00:00,2024-12-11,2,16.5,58,14.0,10.0,0.0,Clear
2024-12-11 03:00:00,2024-12-11,3,13.4,61,5.7,10.0,0.0,Clear
2024-12-11 04:00:00,2024-12-11,4,15.3,67,15.5,10.0,0.0,Clear
2024-12-11 05:00:00,2024-12-11,5,15.1,75,14.4,10.0,0.0,Clear
2024-12-11 06:00:00,2024-12-11,6,16.5,73,24.9,10.0,0.0,Clear
2024-12-11 07:00:00,2024-12-11,7,17.5,75,4.7,10.0,0.0,Sunny
2024-12-11 08:00:00,2024-12-11,8,19.0,81,11.1,10.0,0.0,Sunny
2024-12-11 09:00:00,2024-12-11,9,20.0,77,29.6,10.0,0.0,Partly Cloudy
2024-12-11 10:00:00,2024-12-11,10,21.4,87,6.5,10.0,0.0,Sunny
2024-12-11 11:00:00,2024-12-11,11,25.6,77,2.0,10.0,0.0,Hazy
2024-12-11 12:00:00,2024-12-11,12,23.6,77,10.6,10.0,0.0,Partly Cloudy
2024-12-11 13:00:00,2024-12-11,13,26.6,75,9.9,10.0,0.0,Partly Cloudy
2024-12-11 14:00:00,2024-12-11,14,27.2,64,9.7,10.0,0.0,Sunny
2024-12-11 15:00:00,2024-12-11,15,27.4,61,12.2,10.0,0.0,Sunny
2024-12-11 16:00:00,2024-12-11,16,28.1,57,16.5,10.0,0.0,Sunny
2024-12-11 17:00:00,2024-12-11,17,26.2,58,55.9,10.0,0.0,Sunny
2024-12-11 18:00:00,2024-12-11,18,26.4,59,6.4,10.0,0.0,Hazy
2024-12-11 19:00:00,2024-12-11,19,26.6,56,5.6,10.0,0.0,Clear
2024-12-11 20:00:00,2024-12-11,20,22.5,52,16.1,10.0,0.0,Clear
2024-12-11 21:00:00,2024-12-11,21,18.6,41,5.1,10.0,0.0,Clear
2024-12-11 22:00:00,2024-12-11,22,19.1,43,7.4,10.0,0.0,Clear
2024-12-11 23:00:00,2024-12-11,23,17.5,54,8.1,10.0,0.0,Clear
2024-12-12 00:00:00,2024-12-12,0,16.9,57,23.7,10.0,0.0,Clear
2024-12-12 01:00:00,2024-12-12,1,13.0,58,25.7,10.0,0.0,Clear
2024-12-12 02:00:00,2024-12-12,2,15.1,63,2.0,10.0,0.0,Clear
2024-12-12 03:00:00,2024-12-12,3,14.0,62,2.0,10.0,0.0,Clear
2024-12-12 04:00:00,2024-12-12,4,15.7,76,10.1,10.0,0.0,Clear
2024-12-12 05:00:00,2024-12-12,5,14.7,70,20.4,10.0,0.0,Clear
2024-12-12 06:00:00,2024-12-12,6,17.4,70,10.6,10.0,0.0,Clear
2024-12-12 07:00:00,2024-12-12,7,15.9,83,25.4,10.0,0.0,Sunny
2024-12-12 08:00:00,2024-12-12,8,19.3,79,5.7,10.0,0.0,Sunny
2024-12-12 09:00:00,2024-12-12,9,19.8,77,8.1,10.0,0.0,Sunny
2024-12-12 10:00:00,2024-12-12,10,22.1,85,11.7,10.0,0.0,Sunny
2024-12-12 11:00:00,2024-12-12,11,27.5,72,7.3,10.0,0.0,Sunny
2024-12-12 12:00:00,2024-12-12,12,24.5,79,29.1,10.0,0.0,Sunny
2024-12-12 13:00:00,2024-12-12,13,26.2,71,7.5,10.0,0.0,Sunny
2024-12-12 14:00:00,2024-12-12,14,25.9,75,12.6,10.0,0.0,Sunny
2024-12-12 15:00:00,2024-12-12,15,27.1,66,6.6,10.0,0.0,Sunny
2024-12-12 16:00:00,2024-12-12,16,27.1,64,6.8,10.0,0.0,Sunny
2024-12-12 17:00:00,2024-12-12,17,25.7,51,4.5,10.0,0.0,Sunny
2024-12-12 18:00:00,2024-12-12,18,27.5,44,18.8,10.0,0.0,Sunny
2024-12-12 19:00:00,2024-12-12,19,25.6,47,16.1,10.0,0.0,Clear
2024-12-12 20:00:00,2024-12-12,20,21.5,49,17.0,10.0,0.0,Clear
2024-12-12 21:00:00,2024-12-12,21,22.0,46,7.0,10.0,0.0,Clear
2024-12-12 22:00:00,2024-12-12,22,18.7,51,8.3,10.0,0.0,Clear
2024-12-12 23:00:00,2024-12-12,23,16.3,51,14.8,10.0,0.0,Clear
2024-12-13 00:00:00,2024-12-13,0,15.5,47,4.5,10.0,0.0,Clear
2024-12-13 01:00:00,2024-12-13,1,13.9,57,9.0,10.0,0.0,Clear
2024-12-13 02:00:00,2024-12-13,2,15.9,60,14.9,10.0,0.0,Clear
2024-12-13 03:00:00,2024-12-13,3,13.4,69,5.8,10.0,0.0,Clear
2024-12-13 04:00:00,2024-12-13,4,16.3,65,33.1,10.0,0.0,Clear
2024-12-13 05:00:00,2024-12-13,5,15.5,70,13.8,10.0,0.0,Clear
2024-12-13 06:00:00,2024-12-13,6,15.9,78,9.5,10.0,0.0,Clear
2024-12-13 07:00:00,2024-12-13,7,17.1,85,7.5,10.0,0.0,Sunny
2024-12-13 08:00:00,2024-12-13,8,21.4,81,15.6,10.0,0.0,Sunny
2024-12-13 09:00:00,2024-12-13,9,21.0,84,6.2,10.0,0.0,Partly Cloudy
2024-12-13 10:00:00,2024-12-13,10,22.1,82,15.9,10.0,0.0,Sunny
2024-12-13 11:00:00,2024-12-13,11,25.3,79,4.0,10.0,0.0,Sunny
2024-12-13 12:00:00,2024-12-13,12,26.3,81,9.5,10.0,0.0,Sunny
2024-12-13 13:00:00,2024-12-13,13,25.4,73,17.9,10.0,0.0,Sunny
2024-12-13 14:00:00,2024-12-13,14,27.3,67,5.7,10.0,0.0,Partly Cloudy
2024-12-13 15:00:00,2024-12-13,15,25.3,62,5.8,10.0,0.0,Hazy
2024-12-13 16:00:00,2024-12-13,16,27.2,58,10.2,10.0,0.0,Sunny
2024-12-13 17:00:00,2024-12-13,17,27.0,52,11.3,10.0,0.0,Sunny
2024-12-13 18:00:00,2024-12-13,18,26.1,50,20.3,10.0,0.0,Sunny
2024-12-13 19:00:00,2024-12-13,19,23.1,49,15.7,10.0,0.0,Clear
2024-12-13 20:00:00,2024-12-13,20,21.8,48,8.6,10.0,0.0,Clear
2024-12-13 21:00:00,2024-12-13,21,21.3,42,8.8,10.0,0.0,Clear
2024-12-13 22:00:00,2024-12-13,22,20.8,45,16.7,10.0,0.0,Clear
2024-12-13 23:00:00,2024-12-13,23,17.9,47,3.8,10.0,0.0,Clear
2024-12-14 00:00:00,2024-12-14,0,15.7,48,4.9,10.0,0.0,Clear
2024-12-14 01:00:00,2024-12-14,1,16.5,53,6.9,10.0,0.0,Clear
2024-12-14 02:00:00,2024-12-14,2,14.9,63,2.5,10.0,0.0,Clear
2024-12-14 03:00:00,2024-12-14,3,14.7,69,19.5,10.0,0.0,Clear
2024-12-14 04:00:00,2024-12-14,4,15.7,67,3.5,10.0,0.0,Clear
2024-12-14 05:00:00,2024-12-14,5,15.3,70,39.2,10.0,0.0,Clear
2024-12-14 06:00:00,2024-12-14,6,15.3,76,14.5,10.0,0.0,Clear
2024-12-14 07:00:00,2024-12-14,7,17.6,80,7.0,10.0,0.0,Sunny
2024-12-14 08:00:00,2024-12-14,8,20.7,84,8.6,10.0,0.0,Sunny
2024-12-14 09:00:00,2024-12-14,9,23.3,80,27.0,10.0,0.0,Sunny
2024-12-14 10:00:00,2024-12-14,10,21.2,79,7.8,10.0,0.0,Partly Cloudy
2024-12-14 11:00:00,2024-12-14,11,26.2,89,6.8,10.0,0.0,Sunny
2024-12-14 12:00:00,2024-12-14,12,25.2,72,8.4,10.0,0.0,Sunny
2024-12-14 13:00:00,2024-12-14,13,26.7,77,8.0,10.0,0.0,Sunny
2024-12-14 14:00:00,2024-12-14,14,29.3,75,10.6,10.0,0.0,Sunny
2024-12-14 15:00:00,2024-12-14,15,27.0,63,8.0,10.0,0.0,Hazy
2024-12-14 16:00:00,2024-12-14,16,26.9,61,24.1,10.0,0.0,Sunny
2024-12-14 17:00:00,2024-12-14,17,25.9,48,9.5,10.0,0.0,Sunny
2024-12-14 18:00:00,2024-12-14,18,25.6,51,5.1,10.0,0.0,Sunny
2024-12-14 19:00:00,2024-12-14,19,24.6,53,3.1,10.0,0.0,Clear
2024-12-14 20:00:00,2024-12-14,20,21.9,47,3.8,10.0,0.0,Clear
2024-12-14 21:00:00,2024-12-14,21,22.7,46,16.8,10.0,0.0,Clear
2024-12-14 22:00:00,2024-12-14,22,18.4,54,14.4,10.0,0.0,Clear
2024-12-14 23:00:00,2024-12-14,23,18.3,52,12.0,10.0,0.0,Clear
2024-12-15 00:00:00,2024-12-15,0,16.4,54,16.8,10.0,0.0,Clear
2024-12-15 01:00:00,2024-12-15,1,16.9,52,16.9,10.0,0.0,Clear
2024-12-15 02:00:00,2024-12-15,2,13.8,50,14.5,10.0,0.0,Clear
2024-12-15 03:00:00,2024-12-15,3,15.2,65,2.8,10.0,0.0,Clear
2024-12-15 04:00:00,2024-12-15,4,17.6,69,2.2,10.0,0.0,Clear
2024-12-15 05:00:00,2024-12-15,5,13.6,76,9.2,10.0,0.0,Clear
2024-12-15 06:00:00,2024-12-15,6,15.3,77,21.3,10.0,0.0,Clear
2024-12-15 07:00:00,2024-12-15,7,20.3,80,9.0,10.0,0.0,Sunny
2024-12-15 08:00:00,2024-12-15,8,19.2,82,9.7,10.0,0.0,Sunny
2024-12-15 09:00:00,2024-12-15,9,19.5,78,15.7,5.2,0.4,Light Rain
2024-12-15 10:00:00,2024-12-15,10,20.7,74,2.0,5.2,1.4,Light Rain
2024-12-15 11:00:00,2024-12-15,11,24.6,76,9.7,5.2,2.3,Light Rain
2024-12-15 12:00:00,2024-12-15,12,22.1,72,8.5,5.2,2.8,Light Rain
2024-12-15 13:00:00,2024-12-15,13,26.5,73,10.1,5.2,2.3,Light Rain
2024-12-15 14:00:00,2024-12-15,14,23.9,62,29.9,5.2,1.4,Light Rain
2024-12-15 15:00:00,2024-12-15,15,24.0,62,7.5,5.2,0.4,Light Rain
2024-12-15 16:00:00,2024-12-15,16,26.0,67,16.0,10.0,0.0,Sunny
2024-12-15 17:00:00,2024-12-15,17,26.5,55,7.8,10.0,0.0,Sunny
2024-12-15 18:00:00,2024-12-15,18,24.7,51,5.3,10.0,0.0,Sunny
2024-12-15 19:00:00,2024-12-15,19,23.3,48,8.6,10.0,0.0,Clear
2024-12-15 20:00:00,2024-12-15,20,21.6,47,22.5,10.0,0.0,Clear
2024-12-15 21:00:00,2024-12-15,21,19.9,44,18.9,10.0,0.0,Clear
2024-12-15 22:00:00,2024-12-15,22,18.2,46,7.6,10.0,0.0,Clear
2024-12-15 23:00:00,2024-12-15,23,18.0,46,3.8,10.0,0.0,Clear
2024-12-16 00:00:00,2024-12-16,0,15.6,45,18.0,10.0,0.0,Clear
2024-12-16 01:00:00,2024-12-16,1,12.2,60,17.4,10.0,0.0,Clear
2024-12-16 02:00:00,2024-12-16,2,14.7,56,9.7,10.0,0.0,Clear
2024-12-16 03:00:00,2024-12-16,3,15.4,70,3.7,10.0,0.0,Clear
2024-12-16 04:00:00,2024-12-16,4,14.4,66,18.9,10.0,0.0,Clear
2024-12-16 05:00:00,2024-12-16,5,13.9,68,11.0,10.0,0.0,Clear
2024-12-16 06:00:00,2024-12-16,6,17.3,84,10.7,10.0,0.0,Clear
2024-12-16 07:00:00,2024-12-16,7,16.1,74,27.4,10.0,0.0,Sunny
2024-12-16 08:00:00,2024-12-16,8,18.9,72,11.1,10.0,0.0,Sunny
2024-12-16 09:00:00,2024-12-16,9,21.0,76,17.9,10.0,0.0,Partly Cloudy
2024-12-16 10:00:00,2024-12-16,10,24.0,81,24.0,10.0,0.0,Sunny
2024-12-16 11:00:00,2024-12-16,11,24.9,74,7.1,10.0,0.0,Partly Cloudy
2024-12-16 12:00:00,2024-12-16,12,25.9,74,4.8,10.0,0.0,Sunny
2024-12-16 13:00:00,2024-12-16,13,27.7,65,12.9,10.0,0.0,Sunny
2024-12-16 14:00:00,2024-12-16,14,25.9,73,35.8,10.0,0.0,Sunny
2024-12-16 15:00:00,2024-12-16,15,29.4,66,9.9,10.0,0.0,Hazy
2024-12-16 16:00:00,2024-12-16,16,23.6,54,5.0,10.0,0.0,Sunny
2024-12-16 17:00:00,2024-12-16,17,28.3,46,5.6,10.0,0.0,Hazy
2024-12-16 18:00:00,2024-12-16,18,24.6,48,7.9,10.0,0.0,Partly Cloudy
2024-12-16 19:00:00,2024-12-16,19,24.7,51,9.8,10.0,0.0,Clear
2024-12-16 20:00:00,2024-12-16,20,24.4,51,15.7,10.0,0.0,Clear
2024-12-16 21:00:00,2024-12-16,21,21.7,45,13.9,10.0,0.0,Clear
2024-12-16 22:00:00,2024-12-16,22,19.8,45,25.2,10.0,0.0,Clear
2024-12-16 23:00:00,2024-12-16,23,18.8,46,10.5,10.0,0.0,Clear
2024-12-17 00:00:00,2024-12-17,0,14.6,52,15.0,10.0,0.0,Clear
2024-12-17 01:00:00,2024-12-17,1,13.8,59,26.7,10.0,0.0,Clear
2024-12-17 02:00:00,2024-12-17,2,15.0,59,11.8,10.0,0.0,Clear
2024-12-17 03:00:00,2024-12-17,3,14.3,63,2.0,10.0,0.0,Clear
2024-12-17 04:00:00,2024-12-17,4,14.3,72,9.1,10.0,0.0,Clear
2024-12-17 05:00:00,2024-12-17,5,16.9,79,10.1,10.0,0.0,Clear
2024-12-17 06:00:00,2024-12-17,6,17.8,76,5.1,10.0,0.0,Clear
2024-12-17 07:00:00,2024-12-17,7,16.6,80,2.9,10.0,0.0,Partly Cloudy
2024-12-17 08:00:00,2024-12-17,8,19.8,78,3.5,10.0,0.0,Sunny
2024-12-17 09:00:00,2024-12-17,9,19.1,82,27.3,10.0,0.0,Sunny
2024-12-17 10:00:00,2024-12-17,10,20.8,78,16.3,10.0,0.0,Sunny
2024-12-17 11:00:00,2024-12-17,11,23.2,85,3.1,10.0,0.0,Sunny
2024-12-17 12:00:00,2024-12-17,12,25.5,80,7.7,10.0,0.0,Sunny
2024-12-17 13:00:00,2024-12-17,13,25.8,80,2.0,10.0,0.0,Partly Cloudy
2024-12-17 14:00:00,2024-12-17,14,27.8,66,8.7,10.0,0.0,Sunny
2024-12-17 15:00:00,2024-12-17,15,27.5,72,2.6,10.0,0.0,Sunny
2024-12-17 16:00:00,2024-12-17,16,28.6,60,22.7,10.0,0.0,Sunny
2024-12-17 17:00:00,2024-12-17,17,27.3,54,29.0,10.0,0.0,Sunny
2024-12-17 18:00:00,2024-12-17,18,24.3,56,29.9,10.0,0.0,Partly Cloudy
2024-12-17 19:00:00,2024-12-17,19,25.3,44,4.4,10.0,0.0,Clear
2024-12-17 20:00:00,2024-12-17,20,21.6,47,3.0,10.0,0.0,Clear
2024-12-17 21:00:00,2024-12-17,21,21.5,45,8.2,10.0,0.0,Clear
2024-12-17 22:00:00,2024-12-17,22,18.7,48,8.0,10.0,0.0,Clear
2024-12-17 23:00:00,2024-12-17,23,19.3,47,2.0,10.0,0.0,Clear
2024-12-18 00:00:00,2024-12-18,0,17.3,49,5.6,10.0,0.0,Clear
2024-12-18 01:00:00,2024-12-18,1,14.5,53,8.8,10.0,0.0,Clear
2024-12-18 02:00:00,2024-12-18,2,14.3,58,2.6,10.0,0.0,Clear
2024-12-18 03:00:00,2024-12-18,3,18.4,64,4.4,0.6,0.0,Fog
2024-12-18 04:00:00,2024-12-18,4,13.2,74,12.1,0.8,0.0,Fog
2024-12-18 05:00:00,2024-12-18,5,14.5,64,11.9,0.4,0.0,Fog
2024-12-18 06:00:00,2024-12-18,6,15.6,80,20.0,1.0,0.0,Fog
2024-12-18 07:00:00,2024-12-18,7,16.4,78,2.0,0.6,0.0,Fog
2024-12-18 08:00:00,2024-12-18,8,18.1,81,10.7,1.1,0.0,Fog
2024-12-18 09:00:00,2024-12-18,9,20.9,78,15.7,10.0,0.0,Partly Cloudy
2024-12-18 10:00:00,2024-12-18,10,23.3,82,27.9,10.0,0.0,Sunny
2024-12-18 11:00:00,2024-12-18,11,22.3,78,7.3,10.0,0.0,Hazy
2024-12-18 12:00:00,2024-12-18,12,25.0,76,8.9,10.0,0.0,Partly Cloudy
2024-12-18 13:00:00,2024-12-18,13,25.7,75,7.2,10.0,0.0,Sunny
2024-12-18 14:00:00,2024-12-18,14,25.9,71,10.0,10.0,0.0,Sunny
2024-12-18 15:00:00,2024-12-18,15,28.7,70,20.9,10.0,0.0,Sunny
2024-12-18 16:00:00,2024-12-18,16,26.4,57,18.8,10.0,0.0,Sunny
2024-12-18 17:00:00,2024-12-18,17,25.0,58,5.0,10.0,0.0,Sunny
2024-12-18 18:00:00,2024-12-18,18,26.7,54,9.3,10.0,0.0,Sunny
2024-12-18 19:00:00,2024-12-18,19,25.8,49,7.1,10.0,0.0,Clear
2024-12-18 20:00:00,2024-12-18,20,23.0,53,6.8,10.0,0.0,Clear
2024-12-18 21:00:00,2024-12-18,21,19.9,43,14.7,10.0,0.0,Clear
2024-12-18 22:00:00,2024-12-18,22,19.0,47,7.3,10.0,0.0,Clear
2024-12-18 23:00:00,2024-12-18,23,17.0,50,15.1,10.0,0.0,Clear
2024-12-19 00:00:00,2024-12-19,0,16.3,46,7.5,10.0,0.0,Clear
2024-12-19 01:00:00,2024-12-19,1,16.2,60,6.3,10.0,0.0,Clear
2024-12-19 02:00:00,2024-12-19,2,14.7,59,9.0,10.0,0.0,Clear
2024-12-19 03:00:00,2024-12-19,3,14.5,66,39.7,10.0,0.0,Clear
2024-12-19 04:00:00,2024-12-19,4,14.1,75,4.6,10.0,0.0,Clear
2024-12-19 05:00:00,2024-12-19,5,16.2,74,5.6,10.0,0.0,Clear
2024-12-19 06:00:00,2024-12-19,6,16.8,77,2.1,10.0,0.0,Clear
2024-12-19 07:00:00,2024-12-19,7,15.5,80,6.1,10.0,0.0,Sunny
2024-12-19 08:00:00,2024-12-19,8,17.2,77,2.0,10.0,0.0,Sunny
2024-12-19 09:00:00,2024-12-19,9,20.6,80,2.0,10.0,0.0,Sunny
2024-12-19 10:00:00,2024-12-19,10,23.8,81,12.9,10.0,0.0,Sunny
2024-12-19 11:00:00,2024-12-19,11,25.6,80,16.4,10.0,0.0,Sunny
2024-12-19 12:00:00,2024-12-19,12,26.5,82,31.7,10.0,0.0,Sunny
2024-12-19 13:00:00,2024-12-19,13,26.4,77,4.7,10.0,0.0,Sunny
2024-12-19 14:00:00,2024-12-19,14,29.0,66,4.5,10.0,0.0,Sunny
2024-12-19 15:00:00,2024-12-19,15,26.6,64,21.7,10.0,0.0,Sunny
2024-12-19 16:00:00,2024-12-19,16,26.9,65,10.6,10.0,0.0,Sunny
2024-12-19 17:00:00,2024-12-19,17,24.9,48,4.8,10.0,0.0,Partly Cloudy
2024-12-19 18:00:00,2024-12-19,18,25.2,50,16.8,10.0,0.0,Sunny
2024-12-19 19:00:00,2024-12-19,19,23.2,43,9.7,10.0,0.0,Clear
2024-12-19 20:00:00,2024-12-19,20,24.5,56,9.4,10.0,0.0,Clear
2024-12-19 21:00:00,2024-12-19,21,22.6,49,26.3,10.0,0.0,Clear
2024-12-19 22:00:00,2024-12-19,22,19.4,45,13.5,10.0,0.0,Clear
2024-12-19 23:00:00,2024-12-19,23,18.3,48,13.8,10.0,0.0,Clear
2024-12-20 00:00:00,2024-12-20,0,15.7,48,16.7,10.0,0.0,Clear
2024-12-20 01:00:00,2024-12-20,1,12.3,63,9.3,10.0,0.0,Clear
2024-12-20 02:00:00,2024-12-20,2,13.8,50,16.5,10.0,0.0,Clear
2024-12-20 03:00:00,2024-12-20,3,15.4,65,27.2,10.0,0.0,Clear
2024-12-20 04:00:00,2024-12-20,4,15.2,68,9.5,10.0,0.0,Clear
2024-12-20 05:00:00,2024-12-20,5,14.9,69,12.6,10.0,0.0,Clear
2024-12-20 06:00:00,2024-12-20,6,17.3,76,4.9,10.0,0.0,Clear
2024-12-20 07:00:00,2024-12-20,7,17.2,73,5.8,10.0,0.0,Sunny
2024-12-20 08:00:00,2024-12-20,8,17.9,88,8.3,10.0,0.0,Sunny
2024-12-20 09:00:00,2024-12-20,9,21.9,82,8.8,10.0,0.0,Sunny
2024-12-20 10:00:00,2024-12-20,10,21.9,85,2.4,10.0,0.0,Partly Cloudy
2024-12-20 11:00:00,2024-12-20,11,25.5,78,28.4,10.0,0.0,Sunny
2024-12-20 12:00:00,2024-12-20,12,23.2,82,17.2,10.0,0.0,Partly Cloudy
2024-12-20 13:00:00,2024-12-20,13,25.9,73,11.7,10.0,0.0,Partly Cloudy
2024-12-20 14:00:00,2024-12-20,14,28.0,73,4.7,10.0,0.0,Partly Cloudy
2024-12-20 15:00:00,2024-12-20,15,28.1,66,12.3,10.0,0.0,Sunny
2024-12-20 16:00:00,2024-12-20,16,27.0,59,7.8,10.0,0.0,Sunny
2024-12-20 17:00:00,2024-12-20,17,27.0,59,14.6,10.0,0.0,Sunny
2024-12-20 18:00:00,2024-12-20,18,25.8,68,3.6,10.0,0.0,Sunny
2024-12-20 19:00:00,2024-12-20,19,22.5,44,22.6,10.0,0.0,Clear
2024-12-20 20:00:00,2024-12-20,20,22.2,46,8.7,10.0,0.0,Clear
2024-12-20 21:00:00,2024-12-20,21,21.3,41,21.5,10.0,0.0,Clear
2024-12-20 22:00:00,2024-12-20,22,19.9,48,42.9,10.0,0.0,Clear
2024-12-20 23:00:00,2024-12-20,23,17.7,49,4.7,10.0,0.0,Clear
2024-12-21 00:00:00,2024-12-21,0,15.7,59,8.6,10.0,0.0,Clear
2024-12-21 01:00:00,2024-12-21,1,13.8,54,3.6,10.0,0.0,Clear
2024-12-21 02:00:00,2024-12-21,2,15.6,63,5.8,10.0,0.0,Clear
2024-12-21 03:00:00,2024-12-21,3,15.3,56,11.3,0.3,0.0,Fog
2024-12-21 04:00:00,2024-12-21,4,15.9,69,3.0,0.3,0.0,Fog
2024-12-21 05:00:00,2024-12-21,5,14.1,70,25.7,0.5,0.0,Fog
2024-12-21 06:00:00,2024-12-21,6,16.6,79,6.9,0.2,0.0,Fog
2024-12-21 07:00:00,2024-12-21,7,16.9,84,14.4,0.7,0.0,Fog
2024-12-21 08:00:00,2024-12-21,8,19.4,79,27.2,0.8,0.0,Fog
2024-12-21 09:00:00,2024-12-21,9,24.5,84,3.4,10.0,0.0,Sunny
2024-12-21 10:00:00,2024-12-21,10,23.8,80,15.4,10.0,0.0,Partly Cloudy
2024-12-21 11:00:00,2024-12-21,11,23.3,80,17.7,10.0,0.0,Sunny
2024-12-21 12:00:00,2024-12-21,12,25.3,78,3.2,10.0,0.0,Sunny
2024-12-21 13:00:00,2024-12-21,13,26.2,69,4.0,10.0,0.0,Sunny
2024-12-21 14:00:00,2024-12-21,14,27.4,65,11.5,10.0,0.0,Sunny
2024-12-21 15:00:00,2024-12-21,15,25.7,67,25.5,10.0,0.0,Sunny
2024-12-21 16:00:00,2024-12-21,16,27.7,57,19.3,10.0,0.0,Sunny
2024-12-21 17:00:00,2024-12-21,17,24.1,60,5.4,10.0,0.0,Sunny
2024-12-21 18:00:00,2024-12-21,18,23.6,44,17.1,10.0,0.0,Sunny
2024-12-21 19:00:00,2024-12-21,19,26.7,52,26.4,10.0,0.0,Clear
2024-12-21 20:00:00,2024-12-21,20,22.2,47,6.1,10.0,0.0,Clear
2024-12-21 21:00:00,2024-12-21,21,22.7,46,6.7,10.0,0.0,Clear
2024-12-21 22:00:00,2024-12-21,22,18.3,47,2.5,10.0,0.0,Clear
2024-12-21 23:00:00,2024-12-21,23,15.2,43,4.6,10.0,0.0,Clear
2024-12-22 00:00:00,2024-12-22,0,15.1,56,10.9,10.0,0.0,Clear
2024-12-22 01:00:00,2024-12-22,1,18.6,53,6.1,10.0,0.0,Clear
2024-12-22 02:00:00,2024-12-22,2,13.0,56,2.4,10.0,0.0,Clear
2024-12-22 03:00:00,2024-12-22,3,16.6,73,6.1,10.0,0.0,Clear
2024-12-22 04:00:00,2024-12-22,4,15.1,67,35.9,10.0,0.0,Clear
2024-12-22 05:00:00,2024-12-22,5,15.5,70,26.1,10.0,0.0,Clear
2024-12-22 06:00:00,2024-12-22,6,15.5,80,13.5,10.0,0.0,Clear
2024-12-22 07:00:00,2024-12-22,7,16.7,81,12.8,10.0,0.0,Sunny
2024-12-22 08:00:00,2024-12-22,8,20.0,85,25.0,10.0,0.0,Partly Cloudy
2024-12-22 09:00:00,2024-12-22,9,22.6,82,13.8,10.0,0.0,Hazy
2024-12-22 10:00:00,2024-12-22,10,22.9,85,10.9,10.0,0.0,Sunny
2024-12-22 11:00:00,2024-12-22,11,25.1,88,15.4,10.0,0.0,Partly Cloudy
2024-12-22 12:00:00,2024-12-22,12,25.1,74,5.3,10.0,0.0,Partly Cloudy
2024-12-22 13:00:00,2024-12-22,13,29.2,71,11.1,10.0,0.0,Hazy
2024-12-22 14:00:00,2024-12-22,14,27.6,62,12.5,10.0,0.0,Sunny
2024-12-22 15:00:00,2024-12-22,15,29.9,66,8.7,10.0,0.0,Sunny
2024-12-22 16:00:00,2024-12-22,16,26.1,60,11.5,10.0,0.0,Sunny
2024-12-22 17:00:00,2024-12-22,17,26.6,60,7.4,10.0,0.0,Partly Cloudy
2024-12-22 18:00:00,2024-12-22,18,26.9,51,4.2,10.0,0.0,Sunny
2024-12-22 19:00:00,2024-12-22,19,24.4,48,6.5,10.0,0.0,Clear
2024-12-22 20:00:00,2024-12-22,20,23.3,47,11.8,10.0,0.0,Clear
2024-12-22 21:00:00,2024-12-22,21,19.8,45,10.8,10.0,0.0,Clear
2024-12-22 22:00:00,2024-12-22,22,18.8,48,11.8,10.0,0.0,Clear
2024-12-22 23:00:00,2024-12-22,23,16.7,49,8.4,10.0,0.0,Clear
2024-12-23 00:00:00,2024-12-23,0,16.3,53,2.0,10.0,0.0,Clear
2024-12-23 01:00:00,2024-12-23,1,15.1,54,14.5,10.0,0.0,Clear
2024-12-23 02:00:00,2024-12-23,2,14.1,62,9.7,10.0,0.0,Clear
2024-12-23 03:00:00,2024-12-23,3,15.3,66,14.6,10.0,0.0,Clear
2024-12-23 04:00:00,2024-12-23,4,13.4,67,11.2,10.0,0.0,Clear
2024-12-23 05:00:00,2024-12-23,5,12.8,73,6.5,10.0,0.0,Clear
2024-12-23 06:00:00,2024-12-23,6,15.7,76,10.2,10.0,0.0,Clear
2024-12-23 07:00:00,2024-12-23,7,20.3,75,39.0,10.0,0.0,Sunny
2024-12-23 08:00:00,2024-12-23,8,19.9,79,20.6,10.0,0.0,Sunny
2024-12-23 09:00:00,2024-12-23,9,20.0,85,12.7,10.0,0.0,Hazy
2024-12-23 10:00:00,2024-12-23,10,23.2,85,48.8,10.0,0.0,Partly Cloudy
2024-12-23 11:00:00,2024-12-23,11,24.1,81,5.7,10.0,0.0,Hazy
2024-12-23 12:00:00,2024-12-23,12,26.1,73,8.3,10.0,0.0,Sunny
2024-12-23 13:00:00,2024-12-23,13,27.7,77,10.8,10.0,0.0,Sunny
2024-12-23 14:00:00,2024-12-23,14,27.5,76,4.5,10.0,0.0,Sunny
2024-12-23 15:00:00,2024-12-23,15,27.6,66,33.6,10.0,0.0,Partly Cloudy
2024-12-23 16:00:00,2024-12-23,16,29.1,59,35.7,10.0,0.0,Sunny
2024-12-23 17:00:00,2024-12-23,17,27.3,52,16.6,10.0,0.0,Sunny
2024-12-23 18:00:00,2024-12-23,18,25.8,51,2.0,10.0,0.0,Sunny
2024-12-23 19:00:00,2024-12-23,19,24.3,46,2.7,10.0,0.0,Clear
2024-12-23 20:00:00,2024-12-23,20,22.0,46,13.1,10.0,0.0,Clear
2024-12-23 21:00:00,2024-12-23,21,19.5,51,26.2,10.0,0.0,Clear
2024-12-23 22:00:00,2024-12-23,22,20.1,50,7.4,10.0,0.0,Clear
2024-12-23 23:00:00,2024-12-23,23,19.3,47,14.1,10.0,0.0,Clear
2024-12-24 00:00:00,2024-12-24,0,16.9,52,24.1,10.0,0.0,Clear
2024-12-24 01:00:00,2024-12-24,1,16.0,55,5.4,10.0,0.0,Clear
2024-12-24 02:00:00,2024-12-24,2,13.7,58,22.6,10.0,0.0,Clear
2024-12-24 03:00:00,2024-12-24,3,13.8,59,8.3,1.2,0.0,Fog
2024-12-24 04:00:00,2024-12-24,4,13.2,72,9.2,0.8,0.0,Fog
2024-12-24 05:00:00,2024-12-24,5,15.1,78,12.6,0.9,0.0,Fog
2024-12-24 06:00:00,2024-12-24,6,17.6,74,4.2,0.4,0.0,Fog
2024-12-24 07:00:00,2024-12-24,7,16.9,77,14.8,0.7,0.0,Fog
2024-12-24 08:00:00,2024-12-24,8,19.2,85,6.1,0.5,0.0,Fog
2024-12-24 09:00:00,2024-12-24,9,21.8,79,4.8,10.0,0.0,Sunny
2024-12-24 10:00:00,2024-12-24,10,24.1,76,7.9,10.0,0.0,Sunny
2024-12-24 11:00:00,2024-12-24,11,22.3,78,3.8,10.0,0.0,Sunny
2024-12-24 12:00:00,2024-12-24,12,25.0,82,4.4,10.0,0.0,Partly Cloudy
2024-12-24 13:00:00,2024-12-24,13,25.7,71,18.1,10.0,0.0,Sunny
2024-12-24 14:00:00,2024-12-24,14,26.2,66,14.0,10.0,0.0,Partly Cloudy
2024-12-24 15:00:00,2024-12-24,15,27.0,62,9.2,10.0,0.0,Sunny
2024-12-24 16:00:00,2024-12-24,16,24.9,55,4.7,10.0,0.0,Sunny
2024-12-24 17:00:00,2024-12-24,17,26.2,50,15.9,10.0,0.0,Sunny
2024-12-24 18:00:00,2024-12-24,18,25.6,50,22.1,10.0,0.0,Sunny
2024-12-24 19:00:00,2024-12-24,19,23.0,43,50.2,10.0,0.0,Clear
2024-12-24 20:00:00,2024-12-24,20,22.1,45,23.5,10.0,0.0,Clear
2024-12-24 21:00:00,2024-12-24,21,21.0,47,7.4,10.0,0.0,Clear
2024-12-24 22:00:00,2024-12-24,22,19.5,48,4.1,10.0,0.0,Clear
2024-12-24 23:00:00,2024-12-24,23,15.8,48,9.7,10.0,0.0,Clear
2024-12-25 00:00:00,2024-12-25,0,17.2,46,22.0,10.0,0.0,Clear
2024-12-25 01:00:00,2024-12-25,1,16.2,53,7.4,10.0,0.0,Clear
2024-12-25 02:00:00,2024-12-25,2,13.8,61,2.2,10.0,0.0,Clear
2024-12-25 03:00:00,2024-12-25,3,16.5,66,14.2,10.0,0.0,Clear
2024-12-25 04:00:00,2024-12-25,4,15.3,68,7.8,10.0,0.0,Clear
2024-12-25 05:00:00,2024-12-25,5,15.7,70,4.6,10.0,0.0,Clear
2024-12-25 06:00:00,2024-12-25,6,17.2,77,23.9,10.0,0.0,Clear
2024-12-25 07:00:00,2024-12-25,7,16.5,78,4.9,10.0,0.0,Sunny
2024-12-25 08:00:00,2024-12-25,8,18.9,77,7.2,10.0,0.0,Sunny
2024-12-25 09:00:00,2024-12-25,9,21.7,83,6.3,10.0,0.0,Sunny
2024-12-25 10:00:00,2024-12-25,10,21.7,81,2.4,10.0,0.0,Sunny
2024-12-25 11:00:00,2024-12-25,11,23.8,75,9.0,10.0,0.0,Sunny
2024-12-25 12:00:00,2024-12-25,12,26.3,74,2.1,10.0,0.0,Partly Cloudy
2024-12-25 13:00:00,2024-12-25,13,27.0,72,3.9,10.0,0.0,Sunny
2024-12-25 14:00:00,2024-12-25,14,27.3,63,4.6,10.0,0.0,Hazy
2024-12-25 15:00:00,2024-12-25,15,27.6,61,3.0,10.0,0.0,Sunny
2024-12-25 16:00:00,2024-12-25,16,27.1,62,13.5,10.0,0.0,Hazy
2024-12-25 17:00:00,2024-12-25,17,27.7,53,11.3,10.0,0.0,Sunny
2024-12-25 18:00:00,2024-12-25,18,28.1,48,14.6,10.0,0.0,Sunny
2024-12-25 19:00:00,2024-12-25,19,24.6,53,2.5,10.0,0.0,Clear
2024-12-25 20:00:00,2024-12-25,20,24.2,48,19.2,10.0,0.0,Clear
2024-12-25 21:00:00,2024-12-25,21,20.5,49,19.8,10.0,0.0,Clear
2024-12-25 22:00:00,2024-12-25,22,18.5,43,21.3,10.0,0.0,Clear
2024-12-25 23:00:00,2024-12-25,23,16.8,47,10.3,10.0,0.0,Clear
2024-12-26 00:00:00,2024-12-26,0,15.3,51,9.8,10.0,0.0,Clear
2024-12-26 01:00:00,2024-12-26,1,15.0,56,14.5,10.0,0.0,Clear
2024-12-26 02:00:00,2024-12-26,2,15.8,68,23.3,10.0,0.0,Clear
2024-12-26 03:00:00,2024-12-26,3,15.7,64,9.7,10.0,0.0,Clear
2024-12-26 04:00:00,2024-12-26,4,14.1,73,8.2,10.0,0.0,Clear
2024-12-26 05:00:00,2024-12-26,5,15.0,82,12.0,10.0,0.0,Clear
2024-12-26 06:00:00,2024-12-26,6,16.4,84,9.7,10.0,0.0,Clear
2024-12-26 07:00:00,2024-12-26,7,18.0,80,2.0,10.0,0.0,Sunny
2024-12-26 08:00:00,2024-12-26,8,20.0,86,8.6,10.0,0.0,Sunny
2024-12-26 09:00:00,2024-12-26,9,20.5,83,10.6,10.0,0.0,Sunny
2024-12-26 10:00:00,2024-12-26,10,22.4,81,13.3,10.0,0.0,Sunny
2024-12-26 11:00:00,2024-12-26,11,25.9,83,13.6,10.0,0.0,Sunny
2024-12-26 12:00:00,2024-12-26,12,25.3,80,11.4,10.0,0.0,Sunny
2024-12-26 13:00:00,2024-12-26,13,25.9,75,17.2,10.0,0.0,Sunny
2024-12-26 14:00:00,2024-12-26,14,27.2,68,32.3,10.0,0.0,Sunny
2024-12-26 15:00:00,2024-12-26,15,27.6,62,9.4,10.0,0.0,Sunny
2024-12-26 16:00:00,2024-12-26,16,25.4,55,13.5,10.0,0.0,Sunny
2024-12-26 17:00:00,2024-12-26,17,26.1,56,25.2,10.0,0.0,Sunny
2024-12-26 18:00:00,2024-12-26,18,26.1,52,9.3,10.0,0.0,Sunny
2024-12-26 19:00:00,2024-12-26,19,26.7,52,10.9,10.0,0.0,Clear
2024-12-26 20:00:00,2024-12-26,20,22.0,41,2.0,10.0,0.0,Clear
2024-12-26 21:00:00,2024-12-26,21,21.9,46,8.2,10.0,0.0,Clear
2024-12-26 22:00:00,2024-12-26,22,19.5,46,12.4,10.0,0.0,Clear
2024-12-26 23:00:00,2024-12-26,23,19.1,48,11.8,10.0,0.0,Clear
2024-12-27 00:00:00,2024-12-27,0,15.7,56,9.9,10.0,0.0,Clear
2024-12-27 01:00:00,2024-12-27,1,16.7,60,7.4,10.0,0.0,Clear
2024-12-27 02:00:00,2024-12-27,2,16.4,63,12.2,10.0,0.0,Clear
2024-12-27 03:00:00,2024-12-27,3,16.2,64,22.5,10.0,0.0,Clear
2024-12-27 04:00:00,2024-12-27,4,16.4,68,7.7,10.0,0.0,Clear
2024-12-27 05:00:00,2024-12-27,5,15.6,78,4.2,10.0,0.0,Clear
2024-12-27 06:00:00,2024-12-27,6,17.1,84,21.5,10.0,0.0,Clear
2024-12-27 07:00:00,2024-12-27,7,17.2,86,12.8,10.0,0.0,Sunny
2024-12-27 08:00:00,2024-12-27,8,16.7,83,3.7,10.0,0.0,Sunny
2024-12-27 09:00:00,2024-12-27,9,21.3,82,15.8,10.0,0.0,Sunny
2024-12-27 10:00:00,2024-12-27,10,22.5,84,17.4,10.0,0.0,Partly Cloudy
2024-12-27 11:00:00,2024-12-27,11,25.4,83,3.2,10.0,0.0,Sunny
2024-12-27 12:00:00,2024-12-27,12,26.6,75,14.6,10.0,0.0,Partly Cloudy
2024-12-27 13:00:00,2024-12-27,13,25.4,72,19.6,10.0,0.0,Sunny
2024-12-27 14:00:00,2024-12-27,14,30.1,81,5.1,10.0,0.0,Partly Cloudy
2024-12-27 15:00:00,2024-12-27,15,28.0,62,7.4,10.0,0.0,Sunny
2024-12-27 16:00:00,2024-12-27,16,25.7,63,21.6,10.0,0.0,Sunny
2024-12-27 17:00:00,2024-12-27,17,25.3,53,18.7,10.0,0.0,Sunny
2024-12-27 18:00:00,2024-12-27,18,23.0,51,8.7,10.0,0.0,Sunny
2024-12-27 19:00:00,2024-12-27,19,25.2,45,14.8,10.0,0.0,Clear
2024-12-27 20:00:00,2024-12-27,20,22.1,43,7.6,10.0,0.0,Clear
2024-12-27 21:00:00,2024-12-27,21,20.0,48,21.9,10.0,0.0,Clear
2024-12-27 22:00:00,2024-12-27,22,18.5,49,3.4,10.0,0.0,Clear
2024-12-27 23:00:00,2024-12-27,23,17.4,56,3.2,10.0,0.0,Clear
2024-12-28 00:00:00,2024-12-28,0,17.1,51,12.3,10.0,0.0,Clear
2024-12-28 01:00:00,2024-12-28,1,13.4,56,10.8,10.0,0.0,Clear
2024-12-28 02:00:00,2024-12-28,2,13.4,59,50.8,10.0,0.0,Clear
2024-12-28 03:00:00,2024-12-28,3,15.1,60,14.0,10.0,0.0,Clear
2024-12-28 04:00:00,2024-12-28,4,14.0,71,4.3,10.0,0.0,Clear
2024-12-28 05:00:00,2024-12-28,5,16.1,72,7.0,10.0,0.0,Clear
2024-12-28 06:00:00,2024-12-28,6,15.8,71,5.7,10.0,0.0,Clear
2024-12-28 07:00:00,2024-12-28,7,19.6,84,5.2,10.0,0.0,Sunny
2024-12-28 08:00:00,2024-12-28,8,19.6,79,12.5,10.0,0.0,Sunny
2024-12-28 09:00:00,2024-12-28,9,22.5,83,8.7,10.0,0.0,Hazy
2024-12-28 10:00:00,2024-12-28,10,23.3,83,7.4,10.0,0.0,Hazy
2024-12-28 11:00:00,2024-12-28,11,24.9,80,26.7,10.0,0.0,Sunny
2024-12-28 12:00:00,2024-12-28,12,24.7,73,11.3,10.0,0.0,Sunny
2024-12-28 13:00:00,2024-12-28,13,28.0,79,2.0,10.0,0.0,Sunny
2024-12-28 14:00:00,2024-12-28,14,27.5,66,20.9,10.0,0.0,Sunny
2024-12-28 15:00:00,2024-12-28,15,26.4,54,41.2,10.0,0.0,Sunny
2024-12-28 16:00:00,2024-12-28,16,24.7,63,4.5,10.0,0.0,Sunny
2024-12-28 17:00:00,2024-12-28,17,26.8,58,23.1,10.0,0.0,Sunny
2024-12-28 18:00:00,2024-12-28,18,27.4,46,3.7,10.0,0.0,Sunny
2024-12-28 19:00:00,2024-12-28,19,23.2,48,2.0,10.0,0.0,Clear
2024-12-28 20:00:00,2024-12-28,20,21.6,51,4.4,10.0,0.0,Clear
2024-12-28 21:00:00,2024-12-28,21,20.6,52,9.2,10.0,0.0,Clear
2024-12-28 22:00:00,2024-12-28,22,20.6,49,16.1,10.0,0.0,Clear
2024-12-28 23:00:00,2024-12-28,23,15.5,52,5.6,10.0,0.0,Clear
2024-12-29 00:00:00,2024-12-29,0,15.6,54,6.0,10.0,0.0,Clear
2024-12-29 01:00:00,2024-12-29,1,14.2,54,10.0,10.0,0.0,Clear
2024-12-29 02:00:00,2024-12-29,2,15.4,55,8.5,10.0,0.0,Clear
2024-12-29 03:00:00,2024-12-29,3,14.3,63,28.9,10.0,0.0,Clear
2024-12-29 04:00:00,2024-12-29,4,14.3,73,13.3,10.0,0.0,Clear
2024-12-29 05:00:00,2024-12-29,5,15.2,77,9.0,10.0,0.0,Clear
2024-12-29 06:00:00,2024-12-29,6,17.3,78,23.8,10.0,0.0,Clear
2024-12-29 07:00:00,2024-12-29,7,19.1,78,22.7,10.0,0.0,Sunny
2024-12-29 08:00:00,2024-12-29,8,20.5,88,8.9,10.0,0.0,Partly Cloudy
2024-12-29 09:00:00,2024-12-29,9,21.7,82,23.5,10.0,0.0,Hazy
2024-12-29 10:00:00,2024-12-29,10,24.3,84,19.1,10.0,0.0,Sunny
2024-12-29 11:00:00,2024-12-29,11,23.1,75,17.4,10.0,0.0,Sunny
2024-12-29 12:00:00,2024-12-29,12,26.1,77,4.5,10.0,0.0,Partly Cloudy
2024-12-29 13:00:00,2024-12-29,13,29.4,77,9.1,10.0,0.0,Partly Cloudy
2024-12-29 14:00:00,2024-12-29,14,25.1,63,11.1,10.0,0.0,Sunny
2024-12-29 15:00:00,2024-12-29,15,26.9,64,7.9,10.0,0.0,Partly Cloudy
2024-12-29 16:00:00,2024-12-29,16,26.0,61,10.1,10.0,0.0,Sunny
2024-12-29 17:00:00,2024-12-29,17,27.0,61,12.8,10.0,0.0,Sunny
2024-12-29 18:00:00,2024-12-29,18,27.3,55,2.0,10.0,0.0,Sunny
2024-12-29 19:00:00,2024-12-29,19,24.9,55,10.2,10.0,0.0,Clear
2024-12-29 20:00:00,2024-12-29,20,22.4,50,22.6,10.0,0.0,Clear
2024-12-29 21:00:00,2024-12-29,21,21.7,50,24.4,10.0,0.0,Clear
2024-12-29 22:00:00,2024-12-29,22,19.0,43,2.0,10.0,0.0,Clear
2024-12-29 23:00:00,2024-12-29,23,18.0,44,24.7,10.0,0.0,Clear
2024-12-30 00:00:00,2024-12-30,0,17.1,58,4.2,10.0,0.0,Clear
2024-12-30 01:00:00,2024-12-30,1,17.5,53,16.6,10.0,0.0,Clear
2024-12-30 02:00:00,2024-12-30,2,15.3,57,12.5,10.0,0.0,Clear
2024-12-30 03:00:00,2024-12-30,3,14.8,55,34.9,10.0,0.0,Clear
2024-12-30 04:00:00,2024-12-30,4,17.2,73,3.0,10.0,0.0,Clear
2024-12-30 05:00:00,2024-12-30,5,13.0,69,53.0,10.0,0.0,Clear
2024-12-30 06:00:00,2024-12-30,6,16.3,73,17.7,10.0,0.0,Clear
2024-12-30 07:00:00,2024-12-30,7,16.9,84,13.4,10.0,0.0,Sunny
2024-12-30 08:00:00,2024-12-30,8,19.0,73,5.6,10.0,0.0,Sunny
2024-12-30 09:00:00,2024-12-30,9,21.7,87,5.6,10.0,0.0,Partly Cloudy
2024-12-30 10:00:00,2024-12-30,10,23.9,78,23.4,10.0,0.0,Hazy
2024-12-30 11:00:00,2024-12-30,11,23.6,79,13.3,10.0,0.0,Sunny
2024-12-30 12:00:00,2024-12-30,12,26.4,74,2.0,10.0,0.0,Partly Cloudy
2024-12-30 13:00:00,2024-12-30,13,25.6,68,9.5,10.0,0.0,Sunny
2024-12-30 14:00:00,2024-12-30,14,25.7,66,25.2,10.0,0.0,Sunny
2024-12-30 15:00:00,2024-12-30,15,27.6,61,2.7,10.0,0.0,Sunny
2024-12-30 16:00:00,2024-12-30,16,27.0,54,16.3,10.0,0.0,Sunny
2024-12-30 17:00:00,2024-12-30,17,28.4,61,15.0,10.0,0.0,Sunny
2024-12-30 18:00:00,2024-12-30,18,28.2,47,21.5,10.0,0.0,Sunny
2024-12-30 19:00:00,2024-12-30,19,23.5,41,11.0,10.0,0.0,Clear
2024-12-30 20:00:00,2024-12-30,20,20.5,38,5.8,10.0,0.0,Clear
2024-12-30 21:00:00,2024-12-30,21,19.4,48,20.7,10.0,0.0,Clear
2024-12-30 22:00:00,2024-12-30,22,18.3,40,10.6,10.0,0.0,Clear
2024-12-30 23:00:00,2024-12-30,23,18.0,48,5.3,10.0,0.0,Clear
2024-12-31 00:00:00,2024-12-31,0,16.1,59,12.0,10.0,0.0,Clear
2024-12-31 01:00:00,2024-12-31,1,13.9,56,26.3,10.0,0.0,Clear
2024-12-31 02:00:00,2024-12-31,2,16.9,61,2.0,10.0,0.0,Clear
2024-12-31 03:00:00,2024-12-31,3,15.3,62,8.5,10.0,0.0,Clear
2024-12-31 04:00:00,2024-12-31,4,16.8,69,11.4,10.0,0.0,Clear
2024-12-31 05:00:00,2024-12-31,5,13.2,72,18.5,10.0,0.0,Clear
2024-12-31 06:00:00,2024-12-31,6,17.9,78,7.2,10.0,0.0,Clear
2024-12-31 07:00:00,2024-12-31,7,17.6,86,6.6,10.0,0.0,Sunny
2024-12-31 08:00:00,2024-12-31,8,18.8,80,6.5,10.0,0.0,Sunny
2024-12-31 09:00:00,2024-12-31,9,21.0,79,7.8,10.0,0.0,Sunny
2024-12-31 10:00:00,2024-12-31,10,21.8,81,16.8,10.0,0.0,Sunny
2024-12-31 11:00:00,2024-12-31,11,24.1,83,7.2,10.0,0.0,Sunny
2024-12-31 12:00:00,2024-12-31,12,26.7,75,7.3,10.0,0.0,Sunny
2024-12-31 13:00:00,2024-12-31,13,24.3,74,3.7,10.0,0.0,Sunny
2024-12-31 14:00:00,2024-12-31,14,29.1,71,5.3,10.0,0.0,Sunny
2024-12-31 15:00:00,2024-12-31,15,28.0,73,13.3,10.0,0.0,Partly Cloudy
2024-12-31 16:00:00,2024-12-31,16,27.1,63,13.7,10.0,0.0,Partly Cloudy
2024-12-31 17:00:00,2024-12-31,17,27.8,52,9.8,10.0,0.0,Hazy
2024-12-31 18:00:00,2024-12-31,18,26.0,43,10.0,10.0,0.0,Sunny
2024-12-31 19:00:00,2024-12-31,19,23.7,49,4.7,10.0,0.0,Clear
2024-12-31 20:00:00,2024-12-31,20,21.8,44,16.3,10.0,0.0,Clear
2024-12-31 21:00:00,2024-12-31,21,22.8,44,8.4,10.0,0.0,Clear
2024-12-31 22:00:00,2024-12-31,22,17.5,43,13.0,10.0,0.0,Clear
2024-12-31 23:00:00,2024-12-31,23,17.5,46,23.4,10.0,0.0,Clear
